,name
0,TeriCarson
1,DeppSoldier_22
2,CiaraFutalan
3,Scookey2045
4,Hansen7Ane
5,Angiex0101
6,ElizaDFTW
7,Platoon1979
8,PlzeExplain512
9,KTN12201
10,KatKatButterfly
11,bryzwyf
12,CherylD59995761
13,SouthernGirlTea
14,milko976
15,Vaidaelena
16,thefordtweets
17,jayneb68910675
18,PrinConsuella_
19,Noneofthemknew1
20,sheilaw654321
21,DevaMarie
22,Om39472295
23,fury_marvel
24,la77465262
25,JeanVocalist
26,LouiseHatfiel16
27,Binx1969
28,LakotaDi
29,1coolwhipp
30,aviaum
31,centauri_27
32,HoraeOf
33,RosePagaza
34,Mewmewjusticef1
35,MyGrindelwald
36,P60P45
37,Ral314
38,patitopanhead
39,Dora89886781
40,RobinSi56774599
41,lion_witch
42,KarMarDanMik
43,classicpaws1
44,GraceShine0o
45,roxx8825
46,SandraDeanne
47,TildaBeau
48,Stephan76215148
49,Kuntryswagger1
50,DeppMovieNight
51,SBarrBrisebois
52,Quoth67
53,1_robots
54,Aishacat5
55,KellySmahlt
56,AliceZ86866073
57,JohnnyasR
58,1009REDkml
59,f_liono
60,Kboots4Ever
61,CihlaJeanne
62,AnnapurnaJD
63,HyslopKayleigh
64,VictoriaBreakw1
65,BabsyMacd
66,AraujoMartinski
67,AndreaOldfield6
68,WCmeshfighter
69,depp_giulia
70,Gwennafran
71,StaceySkirving2
72,rentier13
73,Rebeca29736893
74,seedoftruth1
75,_Mz2u
76,ChristineHogar1
77,d_royalti
78,Silverrae4
79,JDForeverUK
80,faylovesflowers
81,DeppUruguay
82,JoannaWoodley3
83,Naiad_Nemea
84,An_elf_pirate
85,lorestark4
86,nonunnun
87,FMGiveMeTruth
88,rainyRainey_
89,bazarette74
90,JulieWi01978654
91,kobepowpow
92,juliet_502
93,sweetestsands
94,bmurphy63
95,jdeppjustice
96,Sarah54867805
97,Potami6
98,1127Olga
99,GellertDepp
100,scryndi
101,barrysgibb
102,AutistLady
103,dahliaratchett
104,Melinda15199317
105,ttwiligsht_
106,JeneBete
107,janssensnuf
108,ex_nicotine
109,annmariebrown68
110,JohnLe412
111,NatashaA_Author
112,jacxpearl
113,justys0302
114,sharron67204447
115,BeSafeAndSmile
116,DeppFanPage
117,deppbrazilfc
118,LauraBockov
119,Bhr14475543
120,Soledadterraza6
121,depphead_br
122,nikkban
123,Beeee51
124,JusticeSquad2
125,J3nn1f34
126,ZoeyZoeyo
127,Amber010103
128,Bonap1Bonapart
129,Juliett71326822
130,sutcliffe_mrs
131,blankblueberry
132,GuiLeirosa
133,1InquiringMind
134,BlueGansey1
135,MarjiSamaa
136,Vron77
137,sigyn_look
138,AljacobRds
139,Alejandraadepp
140,FlorenaAngel
141,SallyStar7
142,mrsdepp_head
143,Truth950272741
144,underblanket2
145,dumbledelwald
146,RideOrDis
147,Sleepychichi
148,SIRDAVIDRABE
149,correctacon
150,fairfax_kl
151,MsVale14
152,BritFanofDepp
153,Deppgirl2
154,CoffeePowerrr
155,80sDepphead
156,jigglebugs
157,JustMe_Katiebee
158,rosaoch89814746
159,MaraTahler
160,twistandshout77
161,Jacqui83940465
162,SheaOSullivan2
163,StevieJRaw
164,Arezoodp1987
165,MATRIX_EXPRESS
166,V_for_Violetta_
167,CassandraRoehr
168,Gladys77717193
169,MnikM1
170,Pauzuh
171,JDeppGifs
172,LNinFrance
173,CaptainBoolBool
174,InMemoriam13
175,jennifermoreluv
176,chihiro95619047
177,RohitSharmahitt
178,spirituallyemp1
179,CamillaGersen
180,Elizang86040859
181,deadel98
182,ChastainxMargot
183,krystal_sch2910
184,plove2963
185,WeSeeTheTruth
186,joannhe69142860
187,MotivatorNet2
188,No_Reason_Jenz
189,Pussyga96828631
190,DeppNation
191,TopDepp
192,PrincessRump
193,IstanbulYoga
194,vipbeck1
195,minxyleminx
196,SweetChastityYT
197,heleboll
198,Camilaalustiza3
199,CathyJo20924093
200,damoon1988
201,olga_kruglova
202,pizzakatzen
203,MenCouragePH
204,depphead_
205,Amaby14
206,Michele08734095
207,Mitra99725842
208,Cookiebuu1963
209,Rebecca91921211
210,ThatUmbrella
211,Wonka171
212,Harleycosplay1
213,KosaDanielle
214,DorkAngel
215,movallegnchis
216,natassjamichele
217,MLynne923
218,NamelessFere
219,allyoop1990
220,Sailthe5Oceans
221,angelgrant1031
222,DoniaEraiq
223,OlgaRom22
224,iAmDrSoup
225,misueu1
226,Grindelwald1999
227,LauraM95122973
228,blahblahbedo
229,wars_everything
230,xdiordepp
231,KarineWilson18
232,anaheimyet
233,toniunder1
234,Cutlet_Beckett
235,HermeyCornelius
236,MB__1232
237,13844502x4x
238,edward_bi_qechi
239,nearlydear
240,cestdufromage
241,snarknight01
242,tralalalumbum
243,LaurelsCouture
244,KimmhyDepp
245,brittannia_a
246,EvidenceMatter1
247,HonourPeriod
248,LoralieDee14
249,PinkyPie_9912_
250,catheri40650110
251,franckyfb3
252,bluecro90230758
253,Smightybites
254,bakedpotatoes90
255,lasopa_news
256,LisaMacWitch
257,Luna81832382
258,NoctrnlValkyrie
259,Lisa45188788
260,terrytabby
261,ComeGeekSome1
262,EParishio
263,YMe21211
264,kafka_franzz
265,BlueValentine89
266,JohnnysAngel3
267,RenYo02146459
268,carrieb5319
269,light_library
270,Berenice343
271,hawaiianvalent
272,GhostsOfRus
273,SimplyMe_1213
274,Truekrdnchki
275,agp2039
276,kiki_cliff
277,mamwidges
278,valorie_ep
279,Eskarina9
280,Deb37801
281,PeriodDramaPlz
282,kermccoy
283,BraveMoonGirl1
284,LittlePeeps1963
285,NickyWiresDyson
286,Traceybaby
287,OdeToWhiskey
288,Perle97848969
289,dreamadcollins
290,madmaria86
291,miaa1_7
292,louisa_douglass
293,meritt_5
294,Kilpikonnanyst1
295,Stardust264
296,PopCulturePb
297,xabbieeeex
298,Imma_Depp_Head
299,hearmeroarXx
300,KathsPaperwork
301,LynnMiller1121
302,PamelaMcCaffer8
303,_InNeverland
304,chloethepiano
305,daisylandq
306,margo23431331
307,KrLoveCo
308,angy3101
309,tnshadylady
310,JewelEldora
311,Sharriska
312,hn_i9q
313,A80577549
314,IngeborgKK
315,cyanidediva69
316,teamdepp_
317,Alisha_ash
318,Suzanne77560800
319,VirginMick
320,ReemDepp
321,SpeakOfTheDev13
322,Elahe18446296
323,GenevieDEPP
324,KKheir2
325,LilithRising1
326,LisaJeffreys12
327,LunasLifeArt
328,MS_Waltner
329,Shellys_Wellie
330,UnJusticeWrath
331,cesramirz
332,monterey_five
333,tasintroybolton
334,FlamenRed
335,Thesunnymango
336,AuroraMignon
337,CristaLea11
338,diane_heymer
339,kayleermanning
340,postma_wendy
341,DaisyLoman
342,JohnnyDeppjust
343,TdpAtlaTlok
344,indycob
345,AM59193334
346,Lifeisabirdsong
347,TheLEGOMovieTwo
348,_marfushechka
349,delloliod
350,depplyhaIIows
351,freeasabird__
352,Kei_Shotaro
353,DrCatPanda
354,advocacia_depp
355,doctuir
356,farrartina1212
357,juggy42
358,JKirchinger
359,Jacobean11
360,donotfa45608560
361,just_charley
362,mimasdiaries
363,CRommerud
364,JuyAyala
365,Kristalitys
366,dreamsunwind966
367,thatdepphead
368,vic_h_7
369,LarissaNurmi
370,Patcar67465749
371,GellertDeppBR
372,Ioannalag1
373,elbaher20032853
374,serpens1984
375,sesh1one
376,xue_ruo
377,AmberHeardIT
378,JunContrerasMe1
379,MonkeyChunter
380,TaniaM07137916
381,danblock4
382,janeg032
383,joanyyc
384,CrapZap
385,Hermelineke
386,RonanKhan13
387,SharonM97871635
388,maximumtheq
389,AllshineWe
390,cat_a_estranha
391,johnnydeppgabi
392,motherofpatch
393,Angie93041757
394,Krizia07
395,TammyShoemake18
396,low2985
397,vivlindsay06
398,AmberHeardBRA
399,Riversrpeace
400,StarmRamona2020
401,agirlofthenorth
402,ss78902031
403,sunscmnt
404,The_MadameTease
405,sunhopepeace
406,FC98530990
407,gameover_972
408,ironasticgirl2
409,JoScoon2
410,MrsFluffyBunny2
411,Robo12618295
412,SeanBonau
413,SpainDeppLover
414,maria_ale1606
415,mom2jrad
416,teytanus
417,Roo_Shiller
418,RoraimaC
419,jeffers_ellena
420,magnoliaveneno1
421,EADraper
422,missomgsrsly
423,amberturdsucks
424,source411
425,yanikblack
426,Dahlia82295015
427,Jennife69252564
428,Olga71303133
429,RealPamster
430,CandiB313
431,DJusticeforj
432,Depp_BCN
433,Muraken42580659
434,Rwish08
435,VickyBloodwo
436,WonkasFactory_
437,johnny_justice4
438,DeppProfesser
439,EleanaBelle
440,HoneyHa10321850
441,TUmberella
442,JuneCon54651156
443,WaldMignon
444,Yanirabeltran_
445,mackley_angela
446,Cha_Ba_Da
447,Dalethfc
448,DeppHair
449,EloisaNieves1
450,LittleNashyYup
451,WorldofTracy
452,idekwhatisgoin2
453,AntonKnebenson
454,CellSation
455,NanoBitcoin
456,_kathblack
457,johnnyhellodepp
458,Celia_Maria_97
459,KeeleyTalks
460,LillyJane916
461,MelissaOrtega16
462,AnnaMic60620868
463,bellswan22
464,colonelkurtz99
465,samjrakoh
466,tepa_t
467,EKreousa
468,Engeltedrost
