[{"author.name":"predictablePosts","author.created_at":1284761474000,"author.has_verified_email":true,"author.is_employee":false,"author.is_mod":true,"author.is_gold":false},{"author.name":"BrownLightning88","author.created_at":1285439806000,"author.has_verified_email":true,"author.is_employee":false,"author.is_mod":false,"author.is_gold":false},{"author.name":"FlexOutlaw","author.created_at":1285439806000,"author.has_verified_email":true,"author.is_employee":false,"author.is_mod":false,"author.is_gold":false},{"author.name":"Kh444n","author.created_at":1284763839000,"author.has_verified_email":true,"author.is_employee":false,"author.is_mod":false,"author.is_gold":false},{"author.name":"littlemisfit","author.created_at":1284761474000,"author.has_verified_email":true,"author.is_employee":false,"author.is_mod":true,"author.is_gold":false},{"author.name":"slyall","author.created_at":1284763839000,"author.has_verified_email":true,"author.is_employee":false,"author.is_mod":false,"author.is_gold":false},{"author.name":"jracka","author.created_at":1284763839000,"author.has_verified_email":true,"author.is_employee":false,"author.is_mod":false,"author.is_gold":false},{"author.name":"stupidillusion","author.created_at":1284763839000,"author.has_verified_email":true,"author.is_employee":false,"author.is_mod":false,"author.is_gold":false},{"author.name":"ConqueefStador","author.created_at":1284763839000,"author.has_verified_email":true,"author.is_employee":false,"author.is_mod":false,"author.is_gold":false},{"author.name":"5am5ep1ol","author.created_at":1284763839000,"author.has_verified_email":true,"author.is_employee":false,"author.is_mod":false,"author.is_gold":false},{"author.name":"Heluvs2splooge","author.created_at":1284763839000,"author.has_verified_email":true,"author.is_employee":false,"author.is_mod":false,"author.is_gold":false},{"author.name":"jad2121","author.created_at":1284763839000,"author.has_verified_email":true,"author.is_employee":false,"author.is_mod":false,"author.is_gold":false},{"author.name":"kneont","author.created_at":1285783032000,"author.has_verified_email":true,"author.is_employee":false,"author.is_mod":true,"author.is_gold":true},{"author.name":"blankstare19","author.created_at":1283167146000,"author.has_verified_email":true,"author.is_employee":false,"author.is_mod":false,"author.is_gold":false},{"author.name":"BusiestWolf","author.created_at":1283167146000,"author.has_verified_email":true,"author.is_employee":false,"author.is_mod":false,"author.is_gold":false},{"author.name":"bluewaffle77","author.created_at":1283167146000,"author.has_verified_email":true,"author.is_employee":false,"author.is_mod":false,"author.is_gold":false},{"author.name":"tulzrekop","author.created_at":1283167146000,"author.has_verified_email":true,"author.is_employee":false,"author.is_mod":false,"author.is_gold":false},{"author.name":"Simoaajail","author.created_at":1283167146000,"author.has_verified_email":true,"author.is_employee":false,"author.is_mod":false,"author.is_gold":false},{"author.name":"zap2","author.created_at":1283167146000,"author.has_verified_email":true,"author.is_employee":false,"author.is_mod":false,"author.is_gold":false},{"author.name":"JoeDice","author.created_at":1283167146000,"author.has_verified_email":true,"author.is_employee":false,"author.is_mod":false,"author.is_gold":false},{"author.name":"lordtyp0","author.created_at":1283167146000,"author.has_verified_email":true,"author.is_employee":false,"author.is_mod":false,"author.is_gold":false},{"author.name":"TonyHxC","author.created_at":1283167146000,"author.has_verified_email":true,"author.is_employee":false,"author.is_mod":false,"author.is_gold":false},{"author.name":"jackjason4","author.created_at":1283167146000,"author.has_verified_email":true,"author.is_employee":false,"author.is_mod":false,"author.is_gold":false},{"author.name":"little_effy","author.created_at":1283167146000,"author.has_verified_email":true,"author.is_employee":false,"author.is_mod":false,"author.is_gold":false},{"author.name":"Ryan_enO","author.created_at":1283167146000,"author.has_verified_email":true,"author.is_employee":false,"author.is_mod":false,"author.is_gold":false},{"author.name":"AmiroZ","author.created_at":1269318768000,"author.has_verified_email":true,"author.is_employee":false,"author.is_mod":false,"author.is_gold":false},{"author.name":"nankerjphelge","author.created_at":1269318768000,"author.has_verified_email":true,"author.is_employee":false,"author.is_mod":false,"author.is_gold":false},{"author.name":"Nobsailor","author.created_at":1269318768000,"author.has_verified_email":true,"author.is_employee":false,"author.is_mod":false,"author.is_gold":false},{"author.name":"dabberoo_2","author.created_at":1269318768000,"author.has_verified_email":true,"author.is_employee":false,"author.is_mod":false,"author.is_gold":false},{"author.name":"ayelis","author.created_at":1269318768000,"author.has_verified_email":true,"author.is_employee":false,"author.is_mod":false,"author.is_gold":false},{"author.name":"vintagesauce","author.created_at":1269318768000,"author.has_verified_email":true,"author.is_employee":false,"author.is_mod":false,"author.is_gold":false},{"author.name":"Still_Mountain","author.created_at":1269318768000,"author.has_verified_email":true,"author.is_employee":false,"author.is_mod":false,"author.is_gold":false},{"author.name":"ILuvBC","author.created_at":1269318768000,"author.has_verified_email":true,"author.is_employee":false,"author.is_mod":false,"author.is_gold":false},{"author.name":"BlarpUM","author.created_at":1269318768000,"author.has_verified_email":true,"author.is_employee":false,"author.is_mod":false,"author.is_gold":false},{"author.name":"Dudedude88","author.created_at":1269318768000,"author.has_verified_email":true,"author.is_employee":false,"author.is_mod":false,"author.is_gold":false},{"author.name":"Prophet6000","author.created_at":1269318768000,"author.has_verified_email":true,"author.is_employee":false,"author.is_mod":false,"author.is_gold":false},{"author.name":"superfudge","author.created_at":1269318768000,"author.has_verified_email":true,"author.is_employee":false,"author.is_mod":false,"author.is_gold":false},{"author.name":"zerogravity111111","author.created_at":1269318768000,"author.has_verified_email":true,"author.is_employee":false,"author.is_mod":false,"author.is_gold":false},{"author.name":"Darth_Dire","author.created_at":1269318768000,"author.has_verified_email":true,"author.is_employee":false,"author.is_mod":false,"author.is_gold":false},{"author.name":"Izoto","author.created_at":1269318768000,"author.has_verified_email":true,"author.is_employee":false,"author.is_mod":false,"author.is_gold":false},{"author.name":"iamdan819","author.created_at":1269318768000,"author.has_verified_email":true,"author.is_employee":false,"author.is_mod":false,"author.is_gold":false},{"author.name":"Latyon","author.created_at":1269318768000,"author.has_verified_email":true,"author.is_employee":false,"author.is_mod":false,"author.is_gold":false},{"author.name":"__TIE_Guy","author.created_at":1269318768000,"author.has_verified_email":true,"author.is_employee":false,"author.is_mod":false,"author.is_gold":false},{"author.name":"1Crutchlow","author.created_at":1269318768000,"author.has_verified_email":true,"author.is_employee":false,"author.is_mod":false,"author.is_gold":false},{"author.name":"ZWass777","author.created_at":1269318768000,"author.has_verified_email":true,"author.is_employee":false,"author.is_mod":false,"author.is_gold":false},{"author.name":"Dukadrunk","author.created_at":1269318768000,"author.has_verified_email":true,"author.is_employee":false,"author.is_mod":false,"author.is_gold":false},{"author.name":"Iamchinesedotcom","author.created_at":1269318768000,"author.has_verified_email":true,"author.is_employee":false,"author.is_mod":false,"author.is_gold":false},{"author.name":"backjuggeln","author.created_at":1269318768000,"author.has_verified_email":true,"author.is_employee":false,"author.is_mod":false,"author.is_gold":false},{"author.name":"billybutchersbae","author.created_at":1269318768000,"author.has_verified_email":true,"author.is_employee":false,"author.is_mod":false,"author.is_gold":false},{"author.name":"JagsHaveBestD4021","author.created_at":1269318768000,"author.has_verified_email":true,"author.is_employee":false,"author.is_mod":false,"author.is_gold":false},{"author.name":"aiiye","author.created_at":1269318768000,"author.has_verified_email":true,"author.is_employee":false,"author.is_mod":false,"author.is_gold":false},{"author.name":"VAGINA_BLOODFART","author.created_at":1269318768000,"author.has_verified_email":true,"author.is_employee":false,"author.is_mod":false,"author.is_gold":false},{"author.name":"Youtoo2","author.created_at":1269318768000,"author.has_verified_email":true,"author.is_employee":false,"author.is_mod":false,"author.is_gold":false},{"author.name":"HoffMonstrosity","author.created_at":1269318768000,"author.has_verified_email":true,"author.is_employee":false,"author.is_mod":false,"author.is_gold":false},{"author.name":"kholto","author.created_at":1269318768000,"author.has_verified_email":true,"author.is_employee":false,"author.is_mod":false,"author.is_gold":false},{"author.name":"Inspiration_Bear","author.created_at":1269318768000,"author.has_verified_email":true,"author.is_employee":false,"author.is_mod":false,"author.is_gold":false},{"author.name":"Mysteriousdeer","author.created_at":1269318768000,"author.has_verified_email":true,"author.is_employee":false,"author.is_mod":false,"author.is_gold":false},{"author.name":"williamwchuang","author.created_at":1269318768000,"author.has_verified_email":true,"author.is_employee":false,"author.is_mod":false,"author.is_gold":false},{"author.name":"beckasaurus","author.created_at":1269318768000,"author.has_verified_email":true,"author.is_employee":false,"author.is_mod":false,"author.is_gold":false},{"author.name":"MOGicantbewitty","author.created_at":1269318768000,"author.has_verified_email":true,"author.is_employee":false,"author.is_mod":false,"author.is_gold":false},{"author.name":"Shadowbanned_User","author.created_at":1269318768000,"author.has_verified_email":true,"author.is_employee":false,"author.is_mod":false,"author.is_gold":false},{"author.name":"texture","author.created_at":1269318768000,"author.has_verified_email":true,"author.is_employee":false,"author.is_mod":false,"author.is_gold":false},{"author.name":"jokoon","author.created_at":1269318768000,"author.has_verified_email":true,"author.is_employee":false,"author.is_mod":false,"author.is_gold":false},{"author.name":"Midgetman664","author.created_at":1269318768000,"author.has_verified_email":true,"author.is_employee":false,"author.is_mod":false,"author.is_gold":false},{"author.name":"BAC_Sun","author.created_at":1269318768000,"author.has_verified_email":true,"author.is_employee":false,"author.is_mod":false,"author.is_gold":false},{"author.name":"danfromwaterloo","author.created_at":1269318768000,"author.has_verified_email":true,"author.is_employee":false,"author.is_mod":false,"author.is_gold":false},{"author.name":"FeedMePropaganda","author.created_at":1269318768000,"author.has_verified_email":true,"author.is_employee":false,"author.is_mod":false,"author.is_gold":false},{"author.name":"TostitoNipples","author.created_at":1269318768000,"author.has_verified_email":true,"author.is_employee":false,"author.is_mod":false,"author.is_gold":false},{"author.name":"lostfourtime","author.created_at":1269318768000,"author.has_verified_email":true,"author.is_employee":false,"author.is_mod":false,"author.is_gold":false},{"author.name":"Regs2","author.created_at":1269318768000,"author.has_verified_email":true,"author.is_employee":false,"author.is_mod":false,"author.is_gold":false},{"author.name":"Clapyourhandssayyeah","author.created_at":1269318768000,"author.has_verified_email":true,"author.is_employee":false,"author.is_mod":false,"author.is_gold":false},{"author.name":"Stormdancer","author.created_at":1269318768000,"author.has_verified_email":true,"author.is_employee":false,"author.is_mod":false,"author.is_gold":false},{"author.name":"_zenith","author.created_at":1269318768000,"author.has_verified_email":true,"author.is_employee":false,"author.is_mod":false,"author.is_gold":false},{"author.name":"thinkingamer","author.created_at":1269318768000,"author.has_verified_email":true,"author.is_employee":false,"author.is_mod":false,"author.is_gold":false},{"author.name":"Benkinsky","author.created_at":1269318768000,"author.has_verified_email":true,"author.is_employee":false,"author.is_mod":false,"author.is_gold":false},{"author.name":"LanAkou","author.created_at":1269318768000,"author.has_verified_email":true,"author.is_employee":false,"author.is_mod":false,"author.is_gold":false},{"author.name":"gelfin","author.created_at":1269318768000,"author.has_verified_email":true,"author.is_employee":false,"author.is_mod":false,"author.is_gold":false},{"author.name":"madcat033","author.created_at":1269318768000,"author.has_verified_email":true,"author.is_employee":false,"author.is_mod":false,"author.is_gold":false},{"author.name":"-SQB-","author.created_at":1269318768000,"author.has_verified_email":true,"author.is_employee":false,"author.is_mod":false,"author.is_gold":false},{"author.name":"spinningpeanut","author.created_at":1269318768000,"author.has_verified_email":true,"author.is_employee":false,"author.is_mod":false,"author.is_gold":false},{"author.name":"Gobyinmypants","author.created_at":1269318768000,"author.has_verified_email":true,"author.is_employee":false,"author.is_mod":false,"author.is_gold":false},{"author.name":"DrumpfAteMyBanana","author.created_at":1269318768000,"author.has_verified_email":true,"author.is_employee":false,"author.is_mod":false,"author.is_gold":false},{"author.name":"metalninjacake2","author.created_at":1269318768000,"author.has_verified_email":true,"author.is_employee":false,"author.is_mod":false,"author.is_gold":false},{"author.name":"Torinias","author.created_at":1269318768000,"author.has_verified_email":true,"author.is_employee":false,"author.is_mod":false,"author.is_gold":false},{"author.name":"BreezyWrigley","author.created_at":1269318768000,"author.has_verified_email":true,"author.is_employee":false,"author.is_mod":false,"author.is_gold":false},{"author.name":"Random-Miser","author.created_at":1269318768000,"author.has_verified_email":true,"author.is_employee":false,"author.is_mod":false,"author.is_gold":false},{"author.name":"Mikisstuff","author.created_at":1269318768000,"author.has_verified_email":true,"author.is_employee":false,"author.is_mod":false,"author.is_gold":false},{"author.name":"ThrowRAqwertyui","author.created_at":1269318768000,"author.has_verified_email":true,"author.is_employee":false,"author.is_mod":false,"author.is_gold":false},{"author.name":"SelirKiith","author.created_at":1269318768000,"author.has_verified_email":true,"author.is_employee":false,"author.is_mod":false,"author.is_gold":false},{"author.name":"popeycandysticks","author.created_at":1269318768000,"author.has_verified_email":true,"author.is_employee":false,"author.is_mod":false,"author.is_gold":false},{"author.name":"dazedan_confused","author.created_at":1269318768000,"author.has_verified_email":true,"author.is_employee":false,"author.is_mod":false,"author.is_gold":false},{"author.name":"XcessiveContender","author.created_at":1269318768000,"author.has_verified_email":true,"author.is_employee":false,"author.is_mod":false,"author.is_gold":false},{"author.name":"mikechi2501","author.created_at":1269318768000,"author.has_verified_email":true,"author.is_employee":false,"author.is_mod":false,"author.is_gold":false},{"author.name":"SantaMonsanto","author.created_at":1269318768000,"author.has_verified_email":true,"author.is_employee":false,"author.is_mod":false,"author.is_gold":false},{"author.name":"frodosbitch","author.created_at":1269318768000,"author.has_verified_email":true,"author.is_employee":false,"author.is_mod":false,"author.is_gold":false},{"author.name":"PantherEverSoPink","author.created_at":1269318768000,"author.has_verified_email":true,"author.is_employee":false,"author.is_mod":false,"author.is_gold":false},{"author.name":"guyincognito___","author.created_at":1269318768000,"author.has_verified_email":true,"author.is_employee":false,"author.is_mod":false,"author.is_gold":false},{"author.name":"vuuvvo","author.created_at":1269318768000,"author.has_verified_email":true,"author.is_employee":false,"author.is_mod":false,"author.is_gold":false},{"author.name":"jukeboxsavage","author.created_at":1269318768000,"author.has_verified_email":true,"author.is_employee":false,"author.is_mod":false,"author.is_gold":false},{"author.name":"ilikewc3","author.created_at":1269318768000,"author.has_verified_email":true,"author.is_employee":false,"author.is_mod":false,"author.is_gold":false},{"author.name":"onlypositivity","author.created_at":1269318768000,"author.has_verified_email":true,"author.is_employee":false,"author.is_mod":false,"author.is_gold":false},{"author.name":"Da_Cum_Wiz","author.created_at":1269318768000,"author.has_verified_email":true,"author.is_employee":false,"author.is_mod":false,"author.is_gold":false},{"author.name":"ahhwell","author.created_at":1269318768000,"author.has_verified_email":true,"author.is_employee":false,"author.is_mod":false,"author.is_gold":false},{"author.name":"mrstickman","author.created_at":1269318768000,"author.has_verified_email":true,"author.is_employee":false,"author.is_mod":false,"author.is_gold":false},{"author.name":"Punchdrunkfool","author.created_at":1269318768000,"author.has_verified_email":true,"author.is_employee":false,"author.is_mod":false,"author.is_gold":false},{"author.name":"omg-sheeeeep","author.created_at":1269318768000,"author.has_verified_email":true,"author.is_employee":false,"author.is_mod":false,"author.is_gold":false},{"author.name":"KylesBrother","author.created_at":1269318768000,"author.has_verified_email":true,"author.is_employee":false,"author.is_mod":false,"author.is_gold":false},{"author.name":"Christ_on_a_Crakker","author.created_at":1269318768000,"author.has_verified_email":true,"author.is_employee":false,"author.is_mod":false,"author.is_gold":false},{"author.name":"NewAccount971","author.created_at":1269318768000,"author.has_verified_email":true,"author.is_employee":false,"author.is_mod":false,"author.is_gold":false},{"author.name":"FountainofR","author.created_at":1269318768000,"author.has_verified_email":true,"author.is_employee":false,"author.is_mod":false,"author.is_gold":false},{"author.name":"Caleb902","author.created_at":1269318768000,"author.has_verified_email":true,"author.is_employee":false,"author.is_mod":false,"author.is_gold":false},{"author.name":"maxbemisisgod","author.created_at":1269318768000,"author.has_verified_email":true,"author.is_employee":false,"author.is_mod":false,"author.is_gold":false},{"author.name":"FractalPrism","author.created_at":1269318768000,"author.has_verified_email":true,"author.is_employee":false,"author.is_mod":false,"author.is_gold":false},{"author.name":"crazyeight","author.created_at":1269318768000,"author.has_verified_email":true,"author.is_employee":false,"author.is_mod":false,"author.is_gold":false},{"author.name":"Patrias_Obscuras","author.created_at":1269318768000,"author.has_verified_email":true,"author.is_employee":false,"author.is_mod":false,"author.is_gold":false},{"author.name":"protokoul","author.created_at":1269318768000,"author.has_verified_email":true,"author.is_employee":false,"author.is_mod":false,"author.is_gold":false},{"author.name":"ContrastingWords","author.created_at":1269318768000,"author.has_verified_email":true,"author.is_employee":false,"author.is_mod":false,"author.is_gold":false},{"author.name":"racamonkey","author.created_at":1269318768000,"author.has_verified_email":true,"author.is_employee":false,"author.is_mod":false,"author.is_gold":false},{"author.name":"cornboss","author.created_at":1269318768000,"author.has_verified_email":true,"author.is_employee":false,"author.is_mod":false,"author.is_gold":false},{"author.name":"MrVeazey","author.created_at":1269318768000,"author.has_verified_email":true,"author.is_employee":false,"author.is_mod":false,"author.is_gold":false},{"author.name":"Kazan","author.created_at":1269318768000,"author.has_verified_email":true,"author.is_employee":false,"author.is_mod":false,"author.is_gold":false},{"author.name":"reChrawnus","author.created_at":1269318768000,"author.has_verified_email":true,"author.is_employee":false,"author.is_mod":false,"author.is_gold":false},{"author.name":"Sqeamishbutsquamish","author.created_at":1269318768000,"author.has_verified_email":true,"author.is_employee":false,"author.is_mod":false,"author.is_gold":false},{"author.name":"acctforsadchildhood","author.created_at":1269318768000,"author.has_verified_email":true,"author.is_employee":false,"author.is_mod":false,"author.is_gold":false},{"author.name":"DarkNinjaPenguin","author.created_at":1269318768000,"author.has_verified_email":true,"author.is_employee":false,"author.is_mod":false,"author.is_gold":false},{"author.name":"JosephFinn","author.created_at":1269318768000,"author.has_verified_email":true,"author.is_employee":false,"author.is_mod":false,"author.is_gold":false},{"author.name":"fembabyunicorn","author.created_at":1269318768000,"author.has_verified_email":true,"author.is_employee":false,"author.is_mod":false,"author.is_gold":false},{"author.name":"rpfeynman18","author.created_at":1269318768000,"author.has_verified_email":true,"author.is_employee":false,"author.is_mod":false,"author.is_gold":false},{"author.name":"moobiemovie","author.created_at":1269318768000,"author.has_verified_email":true,"author.is_employee":false,"author.is_mod":false,"author.is_gold":false},{"author.name":"Jayeeteees14","author.created_at":1269318768000,"author.has_verified_email":true,"author.is_employee":false,"author.is_mod":false,"author.is_gold":false},{"author.name":"NickRick","author.created_at":1269318768000,"author.has_verified_email":true,"author.is_employee":false,"author.is_mod":false,"author.is_gold":false},{"author.name":"DragoonDM","author.created_at":1269318768000,"author.has_verified_email":true,"author.is_employee":false,"author.is_mod":false,"author.is_gold":false},{"author.name":"76vibrochamp","author.created_at":1269318768000,"author.has_verified_email":true,"author.is_employee":false,"author.is_mod":false,"author.is_gold":false},{"author.name":"LostMyKarmaElSegundo","author.created_at":1269318768000,"author.has_verified_email":true,"author.is_employee":false,"author.is_mod":false,"author.is_gold":false},{"author.name":"pizza_the_mutt","author.created_at":1269318768000,"author.has_verified_email":true,"author.is_employee":false,"author.is_mod":false,"author.is_gold":false},{"author.name":"ScoopGroup","author.created_at":1269318768000,"author.has_verified_email":true,"author.is_employee":false,"author.is_mod":false,"author.is_gold":false},{"author.name":"MgoSamir","author.created_at":1269318768000,"author.has_verified_email":true,"author.is_employee":false,"author.is_mod":false,"author.is_gold":false},{"author.name":"Sister_Winter","author.created_at":1269318768000,"author.has_verified_email":true,"author.is_employee":false,"author.is_mod":false,"author.is_gold":false},{"author.name":"shebazz42","author.created_at":1269318768000,"author.has_verified_email":true,"author.is_employee":false,"author.is_mod":false,"author.is_gold":false},{"author.name":"PatrolNC","author.created_at":1269318768000,"author.has_verified_email":true,"author.is_employee":false,"author.is_mod":false,"author.is_gold":false},{"author.name":"Alaira314","author.created_at":1269318768000,"author.has_verified_email":true,"author.is_employee":false,"author.is_mod":false,"author.is_gold":false},{"author.name":"omnibot5000","author.created_at":1269318768000,"author.has_verified_email":true,"author.is_employee":false,"author.is_mod":false,"author.is_gold":false},{"author.name":"WEIRDLORD","author.created_at":1269318768000,"author.has_verified_email":true,"author.is_employee":false,"author.is_mod":false,"author.is_gold":false},{"author.name":"hspace8","author.created_at":1269318768000,"author.has_verified_email":true,"author.is_employee":false,"author.is_mod":false,"author.is_gold":false},{"author.name":"Panoolied","author.created_at":1269318768000,"author.has_verified_email":true,"author.is_employee":false,"author.is_mod":false,"author.is_gold":false},{"author.name":"Zanki","author.created_at":1269318768000,"author.has_verified_email":true,"author.is_employee":false,"author.is_mod":false,"author.is_gold":false},{"author.name":"Dr__Flo__","author.created_at":1269318768000,"author.has_verified_email":true,"author.is_employee":false,"author.is_mod":false,"author.is_gold":false},{"author.name":"lilyraine-jackson","author.created_at":1269318768000,"author.has_verified_email":true,"author.is_employee":false,"author.is_mod":false,"author.is_gold":false},{"author.name":"down42roads","author.created_at":1269318768000,"author.has_verified_email":true,"author.is_employee":false,"author.is_mod":false,"author.is_gold":false},{"author.name":"Vio_","author.created_at":1269318768000,"author.has_verified_email":true,"author.is_employee":false,"author.is_mod":false,"author.is_gold":false},{"author.name":"Kahmael","author.created_at":1269318768000,"author.has_verified_email":true,"author.is_employee":false,"author.is_mod":false,"author.is_gold":false},{"author.name":"SirVer51","author.created_at":1269318768000,"author.has_verified_email":true,"author.is_employee":false,"author.is_mod":false,"author.is_gold":false},{"author.name":"lifesaburrito","author.created_at":1269318768000,"author.has_verified_email":true,"author.is_employee":false,"author.is_mod":false,"author.is_gold":false},{"author.name":"Diezauberflump","author.created_at":1269318768000,"author.has_verified_email":true,"author.is_employee":false,"author.is_mod":false,"author.is_gold":false},{"author.name":"skippyfa","author.created_at":1269318768000,"author.has_verified_email":true,"author.is_employee":false,"author.is_mod":false,"author.is_gold":false},{"author.name":"Obnubilate","author.created_at":1269318768000,"author.has_verified_email":true,"author.is_employee":false,"author.is_mod":false,"author.is_gold":false},{"author.name":"Dead-Eric","author.created_at":1269318768000,"author.has_verified_email":true,"author.is_employee":false,"author.is_mod":false,"author.is_gold":false},{"author.name":"KCG0005","author.created_at":1269318768000,"author.has_verified_email":true,"author.is_employee":false,"author.is_mod":false,"author.is_gold":false},{"author.name":"Klaus_Goldfish","author.created_at":1269318768000,"author.has_verified_email":true,"author.is_employee":false,"author.is_mod":false,"author.is_gold":false},{"author.name":"RiflemanLax","author.created_at":1269318768000,"author.has_verified_email":true,"author.is_employee":false,"author.is_mod":false,"author.is_gold":false},{"author.name":"Spartan-417","author.created_at":1269318768000,"author.has_verified_email":true,"author.is_employee":false,"author.is_mod":false,"author.is_gold":false},{"author.name":"sexaddic","author.created_at":1269318768000,"author.has_verified_email":true,"author.is_employee":false,"author.is_mod":false,"author.is_gold":false},{"author.name":"RuneKatashima","author.created_at":1269318768000,"author.has_verified_email":true,"author.is_employee":false,"author.is_mod":false,"author.is_gold":false},{"author.name":"ButWeSangTheFunSong","author.created_at":1269318768000,"author.has_verified_email":true,"author.is_employee":false,"author.is_mod":false,"author.is_gold":false},{"author.name":"citizenkane86","author.created_at":1269318768000,"author.has_verified_email":true,"author.is_employee":false,"author.is_mod":false,"author.is_gold":false},{"author.name":"macutchi","author.created_at":1269318768000,"author.has_verified_email":true,"author.is_employee":false,"author.is_mod":false,"author.is_gold":false},{"author.name":"Virge23","author.created_at":1269318768000,"author.has_verified_email":true,"author.is_employee":false,"author.is_mod":false,"author.is_gold":false},{"author.name":"DramaticExplanation","author.created_at":1269318768000,"author.has_verified_email":true,"author.is_employee":false,"author.is_mod":false,"author.is_gold":false},{"author.name":"Barf_Tart","author.created_at":1269318768000,"author.has_verified_email":true,"author.is_employee":false,"author.is_mod":false,"author.is_gold":false},{"author.name":"Katrinashiny","author.created_at":1269318768000,"author.has_verified_email":true,"author.is_employee":false,"author.is_mod":false,"author.is_gold":false},{"author.name":"piquant_pineapple","author.created_at":1269318768000,"author.has_verified_email":true,"author.is_employee":false,"author.is_mod":false,"author.is_gold":false},{"author.name":"Corva-Borealis","author.created_at":1269318768000,"author.has_verified_email":true,"author.is_employee":false,"author.is_mod":false,"author.is_gold":false},{"author.name":"yamiyaiba","author.created_at":1269318768000,"author.has_verified_email":true,"author.is_employee":false,"author.is_mod":false,"author.is_gold":false},{"author.name":"Medianmodeactivate","author.created_at":1269318768000,"author.has_verified_email":true,"author.is_employee":false,"author.is_mod":false,"author.is_gold":false},{"author.name":"Eratisoul","author.created_at":1269318768000,"author.has_verified_email":true,"author.is_employee":false,"author.is_mod":false,"author.is_gold":false},{"author.name":"smc187","author.created_at":1269318768000,"author.has_verified_email":true,"author.is_employee":false,"author.is_mod":false,"author.is_gold":false},{"author.name":"litorisp","author.created_at":1269318768000,"author.has_verified_email":true,"author.is_employee":false,"author.is_mod":false,"author.is_gold":false},{"author.name":"GutzMurphy2099","author.created_at":1269318768000,"author.has_verified_email":true,"author.is_employee":false,"author.is_mod":false,"author.is_gold":false},{"author.name":"1666lines","author.created_at":1269318768000,"author.has_verified_email":true,"author.is_employee":false,"author.is_mod":false,"author.is_gold":false},{"author.name":"wrosecrans","author.created_at":1269318768000,"author.has_verified_email":true,"author.is_employee":false,"author.is_mod":false,"author.is_gold":false},{"author.name":"occultism","author.created_at":1269318768000,"author.has_verified_email":true,"author.is_employee":false,"author.is_mod":false,"author.is_gold":false},{"author.name":"SurgeQuiDormis","author.created_at":1269318768000,"author.has_verified_email":true,"author.is_employee":false,"author.is_mod":false,"author.is_gold":false},{"author.name":"_Belmount_","author.created_at":1269318768000,"author.has_verified_email":true,"author.is_employee":false,"author.is_mod":false,"author.is_gold":false},{"author.name":"GuSec","author.created_at":1269318768000,"author.has_verified_email":true,"author.is_employee":false,"author.is_mod":false,"author.is_gold":false},{"author.name":"LavenderGumes","author.created_at":1269318768000,"author.has_verified_email":true,"author.is_employee":false,"author.is_mod":false,"author.is_gold":false},{"author.name":"Simon_Magnus","author.created_at":1269318768000,"author.has_verified_email":true,"author.is_employee":false,"author.is_mod":false,"author.is_gold":false},{"author.name":"AboveBatman","author.created_at":1269318768000,"author.has_verified_email":true,"author.is_employee":false,"author.is_mod":false,"author.is_gold":false},{"author.name":"zadharm","author.created_at":1269318768000,"author.has_verified_email":true,"author.is_employee":false,"author.is_mod":false,"author.is_gold":false},{"author.name":"tinydilophosaur","author.created_at":1269318768000,"author.has_verified_email":true,"author.is_employee":false,"author.is_mod":false,"author.is_gold":false},{"author.name":"ctr1a1td3l","author.created_at":1269318768000,"author.has_verified_email":true,"author.is_employee":false,"author.is_mod":false,"author.is_gold":false},{"author.name":"tsilver33","author.created_at":1269318768000,"author.has_verified_email":true,"author.is_employee":false,"author.is_mod":false,"author.is_gold":false},{"author.name":"AchieveDeficiency","author.created_at":1269318768000,"author.has_verified_email":true,"author.is_employee":false,"author.is_mod":false,"author.is_gold":false},{"author.name":"novad0se","author.created_at":1269318768000,"author.has_verified_email":true,"author.is_employee":false,"author.is_mod":false,"author.is_gold":false},{"author.name":"annafrida","author.created_at":1269318768000,"author.has_verified_email":true,"author.is_employee":false,"author.is_mod":false,"author.is_gold":false},{"author.name":"_benp_","author.created_at":1269318768000,"author.has_verified_email":true,"author.is_employee":false,"author.is_mod":false,"author.is_gold":false},{"author.name":"vonBoomslang","author.created_at":1269318768000,"author.has_verified_email":true,"author.is_employee":false,"author.is_mod":false,"author.is_gold":false},{"author.name":"Cauner","author.created_at":1269318768000,"author.has_verified_email":true,"author.is_employee":false,"author.is_mod":false,"author.is_gold":false},{"author.name":"Kjjra","author.created_at":1269318768000,"author.has_verified_email":true,"author.is_employee":false,"author.is_mod":false,"author.is_gold":false},{"author.name":"Malphos101","author.created_at":1269318768000,"author.has_verified_email":true,"author.is_employee":false,"author.is_mod":false,"author.is_gold":false},{"author.name":"HannahIsAHustler","author.created_at":1269318768000,"author.has_verified_email":true,"author.is_employee":false,"author.is_mod":false,"author.is_gold":false},{"author.name":"jackandsally060609","author.created_at":1269318768000,"author.has_verified_email":true,"author.is_employee":false,"author.is_mod":false,"author.is_gold":false},{"author.name":"RTukka","author.created_at":1269318768000,"author.has_verified_email":true,"author.is_employee":false,"author.is_mod":false,"author.is_gold":false},{"author.name":"highvoltageacdc1","author.created_at":1269318768000,"author.has_verified_email":true,"author.is_employee":false,"author.is_mod":false,"author.is_gold":false},{"author.name":"Dr_Lurk_MD","author.created_at":1269318768000,"author.has_verified_email":true,"author.is_employee":false,"author.is_mod":false,"author.is_gold":false},{"author.name":"bobdotcom","author.created_at":1269318768000,"author.has_verified_email":true,"author.is_employee":false,"author.is_mod":false,"author.is_gold":false},{"author.name":"Stalking_Goat","author.created_at":1269318768000,"author.has_verified_email":true,"author.is_employee":false,"author.is_mod":false,"author.is_gold":false},{"author.name":"takoyakimura","author.created_at":1269318768000,"author.has_verified_email":true,"author.is_employee":false,"author.is_mod":false,"author.is_gold":false},{"author.name":"fuckincaillou","author.created_at":1269318768000,"author.has_verified_email":true,"author.is_employee":false,"author.is_mod":false,"author.is_gold":false},{"author.name":"agatha-burnett","author.created_at":1269318768000,"author.has_verified_email":true,"author.is_employee":false,"author.is_mod":false,"author.is_gold":false},{"author.name":"WallingFoodie","author.created_at":1269318768000,"author.has_verified_email":true,"author.is_employee":false,"author.is_mod":false,"author.is_gold":false},{"author.name":"Pepito_Pepito","author.created_at":1269318768000,"author.has_verified_email":true,"author.is_employee":false,"author.is_mod":false,"author.is_gold":false},{"author.name":"ColbertyTales","author.created_at":1269318768000,"author.has_verified_email":true,"author.is_employee":false,"author.is_mod":false,"author.is_gold":false},{"author.name":"MorallyDeplorable","author.created_at":1269318768000,"author.has_verified_email":true,"author.is_employee":false,"author.is_mod":false,"author.is_gold":false},{"author.name":"k10morgan","author.created_at":1269318768000,"author.has_verified_email":true,"author.is_employee":false,"author.is_mod":false,"author.is_gold":false},{"author.name":"conquer69","author.created_at":1269318768000,"author.has_verified_email":true,"author.is_employee":false,"author.is_mod":false,"author.is_gold":false},{"author.name":"Fgame","author.created_at":1269318768000,"author.has_verified_email":true,"author.is_employee":false,"author.is_mod":false,"author.is_gold":false},{"author.name":"formershitpeasant","author.created_at":1269318768000,"author.has_verified_email":true,"author.is_employee":false,"author.is_mod":false,"author.is_gold":false},{"author.name":"cutekittensforus","author.created_at":1269318768000,"author.has_verified_email":true,"author.is_employee":false,"author.is_mod":false,"author.is_gold":false},{"author.name":"Seicair","author.created_at":1269318768000,"author.has_verified_email":true,"author.is_employee":false,"author.is_mod":false,"author.is_gold":false},{"author.name":"A_Soporific","author.created_at":1269318768000,"author.has_verified_email":true,"author.is_employee":false,"author.is_mod":false,"author.is_gold":false},{"author.name":"fiduke","author.created_at":1269318768000,"author.has_verified_email":true,"author.is_employee":false,"author.is_mod":false,"author.is_gold":false},{"author.name":"bdemented","author.created_at":1269318768000,"author.has_verified_email":true,"author.is_employee":false,"author.is_mod":false,"author.is_gold":false},{"author.name":"biophile118","author.created_at":1269318768000,"author.has_verified_email":true,"author.is_employee":false,"author.is_mod":false,"author.is_gold":false},{"author.name":"SoGodDangTired","author.created_at":1269318768000,"author.has_verified_email":true,"author.is_employee":false,"author.is_mod":false,"author.is_gold":false},{"author.name":"quaxon","author.created_at":1275617497000,"author.has_verified_email":true,"author.is_employee":false,"author.is_mod":true,"author.is_gold":false},{"author.name":"LayaraFlaris","author.created_at":1275617497000,"author.has_verified_email":true,"author.is_employee":false,"author.is_mod":true,"author.is_gold":false},{"author.name":"rcgarcia","author.created_at":1275617497000,"author.has_verified_email":true,"author.is_employee":false,"author.is_mod":true,"author.is_gold":false},{"author.name":"Fadetome","author.created_at":1275617497000,"author.has_verified_email":true,"author.is_employee":false,"author.is_mod":true,"author.is_gold":false},{"author.name":"averagekid18","author.created_at":1275617497000,"author.has_verified_email":true,"author.is_employee":false,"author.is_mod":true,"author.is_gold":false},{"author.name":"fotomachen48","author.created_at":1283167146000,"author.has_verified_email":true,"author.is_employee":false,"author.is_mod":false,"author.is_gold":false},{"author.name":"FenrirIII","author.created_at":1283167146000,"author.has_verified_email":true,"author.is_employee":false,"author.is_mod":false,"author.is_gold":false},{"author.name":"NetMassimo","author.created_at":1286441006000,"author.has_verified_email":true,"author.is_employee":false,"author.is_mod":true,"author.is_gold":false},{"author.name":"burtzev","author.created_at":1269213033000,"author.has_verified_email":true,"author.is_employee":false,"author.is_mod":true,"author.is_gold":false},{"author.name":"Suckydog","author.created_at":1287150699000,"author.has_verified_email":true,"author.is_employee":false,"author.is_mod":true,"author.is_gold":false},{"author.name":"daveygeek","author.created_at":1287150699000,"author.has_verified_email":true,"author.is_employee":false,"author.is_mod":true,"author.is_gold":false},{"author.name":"PandR1989","author.created_at":1287150699000,"author.has_verified_email":true,"author.is_employee":false,"author.is_mod":true,"author.is_gold":false},{"author.name":"Man_AMA","author.created_at":1287150699000,"author.has_verified_email":true,"author.is_employee":false,"author.is_mod":true,"author.is_gold":false},{"author.name":"wick_dad","author.created_at":1287150699000,"author.has_verified_email":true,"author.is_employee":false,"author.is_mod":true,"author.is_gold":false},{"author.name":"Cfwydirk","author.created_at":1287150699000,"author.has_verified_email":true,"author.is_employee":false,"author.is_mod":true,"author.is_gold":false},{"author.name":"JaredLJohnson","author.created_at":1287150699000,"author.has_verified_email":true,"author.is_employee":false,"author.is_mod":true,"author.is_gold":false},{"author.name":"mrfonch","author.created_at":1287150699000,"author.has_verified_email":true,"author.is_employee":false,"author.is_mod":true,"author.is_gold":false},{"author.name":"Rectumfryer","author.created_at":1269318768000,"author.has_verified_email":true,"author.is_employee":false,"author.is_mod":false,"author.is_gold":false},{"author.name":"flargenhargen","author.created_at":1291437148000,"author.has_verified_email":true,"author.is_employee":false,"author.is_mod":true,"author.is_gold":false},{"author.name":"redhatGizmo","author.created_at":1289986377000,"author.has_verified_email":false,"author.is_employee":false,"author.is_mod":true,"author.is_gold":true},{"author.name":"Tup00","author.created_at":1289986377000,"author.has_verified_email":false,"author.is_employee":false,"author.is_mod":true,"author.is_gold":true},{"author.name":"nottsladb","author.created_at":1289986377000,"author.has_verified_email":false,"author.is_employee":false,"author.is_mod":true,"author.is_gold":true},{"author.name":"sundogra","author.created_at":1285622647000,"author.has_verified_email":true,"author.is_employee":false,"author.is_mod":true,"author.is_gold":true},{"author.name":"Stiff_Ass_Brit","author.created_at":1283028270000,"author.has_verified_email":false,"author.is_employee":false,"author.is_mod":false,"author.is_gold":false},{"author.name":"MilesDoodling","author.created_at":1283028270000,"author.has_verified_email":false,"author.is_employee":false,"author.is_mod":false,"author.is_gold":false},{"author.name":"kreednavillus","author.created_at":1283028270000,"author.has_verified_email":false,"author.is_employee":false,"author.is_mod":false,"author.is_gold":false},{"author.name":"ReddiReaders","author.created_at":1283028270000,"author.has_verified_email":false,"author.is_employee":false,"author.is_mod":false,"author.is_gold":false},{"author.name":"Bro_Legendary","author.created_at":1283028270000,"author.has_verified_email":false,"author.is_employee":false,"author.is_mod":false,"author.is_gold":false},{"author.name":"shubhampandey12","author.created_at":1283028270000,"author.has_verified_email":false,"author.is_employee":false,"author.is_mod":false,"author.is_gold":false},{"author.name":"mohd_sm81","author.created_at":1283028270000,"author.has_verified_email":false,"author.is_employee":false,"author.is_mod":false,"author.is_gold":false},{"author.name":"whitegirlonmeth","author.created_at":1283028270000,"author.has_verified_email":false,"author.is_employee":false,"author.is_mod":false,"author.is_gold":false},{"author.name":"orangejulius","author.created_at":1271550368000,"author.has_verified_email":true,"author.is_employee":false,"author.is_mod":true,"author.is_gold":false},{"author.name":"ImmunityBadger","author.created_at":1271550368000,"author.has_verified_email":true,"author.is_employee":false,"author.is_mod":true,"author.is_gold":false},{"author.name":"LieutenantLawyer","author.created_at":1271550368000,"author.has_verified_email":true,"author.is_employee":false,"author.is_mod":true,"author.is_gold":false},{"author.name":"gnorrn","author.created_at":1271550368000,"author.has_verified_email":true,"author.is_employee":false,"author.is_mod":true,"author.is_gold":false},{"author.name":"law_student_throwawa","author.created_at":1271550368000,"author.has_verified_email":true,"author.is_employee":false,"author.is_mod":true,"author.is_gold":false},{"author.name":"AquariusEffect","author.created_at":1283028270000,"author.has_verified_email":false,"author.is_employee":false,"author.is_mod":false,"author.is_gold":false},{"author.name":"apothecarytitan","author.created_at":1285606400000,"author.has_verified_email":true,"author.is_employee":false,"author.is_mod":false,"author.is_gold":false},{"author.name":"georgebarker","author.created_at":1285606400000,"author.has_verified_email":true,"author.is_employee":false,"author.is_mod":false,"author.is_gold":false}]