[{"author.name":"nick57490","author.created_at":1611943684000,"author.has_verified_email":false,"author.is_employee":false,"author.is_mod":false,"author.is_gold":false},{"author.name":"PR0NJ1FS","author.created_at":1610833265000,"author.has_verified_email":false,"author.is_employee":false,"author.is_mod":false,"author.is_gold":false},{"author.name":"poluza112","author.created_at":1610833265000,"author.has_verified_email":false,"author.is_employee":false,"author.is_mod":false,"author.is_gold":false},{"author.name":"Overall_Box_302","author.created_at":1610713889000,"author.has_verified_email":true,"author.is_employee":false,"author.is_mod":false,"author.is_gold":false},{"author.name":"Technical_Lock8506","author.created_at":1610702189000,"author.has_verified_email":true,"author.is_employee":false,"author.is_mod":false,"author.is_gold":false},{"author.name":"CovidIsTaken","author.created_at":1610621704000,"author.has_verified_email":true,"author.is_employee":false,"author.is_mod":false,"author.is_gold":false},{"author.name":"Noname_Maddox","author.created_at":1610022844000,"author.has_verified_email":true,"author.is_employee":false,"author.is_mod":true,"author.is_gold":false},{"author.name":"PaleontologistRich40","author.created_at":1609943996000,"author.has_verified_email":true,"author.is_employee":false,"author.is_mod":false,"author.is_gold":false},{"author.name":"informoverloadreddit","author.created_at":1610036480000,"author.has_verified_email":true,"author.is_employee":false,"author.is_mod":false,"author.is_gold":false},{"author.name":"thatgamerguy567","author.created_at":1609478546000,"author.has_verified_email":false,"author.is_employee":false,"author.is_mod":false,"author.is_gold":false},{"author.name":"Proof-Criticism2025","author.created_at":1610022844000,"author.has_verified_email":true,"author.is_employee":false,"author.is_mod":true,"author.is_gold":false},{"author.name":"Nice_boy69","author.created_at":1610022844000,"author.has_verified_email":true,"author.is_employee":false,"author.is_mod":true,"author.is_gold":false},{"author.name":"moviemark25","author.created_at":1610022844000,"author.has_verified_email":true,"author.is_employee":false,"author.is_mod":true,"author.is_gold":false},{"author.name":"MembershipAncient474","author.created_at":1610022844000,"author.has_verified_email":true,"author.is_employee":false,"author.is_mod":true,"author.is_gold":false},{"author.name":"R41K0N","author.created_at":1613630131000,"author.has_verified_email":true,"author.is_employee":false,"author.is_mod":true,"author.is_gold":false},{"author.name":"I_Casket_I","author.created_at":1613630131000,"author.has_verified_email":true,"author.is_employee":false,"author.is_mod":true,"author.is_gold":false},{"author.name":"IHateThisPlace3","author.created_at":1613630131000,"author.has_verified_email":true,"author.is_employee":false,"author.is_mod":true,"author.is_gold":false},{"author.name":"ghost1991XxX","author.created_at":1610022844000,"author.has_verified_email":true,"author.is_employee":false,"author.is_mod":true,"author.is_gold":false},{"author.name":"Hot_Mission2164","author.created_at":1610387597000,"author.has_verified_email":true,"author.is_employee":false,"author.is_mod":false,"author.is_gold":false},{"author.name":"Slea1213","author.created_at":1610552760000,"author.has_verified_email":false,"author.is_employee":false,"author.is_mod":false,"author.is_gold":false},{"author.name":"Real-H","author.created_at":1610000170000,"author.has_verified_email":true,"author.is_employee":false,"author.is_mod":true,"author.is_gold":false},{"author.name":"Pickleweede","author.created_at":1610000170000,"author.has_verified_email":true,"author.is_employee":false,"author.is_mod":true,"author.is_gold":false},{"author.name":"grissinimanga","author.created_at":1609699371000,"author.has_verified_email":true,"author.is_employee":false,"author.is_mod":false,"author.is_gold":false},{"author.name":"Cyber_843","author.created_at":1613455369000,"author.has_verified_email":true,"author.is_employee":false,"author.is_mod":false,"author.is_gold":false},{"author.name":"killernacho05","author.created_at":1613455369000,"author.has_verified_email":true,"author.is_employee":false,"author.is_mod":false,"author.is_gold":false},{"author.name":"Eggeggaggagagag","author.created_at":1613217785000,"author.has_verified_email":true,"author.is_employee":false,"author.is_mod":false,"author.is_gold":false},{"author.name":"StayClassySD1","author.created_at":1612020169000,"author.has_verified_email":true,"author.is_employee":false,"author.is_mod":false,"author.is_gold":false},{"author.name":"Phu5ion","author.created_at":1612020169000,"author.has_verified_email":true,"author.is_employee":false,"author.is_mod":false,"author.is_gold":false},{"author.name":"Eoileptic-Puppy","author.created_at":1612020169000,"author.has_verified_email":true,"author.is_employee":false,"author.is_mod":false,"author.is_gold":false},{"author.name":"kyroanimates","author.created_at":1610836608000,"author.has_verified_email":true,"author.is_employee":false,"author.is_mod":false,"author.is_gold":false},{"author.name":"Impossible-Owl9096","author.created_at":1610261526000,"author.has_verified_email":true,"author.is_employee":false,"author.is_mod":false,"author.is_gold":false},{"author.name":"McHiney","author.created_at":1610022844000,"author.has_verified_email":true,"author.is_employee":false,"author.is_mod":true,"author.is_gold":false},{"author.name":"Guiltybeta","author.created_at":1612445839000,"author.has_verified_email":false,"author.is_employee":false,"author.is_mod":true,"author.is_gold":false},{"author.name":"Cuck4Chavs","author.created_at":1612445839000,"author.has_verified_email":false,"author.is_employee":false,"author.is_mod":true,"author.is_gold":false},{"author.name":"Red842542","author.created_at":1612445839000,"author.has_verified_email":false,"author.is_employee":false,"author.is_mod":true,"author.is_gold":false},{"author.name":"Candid-Jackfruit6337","author.created_at":1612445839000,"author.has_verified_email":false,"author.is_employee":false,"author.is_mod":true,"author.is_gold":false},{"author.name":"gizemnick","author.created_at":1612445839000,"author.has_verified_email":false,"author.is_employee":false,"author.is_mod":true,"author.is_gold":false},{"author.name":"betmal555","author.created_at":1612445839000,"author.has_verified_email":false,"author.is_employee":false,"author.is_mod":true,"author.is_gold":false},{"author.name":"Ekelon99","author.created_at":1610022844000,"author.has_verified_email":true,"author.is_employee":false,"author.is_mod":true,"author.is_gold":false},{"author.name":"wankininsomniac","author.created_at":1610022844000,"author.has_verified_email":true,"author.is_employee":false,"author.is_mod":true,"author.is_gold":false},{"author.name":"international_row1","author.created_at":1610022844000,"author.has_verified_email":true,"author.is_employee":false,"author.is_mod":true,"author.is_gold":false},{"author.name":"satans_bassist","author.created_at":1610022844000,"author.has_verified_email":true,"author.is_employee":false,"author.is_mod":true,"author.is_gold":false},{"author.name":"mwkdyebxiz","author.created_at":1610022844000,"author.has_verified_email":true,"author.is_employee":false,"author.is_mod":true,"author.is_gold":false},{"author.name":"wendy103087","author.created_at":1610022844000,"author.has_verified_email":true,"author.is_employee":false,"author.is_mod":true,"author.is_gold":false},{"author.name":"pronadikt","author.created_at":1610022844000,"author.has_verified_email":true,"author.is_employee":false,"author.is_mod":true,"author.is_gold":false},{"author.name":"backup_account1312","author.created_at":1610022844000,"author.has_verified_email":true,"author.is_employee":false,"author.is_mod":true,"author.is_gold":false},{"author.name":"jonthecoolguy","author.created_at":1610022844000,"author.has_verified_email":true,"author.is_employee":false,"author.is_mod":true,"author.is_gold":false},{"author.name":"Wonderful_Yogurt6187","author.created_at":1610022844000,"author.has_verified_email":true,"author.is_employee":false,"author.is_mod":true,"author.is_gold":false},{"author.name":"PM_ME_IRL_GIRLS","author.created_at":1610022844000,"author.has_verified_email":true,"author.is_employee":false,"author.is_mod":true,"author.is_gold":false},{"author.name":"trkyy_","author.created_at":1610022844000,"author.has_verified_email":true,"author.is_employee":false,"author.is_mod":true,"author.is_gold":false},{"author.name":"Odd-Opportunity665","author.created_at":1610022844000,"author.has_verified_email":true,"author.is_employee":false,"author.is_mod":true,"author.is_gold":false},{"author.name":"abyss_overlord","author.created_at":1610022844000,"author.has_verified_email":true,"author.is_employee":false,"author.is_mod":true,"author.is_gold":false},{"author.name":"kaudette","author.created_at":1611540264000,"author.has_verified_email":true,"author.is_employee":false,"author.is_mod":false,"author.is_gold":false},{"author.name":"anonymousforstuff","author.created_at":1611540264000,"author.has_verified_email":true,"author.is_employee":false,"author.is_mod":false,"author.is_gold":false},{"author.name":"ImNotJoeBereta","author.created_at":1611540264000,"author.has_verified_email":true,"author.is_employee":false,"author.is_mod":false,"author.is_gold":false},{"author.name":"rchristian2tr","author.created_at":1611540264000,"author.has_verified_email":true,"author.is_employee":false,"author.is_mod":false,"author.is_gold":false},{"author.name":"Chancellor_Valorum82","author.created_at":1611540264000,"author.has_verified_email":true,"author.is_employee":false,"author.is_mod":false,"author.is_gold":false},{"author.name":"nsfwthrowaway5969","author.created_at":1611540264000,"author.has_verified_email":true,"author.is_employee":false,"author.is_mod":false,"author.is_gold":false},{"author.name":"TortanusTheShuttle","author.created_at":1611540264000,"author.has_verified_email":true,"author.is_employee":false,"author.is_mod":false,"author.is_gold":false},{"author.name":"AnonymousMod27","author.created_at":1611540264000,"author.has_verified_email":true,"author.is_employee":false,"author.is_mod":false,"author.is_gold":false},{"author.name":"female_fetishist","author.created_at":1611540264000,"author.has_verified_email":true,"author.is_employee":false,"author.is_mod":false,"author.is_gold":false},{"author.name":"juanathanluis","author.created_at":1611540264000,"author.has_verified_email":true,"author.is_employee":false,"author.is_mod":false,"author.is_gold":false},{"author.name":"dirtykaos","author.created_at":1611540264000,"author.has_verified_email":true,"author.is_employee":false,"author.is_mod":false,"author.is_gold":false},{"author.name":"Rasta-d-man","author.created_at":1611540264000,"author.has_verified_email":true,"author.is_employee":false,"author.is_mod":false,"author.is_gold":false},{"author.name":"t4ttitfortat","author.created_at":1611540264000,"author.has_verified_email":true,"author.is_employee":false,"author.is_mod":false,"author.is_gold":false},{"author.name":"bradyharding","author.created_at":1611540264000,"author.has_verified_email":true,"author.is_employee":false,"author.is_mod":false,"author.is_gold":false},{"author.name":"eilf81","author.created_at":1611540264000,"author.has_verified_email":true,"author.is_employee":false,"author.is_mod":false,"author.is_gold":false},{"author.name":"Olliegreen__","author.created_at":1611540264000,"author.has_verified_email":true,"author.is_employee":false,"author.is_mod":false,"author.is_gold":false},{"author.name":"Coffee-Superman","author.created_at":1611540264000,"author.has_verified_email":true,"author.is_employee":false,"author.is_mod":false,"author.is_gold":false},{"author.name":"warmachinefannumber1","author.created_at":1611540264000,"author.has_verified_email":true,"author.is_employee":false,"author.is_mod":false,"author.is_gold":false},{"author.name":"Vacawa","author.created_at":1611540264000,"author.has_verified_email":true,"author.is_employee":false,"author.is_mod":false,"author.is_gold":false},{"author.name":"JasonCross03","author.created_at":1611540264000,"author.has_verified_email":true,"author.is_employee":false,"author.is_mod":false,"author.is_gold":false},{"author.name":"Arturorules19","author.created_at":1611540264000,"author.has_verified_email":true,"author.is_employee":false,"author.is_mod":false,"author.is_gold":false},{"author.name":"nihilismnarcissism","author.created_at":1610022844000,"author.has_verified_email":true,"author.is_employee":false,"author.is_mod":true,"author.is_gold":false},{"author.name":"beezinthetraap","author.created_at":1610022844000,"author.has_verified_email":true,"author.is_employee":false,"author.is_mod":true,"author.is_gold":false},{"author.name":"DannyOfficial","author.created_at":1610022844000,"author.has_verified_email":true,"author.is_employee":false,"author.is_mod":true,"author.is_gold":false},{"author.name":"BadDadBot","author.created_at":1610022844000,"author.has_verified_email":true,"author.is_employee":false,"author.is_mod":true,"author.is_gold":false},{"author.name":"charlie9173","author.created_at":1610022844000,"author.has_verified_email":true,"author.is_employee":false,"author.is_mod":true,"author.is_gold":false},{"author.name":"dzdclbz","author.created_at":1610022844000,"author.has_verified_email":true,"author.is_employee":false,"author.is_mod":true,"author.is_gold":false},{"author.name":"jbeddy98","author.created_at":1610022844000,"author.has_verified_email":true,"author.is_employee":false,"author.is_mod":true,"author.is_gold":false},{"author.name":"headIikeahoIe","author.created_at":1610022844000,"author.has_verified_email":true,"author.is_employee":false,"author.is_mod":true,"author.is_gold":false},{"author.name":"shazam950","author.created_at":1611782491000,"author.has_verified_email":true,"author.is_employee":false,"author.is_mod":false,"author.is_gold":false},{"author.name":"bri_an_h","author.created_at":1610022844000,"author.has_verified_email":true,"author.is_employee":false,"author.is_mod":true,"author.is_gold":false},{"author.name":"AnEnemyStando","author.created_at":1610022844000,"author.has_verified_email":true,"author.is_employee":false,"author.is_mod":true,"author.is_gold":false},{"author.name":"Nickyt2016","author.created_at":1610022844000,"author.has_verified_email":true,"author.is_employee":false,"author.is_mod":true,"author.is_gold":false},{"author.name":"reaIDonladTromp","author.created_at":1611782491000,"author.has_verified_email":true,"author.is_employee":false,"author.is_mod":false,"author.is_gold":false},{"author.name":"hitmaneal","author.created_at":1610482722000,"author.has_verified_email":false,"author.is_employee":false,"author.is_mod":false,"author.is_gold":false},{"author.name":"robkohn23","author.created_at":1610482722000,"author.has_verified_email":false,"author.is_employee":false,"author.is_mod":false,"author.is_gold":false},{"author.name":"RandomUser132621","author.created_at":1615138426000,"author.has_verified_email":true,"author.is_employee":false,"author.is_mod":false,"author.is_gold":false},{"author.name":"lilifake","author.created_at":1615138426000,"author.has_verified_email":true,"author.is_employee":false,"author.is_mod":false,"author.is_gold":false},{"author.name":"KinkyWinkyDA","author.created_at":1615138426000,"author.has_verified_email":true,"author.is_employee":false,"author.is_mod":false,"author.is_gold":false},{"author.name":"Known-Information805","author.created_at":1615138426000,"author.has_verified_email":true,"author.is_employee":false,"author.is_mod":false,"author.is_gold":false},{"author.name":"Quitsy06","author.created_at":1610022844000,"author.has_verified_email":true,"author.is_employee":false,"author.is_mod":true,"author.is_gold":false},{"author.name":"catprincess92","author.created_at":1610022844000,"author.has_verified_email":true,"author.is_employee":false,"author.is_mod":true,"author.is_gold":false},{"author.name":"Anal395","author.created_at":1610022844000,"author.has_verified_email":true,"author.is_employee":false,"author.is_mod":true,"author.is_gold":false},{"author.name":"jqyvin","author.created_at":1610022844000,"author.has_verified_email":true,"author.is_employee":false,"author.is_mod":true,"author.is_gold":false},{"author.name":"Question_thread","author.created_at":1615322014000,"author.has_verified_email":true,"author.is_employee":false,"author.is_mod":false,"author.is_gold":false},{"author.name":"MalikNova96","author.created_at":1610022844000,"author.has_verified_email":true,"author.is_employee":false,"author.is_mod":true,"author.is_gold":false},{"author.name":"Low_Relationship_971","author.created_at":1610022844000,"author.has_verified_email":true,"author.is_employee":false,"author.is_mod":true,"author.is_gold":false},{"author.name":"Lennon_hall26","author.created_at":1610022844000,"author.has_verified_email":true,"author.is_employee":false,"author.is_mod":true,"author.is_gold":false},{"author.name":"alejoconejolex","author.created_at":1615223898000,"author.has_verified_email":false,"author.is_employee":false,"author.is_mod":false,"author.is_gold":false},{"author.name":"Upstairs_Quail7668","author.created_at":1610022844000,"author.has_verified_email":true,"author.is_employee":false,"author.is_mod":true,"author.is_gold":false},{"author.name":"spadeoface007","author.created_at":1610022844000,"author.has_verified_email":true,"author.is_employee":false,"author.is_mod":true,"author.is_gold":false},{"author.name":"-Hellshooter-","author.created_at":1610022844000,"author.has_verified_email":true,"author.is_employee":false,"author.is_mod":true,"author.is_gold":false},{"author.name":"ambush637","author.created_at":1610022844000,"author.has_verified_email":true,"author.is_employee":false,"author.is_mod":true,"author.is_gold":false},{"author.name":"itsJL2003","author.created_at":1610022844000,"author.has_verified_email":true,"author.is_employee":false,"author.is_mod":true,"author.is_gold":false},{"author.name":"Kevindharmani","author.created_at":1610022844000,"author.has_verified_email":true,"author.is_employee":false,"author.is_mod":true,"author.is_gold":false},{"author.name":"damnshitthis","author.created_at":1610022844000,"author.has_verified_email":true,"author.is_employee":false,"author.is_mod":true,"author.is_gold":false},{"author.name":"Cashew6669x","author.created_at":1610022844000,"author.has_verified_email":true,"author.is_employee":false,"author.is_mod":true,"author.is_gold":false},{"author.name":"Dirty-Boy99","author.created_at":1610022844000,"author.has_verified_email":true,"author.is_employee":false,"author.is_mod":true,"author.is_gold":false},{"author.name":"ashrich87","author.created_at":1614895939000,"author.has_verified_email":true,"author.is_employee":false,"author.is_mod":true,"author.is_gold":false},{"author.name":"Darkseid80","author.created_at":1614895939000,"author.has_verified_email":true,"author.is_employee":false,"author.is_mod":true,"author.is_gold":false},{"author.name":"ConstanzaBonapart","author.created_at":1619668621000,"author.has_verified_email":true,"author.is_employee":false,"author.is_mod":false,"author.is_gold":false},{"author.name":"Mtrees2404","author.created_at":1610022844000,"author.has_verified_email":true,"author.is_employee":false,"author.is_mod":true,"author.is_gold":false},{"author.name":"CeruleanOrange","author.created_at":1610469559000,"author.has_verified_email":true,"author.is_employee":false,"author.is_mod":false,"author.is_gold":false},{"author.name":"ReporterLow4336","author.created_at":1610022844000,"author.has_verified_email":true,"author.is_employee":false,"author.is_mod":true,"author.is_gold":false},{"author.name":"Horny_Throwaway_5757","author.created_at":1610138219000,"author.has_verified_email":false,"author.is_employee":false,"author.is_mod":false,"author.is_gold":false},{"author.name":"FeedingMyDirtyMind","author.created_at":1610138219000,"author.has_verified_email":false,"author.is_employee":false,"author.is_mod":false,"author.is_gold":false},{"author.name":"New-Night-1396","author.created_at":1610138219000,"author.has_verified_email":false,"author.is_employee":false,"author.is_mod":false,"author.is_gold":false},{"author.name":"hornyguynsfw","author.created_at":1610138219000,"author.has_verified_email":false,"author.is_employee":false,"author.is_mod":false,"author.is_gold":false},{"author.name":"nobbby438","author.created_at":1610138219000,"author.has_verified_email":false,"author.is_employee":false,"author.is_mod":false,"author.is_gold":false},{"author.name":"Sophielover69","author.created_at":1610138219000,"author.has_verified_email":false,"author.is_employee":false,"author.is_mod":false,"author.is_gold":false},{"author.name":"rpeter22","author.created_at":1610138219000,"author.has_verified_email":false,"author.is_employee":false,"author.is_mod":false,"author.is_gold":false},{"author.name":"Employment_Tiny","author.created_at":1610138219000,"author.has_verified_email":false,"author.is_employee":false,"author.is_mod":false,"author.is_gold":false},{"author.name":"LEGO1007","author.created_at":1610138219000,"author.has_verified_email":false,"author.is_employee":false,"author.is_mod":false,"author.is_gold":false},{"author.name":"dudemaner","author.created_at":1610138219000,"author.has_verified_email":false,"author.is_employee":false,"author.is_mod":false,"author.is_gold":false},{"author.name":"mister_w1ggl3s","author.created_at":1610138219000,"author.has_verified_email":false,"author.is_employee":false,"author.is_mod":false,"author.is_gold":false},{"author.name":"Cum2celebs","author.created_at":1610138219000,"author.has_verified_email":false,"author.is_employee":false,"author.is_mod":false,"author.is_gold":false},{"author.name":"FerosAgal","author.created_at":1610138219000,"author.has_verified_email":false,"author.is_employee":false,"author.is_mod":false,"author.is_gold":false},{"author.name":"hbkedge3","author.created_at":1610138219000,"author.has_verified_email":false,"author.is_employee":false,"author.is_mod":false,"author.is_gold":false},{"author.name":"alt_alt_989","author.created_at":1610138219000,"author.has_verified_email":false,"author.is_employee":false,"author.is_mod":false,"author.is_gold":false},{"author.name":"66jamess99","author.created_at":1610138219000,"author.has_verified_email":false,"author.is_employee":false,"author.is_mod":false,"author.is_gold":false},{"author.name":"Few-Philosophy9877","author.created_at":1610138219000,"author.has_verified_email":false,"author.is_employee":false,"author.is_mod":false,"author.is_gold":false},{"author.name":"Caphaz26","author.created_at":1610138219000,"author.has_verified_email":false,"author.is_employee":false,"author.is_mod":false,"author.is_gold":false},{"author.name":"mocorat","author.created_at":1610138219000,"author.has_verified_email":false,"author.is_employee":false,"author.is_mod":false,"author.is_gold":false},{"author.name":"Slap_the_Panda","author.created_at":1610138219000,"author.has_verified_email":false,"author.is_employee":false,"author.is_mod":false,"author.is_gold":false},{"author.name":"boyo005","author.created_at":1610138219000,"author.has_verified_email":false,"author.is_employee":false,"author.is_mod":false,"author.is_gold":false},{"author.name":"HaileeSteinfeldAss","author.created_at":1619290425000,"author.has_verified_email":false,"author.is_employee":false,"author.is_mod":true,"author.is_gold":false},{"author.name":"smol_peas","author.created_at":1610022844000,"author.has_verified_email":true,"author.is_employee":false,"author.is_mod":true,"author.is_gold":false},{"author.name":"factorX56","author.created_at":1610022844000,"author.has_verified_email":true,"author.is_employee":false,"author.is_mod":true,"author.is_gold":false},{"author.name":"Lamertofar8","author.created_at":1610022844000,"author.has_verified_email":true,"author.is_employee":false,"author.is_mod":true,"author.is_gold":false},{"author.name":"Odd_Shake_4619","author.created_at":1610022844000,"author.has_verified_email":true,"author.is_employee":false,"author.is_mod":true,"author.is_gold":false},{"author.name":"kingbeans1","author.created_at":1610022844000,"author.has_verified_email":true,"author.is_employee":false,"author.is_mod":true,"author.is_gold":false},{"author.name":"tylermoxon05","author.created_at":1610022844000,"author.has_verified_email":true,"author.is_employee":false,"author.is_mod":true,"author.is_gold":false},{"author.name":"Typical-Layer9233","author.created_at":1610022844000,"author.has_verified_email":true,"author.is_employee":false,"author.is_mod":true,"author.is_gold":false},{"author.name":"Particular_Ad5792","author.created_at":1610022844000,"author.has_verified_email":true,"author.is_employee":false,"author.is_mod":true,"author.is_gold":false},{"author.name":"Serenity_Brooke","author.created_at":1609759845000,"author.has_verified_email":true,"author.is_employee":false,"author.is_mod":false,"author.is_gold":false},{"author.name":"LionCat79","author.created_at":1609759845000,"author.has_verified_email":true,"author.is_employee":false,"author.is_mod":false,"author.is_gold":false},{"author.name":"hp-and-marvel-fan","author.created_at":1609759845000,"author.has_verified_email":true,"author.is_employee":false,"author.is_mod":false,"author.is_gold":false},{"author.name":"Croonchy_Stars","author.created_at":1609759845000,"author.has_verified_email":true,"author.is_employee":false,"author.is_mod":false,"author.is_gold":false},{"author.name":"Quiet-Caregiver9384","author.created_at":1610022844000,"author.has_verified_email":true,"author.is_employee":false,"author.is_mod":true,"author.is_gold":false},{"author.name":"bjmb312","author.created_at":1610022844000,"author.has_verified_email":true,"author.is_employee":false,"author.is_mod":true,"author.is_gold":false},{"author.name":"Complete-Sentence-96","author.created_at":1610022844000,"author.has_verified_email":true,"author.is_employee":false,"author.is_mod":true,"author.is_gold":false},{"author.name":"npsm1970","author.created_at":1610022844000,"author.has_verified_email":true,"author.is_employee":false,"author.is_mod":true,"author.is_gold":false},{"author.name":"daithisfw","author.created_at":1612268703000,"author.has_verified_email":true,"author.is_employee":false,"author.is_mod":false,"author.is_gold":false},{"author.name":"rombotron74","author.created_at":1612268703000,"author.has_verified_email":true,"author.is_employee":false,"author.is_mod":false,"author.is_gold":false},{"author.name":"fduniho","author.created_at":1612268703000,"author.has_verified_email":true,"author.is_employee":false,"author.is_mod":false,"author.is_gold":false},{"author.name":"Innocent_bystander57","author.created_at":1612268703000,"author.has_verified_email":true,"author.is_employee":false,"author.is_mod":false,"author.is_gold":false},{"author.name":"Whisper-919","author.created_at":1610022844000,"author.has_verified_email":true,"author.is_employee":false,"author.is_mod":true,"author.is_gold":false},{"author.name":"centjes6","author.created_at":1612268703000,"author.has_verified_email":true,"author.is_employee":false,"author.is_mod":false,"author.is_gold":false},{"author.name":"Odnerar","author.created_at":1617537372000,"author.has_verified_email":true,"author.is_employee":false,"author.is_mod":true,"author.is_gold":false},{"author.name":"Cover9ty9","author.created_at":1617537372000,"author.has_verified_email":true,"author.is_employee":false,"author.is_mod":true,"author.is_gold":false},{"author.name":"Chiurlo_Zas","author.created_at":1617537372000,"author.has_verified_email":true,"author.is_employee":false,"author.is_mod":true,"author.is_gold":false},{"author.name":"DontCallMeBooger","author.created_at":1613674562000,"author.has_verified_email":true,"author.is_employee":false,"author.is_mod":false,"author.is_gold":false},{"author.name":"karenGillianlegs","author.created_at":1617457766000,"author.has_verified_email":false,"author.is_employee":false,"author.is_mod":false,"author.is_gold":false},{"author.name":"hypohater","author.created_at":1616040557000,"author.has_verified_email":true,"author.is_employee":false,"author.is_mod":true,"author.is_gold":false},{"author.name":"Nevevevev12","author.created_at":1616040557000,"author.has_verified_email":true,"author.is_employee":false,"author.is_mod":true,"author.is_gold":false},{"author.name":"daeron187","author.created_at":1616040557000,"author.has_verified_email":true,"author.is_employee":false,"author.is_mod":true,"author.is_gold":false},{"author.name":"smittyhotep","author.created_at":1616040557000,"author.has_verified_email":true,"author.is_employee":false,"author.is_mod":true,"author.is_gold":false},{"author.name":"NegoUrso","author.created_at":1613560159000,"author.has_verified_email":false,"author.is_employee":false,"author.is_mod":false,"author.is_gold":false},{"author.name":"teshikuYT","author.created_at":1610022844000,"author.has_verified_email":true,"author.is_employee":false,"author.is_mod":true,"author.is_gold":false},{"author.name":"a_lone_incubus","author.created_at":1610022844000,"author.has_verified_email":true,"author.is_employee":false,"author.is_mod":true,"author.is_gold":false},{"author.name":"Bruce_thebat","author.created_at":1616040557000,"author.has_verified_email":true,"author.is_employee":false,"author.is_mod":true,"author.is_gold":false},{"author.name":"Night_Owl7287","author.created_at":1618528312000,"author.has_verified_email":true,"author.is_employee":false,"author.is_mod":false,"author.is_gold":false},{"author.name":"Worldgots","author.created_at":1616647841000,"author.has_verified_email":true,"author.is_employee":false,"author.is_mod":true,"author.is_gold":false},{"author.name":"InternationalLook9","author.created_at":1614549530000,"author.has_verified_email":true,"author.is_employee":false,"author.is_mod":false,"author.is_gold":false},{"author.name":"bootyhunter669","author.created_at":1614549530000,"author.has_verified_email":true,"author.is_employee":false,"author.is_mod":false,"author.is_gold":false},{"author.name":"IamHere019","author.created_at":1614549530000,"author.has_verified_email":true,"author.is_employee":false,"author.is_mod":false,"author.is_gold":false},{"author.name":"SB_theMan_2","author.created_at":1614549530000,"author.has_verified_email":true,"author.is_employee":false,"author.is_mod":false,"author.is_gold":false},{"author.name":"BlockAccurate6714","author.created_at":1611470888000,"author.has_verified_email":true,"author.is_employee":false,"author.is_mod":false,"author.is_gold":false},{"author.name":"thepentongraphy","author.created_at":1617673553000,"author.has_verified_email":true,"author.is_employee":false,"author.is_mod":false,"author.is_gold":false},{"author.name":"TantoTonto","author.created_at":1610990283000,"author.has_verified_email":false,"author.is_employee":false,"author.is_mod":false,"author.is_gold":false},{"author.name":"toeZiera","author.created_at":1610990283000,"author.has_verified_email":false,"author.is_employee":false,"author.is_mod":false,"author.is_gold":false},{"author.name":"TheHorrorFreak285","author.created_at":1610990283000,"author.has_verified_email":false,"author.is_employee":false,"author.is_mod":false,"author.is_gold":false},{"author.name":"Jdogg2050","author.created_at":1610990283000,"author.has_verified_email":false,"author.is_employee":false,"author.is_mod":false,"author.is_gold":false},{"author.name":"NickMiller84","author.created_at":1610990283000,"author.has_verified_email":false,"author.is_employee":false,"author.is_mod":false,"author.is_gold":false},{"author.name":"fakeacc9","author.created_at":1610990283000,"author.has_verified_email":false,"author.is_employee":false,"author.is_mod":false,"author.is_gold":false},{"author.name":"109045","author.created_at":1610990283000,"author.has_verified_email":false,"author.is_employee":false,"author.is_mod":false,"author.is_gold":false},{"author.name":"rockstonebraker","author.created_at":1610990283000,"author.has_verified_email":false,"author.is_employee":false,"author.is_mod":false,"author.is_gold":false},{"author.name":"kan10xx","author.created_at":1610990283000,"author.has_verified_email":false,"author.is_employee":false,"author.is_mod":false,"author.is_gold":false},{"author.name":"abc0011_","author.created_at":1610990283000,"author.has_verified_email":false,"author.is_employee":false,"author.is_mod":false,"author.is_gold":false},{"author.name":"thebedwizard93","author.created_at":1610990283000,"author.has_verified_email":false,"author.is_employee":false,"author.is_mod":false,"author.is_gold":false},{"author.name":"Snowman-of-NorthPole","author.created_at":1610990283000,"author.has_verified_email":false,"author.is_employee":false,"author.is_mod":false,"author.is_gold":false},{"author.name":"fab1olive","author.created_at":1610990283000,"author.has_verified_email":false,"author.is_employee":false,"author.is_mod":false,"author.is_gold":false},{"author.name":"ESCinmass","author.created_at":1610990283000,"author.has_verified_email":false,"author.is_employee":false,"author.is_mod":false,"author.is_gold":false},{"author.name":"error404-error404","author.created_at":1610990283000,"author.has_verified_email":false,"author.is_employee":false,"author.is_mod":false,"author.is_gold":false},{"author.name":"popmetalkaleidoscope","author.created_at":1610990283000,"author.has_verified_email":false,"author.is_employee":false,"author.is_mod":false,"author.is_gold":false},{"author.name":"Sandybat","author.created_at":1610990283000,"author.has_verified_email":false,"author.is_employee":false,"author.is_mod":false,"author.is_gold":false},{"author.name":"Capital_Leg922","author.created_at":1610990283000,"author.has_verified_email":false,"author.is_employee":false,"author.is_mod":false,"author.is_gold":false},{"author.name":"Good_Sea_6260","author.created_at":1610990283000,"author.has_verified_email":false,"author.is_employee":false,"author.is_mod":false,"author.is_gold":false},{"author.name":"Toikal","author.created_at":1610990283000,"author.has_verified_email":false,"author.is_employee":false,"author.is_mod":false,"author.is_gold":false},{"author.name":"Visual_Personality43","author.created_at":1610022844000,"author.has_verified_email":true,"author.is_employee":false,"author.is_mod":true,"author.is_gold":false},{"author.name":"nicoteenaddiction","author.created_at":1610022844000,"author.has_verified_email":true,"author.is_employee":false,"author.is_mod":true,"author.is_gold":false},{"author.name":"Txur-Itan","author.created_at":1610022844000,"author.has_verified_email":true,"author.is_employee":false,"author.is_mod":true,"author.is_gold":false},{"author.name":"Zestyclose_Crab_6452","author.created_at":1610022844000,"author.has_verified_email":true,"author.is_employee":false,"author.is_mod":true,"author.is_gold":false},{"author.name":"Momkey69","author.created_at":1610022844000,"author.has_verified_email":true,"author.is_employee":false,"author.is_mod":true,"author.is_gold":false},{"author.name":"UffOG","author.created_at":1610022844000,"author.has_verified_email":true,"author.is_employee":false,"author.is_mod":true,"author.is_gold":false},{"author.name":"Bonesaw101","author.created_at":1610022844000,"author.has_verified_email":true,"author.is_employee":false,"author.is_mod":true,"author.is_gold":false},{"author.name":"YahYah241","author.created_at":1610022844000,"author.has_verified_email":true,"author.is_employee":false,"author.is_mod":true,"author.is_gold":false},{"author.name":"Anomymous131369","author.created_at":1610022844000,"author.has_verified_email":true,"author.is_employee":false,"author.is_mod":true,"author.is_gold":false},{"author.name":"meantforjerkoff","author.created_at":1610022844000,"author.has_verified_email":true,"author.is_employee":false,"author.is_mod":true,"author.is_gold":false},{"author.name":"piratesbootytreasure","author.created_at":1617461149000,"author.has_verified_email":true,"author.is_employee":false,"author.is_mod":true,"author.is_gold":false},{"author.name":"amergigolo1","author.created_at":1616639702000,"author.has_verified_email":false,"author.is_employee":false,"author.is_mod":true,"author.is_gold":false},{"author.name":"Organic-Train4195","author.created_at":1616639702000,"author.has_verified_email":false,"author.is_employee":false,"author.is_mod":true,"author.is_gold":false},{"author.name":"Shock-ft","author.created_at":1616639702000,"author.has_verified_email":false,"author.is_employee":false,"author.is_mod":true,"author.is_gold":false},{"author.name":"GeorgianPeriod","author.created_at":1616341026000,"author.has_verified_email":true,"author.is_employee":false,"author.is_mod":true,"author.is_gold":false},{"author.name":"Lostakghost","author.created_at":1610022844000,"author.has_verified_email":true,"author.is_employee":false,"author.is_mod":true,"author.is_gold":false},{"author.name":"Fezlid","author.created_at":1610022844000,"author.has_verified_email":true,"author.is_employee":false,"author.is_mod":true,"author.is_gold":false},{"author.name":"Easy-Ad-2529","author.created_at":1610022844000,"author.has_verified_email":true,"author.is_employee":false,"author.is_mod":true,"author.is_gold":false},{"author.name":"Kucakingkai1991","author.created_at":1610022844000,"author.has_verified_email":true,"author.is_employee":false,"author.is_mod":true,"author.is_gold":false},{"author.name":"agathe_jeanne","author.created_at":1616608802000,"author.has_verified_email":true,"author.is_employee":false,"author.is_mod":true,"author.is_gold":false},{"author.name":"SpringyBoi420","author.created_at":1610022844000,"author.has_verified_email":true,"author.is_employee":false,"author.is_mod":true,"author.is_gold":false},{"author.name":"iamnotgay12376","author.created_at":1610022844000,"author.has_verified_email":true,"author.is_employee":false,"author.is_mod":true,"author.is_gold":false},{"author.name":"ididmytime555","author.created_at":1612445839000,"author.has_verified_email":false,"author.is_employee":false,"author.is_mod":true,"author.is_gold":false},{"author.name":"ItemIndependent2243","author.created_at":1611540264000,"author.has_verified_email":true,"author.is_employee":false,"author.is_mod":false,"author.is_gold":false},{"author.name":"Ok_Major_8683","author.created_at":1611540264000,"author.has_verified_email":true,"author.is_employee":false,"author.is_mod":false,"author.is_gold":false},{"author.name":"here_4_fun78","author.created_at":1610022844000,"author.has_verified_email":true,"author.is_employee":false,"author.is_mod":true,"author.is_gold":false},{"author.name":"squawkalley","author.created_at":1612219530000,"author.has_verified_email":true,"author.is_employee":false,"author.is_mod":true,"author.is_gold":true},{"author.name":"ThouReaper","author.created_at":1614359424000,"author.has_verified_email":true,"author.is_employee":false,"author.is_mod":true,"author.is_gold":false},{"author.name":"BizzareCzar","author.created_at":1620315693000,"author.has_verified_email":true,"author.is_employee":false,"author.is_mod":true,"author.is_gold":false},{"author.name":"Illustrious-Field293","author.created_at":1613048199000,"author.has_verified_email":true,"author.is_employee":false,"author.is_mod":false,"author.is_gold":false},{"author.name":"patraboi","author.created_at":1613048199000,"author.has_verified_email":true,"author.is_employee":false,"author.is_mod":false,"author.is_gold":false},{"author.name":"valeridiana","author.created_at":1613048199000,"author.has_verified_email":true,"author.is_employee":false,"author.is_mod":false,"author.is_gold":false},{"author.name":"WeCaredALot","author.created_at":1613048199000,"author.has_verified_email":true,"author.is_employee":false,"author.is_mod":false,"author.is_gold":false},{"author.name":"IamVeryShiny","author.created_at":1613048199000,"author.has_verified_email":true,"author.is_employee":false,"author.is_mod":false,"author.is_gold":false},{"author.name":"Shot-Comparison-5948","author.created_at":1613048199000,"author.has_verified_email":true,"author.is_employee":false,"author.is_mod":false,"author.is_gold":false},{"author.name":"theuglyomelette","author.created_at":1613048199000,"author.has_verified_email":true,"author.is_employee":false,"author.is_mod":false,"author.is_gold":false},{"author.name":"MysteriousBeat5847","author.created_at":1613048199000,"author.has_verified_email":true,"author.is_employee":false,"author.is_mod":false,"author.is_gold":false},{"author.name":"retrotechlogos","author.created_at":1613048199000,"author.has_verified_email":true,"author.is_employee":false,"author.is_mod":false,"author.is_gold":false},{"author.name":"C_S_k1459","author.created_at":1613048199000,"author.has_verified_email":true,"author.is_employee":false,"author.is_mod":false,"author.is_gold":false},{"author.name":"have-ahappygenocide","author.created_at":1620208456000,"author.has_verified_email":true,"author.is_employee":false,"author.is_mod":false,"author.is_gold":false},{"author.name":"Karababe26","author.created_at":1622165438000,"author.has_verified_email":true,"author.is_employee":false,"author.is_mod":true,"author.is_gold":false},{"author.name":"Loki6464","author.created_at":1614359424000,"author.has_verified_email":true,"author.is_employee":false,"author.is_mod":true,"author.is_gold":false},{"author.name":"Ladder_To_Nowhere","author.created_at":1620775273000,"author.has_verified_email":true,"author.is_employee":false,"author.is_mod":true,"author.is_gold":false},{"author.name":"Aries331980","author.created_at":1610034356000,"author.has_verified_email":true,"author.is_employee":false,"author.is_mod":false,"author.is_gold":false},{"author.name":"Independent_Man","author.created_at":1610034356000,"author.has_verified_email":true,"author.is_employee":false,"author.is_mod":false,"author.is_gold":false},{"author.name":"te5s3rakt","author.created_at":1610034356000,"author.has_verified_email":true,"author.is_employee":false,"author.is_mod":false,"author.is_gold":false},{"author.name":"Bzyck1984","author.created_at":1610034356000,"author.has_verified_email":true,"author.is_employee":false,"author.is_mod":false,"author.is_gold":false},{"author.name":"BiCelebLVR","author.created_at":1610034356000,"author.has_verified_email":true,"author.is_employee":false,"author.is_mod":false,"author.is_gold":false},{"author.name":"JohnDiabeetus","author.created_at":1610034356000,"author.has_verified_email":true,"author.is_employee":false,"author.is_mod":false,"author.is_gold":false},{"author.name":"Dustyjohns","author.created_at":1610034356000,"author.has_verified_email":true,"author.is_employee":false,"author.is_mod":false,"author.is_gold":false},{"author.name":"rocketmanx","author.created_at":1610034356000,"author.has_verified_email":true,"author.is_employee":false,"author.is_mod":false,"author.is_gold":false},{"author.name":"RoleplayTime21","author.created_at":1618398620000,"author.has_verified_email":false,"author.is_employee":false,"author.is_mod":false,"author.is_gold":false},{"author.name":"Suspicious_Ad_4674","author.created_at":1610022844000,"author.has_verified_email":true,"author.is_employee":false,"author.is_mod":true,"author.is_gold":false},{"author.name":"lanajamesfan","author.created_at":1610022844000,"author.has_verified_email":true,"author.is_employee":false,"author.is_mod":true,"author.is_gold":false},{"author.name":"EricCarterYT","author.created_at":1615040332000,"author.has_verified_email":true,"author.is_employee":false,"author.is_mod":false,"author.is_gold":false},{"author.name":"IneffableHusbands78","author.created_at":1615040332000,"author.has_verified_email":true,"author.is_employee":false,"author.is_mod":false,"author.is_gold":false},{"author.name":"ruckusrox","author.created_at":1615040332000,"author.has_verified_email":true,"author.is_employee":false,"author.is_mod":false,"author.is_gold":false},{"author.name":"omgitsabean","author.created_at":1615040332000,"author.has_verified_email":true,"author.is_employee":false,"author.is_mod":false,"author.is_gold":false},{"author.name":"littleprettypaws","author.created_at":1615040332000,"author.has_verified_email":true,"author.is_employee":false,"author.is_mod":false,"author.is_gold":false},{"author.name":"Hike412","author.created_at":1620315693000,"author.has_verified_email":true,"author.is_employee":false,"author.is_mod":true,"author.is_gold":false},{"author.name":"Acceptable_Cod_3524","author.created_at":1621013981000,"author.has_verified_email":false,"author.is_employee":false,"author.is_mod":false,"author.is_gold":false},{"author.name":"gvgemerden","author.created_at":1621013981000,"author.has_verified_email":false,"author.is_employee":false,"author.is_mod":false,"author.is_gold":false},{"author.name":"WitlofPizza","author.created_at":1621013981000,"author.has_verified_email":false,"author.is_employee":false,"author.is_mod":false,"author.is_gold":false},{"author.name":"HankyPankyChanghai","author.created_at":1621013981000,"author.has_verified_email":false,"author.is_employee":false,"author.is_mod":false,"author.is_gold":false},{"author.name":"dave-ex-machina","author.created_at":1617809158000,"author.has_verified_email":true,"author.is_employee":false,"author.is_mod":false,"author.is_gold":false},{"author.name":"Odd-Breakfast3369","author.created_at":1617809158000,"author.has_verified_email":true,"author.is_employee":false,"author.is_mod":false,"author.is_gold":false},{"author.name":"operator_chan420","author.created_at":1617809158000,"author.has_verified_email":true,"author.is_employee":false,"author.is_mod":false,"author.is_gold":false},{"author.name":"AsianHawke","author.created_at":1617809158000,"author.has_verified_email":true,"author.is_employee":false,"author.is_mod":false,"author.is_gold":false},{"author.name":"LunaTic2009","author.created_at":1617809158000,"author.has_verified_email":true,"author.is_employee":false,"author.is_mod":false,"author.is_gold":false},{"author.name":"PB_Shade","author.created_at":1617809158000,"author.has_verified_email":true,"author.is_employee":false,"author.is_mod":false,"author.is_gold":false},{"author.name":"dontbesocurious","author.created_at":1617809158000,"author.has_verified_email":true,"author.is_employee":false,"author.is_mod":false,"author.is_gold":false},{"author.name":"OrwinBeane","author.created_at":1617809158000,"author.has_verified_email":true,"author.is_employee":false,"author.is_mod":false,"author.is_gold":false},{"author.name":"B0rtles","author.created_at":1617809158000,"author.has_verified_email":true,"author.is_employee":false,"author.is_mod":false,"author.is_gold":false},{"author.name":"vreeslewe","author.created_at":1617809158000,"author.has_verified_email":true,"author.is_employee":false,"author.is_mod":false,"author.is_gold":false},{"author.name":"SirPiffingsthwaite","author.created_at":1617809158000,"author.has_verified_email":true,"author.is_employee":false,"author.is_mod":false,"author.is_gold":false},{"author.name":"HATE_BOT_6137262","author.created_at":1617809158000,"author.has_verified_email":true,"author.is_employee":false,"author.is_mod":false,"author.is_gold":false},{"author.name":"Eaglesword66","author.created_at":1610034356000,"author.has_verified_email":true,"author.is_employee":false,"author.is_mod":false,"author.is_gold":false},{"author.name":"Ty_Needik","author.created_at":1610034356000,"author.has_verified_email":true,"author.is_employee":false,"author.is_mod":false,"author.is_gold":false},{"author.name":"Dannyrottenboy","author.created_at":1610034356000,"author.has_verified_email":true,"author.is_employee":false,"author.is_mod":false,"author.is_gold":false},{"author.name":"blmamba824","author.created_at":1610034356000,"author.has_verified_email":true,"author.is_employee":false,"author.is_mod":false,"author.is_gold":false},{"author.name":"pirateshq","author.created_at":1618857307000,"author.has_verified_email":true,"author.is_employee":false,"author.is_mod":false,"author.is_gold":false},{"author.name":"celebfeet540","author.created_at":1612966592000,"author.has_verified_email":true,"author.is_employee":false,"author.is_mod":true,"author.is_gold":false},{"author.name":"ItIsJustMe90","author.created_at":1612966592000,"author.has_verified_email":true,"author.is_employee":false,"author.is_mod":true,"author.is_gold":false},{"author.name":"gigidigigidigoo","author.created_at":1612966592000,"author.has_verified_email":true,"author.is_employee":false,"author.is_mod":true,"author.is_gold":false},{"author.name":"Penu7bu77er","author.created_at":1612966592000,"author.has_verified_email":true,"author.is_employee":false,"author.is_mod":true,"author.is_gold":false},{"author.name":"dirtybatman0539","author.created_at":1612966592000,"author.has_verified_email":true,"author.is_employee":false,"author.is_mod":true,"author.is_gold":false},{"author.name":"CelebBiJacker32","author.created_at":1612966592000,"author.has_verified_email":true,"author.is_employee":false,"author.is_mod":true,"author.is_gold":false},{"author.name":"midnightalert","author.created_at":1612966592000,"author.has_verified_email":true,"author.is_employee":false,"author.is_mod":true,"author.is_gold":false},{"author.name":"immabrownboy","author.created_at":1612966592000,"author.has_verified_email":true,"author.is_employee":false,"author.is_mod":true,"author.is_gold":false},{"author.name":"overgelegde","author.created_at":1612966592000,"author.has_verified_email":true,"author.is_employee":false,"author.is_mod":true,"author.is_gold":false},{"author.name":"DaManX89","author.created_at":1612966592000,"author.has_verified_email":true,"author.is_employee":false,"author.is_mod":true,"author.is_gold":false},{"author.name":"tonicoreo","author.created_at":1612966592000,"author.has_verified_email":true,"author.is_employee":false,"author.is_mod":true,"author.is_gold":false},{"author.name":"jumba66","author.created_at":1612966592000,"author.has_verified_email":true,"author.is_employee":false,"author.is_mod":true,"author.is_gold":false},{"author.name":"otunimay","author.created_at":1612966592000,"author.has_verified_email":true,"author.is_employee":false,"author.is_mod":true,"author.is_gold":false},{"author.name":"niceguysmiles","author.created_at":1612966592000,"author.has_verified_email":true,"author.is_employee":false,"author.is_mod":true,"author.is_gold":false},{"author.name":"TheLeftLeg","author.created_at":1612966592000,"author.has_verified_email":true,"author.is_employee":false,"author.is_mod":true,"author.is_gold":false},{"author.name":"Exl13","author.created_at":1612966592000,"author.has_verified_email":true,"author.is_employee":false,"author.is_mod":true,"author.is_gold":false},{"author.name":"dylan955","author.created_at":1612966592000,"author.has_verified_email":true,"author.is_employee":false,"author.is_mod":true,"author.is_gold":false},{"author.name":"Quinn8267","author.created_at":1612966592000,"author.has_verified_email":true,"author.is_employee":false,"author.is_mod":true,"author.is_gold":false},{"author.name":"CritLurker","author.created_at":1612966592000,"author.has_verified_email":true,"author.is_employee":false,"author.is_mod":true,"author.is_gold":false},{"author.name":"dojyaaan0","author.created_at":1612966592000,"author.has_verified_email":true,"author.is_employee":false,"author.is_mod":true,"author.is_gold":false},{"author.name":"harrier5067","author.created_at":1612966592000,"author.has_verified_email":true,"author.is_employee":false,"author.is_mod":true,"author.is_gold":false},{"author.name":"Charon1701","author.created_at":1612966592000,"author.has_verified_email":true,"author.is_employee":false,"author.is_mod":true,"author.is_gold":false},{"author.name":"Notkeir","author.created_at":1612966592000,"author.has_verified_email":true,"author.is_employee":false,"author.is_mod":true,"author.is_gold":false},{"author.name":"tugnasty","author.created_at":1612966592000,"author.has_verified_email":true,"author.is_employee":false,"author.is_mod":true,"author.is_gold":false},{"author.name":"backfromthedead666","author.created_at":1612966592000,"author.has_verified_email":true,"author.is_employee":false,"author.is_mod":true,"author.is_gold":false},{"author.name":"Virus19847","author.created_at":1612531469000,"author.has_verified_email":false,"author.is_employee":false,"author.is_mod":true,"author.is_gold":false},{"author.name":"pleasedontfollowm3-3","author.created_at":1620315693000,"author.has_verified_email":true,"author.is_employee":false,"author.is_mod":true,"author.is_gold":false},{"author.name":"Buds_Wiser","author.created_at":1611557265000,"author.has_verified_email":true,"author.is_employee":false,"author.is_mod":false,"author.is_gold":false},{"author.name":"Lifesaboxofgardens","author.created_at":1611557265000,"author.has_verified_email":true,"author.is_employee":false,"author.is_mod":false,"author.is_gold":false},{"author.name":"pissingintherain1220","author.created_at":1611557265000,"author.has_verified_email":true,"author.is_employee":false,"author.is_mod":false,"author.is_gold":false},{"author.name":"coffeebeanbeing","author.created_at":1611557265000,"author.has_verified_email":true,"author.is_employee":false,"author.is_mod":false,"author.is_gold":false},{"author.name":"TinyRickkkkkkkk","author.created_at":1611557265000,"author.has_verified_email":true,"author.is_employee":false,"author.is_mod":false,"author.is_gold":false},{"author.name":"Throwaway999902_son","author.created_at":1610022844000,"author.has_verified_email":true,"author.is_employee":false,"author.is_mod":true,"author.is_gold":false},{"author.name":"celebjerk2015","author.created_at":1610022844000,"author.has_verified_email":true,"author.is_employee":false,"author.is_mod":true,"author.is_gold":false},{"author.name":"mysteriouscloset","author.created_at":1610022844000,"author.has_verified_email":true,"author.is_employee":false,"author.is_mod":true,"author.is_gold":false},{"author.name":"ComicCat-Laz","author.created_at":1612405198000,"author.has_verified_email":false,"author.is_employee":false,"author.is_mod":false,"author.is_gold":false},{"author.name":"AVeryStupidDecision","author.created_at":1612405198000,"author.has_verified_email":false,"author.is_employee":false,"author.is_mod":false,"author.is_gold":false},{"author.name":"firsttestspin","author.created_at":1612405198000,"author.has_verified_email":false,"author.is_employee":false,"author.is_mod":false,"author.is_gold":false},{"author.name":"InsaneHookerLlama","author.created_at":1612405198000,"author.has_verified_email":false,"author.is_employee":false,"author.is_mod":false,"author.is_gold":false},{"author.name":"amonrane","author.created_at":1612405198000,"author.has_verified_email":false,"author.is_employee":false,"author.is_mod":false,"author.is_gold":false},{"author.name":"samuelduffy2004","author.created_at":1612405198000,"author.has_verified_email":false,"author.is_employee":false,"author.is_mod":false,"author.is_gold":false},{"author.name":"ManhattanBoi212","author.created_at":1612405198000,"author.has_verified_email":false,"author.is_employee":false,"author.is_mod":false,"author.is_gold":false},{"author.name":"paranoidpolski","author.created_at":1612405198000,"author.has_verified_email":false,"author.is_employee":false,"author.is_mod":false,"author.is_gold":false},{"author.name":"K-TownYolo","author.created_at":1612405198000,"author.has_verified_email":false,"author.is_employee":false,"author.is_mod":false,"author.is_gold":false},{"author.name":"JCrom8001","author.created_at":1610022844000,"author.has_verified_email":true,"author.is_employee":false,"author.is_mod":true,"author.is_gold":false},{"author.name":"LivinBoner2boner","author.created_at":1610022844000,"author.has_verified_email":true,"author.is_employee":false,"author.is_mod":true,"author.is_gold":false},{"author.name":"Max_Ryder","author.created_at":1610022844000,"author.has_verified_email":true,"author.is_employee":false,"author.is_mod":true,"author.is_gold":false},{"author.name":"Harrow14","author.created_at":1610022844000,"author.has_verified_email":true,"author.is_employee":false,"author.is_mod":true,"author.is_gold":false},{"author.name":"DerekChandler48","author.created_at":1620649453000,"author.has_verified_email":true,"author.is_employee":false,"author.is_mod":false,"author.is_gold":false},{"author.name":"curiouscreator00","author.created_at":1620649453000,"author.has_verified_email":true,"author.is_employee":false,"author.is_mod":false,"author.is_gold":false},{"author.name":"TheLeafOfTheWind","author.created_at":1620649453000,"author.has_verified_email":true,"author.is_employee":false,"author.is_mod":false,"author.is_gold":false},{"author.name":"10Clutch010","author.created_at":1612743968000,"author.has_verified_email":true,"author.is_employee":false,"author.is_mod":false,"author.is_gold":false},{"author.name":"Korrocks","author.created_at":1610034356000,"author.has_verified_email":true,"author.is_employee":false,"author.is_mod":false,"author.is_gold":false},{"author.name":"Col_J_Crighton_SGC","author.created_at":1610034356000,"author.has_verified_email":true,"author.is_employee":false,"author.is_mod":false,"author.is_gold":false},{"author.name":"OpiumForTheMass","author.created_at":1610034356000,"author.has_verified_email":true,"author.is_employee":false,"author.is_mod":false,"author.is_gold":false},{"author.name":"Grimm1993","author.created_at":1610034356000,"author.has_verified_email":true,"author.is_employee":false,"author.is_mod":false,"author.is_gold":false},{"author.name":"vikingcadie","author.created_at":1610034356000,"author.has_verified_email":true,"author.is_employee":false,"author.is_mod":false,"author.is_gold":false},{"author.name":"BronLongsword","author.created_at":1610034356000,"author.has_verified_email":true,"author.is_employee":false,"author.is_mod":false,"author.is_gold":false},{"author.name":"EnderDragon78","author.created_at":1610034356000,"author.has_verified_email":true,"author.is_employee":false,"author.is_mod":false,"author.is_gold":false},{"author.name":"Wakabomb","author.created_at":1619629292000,"author.has_verified_email":false,"author.is_employee":false,"author.is_mod":false,"author.is_gold":false},{"author.name":"bbcdaddyq","author.created_at":1619629292000,"author.has_verified_email":false,"author.is_employee":false,"author.is_mod":false,"author.is_gold":false},{"author.name":"BritneySpearspanties","author.created_at":1620271349000,"author.has_verified_email":true,"author.is_employee":false,"author.is_mod":true,"author.is_gold":false},{"author.name":"novababy91","author.created_at":1610482722000,"author.has_verified_email":false,"author.is_employee":false,"author.is_mod":false,"author.is_gold":false},{"author.name":"Mary-ackles","author.created_at":1610482722000,"author.has_verified_email":false,"author.is_employee":false,"author.is_mod":false,"author.is_gold":false},{"author.name":"pacific-piercer","author.created_at":1610482722000,"author.has_verified_email":false,"author.is_employee":false,"author.is_mod":false,"author.is_gold":false},{"author.name":"LesbianLeone","author.created_at":1610022844000,"author.has_verified_email":true,"author.is_employee":false,"author.is_mod":true,"author.is_gold":false},{"author.name":"R444D444","author.created_at":1610022844000,"author.has_verified_email":true,"author.is_employee":false,"author.is_mod":true,"author.is_gold":false},{"author.name":"hung20somethingUK","author.created_at":1610022844000,"author.has_verified_email":true,"author.is_employee":false,"author.is_mod":true,"author.is_gold":false},{"author.name":"CyborgSpaceDinosaur","author.created_at":1611905625000,"author.has_verified_email":true,"author.is_employee":false,"author.is_mod":false,"author.is_gold":false},{"author.name":"AverageHornyIndian","author.created_at":1612966592000,"author.has_verified_email":true,"author.is_employee":false,"author.is_mod":true,"author.is_gold":false},{"author.name":"spiritual_one1","author.created_at":1611228318000,"author.has_verified_email":true,"author.is_employee":false,"author.is_mod":true,"author.is_gold":false},{"author.name":"Sarfraz29","author.created_at":1611228318000,"author.has_verified_email":true,"author.is_employee":false,"author.is_mod":true,"author.is_gold":false},{"author.name":"immamixeddude","author.created_at":1611228318000,"author.has_verified_email":true,"author.is_employee":false,"author.is_mod":true,"author.is_gold":false},{"author.name":"mclovin314159","author.created_at":1612966592000,"author.has_verified_email":true,"author.is_employee":false,"author.is_mod":true,"author.is_gold":false},{"author.name":"Sleeper1034","author.created_at":1616626999000,"author.has_verified_email":true,"author.is_employee":false,"author.is_mod":false,"author.is_gold":false},{"author.name":"Just_Perception_7965","author.created_at":1612080634000,"author.has_verified_email":true,"author.is_employee":false,"author.is_mod":false,"author.is_gold":false},{"author.name":"naedyar","author.created_at":1612966592000,"author.has_verified_email":true,"author.is_employee":false,"author.is_mod":true,"author.is_gold":false},{"author.name":"terribletyger","author.created_at":1612966592000,"author.has_verified_email":true,"author.is_employee":false,"author.is_mod":true,"author.is_gold":false},{"author.name":"Ryggg95","author.created_at":1612966592000,"author.has_verified_email":true,"author.is_employee":false,"author.is_mod":true,"author.is_gold":false},{"author.name":"moBla63541349","author.created_at":1612966592000,"author.has_verified_email":true,"author.is_employee":false,"author.is_mod":true,"author.is_gold":false},{"author.name":"masseffect2001","author.created_at":1612966592000,"author.has_verified_email":true,"author.is_employee":false,"author.is_mod":true,"author.is_gold":false},{"author.name":"ryerye35","author.created_at":1612966592000,"author.has_verified_email":true,"author.is_employee":false,"author.is_mod":true,"author.is_gold":false},{"author.name":"damianoaks14","author.created_at":1612966592000,"author.has_verified_email":true,"author.is_employee":false,"author.is_mod":true,"author.is_gold":false},{"author.name":"ljiovf","author.created_at":1612966592000,"author.has_verified_email":true,"author.is_employee":false,"author.is_mod":true,"author.is_gold":false},{"author.name":"Darkness9015","author.created_at":1612966592000,"author.has_verified_email":true,"author.is_employee":false,"author.is_mod":true,"author.is_gold":false},{"author.name":"mythlover1","author.created_at":1612966592000,"author.has_verified_email":true,"author.is_employee":false,"author.is_mod":true,"author.is_gold":false},{"author.name":"Chef_Ramsay_96","author.created_at":1612966592000,"author.has_verified_email":true,"author.is_employee":false,"author.is_mod":true,"author.is_gold":false},{"author.name":"ThatPpp","author.created_at":1612966592000,"author.has_verified_email":true,"author.is_employee":false,"author.is_mod":true,"author.is_gold":false},{"author.name":"markS093","author.created_at":1612966592000,"author.has_verified_email":true,"author.is_employee":false,"author.is_mod":true,"author.is_gold":false},{"author.name":"elit3spartan","author.created_at":1612966592000,"author.has_verified_email":true,"author.is_employee":false,"author.is_mod":true,"author.is_gold":false},{"author.name":"DatapointCollector","author.created_at":1612966592000,"author.has_verified_email":true,"author.is_employee":false,"author.is_mod":true,"author.is_gold":false},{"author.name":"katie123york","author.created_at":1612966592000,"author.has_verified_email":true,"author.is_employee":false,"author.is_mod":true,"author.is_gold":false},{"author.name":"AccomplishedNeck3767","author.created_at":1612966592000,"author.has_verified_email":true,"author.is_employee":false,"author.is_mod":true,"author.is_gold":false},{"author.name":"2BrokeGirlsFan","author.created_at":1612966592000,"author.has_verified_email":true,"author.is_employee":false,"author.is_mod":true,"author.is_gold":false},{"author.name":"PrimarchVictus","author.created_at":1612966592000,"author.has_verified_email":true,"author.is_employee":false,"author.is_mod":true,"author.is_gold":false},{"author.name":"Signal_Reindeer_8731","author.created_at":1612966592000,"author.has_verified_email":true,"author.is_employee":false,"author.is_mod":true,"author.is_gold":false},{"author.name":"HornyJit","author.created_at":1612966592000,"author.has_verified_email":true,"author.is_employee":false,"author.is_mod":true,"author.is_gold":false},{"author.name":"Ghostcom","author.created_at":1612966592000,"author.has_verified_email":true,"author.is_employee":false,"author.is_mod":true,"author.is_gold":false},{"author.name":"Available-Judge29","author.created_at":1612966592000,"author.has_verified_email":true,"author.is_employee":false,"author.is_mod":true,"author.is_gold":false},{"author.name":"Lost-Sun671","author.created_at":1620052360000,"author.has_verified_email":true,"author.is_employee":false,"author.is_mod":false,"author.is_gold":false},{"author.name":"scorpio-nine","author.created_at":1620052360000,"author.has_verified_email":true,"author.is_employee":false,"author.is_mod":false,"author.is_gold":false},{"author.name":"ramrod1320","author.created_at":1620052360000,"author.has_verified_email":true,"author.is_employee":false,"author.is_mod":false,"author.is_gold":false},{"author.name":"Personal_Tip_6358","author.created_at":1620052360000,"author.has_verified_email":true,"author.is_employee":false,"author.is_mod":false,"author.is_gold":false},{"author.name":"Brad2224","author.created_at":1620052360000,"author.has_verified_email":true,"author.is_employee":false,"author.is_mod":false,"author.is_gold":false},{"author.name":"liamo6w","author.created_at":1620052360000,"author.has_verified_email":true,"author.is_employee":false,"author.is_mod":false,"author.is_gold":false},{"author.name":"Manjodarshi","author.created_at":1620052360000,"author.has_verified_email":true,"author.is_employee":false,"author.is_mod":false,"author.is_gold":false},{"author.name":"Purple_Try1933","author.created_at":1620052360000,"author.has_verified_email":true,"author.is_employee":false,"author.is_mod":false,"author.is_gold":false},{"author.name":"-_hereforthememes_-","author.created_at":1620052360000,"author.has_verified_email":true,"author.is_employee":false,"author.is_mod":false,"author.is_gold":false},{"author.name":"Forsaken-Bit-3533","author.created_at":1620052360000,"author.has_verified_email":true,"author.is_employee":false,"author.is_mod":false,"author.is_gold":false},{"author.name":"alpha4899","author.created_at":1620052360000,"author.has_verified_email":true,"author.is_employee":false,"author.is_mod":false,"author.is_gold":false},{"author.name":"gaul66","author.created_at":1620052360000,"author.has_verified_email":true,"author.is_employee":false,"author.is_mod":false,"author.is_gold":false},{"author.name":"CrimsonK-9","author.created_at":1620052360000,"author.has_verified_email":true,"author.is_employee":false,"author.is_mod":false,"author.is_gold":false},{"author.name":"pizzanboobs","author.created_at":1612966592000,"author.has_verified_email":true,"author.is_employee":false,"author.is_mod":true,"author.is_gold":false},{"author.name":"danej1001","author.created_at":1612966592000,"author.has_verified_email":true,"author.is_employee":false,"author.is_mod":true,"author.is_gold":false},{"author.name":"BiggChicken","author.created_at":1612966592000,"author.has_verified_email":true,"author.is_employee":false,"author.is_mod":true,"author.is_gold":false},{"author.name":"suckingvibrator","author.created_at":1612966592000,"author.has_verified_email":true,"author.is_employee":false,"author.is_mod":true,"author.is_gold":false},{"author.name":"falcongod","author.created_at":1612966592000,"author.has_verified_email":true,"author.is_employee":false,"author.is_mod":true,"author.is_gold":false},{"author.name":"KamaIsLife","author.created_at":1612966592000,"author.has_verified_email":true,"author.is_employee":false,"author.is_mod":true,"author.is_gold":false},{"author.name":"kuhnamie","author.created_at":1612966592000,"author.has_verified_email":true,"author.is_employee":false,"author.is_mod":true,"author.is_gold":false},{"author.name":"Stanley_Elkind","author.created_at":1612966592000,"author.has_verified_email":true,"author.is_employee":false,"author.is_mod":true,"author.is_gold":false},{"author.name":"johnnytwofeetOF","author.created_at":1612966592000,"author.has_verified_email":true,"author.is_employee":false,"author.is_mod":true,"author.is_gold":false},{"author.name":"Significant_Pin_2460","author.created_at":1612966592000,"author.has_verified_email":true,"author.is_employee":false,"author.is_mod":true,"author.is_gold":false},{"author.name":"cptn3sm10","author.created_at":1612966592000,"author.has_verified_email":true,"author.is_employee":false,"author.is_mod":true,"author.is_gold":false},{"author.name":"APMudkip","author.created_at":1612966592000,"author.has_verified_email":true,"author.is_employee":false,"author.is_mod":true,"author.is_gold":false},{"author.name":"spotink","author.created_at":1612966592000,"author.has_verified_email":true,"author.is_employee":false,"author.is_mod":true,"author.is_gold":false},{"author.name":"Persohosh","author.created_at":1619888135000,"author.has_verified_email":false,"author.is_employee":false,"author.is_mod":false,"author.is_gold":false},{"author.name":"Ok_Communication6957","author.created_at":1616969745000,"author.has_verified_email":true,"author.is_employee":false,"author.is_mod":false,"author.is_gold":false},{"author.name":"skyderper13","author.created_at":1616969745000,"author.has_verified_email":true,"author.is_employee":false,"author.is_mod":false,"author.is_gold":false},{"author.name":"OriginalUsernameX","author.created_at":1616969745000,"author.has_verified_email":true,"author.is_employee":false,"author.is_mod":false,"author.is_gold":false},{"author.name":"slash178","author.created_at":1616969745000,"author.has_verified_email":true,"author.is_employee":false,"author.is_mod":false,"author.is_gold":false},{"author.name":"BrainyUpsh","author.created_at":1620159059000,"author.has_verified_email":false,"author.is_employee":false,"author.is_mod":false,"author.is_gold":false},{"author.name":"Adinaylosh","author.created_at":1620144328000,"author.has_verified_email":false,"author.is_employee":false,"author.is_mod":false,"author.is_gold":false},{"author.name":"Katydid696969","author.created_at":1610022844000,"author.has_verified_email":true,"author.is_employee":false,"author.is_mod":true,"author.is_gold":false},{"author.name":"Hornyralf37","author.created_at":1610022844000,"author.has_verified_email":true,"author.is_employee":false,"author.is_mod":true,"author.is_gold":false},{"author.name":"kwnny14","author.created_at":1610022844000,"author.has_verified_email":true,"author.is_employee":false,"author.is_mod":true,"author.is_gold":false},{"author.name":"wade-wilson86","author.created_at":1610022844000,"author.has_verified_email":true,"author.is_employee":false,"author.is_mod":true,"author.is_gold":false},{"author.name":"DutchPlanDerLinde11","author.created_at":1610022844000,"author.has_verified_email":true,"author.is_employee":false,"author.is_mod":true,"author.is_gold":false},{"author.name":"theclap69420v2","author.created_at":1610022844000,"author.has_verified_email":true,"author.is_employee":false,"author.is_mod":true,"author.is_gold":false},{"author.name":"bigboigoboo","author.created_at":1610022844000,"author.has_verified_email":true,"author.is_employee":false,"author.is_mod":true,"author.is_gold":false},{"author.name":"Regular_Silent","author.created_at":1610022844000,"author.has_verified_email":true,"author.is_employee":false,"author.is_mod":true,"author.is_gold":false},{"author.name":"Enye165","author.created_at":1610022844000,"author.has_verified_email":true,"author.is_employee":false,"author.is_mod":true,"author.is_gold":false},{"author.name":"LoveAmberHeard42286","author.created_at":1610022844000,"author.has_verified_email":true,"author.is_employee":false,"author.is_mod":true,"author.is_gold":false},{"author.name":"Adventurous-Tea8822","author.created_at":1612020169000,"author.has_verified_email":true,"author.is_employee":false,"author.is_mod":false,"author.is_gold":false},{"author.name":"AutoModerator","author.created_at":1616040557000,"author.has_verified_email":true,"author.is_employee":false,"author.is_mod":true,"author.is_gold":false},{"author.name":"SocialMediaMonkey","author.created_at":1616040557000,"author.has_verified_email":true,"author.is_employee":false,"author.is_mod":true,"author.is_gold":false},{"author.name":"charliedba","author.created_at":1616040557000,"author.has_verified_email":true,"author.is_employee":false,"author.is_mod":true,"author.is_gold":false},{"author.name":"BlueEyedBrigadier","author.created_at":1614895939000,"author.has_verified_email":true,"author.is_employee":false,"author.is_mod":true,"author.is_gold":false},{"author.name":"BlueBoxFictions","author.created_at":1614895939000,"author.has_verified_email":true,"author.is_employee":false,"author.is_mod":true,"author.is_gold":false},{"author.name":"oldhippie73","author.created_at":1610469559000,"author.has_verified_email":true,"author.is_employee":false,"author.is_mod":false,"author.is_gold":false},{"author.name":"zoepantazis","author.created_at":1610469559000,"author.has_verified_email":true,"author.is_employee":false,"author.is_mod":false,"author.is_gold":false},{"author.name":"Mack-Main","author.created_at":1610138219000,"author.has_verified_email":false,"author.is_employee":false,"author.is_mod":false,"author.is_gold":false},{"author.name":"anyboy83","author.created_at":1610138219000,"author.has_verified_email":false,"author.is_employee":false,"author.is_mod":false,"author.is_gold":false},{"author.name":"hiednseek","author.created_at":1610138219000,"author.has_verified_email":false,"author.is_employee":false,"author.is_mod":false,"author.is_gold":false},{"author.name":"Confident_Village_89","author.created_at":1610138219000,"author.has_verified_email":false,"author.is_employee":false,"author.is_mod":false,"author.is_gold":false},{"author.name":"Blacksmith78963","author.created_at":1610138219000,"author.has_verified_email":false,"author.is_employee":false,"author.is_mod":false,"author.is_gold":false},{"author.name":"Shakespeare-Bot","author.created_at":1610138219000,"author.has_verified_email":false,"author.is_employee":false,"author.is_mod":false,"author.is_gold":false},{"author.name":"ComfortableWatch8451","author.created_at":1611540264000,"author.has_verified_email":true,"author.is_employee":false,"author.is_mod":false,"author.is_gold":false}]