[{"author.name":"Adriano_oc","author.created_at":1154960324000,"author.has_verified_email":true,"author.is_employee":false,"author.is_mod":true,"author.is_gold":false},{"author.name":"RyanSmith","author.created_at":1154960324000,"author.has_verified_email":true,"author.is_employee":false,"author.is_mod":true,"author.is_gold":false},{"author.name":"wandabarr","author.created_at":1154960324000,"author.has_verified_email":true,"author.is_employee":false,"author.is_mod":true,"author.is_gold":false},{"author.name":"childplease247","author.created_at":1154960324000,"author.has_verified_email":true,"author.is_employee":false,"author.is_mod":true,"author.is_gold":false},{"author.name":"Ilikebigmacs","author.created_at":1154960324000,"author.has_verified_email":true,"author.is_employee":false,"author.is_mod":true,"author.is_gold":false},{"author.name":"SedatedHoneyBadger","author.created_at":1154960324000,"author.has_verified_email":true,"author.is_employee":false,"author.is_mod":true,"author.is_gold":false},{"author.name":"spccby","author.created_at":1154960324000,"author.has_verified_email":true,"author.is_employee":false,"author.is_mod":true,"author.is_gold":false},{"author.name":"Stoked_Bruh","author.created_at":1154960324000,"author.has_verified_email":true,"author.is_employee":false,"author.is_mod":true,"author.is_gold":false},{"author.name":"Down4Karnage","author.created_at":1162669914000,"author.has_verified_email":true,"author.is_employee":false,"author.is_mod":true,"author.is_gold":false},{"author.name":"Schmerzkraft123","author.created_at":1162669914000,"author.has_verified_email":true,"author.is_employee":false,"author.is_mod":true,"author.is_gold":false},{"author.name":"ukexpat","author.created_at":1159281075000,"author.has_verified_email":true,"author.is_employee":false,"author.is_mod":false,"author.is_gold":false},{"author.name":"bobcat","author.created_at":1136437200000,"author.has_verified_email":true,"author.is_employee":false,"author.is_mod":true,"author.is_gold":false},{"author.name":"lordatlas","author.created_at":1140056123000,"author.has_verified_email":true,"author.is_employee":false,"author.is_mod":false,"author.is_gold":false}]