[{"author.name":"justaduckonquack","author.created_at":1199415169000,"author.has_verified_email":true,"author.is_employee":false,"author.is_mod":true,"author.is_gold":false},{"author.name":"LostheBet","author.created_at":1199415169000,"author.has_verified_email":true,"author.is_employee":false,"author.is_mod":true,"author.is_gold":false},{"author.name":"grody10","author.created_at":1199415169000,"author.has_verified_email":true,"author.is_employee":false,"author.is_mod":true,"author.is_gold":false},{"author.name":"mtechnik23","author.created_at":1199415169000,"author.has_verified_email":true,"author.is_employee":false,"author.is_mod":true,"author.is_gold":false},{"author.name":"KMyrick","author.created_at":1199415169000,"author.has_verified_email":true,"author.is_employee":false,"author.is_mod":true,"author.is_gold":false},{"author.name":"SuperlativeSpork","author.created_at":1199415169000,"author.has_verified_email":true,"author.is_employee":false,"author.is_mod":true,"author.is_gold":false},{"author.name":"RNgv","author.created_at":1199415169000,"author.has_verified_email":true,"author.is_employee":false,"author.is_mod":true,"author.is_gold":false},{"author.name":"digichalk","author.created_at":1211151830000,"author.has_verified_email":true,"author.is_employee":false,"author.is_mod":true,"author.is_gold":false},{"author.name":"atcerny","author.created_at":1211151830000,"author.has_verified_email":true,"author.is_employee":false,"author.is_mod":true,"author.is_gold":false},{"author.name":"AUniqueUsername1996","author.created_at":1213762686000,"author.has_verified_email":true,"author.is_employee":false,"author.is_mod":false,"author.is_gold":false},{"author.name":"ScottPress","author.created_at":1213762686000,"author.has_verified_email":true,"author.is_employee":false,"author.is_mod":false,"author.is_gold":false},{"author.name":"soundsoul","author.created_at":1199415169000,"author.has_verified_email":true,"author.is_employee":false,"author.is_mod":true,"author.is_gold":false},{"author.name":"shehzad","author.created_at":1213762686000,"author.has_verified_email":true,"author.is_employee":false,"author.is_mod":false,"author.is_gold":false},{"author.name":"MrGravityPants","author.created_at":1199988525000,"author.has_verified_email":true,"author.is_employee":false,"author.is_mod":false,"author.is_gold":false},{"author.name":"writingbest9522","author.created_at":1223915408000,"author.has_verified_email":true,"author.is_employee":false,"author.is_mod":false,"author.is_gold":false},{"author.name":"gtech9","author.created_at":1223915408000,"author.has_verified_email":true,"author.is_employee":false,"author.is_mod":false,"author.is_gold":false},{"author.name":"sambarrie16","author.created_at":1223915408000,"author.has_verified_email":true,"author.is_employee":false,"author.is_mod":false,"author.is_gold":false},{"author.name":"mansonfamily","author.created_at":1223915408000,"author.has_verified_email":true,"author.is_employee":false,"author.is_mod":false,"author.is_gold":false},{"author.name":"Inrau","author.created_at":1223915408000,"author.has_verified_email":true,"author.is_employee":false,"author.is_mod":false,"author.is_gold":false},{"author.name":"AidanPryde_","author.created_at":1223915408000,"author.has_verified_email":true,"author.is_employee":false,"author.is_mod":false,"author.is_gold":false},{"author.name":"ThaisM24","author.created_at":1223915408000,"author.has_verified_email":true,"author.is_employee":false,"author.is_mod":false,"author.is_gold":false},{"author.name":"Setitie","author.created_at":1223915408000,"author.has_verified_email":true,"author.is_employee":false,"author.is_mod":false,"author.is_gold":false},{"author.name":"crackwhorebarbie","author.created_at":1225258952000,"author.has_verified_email":true,"author.is_employee":false,"author.is_mod":true,"author.is_gold":false},{"author.name":"TheChickenWhoCan","author.created_at":1225258952000,"author.has_verified_email":true,"author.is_employee":false,"author.is_mod":true,"author.is_gold":false},{"author.name":"Belviathan","author.created_at":1225258952000,"author.has_verified_email":true,"author.is_employee":false,"author.is_mod":true,"author.is_gold":false},{"author.name":"JaronK","author.created_at":1225258952000,"author.has_verified_email":true,"author.is_employee":false,"author.is_mod":true,"author.is_gold":false},{"author.name":"StephMujan","author.created_at":1225258952000,"author.has_verified_email":true,"author.is_employee":false,"author.is_mod":true,"author.is_gold":false},{"author.name":"JeezusChristIII","author.created_at":1225258952000,"author.has_verified_email":true,"author.is_employee":false,"author.is_mod":true,"author.is_gold":false},{"author.name":"Wafflekat1","author.created_at":1225258952000,"author.has_verified_email":true,"author.is_employee":false,"author.is_mod":true,"author.is_gold":false},{"author.name":"ThanksinAdvancepal","author.created_at":1225258952000,"author.has_verified_email":true,"author.is_employee":false,"author.is_mod":true,"author.is_gold":false},{"author.name":"wewewawa","author.created_at":1225258952000,"author.has_verified_email":true,"author.is_employee":false,"author.is_mod":true,"author.is_gold":false},{"author.name":"petiteaustralienne","author.created_at":1225258952000,"author.has_verified_email":true,"author.is_employee":false,"author.is_mod":true,"author.is_gold":false},{"author.name":"rusted-nail","author.created_at":1225258952000,"author.has_verified_email":true,"author.is_employee":false,"author.is_mod":true,"author.is_gold":false},{"author.name":"russiandolldiscard","author.created_at":1225258952000,"author.has_verified_email":true,"author.is_employee":false,"author.is_mod":true,"author.is_gold":false},{"author.name":"SEND-POLITICAL-NUDES","author.created_at":1225258952000,"author.has_verified_email":true,"author.is_employee":false,"author.is_mod":true,"author.is_gold":false},{"author.name":"ianrsf","author.created_at":1225258952000,"author.has_verified_email":true,"author.is_employee":false,"author.is_mod":true,"author.is_gold":false},{"author.name":"Hypx","author.created_at":1221287217000,"author.has_verified_email":true,"author.is_employee":false,"author.is_mod":true,"author.is_gold":false},{"author.name":"LaoTzusGymShoes","author.created_at":1221287217000,"author.has_verified_email":true,"author.is_employee":false,"author.is_mod":true,"author.is_gold":false},{"author.name":"LordRobin------RM","author.created_at":1221287217000,"author.has_verified_email":true,"author.is_employee":false,"author.is_mod":true,"author.is_gold":false},{"author.name":"31oN","author.created_at":1221287217000,"author.has_verified_email":true,"author.is_employee":false,"author.is_mod":true,"author.is_gold":false},{"author.name":"rumple_shitstick","author.created_at":1221287217000,"author.has_verified_email":true,"author.is_employee":false,"author.is_mod":true,"author.is_gold":false},{"author.name":"EntertainmentSuper65","author.created_at":1221287217000,"author.has_verified_email":true,"author.is_employee":false,"author.is_mod":true,"author.is_gold":false},{"author.name":"orincoro","author.created_at":1221287217000,"author.has_verified_email":true,"author.is_employee":false,"author.is_mod":true,"author.is_gold":false},{"author.name":"cisFem-Programmer","author.created_at":1221287217000,"author.has_verified_email":true,"author.is_employee":false,"author.is_mod":true,"author.is_gold":false},{"author.name":"LovelessDerivation","author.created_at":1221287217000,"author.has_verified_email":true,"author.is_employee":false,"author.is_mod":true,"author.is_gold":false},{"author.name":"government_shill","author.created_at":1221287217000,"author.has_verified_email":true,"author.is_employee":false,"author.is_mod":true,"author.is_gold":false},{"author.name":"xmassindecember","author.created_at":1221287217000,"author.has_verified_email":true,"author.is_employee":false,"author.is_mod":true,"author.is_gold":false},{"author.name":"khazar_milkers88","author.created_at":1221287217000,"author.has_verified_email":true,"author.is_employee":false,"author.is_mod":true,"author.is_gold":false},{"author.name":"superanth","author.created_at":1204300758000,"author.has_verified_email":true,"author.is_employee":false,"author.is_mod":true,"author.is_gold":false}]