[{"author.name":"devyle","author.created_at":1258858466000,"author.has_verified_email":true,"author.is_employee":false,"author.is_mod":true,"author.is_gold":false},{"author.name":"yummytuber","author.created_at":1259094114000,"author.has_verified_email":true,"author.is_employee":false,"author.is_mod":true,"author.is_gold":false},{"author.name":"letsgocrazy","author.created_at":1254017627000,"author.has_verified_email":true,"author.is_employee":false,"author.is_mod":true,"author.is_gold":false},{"author.name":"BulbasaurusThe7th","author.created_at":1257014605000,"author.has_verified_email":true,"author.is_employee":false,"author.is_mod":false,"author.is_gold":false},{"author.name":"TisDaRhythmOfDaNight","author.created_at":1257014605000,"author.has_verified_email":true,"author.is_employee":false,"author.is_mod":false,"author.is_gold":false},{"author.name":"Master-Cough","author.created_at":1257014605000,"author.has_verified_email":true,"author.is_employee":false,"author.is_mod":false,"author.is_gold":false},{"author.name":"Sicks-Six-Seks","author.created_at":1257014605000,"author.has_verified_email":true,"author.is_employee":false,"author.is_mod":false,"author.is_gold":false},{"author.name":"Civilanimal","author.created_at":1257014605000,"author.has_verified_email":true,"author.is_employee":false,"author.is_mod":false,"author.is_gold":false},{"author.name":"Kicked_Outta_KIA","author.created_at":1257014605000,"author.has_verified_email":true,"author.is_employee":false,"author.is_mod":false,"author.is_gold":false},{"author.name":"Alzael","author.created_at":1257014605000,"author.has_verified_email":true,"author.is_employee":false,"author.is_mod":false,"author.is_gold":false},{"author.name":"BForBandana","author.created_at":1257014605000,"author.has_verified_email":true,"author.is_employee":false,"author.is_mod":false,"author.is_gold":false},{"author.name":"GlassWaterMaiden","author.created_at":1257014605000,"author.has_verified_email":true,"author.is_employee":false,"author.is_mod":false,"author.is_gold":false},{"author.name":"Seeattle_Seehawks","author.created_at":1257014605000,"author.has_verified_email":true,"author.is_employee":false,"author.is_mod":false,"author.is_gold":false},{"author.name":"Necessary-Section","author.created_at":1257014605000,"author.has_verified_email":true,"author.is_employee":false,"author.is_mod":false,"author.is_gold":false},{"author.name":"LeatherSeason","author.created_at":1257014605000,"author.has_verified_email":true,"author.is_employee":false,"author.is_mod":false,"author.is_gold":false},{"author.name":"Oppressinator","author.created_at":1257014605000,"author.has_verified_email":true,"author.is_employee":false,"author.is_mod":false,"author.is_gold":false},{"author.name":"GreatJaggiIsAPro","author.created_at":1257014605000,"author.has_verified_email":true,"author.is_employee":false,"author.is_mod":false,"author.is_gold":false},{"author.name":"KumaOso","author.created_at":1257014605000,"author.has_verified_email":true,"author.is_employee":false,"author.is_mod":false,"author.is_gold":false},{"author.name":"McDouggal","author.created_at":1257014605000,"author.has_verified_email":true,"author.is_employee":false,"author.is_mod":false,"author.is_gold":false},{"author.name":"VVarpten","author.created_at":1257014605000,"author.has_verified_email":true,"author.is_employee":false,"author.is_mod":false,"author.is_gold":false},{"author.name":"EricSchC1fr","author.created_at":1240206371000,"author.has_verified_email":true,"author.is_employee":false,"author.is_mod":true,"author.is_gold":false},{"author.name":"JakeRhodes","author.created_at":1246411818000,"author.has_verified_email":true,"author.is_employee":false,"author.is_mod":true,"author.is_gold":false},{"author.name":"qemist","author.created_at":1259094114000,"author.has_verified_email":true,"author.is_employee":false,"author.is_mod":true,"author.is_gold":false},{"author.name":"qaz1qaz1QAZ","author.created_at":1259094114000,"author.has_verified_email":true,"author.is_employee":false,"author.is_mod":true,"author.is_gold":false},{"author.name":"nascentt","author.created_at":1251310766000,"author.has_verified_email":true,"author.is_employee":false,"author.is_mod":true,"author.is_gold":false},{"author.name":"EmiNVS","author.created_at":1256057758000,"author.has_verified_email":false,"author.is_employee":false,"author.is_mod":false,"author.is_gold":false},{"author.name":"brofesor","author.created_at":1256057758000,"author.has_verified_email":false,"author.is_employee":false,"author.is_mod":false,"author.is_gold":false},{"author.name":"crackerjap1941","author.created_at":1256057758000,"author.has_verified_email":false,"author.is_employee":false,"author.is_mod":false,"author.is_gold":false},{"author.name":"DieselDan88","author.created_at":1256057758000,"author.has_verified_email":false,"author.is_employee":false,"author.is_mod":false,"author.is_gold":false},{"author.name":"Gloomy_Awareness","author.created_at":1256057758000,"author.has_verified_email":false,"author.is_employee":false,"author.is_mod":false,"author.is_gold":false},{"author.name":"Tony-Blare","author.created_at":1256057758000,"author.has_verified_email":false,"author.is_employee":false,"author.is_mod":false,"author.is_gold":false},{"author.name":"corpseflower","author.created_at":1256057758000,"author.has_verified_email":false,"author.is_employee":false,"author.is_mod":false,"author.is_gold":false},{"author.name":"DarkCrowI","author.created_at":1256057758000,"author.has_verified_email":false,"author.is_employee":false,"author.is_mod":false,"author.is_gold":false},{"author.name":"The-Gamersaurs48","author.created_at":1256057758000,"author.has_verified_email":false,"author.is_employee":false,"author.is_mod":false,"author.is_gold":false},{"author.name":"Jay_Hardy","author.created_at":1256057758000,"author.has_verified_email":false,"author.is_employee":false,"author.is_mod":false,"author.is_gold":false},{"author.name":"degenerate661","author.created_at":1256057758000,"author.has_verified_email":false,"author.is_employee":false,"author.is_mod":false,"author.is_gold":false},{"author.name":"neoalfa","author.created_at":1256057758000,"author.has_verified_email":false,"author.is_employee":false,"author.is_mod":false,"author.is_gold":false},{"author.name":"Immastopya","author.created_at":1256057758000,"author.has_verified_email":false,"author.is_employee":false,"author.is_mod":false,"author.is_gold":false},{"author.name":"obi2kanobi","author.created_at":1256057758000,"author.has_verified_email":false,"author.is_employee":false,"author.is_mod":false,"author.is_gold":false},{"author.name":"Pickled_Elmo","author.created_at":1256057758000,"author.has_verified_email":false,"author.is_employee":false,"author.is_mod":false,"author.is_gold":false},{"author.name":"az226","author.created_at":1256057758000,"author.has_verified_email":false,"author.is_employee":false,"author.is_mod":false,"author.is_gold":false},{"author.name":"Altctrldelna","author.created_at":1256057758000,"author.has_verified_email":false,"author.is_employee":false,"author.is_mod":false,"author.is_gold":false},{"author.name":"uncerta1n","author.created_at":1256057758000,"author.has_verified_email":false,"author.is_employee":false,"author.is_mod":false,"author.is_gold":false},{"author.name":"AhsanSadaqat","author.created_at":1256057758000,"author.has_verified_email":false,"author.is_employee":false,"author.is_mod":false,"author.is_gold":false},{"author.name":"73Scamper","author.created_at":1256057758000,"author.has_verified_email":false,"author.is_employee":false,"author.is_mod":false,"author.is_gold":false},{"author.name":"BatemansVideotape","author.created_at":1256057758000,"author.has_verified_email":false,"author.is_employee":false,"author.is_mod":false,"author.is_gold":false},{"author.name":"ky321","author.created_at":1256057758000,"author.has_verified_email":false,"author.is_employee":false,"author.is_mod":false,"author.is_gold":false},{"author.name":"lastdazeofgravity","author.created_at":1256057758000,"author.has_verified_email":false,"author.is_employee":false,"author.is_mod":false,"author.is_gold":false},{"author.name":"tippytoes2020","author.created_at":1256057758000,"author.has_verified_email":false,"author.is_employee":false,"author.is_mod":false,"author.is_gold":false},{"author.name":"arturitoburrito","author.created_at":1256057758000,"author.has_verified_email":false,"author.is_employee":false,"author.is_mod":false,"author.is_gold":false},{"author.name":"speshulpinkwipes","author.created_at":1256057758000,"author.has_verified_email":false,"author.is_employee":false,"author.is_mod":false,"author.is_gold":false},{"author.name":"hendrixski","author.created_at":1256057758000,"author.has_verified_email":false,"author.is_employee":false,"author.is_mod":false,"author.is_gold":false},{"author.name":"blaspheminCapn","author.created_at":1241395907000,"author.has_verified_email":true,"author.is_employee":false,"author.is_mod":true,"author.is_gold":false},{"author.name":"eatfreshguy407","author.created_at":1241395907000,"author.has_verified_email":true,"author.is_employee":false,"author.is_mod":true,"author.is_gold":false},{"author.name":"Jlipetzky","author.created_at":1241395907000,"author.has_verified_email":true,"author.is_employee":false,"author.is_mod":true,"author.is_gold":false},{"author.name":"Nalfzilla","author.created_at":1241395907000,"author.has_verified_email":true,"author.is_employee":false,"author.is_mod":true,"author.is_gold":false},{"author.name":"Screwdge_McDickens","author.created_at":1241395907000,"author.has_verified_email":true,"author.is_employee":false,"author.is_mod":true,"author.is_gold":false},{"author.name":"metfansc","author.created_at":1241395907000,"author.has_verified_email":true,"author.is_employee":false,"author.is_mod":true,"author.is_gold":false},{"author.name":"kerri201","author.created_at":1241395907000,"author.has_verified_email":true,"author.is_employee":false,"author.is_mod":true,"author.is_gold":false},{"author.name":"TheCrushSoda","author.created_at":1241395907000,"author.has_verified_email":true,"author.is_employee":false,"author.is_mod":true,"author.is_gold":false},{"author.name":"norma_bateman","author.created_at":1256057758000,"author.has_verified_email":false,"author.is_employee":false,"author.is_mod":false,"author.is_gold":false},{"author.name":"Not_The_John","author.created_at":1256057758000,"author.has_verified_email":false,"author.is_employee":false,"author.is_mod":false,"author.is_gold":false},{"author.name":"DayCertain","author.created_at":1256057758000,"author.has_verified_email":false,"author.is_employee":false,"author.is_mod":false,"author.is_gold":false},{"author.name":"BloodOfAlexander","author.created_at":1256057758000,"author.has_verified_email":false,"author.is_employee":false,"author.is_mod":false,"author.is_gold":false},{"author.name":"18Apollo18","author.created_at":1256057758000,"author.has_verified_email":false,"author.is_employee":false,"author.is_mod":false,"author.is_gold":false},{"author.name":"rabbithole","author.created_at":1260903703000,"author.has_verified_email":true,"author.is_employee":false,"author.is_mod":true,"author.is_gold":true},{"author.name":"Potato466","author.created_at":1260903703000,"author.has_verified_email":true,"author.is_employee":false,"author.is_mod":true,"author.is_gold":true},{"author.name":"53withtrollhair","author.created_at":1260903703000,"author.has_verified_email":true,"author.is_employee":false,"author.is_mod":true,"author.is_gold":true},{"author.name":"Darthwilhelm","author.created_at":1260903703000,"author.has_verified_email":true,"author.is_employee":false,"author.is_mod":true,"author.is_gold":true},{"author.name":"APT69420","author.created_at":1260903703000,"author.has_verified_email":true,"author.is_employee":false,"author.is_mod":true,"author.is_gold":true},{"author.name":"Screech21","author.created_at":1260903703000,"author.has_verified_email":true,"author.is_employee":false,"author.is_mod":true,"author.is_gold":true},{"author.name":"-Semaj-","author.created_at":1260903703000,"author.has_verified_email":true,"author.is_employee":false,"author.is_mod":true,"author.is_gold":true},{"author.name":"cjheaney","author.created_at":1260903703000,"author.has_verified_email":true,"author.is_employee":false,"author.is_mod":true,"author.is_gold":true},{"author.name":"makibii","author.created_at":1260903703000,"author.has_verified_email":true,"author.is_employee":false,"author.is_mod":true,"author.is_gold":true},{"author.name":"AManWithBinoculars","author.created_at":1260903703000,"author.has_verified_email":true,"author.is_employee":false,"author.is_mod":true,"author.is_gold":true},{"author.name":"QuintenBoosje","author.created_at":1260903703000,"author.has_verified_email":true,"author.is_employee":false,"author.is_mod":true,"author.is_gold":true},{"author.name":"jgb75","author.created_at":1260903703000,"author.has_verified_email":true,"author.is_employee":false,"author.is_mod":true,"author.is_gold":true},{"author.name":"Covfefur_le_Renard","author.created_at":1260903703000,"author.has_verified_email":true,"author.is_employee":false,"author.is_mod":true,"author.is_gold":true},{"author.name":"Workinlikeaslave","author.created_at":1260903703000,"author.has_verified_email":true,"author.is_employee":false,"author.is_mod":true,"author.is_gold":true},{"author.name":"gamerush177","author.created_at":1260903703000,"author.has_verified_email":true,"author.is_employee":false,"author.is_mod":true,"author.is_gold":true},{"author.name":"BlurredSight","author.created_at":1260903703000,"author.has_verified_email":true,"author.is_employee":false,"author.is_mod":true,"author.is_gold":true},{"author.name":"Significant_Cook_725","author.created_at":1260903703000,"author.has_verified_email":true,"author.is_employee":false,"author.is_mod":true,"author.is_gold":true},{"author.name":"DonDorcha","author.created_at":1260903703000,"author.has_verified_email":true,"author.is_employee":false,"author.is_mod":true,"author.is_gold":true},{"author.name":"HappyHound","author.created_at":1260903703000,"author.has_verified_email":true,"author.is_employee":false,"author.is_mod":true,"author.is_gold":true},{"author.name":"c3h8pro","author.created_at":1260903703000,"author.has_verified_email":true,"author.is_employee":false,"author.is_mod":true,"author.is_gold":true},{"author.name":"AlwaysWorried27","author.created_at":1260903703000,"author.has_verified_email":true,"author.is_employee":false,"author.is_mod":true,"author.is_gold":true},{"author.name":"skvippo","author.created_at":1260903703000,"author.has_verified_email":true,"author.is_employee":false,"author.is_mod":true,"author.is_gold":true},{"author.name":"OV3NBVK3D","author.created_at":1260903703000,"author.has_verified_email":true,"author.is_employee":false,"author.is_mod":true,"author.is_gold":true},{"author.name":"gtcnyc","author.created_at":1260903703000,"author.has_verified_email":true,"author.is_employee":false,"author.is_mod":true,"author.is_gold":true},{"author.name":"WoestijnGarnaal","author.created_at":1260903703000,"author.has_verified_email":true,"author.is_employee":false,"author.is_mod":true,"author.is_gold":true},{"author.name":"thevisitoryt","author.created_at":1260903703000,"author.has_verified_email":true,"author.is_employee":false,"author.is_mod":true,"author.is_gold":true},{"author.name":"vjdeep","author.created_at":1260903703000,"author.has_verified_email":true,"author.is_employee":false,"author.is_mod":true,"author.is_gold":true},{"author.name":"AttachableSheep","author.created_at":1260903703000,"author.has_verified_email":true,"author.is_employee":false,"author.is_mod":true,"author.is_gold":true},{"author.name":"dablordjagger420","author.created_at":1260903703000,"author.has_verified_email":true,"author.is_employee":false,"author.is_mod":true,"author.is_gold":true},{"author.name":"whatlike_withacloth","author.created_at":1260903703000,"author.has_verified_email":true,"author.is_employee":false,"author.is_mod":true,"author.is_gold":true},{"author.name":"Burger_k1ng","author.created_at":1260903703000,"author.has_verified_email":true,"author.is_employee":false,"author.is_mod":true,"author.is_gold":true},{"author.name":"oureyes","author.created_at":1238897295000,"author.has_verified_email":true,"author.is_employee":false,"author.is_mod":false,"author.is_gold":false},{"author.name":"Butterbichel","author.created_at":1256381669000,"author.has_verified_email":true,"author.is_employee":false,"author.is_mod":false,"author.is_gold":false},{"author.name":"FuckRedditsADMIN","author.created_at":1256381669000,"author.has_verified_email":true,"author.is_employee":false,"author.is_mod":false,"author.is_gold":false},{"author.name":"HundoGuy","author.created_at":1256381669000,"author.has_verified_email":true,"author.is_employee":false,"author.is_mod":false,"author.is_gold":false},{"author.name":"rhubarb2896","author.created_at":1256381669000,"author.has_verified_email":true,"author.is_employee":false,"author.is_mod":false,"author.is_gold":false},{"author.name":"XiJinpingPoohPooh","author.created_at":1256381669000,"author.has_verified_email":true,"author.is_employee":false,"author.is_mod":false,"author.is_gold":false},{"author.name":"ARCOZIB","author.created_at":1256381669000,"author.has_verified_email":true,"author.is_employee":false,"author.is_mod":false,"author.is_gold":false},{"author.name":"WarW1cked","author.created_at":1256381669000,"author.has_verified_email":true,"author.is_employee":false,"author.is_mod":false,"author.is_gold":false},{"author.name":"redundancy5","author.created_at":1256381669000,"author.has_verified_email":true,"author.is_employee":false,"author.is_mod":false,"author.is_gold":false},{"author.name":"pavlovslog","author.created_at":1256381669000,"author.has_verified_email":true,"author.is_employee":false,"author.is_mod":false,"author.is_gold":false},{"author.name":"jcad1947","author.created_at":1256381669000,"author.has_verified_email":true,"author.is_employee":false,"author.is_mod":false,"author.is_gold":false},{"author.name":"chucho89","author.created_at":1256381669000,"author.has_verified_email":true,"author.is_employee":false,"author.is_mod":false,"author.is_gold":false},{"author.name":"11bNg","author.created_at":1256381669000,"author.has_verified_email":true,"author.is_employee":false,"author.is_mod":false,"author.is_gold":false},{"author.name":"HumaDracobane","author.created_at":1256381669000,"author.has_verified_email":true,"author.is_employee":false,"author.is_mod":false,"author.is_gold":false},{"author.name":"Grummond","author.created_at":1256381669000,"author.has_verified_email":true,"author.is_employee":false,"author.is_mod":false,"author.is_gold":false},{"author.name":"Important-Bobcat","author.created_at":1256381669000,"author.has_verified_email":true,"author.is_employee":false,"author.is_mod":false,"author.is_gold":false},{"author.name":"lvxvl","author.created_at":1256381669000,"author.has_verified_email":true,"author.is_employee":false,"author.is_mod":false,"author.is_gold":false},{"author.name":"sam-small","author.created_at":1256381669000,"author.has_verified_email":true,"author.is_employee":false,"author.is_mod":false,"author.is_gold":false},{"author.name":"Alpha-OMG","author.created_at":1256381669000,"author.has_verified_email":true,"author.is_employee":false,"author.is_mod":false,"author.is_gold":false},{"author.name":"JustAnAverageFish0","author.created_at":1256381669000,"author.has_verified_email":true,"author.is_employee":false,"author.is_mod":false,"author.is_gold":false},{"author.name":"dizzy_dizzle","author.created_at":1256381669000,"author.has_verified_email":true,"author.is_employee":false,"author.is_mod":false,"author.is_gold":false},{"author.name":"32bb36d8ba","author.created_at":1256381669000,"author.has_verified_email":true,"author.is_employee":false,"author.is_mod":false,"author.is_gold":false},{"author.name":"NinjasOwnTheNight","author.created_at":1256381669000,"author.has_verified_email":true,"author.is_employee":false,"author.is_mod":false,"author.is_gold":false},{"author.name":"delicioussparkalade","author.created_at":1256381669000,"author.has_verified_email":true,"author.is_employee":false,"author.is_mod":false,"author.is_gold":false},{"author.name":"shazmitchell","author.created_at":1256381669000,"author.has_verified_email":true,"author.is_employee":false,"author.is_mod":false,"author.is_gold":false},{"author.name":"ongjb19","author.created_at":1256381669000,"author.has_verified_email":true,"author.is_employee":false,"author.is_mod":false,"author.is_gold":false},{"author.name":"punannimaster","author.created_at":1256381669000,"author.has_verified_email":true,"author.is_employee":false,"author.is_mod":false,"author.is_gold":false},{"author.name":"Infinite_M0nkeys","author.created_at":1256381669000,"author.has_verified_email":true,"author.is_employee":false,"author.is_mod":false,"author.is_gold":false},{"author.name":"Black-Spruce","author.created_at":1256381669000,"author.has_verified_email":true,"author.is_employee":false,"author.is_mod":false,"author.is_gold":false},{"author.name":"LiberiAdExtremum","author.created_at":1256381669000,"author.has_verified_email":true,"author.is_employee":false,"author.is_mod":false,"author.is_gold":false},{"author.name":"Leviathan05","author.created_at":1256381669000,"author.has_verified_email":true,"author.is_employee":false,"author.is_mod":false,"author.is_gold":false},{"author.name":"cptnpiccard","author.created_at":1256381669000,"author.has_verified_email":true,"author.is_employee":false,"author.is_mod":false,"author.is_gold":false},{"author.name":"luke2582","author.created_at":1256381669000,"author.has_verified_email":true,"author.is_employee":false,"author.is_mod":false,"author.is_gold":false},{"author.name":"The__Nez","author.created_at":1256381669000,"author.has_verified_email":true,"author.is_employee":false,"author.is_mod":false,"author.is_gold":false},{"author.name":"its0nLikeDonkeyKong","author.created_at":1256381669000,"author.has_verified_email":true,"author.is_employee":false,"author.is_mod":false,"author.is_gold":false},{"author.name":"todoke","author.created_at":1256381669000,"author.has_verified_email":true,"author.is_employee":false,"author.is_mod":false,"author.is_gold":false},{"author.name":"RandomDustBunny","author.created_at":1256381669000,"author.has_verified_email":true,"author.is_employee":false,"author.is_mod":false,"author.is_gold":false},{"author.name":"16-Times_the-detail","author.created_at":1256381669000,"author.has_verified_email":true,"author.is_employee":false,"author.is_mod":false,"author.is_gold":false},{"author.name":"Azuzu88","author.created_at":1256381669000,"author.has_verified_email":true,"author.is_employee":false,"author.is_mod":false,"author.is_gold":false},{"author.name":"mcavvacm","author.created_at":1256381669000,"author.has_verified_email":true,"author.is_employee":false,"author.is_mod":false,"author.is_gold":false},{"author.name":"TwistedGlyphs","author.created_at":1256381669000,"author.has_verified_email":true,"author.is_employee":false,"author.is_mod":false,"author.is_gold":false},{"author.name":"accapellaenthusiast","author.created_at":1256381669000,"author.has_verified_email":true,"author.is_employee":false,"author.is_mod":false,"author.is_gold":false},{"author.name":"PhantomAfiq","author.created_at":1256381669000,"author.has_verified_email":true,"author.is_employee":false,"author.is_mod":false,"author.is_gold":false},{"author.name":"Allyouneedisslut","author.created_at":1256381669000,"author.has_verified_email":true,"author.is_employee":false,"author.is_mod":false,"author.is_gold":false},{"author.name":"Channel5exclusive","author.created_at":1256381669000,"author.has_verified_email":true,"author.is_employee":false,"author.is_mod":false,"author.is_gold":false},{"author.name":"ballingundercontrol","author.created_at":1256381669000,"author.has_verified_email":true,"author.is_employee":false,"author.is_mod":false,"author.is_gold":false},{"author.name":"finniruse","author.created_at":1256381669000,"author.has_verified_email":true,"author.is_employee":false,"author.is_mod":false,"author.is_gold":false},{"author.name":"lan60000","author.created_at":1256381669000,"author.has_verified_email":true,"author.is_employee":false,"author.is_mod":false,"author.is_gold":false},{"author.name":"mum_puncher","author.created_at":1256381669000,"author.has_verified_email":true,"author.is_employee":false,"author.is_mod":false,"author.is_gold":false},{"author.name":"Cookiedoughjunkie","author.created_at":1256381669000,"author.has_verified_email":true,"author.is_employee":false,"author.is_mod":false,"author.is_gold":false},{"author.name":"Hugeknight","author.created_at":1256381669000,"author.has_verified_email":true,"author.is_employee":false,"author.is_mod":false,"author.is_gold":false},{"author.name":"Redskinns21","author.created_at":1256381669000,"author.has_verified_email":true,"author.is_employee":false,"author.is_mod":false,"author.is_gold":false},{"author.name":"morlansictorrent","author.created_at":1256381669000,"author.has_verified_email":true,"author.is_employee":false,"author.is_mod":false,"author.is_gold":false},{"author.name":"Kylar_Stern","author.created_at":1256381669000,"author.has_verified_email":true,"author.is_employee":false,"author.is_mod":false,"author.is_gold":false},{"author.name":"Miss_Sullivan","author.created_at":1256381669000,"author.has_verified_email":true,"author.is_employee":false,"author.is_mod":false,"author.is_gold":false},{"author.name":"thejman82gb","author.created_at":1256381669000,"author.has_verified_email":true,"author.is_employee":false,"author.is_mod":false,"author.is_gold":false},{"author.name":"ivanoud","author.created_at":1256381669000,"author.has_verified_email":true,"author.is_employee":false,"author.is_mod":false,"author.is_gold":false},{"author.name":"NewAgeWiggly","author.created_at":1256381669000,"author.has_verified_email":true,"author.is_employee":false,"author.is_mod":false,"author.is_gold":false},{"author.name":"GuybrushBeeblebrox","author.created_at":1256381669000,"author.has_verified_email":true,"author.is_employee":false,"author.is_mod":false,"author.is_gold":false},{"author.name":"mattthescreamer","author.created_at":1256381669000,"author.has_verified_email":true,"author.is_employee":false,"author.is_mod":false,"author.is_gold":false},{"author.name":"DextroShade","author.created_at":1256381669000,"author.has_verified_email":true,"author.is_employee":false,"author.is_mod":false,"author.is_gold":false},{"author.name":"Yawq2","author.created_at":1256381669000,"author.has_verified_email":true,"author.is_employee":false,"author.is_mod":false,"author.is_gold":false},{"author.name":"lilbundle","author.created_at":1256381669000,"author.has_verified_email":true,"author.is_employee":false,"author.is_mod":false,"author.is_gold":false},{"author.name":"BIZARRE_TOWN","author.created_at":1256381669000,"author.has_verified_email":true,"author.is_employee":false,"author.is_mod":false,"author.is_gold":false},{"author.name":"IWannaManatee","author.created_at":1256381669000,"author.has_verified_email":true,"author.is_employee":false,"author.is_mod":false,"author.is_gold":false},{"author.name":"lunchboxs7","author.created_at":1256381669000,"author.has_verified_email":true,"author.is_employee":false,"author.is_mod":false,"author.is_gold":false},{"author.name":"PetrifiedW00D","author.created_at":1256381669000,"author.has_verified_email":true,"author.is_employee":false,"author.is_mod":false,"author.is_gold":false},{"author.name":"randomroxks","author.created_at":1256381669000,"author.has_verified_email":true,"author.is_employee":false,"author.is_mod":false,"author.is_gold":false},{"author.name":"T-Breezy16","author.created_at":1256381669000,"author.has_verified_email":true,"author.is_employee":false,"author.is_mod":false,"author.is_gold":false},{"author.name":"DemonicEggg","author.created_at":1256381669000,"author.has_verified_email":true,"author.is_employee":false,"author.is_mod":false,"author.is_gold":false},{"author.name":"My_pp_big_and_hard","author.created_at":1256381669000,"author.has_verified_email":true,"author.is_employee":false,"author.is_mod":false,"author.is_gold":false},{"author.name":"TheTomatoes2","author.created_at":1256381669000,"author.has_verified_email":true,"author.is_employee":false,"author.is_mod":false,"author.is_gold":false},{"author.name":"ObviouslyNotTheBest","author.created_at":1256381669000,"author.has_verified_email":true,"author.is_employee":false,"author.is_mod":false,"author.is_gold":false},{"author.name":"TrumpsTanLine","author.created_at":1256381669000,"author.has_verified_email":true,"author.is_employee":false,"author.is_mod":false,"author.is_gold":false},{"author.name":"JohnnyGlasken","author.created_at":1256381669000,"author.has_verified_email":true,"author.is_employee":false,"author.is_mod":false,"author.is_gold":false},{"author.name":"reddit4275","author.created_at":1256131115000,"author.has_verified_email":true,"author.is_employee":false,"author.is_mod":false,"author.is_gold":false}]