author.name,author.created_at,author.has_verified_email,author.is_employee,author.is_mod,author.is_gold
jwmaxxsolutions,2012-09-26 16:05:57+00:00,True,False,False,False
AngrySoup,2012-11-15 11:56:14+00:00,True,False,True,False
MateliZ,2012-09-17 19:01:38+00:00,True,False,True,True
twor76,2012-10-25 00:19:57+00:00,True,False,False,False
thebadger138,2012-10-25 00:19:57+00:00,True,False,False,False
Frostmourne_Hungers,2012-10-25 00:19:57+00:00,True,False,False,False
Humbabechet,2012-10-25 00:19:57+00:00,True,False,False,False
JGyaal,2012-10-25 00:19:57+00:00,True,False,False,False
serjamielannister,2012-01-09 06:06:29+00:00,True,False,True,False
hajdukfan,2012-10-14 03:27:20+00:00,True,False,False,False
EvilPanda85,2012-06-17 18:02:38+00:00,True,False,False,False
Trowj,2012-06-17 18:02:38+00:00,True,False,False,False
Zaii,2012-10-30 20:13:45+00:00,True,False,False,False
Flummer02,2012-09-17 19:01:38+00:00,True,False,True,True
samsquanchy,2012-10-30 20:13:45+00:00,True,False,False,False
BOOOOOOOBIES,2012-09-29 18:44:09+00:00,True,False,True,False
AlwaysAppropriate,2012-03-11 19:58:27+00:00,True,False,True,False
Soviet_Rambo,2012-04-22 21:37:18+00:00,True,False,True,False
TooLateHindsight,2012-11-02 23:57:36+00:00,True,False,True,False
humbleharbinger,2012-11-02 23:57:36+00:00,True,False,True,False
gotugoin,2012-11-02 23:57:36+00:00,True,False,True,False
LoneWolve13,2012-01-25 04:40:56+00:00,True,False,True,False
SchroedingersSphere,2012-07-08 20:13:39+00:00,True,False,True,False
evidica,2012-12-31 10:34:11+00:00,True,False,True,True
drink_it_in,2012-11-15 11:56:14+00:00,True,False,True,False
nemo1261,2012-09-17 19:01:38+00:00,True,False,True,True
Alfredo_Dente,2012-09-17 19:01:38+00:00,True,False,True,True
Crazy-Pete,2012-07-19 15:16:54+00:00,True,False,True,False
HLtheWilkinson,2012-07-19 15:16:54+00:00,True,False,True,False
cyberpunk1Q84,2012-01-22 05:13:21+00:00,True,False,False,False
spoop_you,2012-01-22 05:13:21+00:00,True,False,False,False
gungroutgary,2012-01-22 05:13:21+00:00,True,False,False,False
Bella_Anima,2012-01-22 05:13:21+00:00,True,False,False,False
NightKnight96,2012-01-22 05:13:21+00:00,True,False,False,False
ozymxl4,2012-01-22 05:13:21+00:00,True,False,False,False
SlylingualPro,2012-01-22 05:13:21+00:00,True,False,False,False
rpinho78,2012-01-22 05:13:21+00:00,True,False,False,False
shemp33,2012-10-16 01:09:03+00:00,True,False,True,False
squeezecheese,2012-10-16 01:09:03+00:00,True,False,True,False
Billy_Lo,2012-06-06 16:09:53+00:00,True,False,True,False
Cherrychemicals,2012-06-06 16:09:53+00:00,True,False,True,False
horror_unfolds,2012-06-06 16:09:53+00:00,True,False,True,False
MrDrBeak,2012-06-06 16:09:53+00:00,True,False,True,False
goldenlesbian,2012-06-06 16:09:53+00:00,True,False,True,False
RunawayHobbit,2012-06-06 16:09:53+00:00,True,False,True,False
Hideous-Kojima,2012-06-06 16:09:53+00:00,True,False,True,False
Philys411,2012-11-18 17:46:31+00:00,True,False,False,False
mrcunnilingus,2012-11-18 17:46:31+00:00,True,False,False,False
Crazyirishwrencher,2012-09-17 19:01:38+00:00,True,False,True,True
kcoolin,2012-11-30 01:44:56+00:00,True,False,False,False
Gotchyeaaa,2012-11-30 01:44:56+00:00,True,False,False,False
Oletule,2012-11-30 01:44:56+00:00,True,False,False,False
guard74,2012-11-30 01:44:56+00:00,True,False,False,False
forgiv,2012-02-27 23:39:33+00:00,True,False,False,False
_pseudodragon,2012-02-27 23:39:33+00:00,True,False,False,False
youhavebeenwobbled,2012-02-27 23:39:33+00:00,True,False,False,False
blackwolf23511,2012-02-27 23:39:33+00:00,True,False,False,False
xRisingSunx,2012-02-27 23:39:33+00:00,True,False,False,False
ccrraapp,2012-03-11 19:58:27+00:00,True,False,True,False
Lcordobas,2012-09-17 19:01:38+00:00,True,False,True,True
717,2012-10-27 14:19:00+00:00,True,False,False,False
ItssHarrison,2012-12-16 05:32:03+00:00,False,False,True,False
clueless8teen,2012-12-16 05:32:03+00:00,False,False,True,False
uxo_geo_cart_puller,2012-12-16 05:32:03+00:00,False,False,True,False
muhhgv,2012-12-16 05:32:03+00:00,False,False,True,False
RubyHacks,2012-12-16 05:32:03+00:00,False,False,True,False
Crack_Sparrow,2012-12-16 05:32:03+00:00,False,False,True,False
honestsparrow,2012-12-16 05:32:03+00:00,False,False,True,False
LordSt4rki113r,2012-12-16 05:32:03+00:00,False,False,True,False
Samtastic33,2012-12-16 05:32:03+00:00,False,False,True,False
Ky10-R3n,2012-12-16 05:32:03+00:00,False,False,True,False
zerohaxis,2012-12-16 05:32:03+00:00,False,False,True,False
AerDragun,2012-12-16 05:32:03+00:00,False,False,True,False
Deathknightjeffery,2012-12-16 05:32:03+00:00,False,False,True,False
Harry_Potthead,2012-12-16 05:32:03+00:00,False,False,True,False
Marxist_Saren,2012-12-16 05:32:03+00:00,False,False,True,False
Omsus,2012-12-16 05:32:03+00:00,False,False,True,False
SlimandNone,2012-12-16 05:32:03+00:00,False,False,True,False
okokokyeahyeahyeah,2012-12-16 05:32:03+00:00,False,False,True,False
Rhyndzu,2012-01-30 16:39:40+00:00,True,False,True,False
InitialDuck,2012-12-28 01:46:39+00:00,True,False,True,False
pushtec,2012-12-28 01:46:39+00:00,True,False,True,False
Ciceros_Assassin,2012-12-28 01:46:39+00:00,True,False,True,False
AninOnin,2012-12-28 01:46:39+00:00,True,False,True,False
myalias1,2012-12-28 01:46:39+00:00,True,False,True,False
boxofshroomies,2012-12-28 01:46:39+00:00,True,False,True,False
Chad_Nauseam,2012-12-28 01:46:39+00:00,True,False,True,False
Luecleste,2012-12-28 01:46:39+00:00,True,False,True,False
innerbootes,2012-12-28 01:46:39+00:00,True,False,True,False
Kaciimi,2012-12-28 01:46:39+00:00,True,False,True,False
dzyrider,2012-12-28 01:46:39+00:00,True,False,True,False
ZealousidealIce2,2012-12-28 01:46:39+00:00,True,False,True,False
Yaboilikemup,2012-12-28 01:46:39+00:00,True,False,True,False
Frosti11icus,2012-12-28 01:46:39+00:00,True,False,True,False
HawkwardEgal,2012-12-28 01:46:39+00:00,True,False,True,False
m3htevas,2012-12-28 01:46:39+00:00,True,False,True,False
suckerinsd,2012-12-28 01:46:39+00:00,True,False,True,False
ntzm_,2012-12-28 01:46:39+00:00,True,False,True,False
apophis-pegasus,2012-12-28 01:46:39+00:00,True,False,True,False
hermit_dragon,2012-12-28 01:46:39+00:00,True,False,True,False
Tisarwat,2012-12-28 01:46:39+00:00,True,False,True,False
cyranothe2nd,2012-12-28 01:46:39+00:00,True,False,True,False
sac09841,2012-12-28 01:46:39+00:00,True,False,True,False
daikaku,2012-12-28 01:46:39+00:00,True,False,True,False
Red8Rain,2012-09-17 19:01:38+00:00,True,False,True,True
Youregoingtodiealone,2012-09-17 19:01:38+00:00,True,False,True,True
trannyexterminator,2012-09-17 19:01:38+00:00,True,False,True,True
123321bob123321,2012-09-17 19:01:38+00:00,True,False,True,True
Iangator,2012-09-17 19:01:38+00:00,True,False,True,True
sickraw,2012-08-01 00:59:19+00:00,True,False,False,False
Shotai,2012-09-12 05:09:40+00:00,True,False,False,False
gamebond89,2012-01-22 05:13:21+00:00,True,False,False,False
gologotzmann,2012-01-22 05:13:21+00:00,True,False,False,False
SHAAHZEXPSY,2012-01-22 05:13:21+00:00,True,False,False,False
smurfhungry,2012-01-22 05:13:21+00:00,True,False,False,False
Parthosaur,2012-01-22 05:13:21+00:00,True,False,False,False
Idahoandude,2012-01-22 05:13:21+00:00,True,False,False,False
namedmane,2012-01-22 05:13:21+00:00,True,False,False,False
MDPlayer1,2012-01-22 05:13:21+00:00,True,False,False,False
EquationTAKEN,2012-01-22 05:13:21+00:00,True,False,False,False
Wishpool,2012-01-22 05:13:21+00:00,True,False,False,False
Spideyrj,2012-01-22 05:13:21+00:00,True,False,False,False
nurdle11,2012-01-22 05:13:21+00:00,True,False,False,False
shonthomas75,2012-09-17 19:01:38+00:00,True,False,True,True
Lakefargo,2012-05-27 13:57:43+00:00,True,False,False,False
Rauchgestein,2012-05-27 13:57:43+00:00,True,False,False,False
AceDumpleJoy,2012-05-27 13:57:43+00:00,True,False,False,False
Chutzvah,2012-05-27 13:57:43+00:00,True,False,False,False
Maxxjulie,2012-05-27 13:57:43+00:00,True,False,False,False
New_Hawaialawan,2012-05-27 13:57:43+00:00,True,False,False,False
reebokzipper,2012-05-27 13:57:43+00:00,True,False,False,False
kubrickguy,2012-05-27 13:57:43+00:00,True,False,False,False
failingtolurk,2012-05-27 13:57:43+00:00,True,False,False,False
theclassywino,2012-05-27 13:57:43+00:00,True,False,False,False
catsmeow492,2012-05-27 13:57:43+00:00,True,False,False,False
FrismFrasm,2012-05-27 13:57:43+00:00,True,False,False,False
Strife6622,2012-05-27 13:57:43+00:00,True,False,False,False
012993080967,2012-05-27 13:57:43+00:00,True,False,False,False
Zark_Muckerberger,2012-05-27 13:57:43+00:00,True,False,False,False
theuberprophet,2012-05-27 13:57:43+00:00,True,False,False,False
RippingAallDay,2012-05-27 13:57:43+00:00,True,False,False,False
clawjelly,2012-05-27 13:57:43+00:00,True,False,False,False
calcuttacodeinecoma,2012-05-27 13:57:43+00:00,True,False,False,False
abathinggorilla,2012-05-27 13:57:43+00:00,True,False,False,False
Timsketchy,2012-05-27 13:57:43+00:00,True,False,False,False
jomiran,2012-05-27 13:57:43+00:00,True,False,False,False
centwhore,2012-05-27 13:57:43+00:00,True,False,False,False
BlueJay3134,2012-05-27 13:57:43+00:00,True,False,False,False
stuckinperpetuity,2012-05-27 13:57:43+00:00,True,False,False,False
xRATBAGx,2012-05-27 13:57:43+00:00,True,False,False,False
polybiastrogender,2012-05-27 13:57:43+00:00,True,False,False,False
DoublePipeClassic_VR,2012-05-27 13:57:43+00:00,True,False,False,False
AutomaticRadish,2012-05-27 13:57:43+00:00,True,False,False,False
ZombieRabit,2012-05-27 13:57:43+00:00,True,False,False,False
mekimoomoo,2012-05-27 13:57:43+00:00,True,False,False,False
4kondore,2012-05-27 13:57:43+00:00,True,False,False,False
Radiogerat,2012-05-27 13:57:43+00:00,True,False,False,False
Wathalak,2012-05-27 13:57:43+00:00,True,False,False,False
seedlesssoul,2012-05-27 13:57:43+00:00,True,False,False,False
nottooeloquent,2012-05-27 13:57:43+00:00,True,False,False,False
crightwing,2012-02-27 23:39:33+00:00,True,False,False,False
MistaKPJ,2012-02-27 23:39:33+00:00,True,False,False,False
MGTOWdisciple,2012-02-27 23:39:33+00:00,True,False,False,False
Ihavenopurposeinlif3,2012-02-27 23:39:33+00:00,True,False,False,False
UnitysBlueTits,2012-02-27 23:39:33+00:00,True,False,False,False
Atriplex124,2012-02-27 23:39:33+00:00,True,False,False,False
MooglyTTs,2012-02-27 23:39:33+00:00,True,False,False,False
godfatherr1993,2012-02-27 23:39:33+00:00,True,False,False,False
rangas-are-bad-luck,2012-02-27 23:39:33+00:00,True,False,False,False
HumanGuyPerson69420,2012-02-27 23:39:33+00:00,True,False,False,False
Henguim,2012-02-27 23:39:33+00:00,True,False,False,False
Elhypersnyper,2012-02-27 23:39:33+00:00,True,False,False,False
sw8o_it,2012-02-27 23:39:33+00:00,True,False,False,False
SynagogueOfSatan1,2012-02-27 23:39:33+00:00,True,False,False,False
theels6,2012-02-27 23:39:33+00:00,True,False,False,False
Shippoyasha,2012-02-27 23:39:33+00:00,True,False,False,False
fwoomer,2012-02-27 23:39:33+00:00,True,False,False,False
goat_nebula,2012-02-27 23:39:33+00:00,True,False,False,False
melonangie,2012-02-27 23:39:33+00:00,True,False,False,False
WallyWiff,2012-02-27 23:39:33+00:00,True,False,False,False
killin1a4,2012-02-27 23:39:33+00:00,True,False,False,False
omrant,2012-02-27 23:39:33+00:00,True,False,False,False
jfastman,2012-02-27 23:39:33+00:00,True,False,False,False
SwaglordHyperion,2012-02-27 23:39:33+00:00,True,False,False,False
sunder_and_flame,2012-02-27 23:39:33+00:00,True,False,False,False
golddiamond2541,2012-02-27 23:39:33+00:00,True,False,False,False
Tyestor,2012-02-27 23:39:33+00:00,True,False,False,False
quizwammer,2012-02-27 23:39:33+00:00,True,False,False,False
ActivatingEMP,2012-02-27 23:39:33+00:00,True,False,False,False
jzekyll5,2012-02-27 23:39:33+00:00,True,False,False,False
Onepostwonder95,2012-02-27 23:39:33+00:00,True,False,False,False
Wheream_I,2012-02-27 23:39:33+00:00,True,False,False,False
HungryHornyHigh,2012-02-27 23:39:33+00:00,True,False,False,False
AnthonyInCalifornia,2012-02-27 23:39:33+00:00,True,False,False,False
CommanderAxe,2012-02-27 23:39:33+00:00,True,False,False,False
Several_Broccoli,2012-02-27 23:39:33+00:00,True,False,False,False
HaroldOfTheRocks,2012-02-27 23:39:33+00:00,True,False,False,False
WhiskeyWarmachine,2012-02-27 23:39:33+00:00,True,False,False,False
PlatinumBeetle,2012-02-27 23:39:33+00:00,True,False,False,False
butt_mucher,2012-02-27 23:39:33+00:00,True,False,False,False
iyoiiiiu,2012-02-27 23:39:33+00:00,True,False,False,False
GranaT0,2012-02-27 23:39:33+00:00,True,False,False,False
GeorgeOlduvai,2012-02-27 23:39:33+00:00,True,False,False,False
cursed_deity,2012-02-27 23:39:33+00:00,True,False,False,False
Thread_water,2012-02-27 23:39:33+00:00,True,False,False,False
Bearcats1738,2012-02-27 23:39:33+00:00,True,False,False,False
ubzerv22,2012-02-27 23:39:33+00:00,True,False,False,False
Fulgurum,2012-02-27 23:39:33+00:00,True,False,False,False
harry_s_24,2012-02-27 23:39:33+00:00,True,False,False,False
AntiObnoxiousBot,2012-02-27 23:39:33+00:00,True,False,False,False
General_Duggah,2012-02-27 23:39:33+00:00,True,False,False,False
ObviouslyAnExpert,2012-02-27 23:39:33+00:00,True,False,False,False
lookatmeimwhite,2012-02-27 23:39:33+00:00,True,False,False,False
DancePower,2012-02-27 23:39:33+00:00,True,False,False,False
HintOfSmegma,2012-02-27 23:39:33+00:00,True,False,False,False
1M2A3K4S,2012-02-27 23:39:33+00:00,True,False,False,False
-Cyber_Wraith,2012-02-27 23:39:33+00:00,True,False,False,False
Unused_UserID,2012-12-27 05:56:31+00:00,True,False,False,False
uselesspaperclips,2012-08-22 04:21:25+00:00,True,False,False,False
Boethias,2012-07-30 17:06:45+00:00,True,False,False,False
kor8der,2012-07-30 17:06:45+00:00,True,False,False,False
YetAnotherCommenter,2012-07-30 17:06:45+00:00,True,False,False,False
sanrio-sugarplum,2012-07-30 17:06:45+00:00,True,False,False,False
Geiten,2012-07-30 17:06:45+00:00,True,False,False,False
GodotIsWaiting4U,2012-07-30 17:06:45+00:00,True,False,False,False
Mitoza,2012-07-30 17:06:45+00:00,True,False,False,False
DepressiveVortex,2012-07-30 17:06:45+00:00,True,False,False,False
Trunk-Monkey,2012-07-30 17:06:45+00:00,True,False,False,False
Nion_zaNari,2012-07-30 17:06:45+00:00,True,False,False,False
IWantToTalkNow-,2012-07-30 17:06:45+00:00,True,False,False,False
nonsensepoem,2012-07-30 17:06:45+00:00,True,False,False,False
turbulance4,2012-07-30 17:06:45+00:00,True,False,False,False
alluran,2012-07-30 17:06:45+00:00,True,False,False,False
ElderApe,2012-07-30 17:06:45+00:00,True,False,False,False
Inbefore121,2012-07-30 17:06:45+00:00,True,False,False,False
SchalaZeal01,2012-07-30 17:06:45+00:00,True,False,False,False
Zosodechaine,2012-03-06 00:46:38+00:00,True,False,False,False
spi440,2012-03-06 00:46:38+00:00,True,False,False,False
MrMadmartigan,2012-03-06 00:46:38+00:00,True,False,False,False
tony1grendel,2012-03-06 00:46:38+00:00,True,False,False,False
kmagaro,2012-03-06 00:46:38+00:00,True,False,False,False
bsousa717,2012-03-06 00:46:38+00:00,True,False,False,False
experiM3NTALcase,2012-03-06 00:46:38+00:00,True,False,False,False
Quick_Sky,2012-03-06 00:46:38+00:00,True,False,False,False
dremkilla,2012-03-06 00:46:38+00:00,True,False,False,False
phxtravis,2012-03-06 00:46:38+00:00,True,False,False,False
rwburt72,2012-03-06 00:46:38+00:00,True,False,False,False
nymrod_,2012-03-06 00:46:38+00:00,True,False,False,False
battery-at-1-percent,2012-03-06 00:46:38+00:00,True,False,False,False
NathanCejas,2012-03-06 00:46:38+00:00,True,False,False,False
YashDalal,2012-03-06 00:46:38+00:00,True,False,False,False
GreatName,2012-03-06 00:46:38+00:00,True,False,False,False
Squishy-Box,2012-03-06 00:46:38+00:00,True,False,False,False
AJohns9316,2012-03-06 00:46:38+00:00,True,False,False,False
whiteguysky-,2012-03-06 00:46:38+00:00,True,False,False,False
kayzil,2012-03-06 00:46:38+00:00,True,False,False,False
dspneo,2012-03-06 00:46:38+00:00,True,False,False,False
HostileErectile,2012-03-06 00:46:38+00:00,True,False,False,False
BecuzMDsaid,2012-03-06 00:46:38+00:00,True,False,False,False
Hangar94,2012-03-06 00:46:38+00:00,True,False,False,False
Absent_Daddy,2012-03-06 00:46:38+00:00,True,False,False,False
markmywords1347,2012-03-06 00:46:38+00:00,True,False,False,False
MisanthropicAtheist,2012-03-06 00:46:38+00:00,True,False,False,False
Darth_Abhor,2012-03-06 00:46:38+00:00,True,False,False,False
_batata_vada,2012-03-06 00:46:38+00:00,True,False,False,False
TeopEvol,2012-03-06 00:46:38+00:00,True,False,False,False
WaffleKing110,2012-03-06 00:46:38+00:00,True,False,False,False
Stay_Beautiful_,2012-03-06 00:46:38+00:00,True,False,False,False
DispersedAvenger,2012-03-06 00:46:38+00:00,True,False,False,False
VinnyDaBoy,2012-03-06 00:46:38+00:00,True,False,False,False
Taserface616,2012-03-06 00:46:38+00:00,True,False,False,False
Kara-El,2012-03-06 00:46:38+00:00,True,False,False,False
batjake,2012-03-06 00:46:38+00:00,True,False,False,False
JitterySuperCoffee,2012-03-06 00:46:38+00:00,True,False,False,False
Harish-P,2012-03-06 00:46:38+00:00,True,False,False,False
AnoXeo,2012-03-06 00:46:38+00:00,True,False,False,False
I-Post-Sans,2012-03-06 00:46:38+00:00,True,False,False,False
Orto_Dogge,2012-03-06 00:46:38+00:00,True,False,False,False
mrtoon95,2012-03-06 00:46:38+00:00,True,False,False,False
egnaro2007,2012-03-06 00:46:38+00:00,True,False,False,False
EssentialFilms,2012-03-06 00:46:38+00:00,True,False,False,False
L00KA,2012-03-06 00:46:38+00:00,True,False,False,False
CozHex,2012-03-06 00:46:38+00:00,True,False,False,False
Shootzilla,2012-03-06 00:46:38+00:00,True,False,False,False
Arachnolad63,2012-03-06 00:46:38+00:00,True,False,False,False
gh954,2012-03-06 00:46:38+00:00,True,False,False,False
Cole-Spudmoney,2012-03-06 00:46:38+00:00,True,False,False,False
blewf,2012-03-06 00:46:38+00:00,True,False,False,False
Zerce,2012-03-06 00:46:38+00:00,True,False,False,False
stafax,2012-03-06 00:46:38+00:00,True,False,False,False
theburcam,2012-03-06 00:46:38+00:00,True,False,False,False
Salivals,2012-03-06 00:46:38+00:00,True,False,False,False
dudetotalypsn,2012-03-06 00:46:38+00:00,True,False,False,False
TexasGronk,2012-03-06 00:46:38+00:00,True,False,False,False
packhawk2689,2012-03-06 00:46:38+00:00,True,False,False,False
feor1300,2012-03-06 00:46:38+00:00,True,False,False,False
beefwellington1,2012-03-06 00:46:38+00:00,True,False,False,False
wauve1,2012-03-06 00:46:38+00:00,True,False,False,False
CorneredSponge,2012-03-06 00:46:38+00:00,True,False,False,False
SomeOrangeJuice,2012-03-06 00:46:38+00:00,True,False,False,False
mukfuggler,2012-03-06 00:46:38+00:00,True,False,False,False
09171,2012-03-06 00:46:38+00:00,True,False,False,False
cysghost,2012-03-06 00:46:38+00:00,True,False,False,False
chartreuseisnotpink,2012-03-06 00:46:38+00:00,True,False,False,False
august_west_,2012-03-06 00:46:38+00:00,True,False,False,False
glarbung,2012-03-06 00:46:38+00:00,True,False,False,False
Jhonopolis,2012-03-06 00:46:38+00:00,True,False,False,False
Vinnie_Vegas,2012-03-06 00:46:38+00:00,True,False,False,False
yea-alabama,2012-03-06 00:46:38+00:00,True,False,False,False
Giant2005,2012-03-06 00:46:38+00:00,True,False,False,False
Coast_watcher,2012-03-30 22:06:48+00:00,True,False,True,False
PatersonPeterson,2012-03-30 22:06:48+00:00,True,False,True,False
smileysyklops,2012-03-30 22:06:48+00:00,True,False,True,False
mattyboy323,2012-03-30 22:06:48+00:00,True,False,True,False
mxyzptlk1031,2012-03-30 22:06:48+00:00,True,False,True,False
ZuhkirMoltenflare,2012-03-30 22:06:48+00:00,True,False,True,False
Lerychan,2012-03-30 22:06:48+00:00,True,False,True,False
taylor2121,2012-03-30 22:06:48+00:00,True,False,True,False
AcRaider1020,2012-03-30 22:06:48+00:00,True,False,True,False
TheDevilkills,2012-03-30 22:06:48+00:00,True,False,True,False
sadiegoose1377,2012-03-30 22:06:48+00:00,True,False,True,False
jchan500,2012-03-30 22:06:48+00:00,True,False,True,False
oceanuus,2012-03-30 22:06:48+00:00,True,False,True,False
lelianadelrey,2012-03-30 22:06:48+00:00,True,False,True,False
lemjor10,2012-03-30 22:06:48+00:00,True,False,True,False
priyankerrao,2012-03-30 22:06:48+00:00,True,False,True,False
glasszerosp,2012-03-30 22:06:48+00:00,True,False,True,False
SeesawGerrera,2012-03-30 22:06:48+00:00,True,False,True,False
Gentleraptor,2012-03-16 05:29:23+00:00,True,False,False,False
EvlDave,2012-03-16 05:29:23+00:00,True,False,False,False
jwktiger,2012-01-22 05:13:21+00:00,True,False,False,False
Hxcfrog090,2012-01-22 05:13:21+00:00,True,False,False,False
Seand768,2012-01-22 05:13:21+00:00,True,False,False,False
Kochon,2012-01-22 05:13:21+00:00,True,False,False,False
lvera30,2012-01-22 05:13:21+00:00,True,False,False,False
MayhemStark,2012-01-22 05:13:21+00:00,True,False,False,False
livingtheslothlife,2012-01-22 05:13:21+00:00,True,False,False,False
LoliProtector,2012-01-22 05:13:21+00:00,True,False,False,False
Sungirl8,2012-01-22 05:13:21+00:00,True,False,False,False
EnterpriseNCC1701D,2012-01-22 05:13:21+00:00,True,False,False,False
Kthonic,2012-01-22 05:13:21+00:00,True,False,False,False
fuck_you_dylan,2012-01-22 05:13:21+00:00,True,False,False,False
Solraven,2012-01-22 05:13:21+00:00,True,False,False,False
tastypotato,2012-01-22 05:13:21+00:00,True,False,False,False
TheAserghui,2012-01-22 05:13:21+00:00,True,False,False,False
GKnives,2012-01-22 05:13:21+00:00,True,False,False,False
nonamefounder,2012-01-22 05:13:21+00:00,True,False,False,False
amcna,2012-01-22 05:13:21+00:00,True,False,False,False
Whisdeth,2012-01-22 05:13:21+00:00,True,False,False,False
nolandt,2012-01-22 05:13:21+00:00,True,False,False,False
iCoeur285,2012-01-22 05:13:21+00:00,True,False,False,False
halfhere,2012-01-22 05:13:21+00:00,True,False,False,False
jlfan4293,2012-01-22 05:13:21+00:00,True,False,False,False
chang-e_bunny,2012-01-22 05:13:21+00:00,True,False,False,False
MaybeNotMaybeYes,2012-01-22 05:13:21+00:00,True,False,False,False
youallmakemesick420,2012-01-22 05:13:21+00:00,True,False,False,False
CosmicSavage69420,2012-09-20 20:01:52+00:00,True,False,False,False
sharifofsharifcounty,2012-09-20 20:01:52+00:00,True,False,False,False
potato_couch_,2012-09-20 20:01:52+00:00,True,False,False,False
Monarch_Purple,2012-09-20 20:01:52+00:00,True,False,False,False
throwaway48u48282819,2012-09-20 20:01:52+00:00,True,False,False,False
cobra136,2012-09-20 20:01:52+00:00,True,False,False,False
Moral_Gutpunch,2012-09-20 20:01:52+00:00,True,False,False,False
Neo-Shiki,2012-09-20 20:01:52+00:00,True,False,False,False
BobSilverwind,2012-09-20 20:01:52+00:00,True,False,False,False
Chopanero77,2012-09-20 20:01:52+00:00,True,False,False,False
Bullmoninachinashop,2012-09-20 20:01:52+00:00,True,False,False,False
Broonyin,2012-11-11 16:41:49+00:00,True,False,False,False
solaris32,2012-11-11 16:41:49+00:00,True,False,False,False
ezworldwide,2012-10-23 22:42:31+00:00,True,False,True,False
blitzballer,2012-11-08 04:31:52+00:00,False,False,True,False
SwarmOfRats,2012-03-06 00:46:38+00:00,True,False,False,False
DJpunyer53728409,2012-03-06 00:46:38+00:00,True,False,False,False
wonderful_noon,2012-03-06 00:46:38+00:00,True,False,False,False
entertainman,2012-03-06 00:46:38+00:00,True,False,False,False
andejoh,2012-12-27 05:56:31+00:00,True,False,False,False
BrandonCries,2012-12-27 05:56:31+00:00,True,False,False,False
rakfe,2012-06-25 23:50:58+00:00,True,False,True,False
Idkman78,2012-01-22 05:13:21+00:00,True,False,False,False
sapperdefap,2012-02-17 14:17:08+00:00,True,False,True,False
thisisreallystoopid,2012-03-06 00:46:38+00:00,True,False,False,False
v-trigger75,2012-03-30 22:06:48+00:00,True,False,True,False
Ascythian,2012-08-22 04:21:25+00:00,True,False,False,False
beetsrules,2012-09-13 01:33:29+00:00,True,False,False,False
FreeKodak02,2012-09-13 01:33:29+00:00,True,False,False,False
Smex_Addict,2012-09-13 01:33:29+00:00,True,False,False,False
Henezz97,2012-09-13 01:33:29+00:00,True,False,False,False
Laletje,2012-09-13 01:33:29+00:00,True,False,False,False
unradical_radicalist,2012-09-13 01:33:29+00:00,True,False,False,False
jahghoul,2012-11-08 15:46:19+00:00,True,False,False,False
HughJorgens,2012-11-08 15:46:19+00:00,True,False,False,False
KimJongIlSunglasses,2012-11-08 15:46:19+00:00,True,False,False,False
SpaceCowboy58,2012-11-08 15:46:19+00:00,True,False,False,False
RamonaNeopolitano,2012-09-14 07:47:58+00:00,True,False,False,False
IronPenguin11,2012-09-14 07:47:58+00:00,True,False,False,False
Andy83n,2012-09-14 07:47:58+00:00,True,False,False,False
mrmoundshroud,2012-09-14 07:47:58+00:00,True,False,False,False
UnkelRick,2012-09-14 07:47:58+00:00,True,False,False,False
instantred,2012-09-14 07:47:58+00:00,True,False,False,False
iklegemma,2012-07-26 20:06:58+00:00,True,False,False,False
berkadiais,2012-07-26 20:06:58+00:00,True,False,False,False
torqemotea,2012-07-26 20:06:58+00:00,True,False,False,False
WalkOnBikeOn,2012-07-26 20:06:58+00:00,True,False,False,False
feedmefreshavocados,2012-07-26 20:06:58+00:00,True,False,False,False
The-Fruit-cup-Kid,2012-07-26 20:06:58+00:00,True,False,False,False
aapaul,2012-07-26 20:06:58+00:00,True,False,False,False
indygreg71,2012-07-26 20:06:58+00:00,True,False,False,False
-Petricwhore,2012-07-26 20:06:58+00:00,True,False,False,False
Citiyogi,2012-07-26 20:06:58+00:00,True,False,False,False
nancylikestoreddit,2012-07-26 20:06:58+00:00,True,False,False,False
froggysaysno,2012-07-26 20:06:58+00:00,True,False,False,False
Johnathan_wickerino,2012-07-26 20:06:58+00:00,True,False,False,False
marcobattuta,2012-07-26 20:06:58+00:00,True,False,False,False
SarpedonWasFramed,2012-07-26 20:06:58+00:00,True,False,False,False
baumaein,2012-07-26 20:06:58+00:00,True,False,False,False
Comput3rn3rd,2012-07-26 20:06:58+00:00,True,False,False,False
Freckled_Boye,2012-07-26 20:06:58+00:00,True,False,False,False
Cmndr_Duke,2012-07-26 20:06:58+00:00,True,False,False,False
grill_on_bmx,2012-07-26 20:06:58+00:00,True,False,False,False
MovedDiamond3,2012-07-26 20:06:58+00:00,True,False,False,False
the_penis_potato,2012-07-26 20:06:58+00:00,True,False,False,False
TheAssyrianAtheist,2012-07-26 20:06:58+00:00,True,False,False,False
mongooosee,2012-07-26 20:06:58+00:00,True,False,False,False
MassacrisM,2012-07-26 20:06:58+00:00,True,False,False,False
droidrookie,2012-07-26 20:06:58+00:00,True,False,False,False
foxfunk,2012-07-26 20:06:58+00:00,True,False,False,False
Preussensgeneralstab,2012-07-26 20:06:58+00:00,True,False,False,False
jshaultt,2012-07-26 20:06:58+00:00,True,False,False,False
roachman253,2012-07-26 20:06:58+00:00,True,False,False,False
themooseiscool,2012-07-26 20:06:58+00:00,True,False,False,False
BMan239,2012-07-26 20:06:58+00:00,True,False,False,False
fleurjeunes,2012-07-26 20:06:58+00:00,True,False,False,False
Auxios,2012-07-26 20:06:58+00:00,True,False,False,False
Divinknowledge001,2012-07-26 20:06:58+00:00,True,False,False,False
BoobieFaceMcgee,2012-07-26 20:06:58+00:00,True,False,False,False
Jade7437,2012-07-26 20:06:58+00:00,True,False,False,False
MillHall78,2012-07-26 20:06:58+00:00,True,False,False,False
AlBundyShoes,2012-07-26 20:06:58+00:00,True,False,False,False
RoundLakeBoy,2012-07-26 20:06:58+00:00,True,False,False,False
jabbadahood,2012-07-26 20:06:58+00:00,True,False,False,False
superfluousapostroph,2012-07-26 20:06:58+00:00,True,False,False,False
SpicyDragoon93,2012-07-26 20:06:58+00:00,True,False,False,False
veryvesuvius,2012-07-26 20:06:58+00:00,True,False,False,False
deeunitt89,2012-07-26 20:06:58+00:00,True,False,False,False
normal-or-weird,2012-07-26 20:06:58+00:00,True,False,False,False
PhasmaFelis,2012-07-26 20:06:58+00:00,True,False,False,False
theflyingkiwi00,2012-07-26 20:06:58+00:00,True,False,False,False
Cabbage_Hands,2012-07-26 20:06:58+00:00,True,False,False,False
ember69,2012-07-26 20:06:58+00:00,True,False,False,False
nikithb,2012-07-26 20:06:58+00:00,True,False,False,False
sonia72quebec,2012-07-26 20:06:58+00:00,True,False,False,False
sixtyniningchimps,2012-07-26 20:06:58+00:00,True,False,False,False
arlomilano,2012-07-26 20:06:58+00:00,True,False,False,False
deadmen234,2012-07-26 20:06:58+00:00,True,False,False,False
Snakethecharmer,2012-07-26 20:06:58+00:00,True,False,False,False
RedPhalcon,2012-07-26 20:06:58+00:00,True,False,False,False
savemefromme,2012-07-26 20:06:58+00:00,True,False,False,False
sadauntrbn,2012-07-26 20:06:58+00:00,True,False,False,False
SinnexT-T,2012-07-26 20:06:58+00:00,True,False,False,False
oodelay,2012-07-26 20:06:58+00:00,True,False,False,False
He-Wasnt-There,2012-07-26 20:06:58+00:00,True,False,False,False
KairuByte,2012-07-26 20:06:58+00:00,True,False,False,False
theritz6262,2012-07-26 20:06:58+00:00,True,False,False,False
mrstealyotaco22,2012-07-26 20:06:58+00:00,True,False,False,False
Andreiyutzzzz,2012-07-26 20:06:58+00:00,True,False,False,False
Rush7en,2012-07-26 20:06:58+00:00,True,False,False,False
Buderus69,2012-07-26 20:06:58+00:00,True,False,False,False
FitzyII,2012-07-26 20:06:58+00:00,True,False,False,False
_fidel_castro_,2012-07-26 20:06:58+00:00,True,False,False,False
Krynaion,2012-07-26 20:06:58+00:00,True,False,False,False
loeram_,2012-07-26 20:06:58+00:00,True,False,False,False
foolkiller,2012-04-03 17:54:19+00:00,True,False,True,False
haddonhopkins8,2012-04-03 17:54:19+00:00,True,False,True,False
_PUMPKINBOI_,2012-04-03 17:54:19+00:00,True,False,True,False
Fist4achin,2012-04-03 17:54:19+00:00,True,False,True,False
basicdude1991,2012-04-03 17:54:19+00:00,True,False,True,False
StarkweatherRoadTrip,2012-04-03 17:54:19+00:00,True,False,True,False
teejardni,2012-04-03 17:54:19+00:00,True,False,True,False
SnoreBird,2012-04-03 17:54:19+00:00,True,False,True,False
FeltMtn,2012-08-22 04:21:25+00:00,True,False,False,False
GoKaruna,2012-02-27 23:39:33+00:00,True,False,False,False
someonesaysomething,2012-12-15 22:14:41+00:00,False,False,False,False
Multi_Sharp,2012-12-15 22:14:41+00:00,False,False,False,False
abikowalewski,2012-12-15 22:14:41+00:00,False,False,False,False
The_Trekspert,2012-03-30 22:06:48+00:00,True,False,True,False
Namroodeht,2012-03-30 22:06:48+00:00,True,False,True,False
KiaraTallent,2012-03-30 22:06:48+00:00,True,False,True,False
Tpayne007,2012-06-25 23:50:58+00:00,True,False,True,False
opmeg,2012-03-06 00:46:38+00:00,True,False,False,False
Monomon_The_Teacher,2012-08-22 04:21:25+00:00,True,False,False,False
dexterwebn,2012-08-14 02:10:00+00:00,True,False,True,False
OB1KENOB,2012-12-01 01:20:21+00:00,True,False,True,False
TheUglyCasanova,2012-12-01 01:20:21+00:00,True,False,True,False
chefruddy,2012-12-01 01:20:21+00:00,True,False,True,False
RedCedarSavage,2012-12-01 01:20:21+00:00,True,False,True,False
Orichalchem,2012-12-01 01:20:21+00:00,True,False,True,False
dopertaxx,2012-12-01 01:20:21+00:00,True,False,True,False
JakBos23,2012-12-01 01:20:21+00:00,True,False,True,False
TinyMarsupial7622,2012-12-01 01:20:21+00:00,True,False,True,False
ANIM8R42,2012-12-01 01:20:21+00:00,True,False,True,False
williamb100,2012-06-13 23:58:35+00:00,True,False,False,False
allenxexo,2012-06-13 23:58:35+00:00,True,False,False,False
sadkid6,2012-06-13 23:58:35+00:00,True,False,False,False
LordMemerton1,2012-06-13 23:58:35+00:00,True,False,False,False
DeadlyImpulseGaming,2012-06-13 23:58:35+00:00,True,False,False,False
Heyyyyaaaaaaaaincast,2012-06-13 23:58:35+00:00,True,False,False,False
ZoomyRamen,2012-02-22 22:54:40+00:00,True,False,True,False
Aryaisformurder,2012-02-22 22:54:40+00:00,True,False,True,False
Redditorsareallscum,2012-02-22 22:54:40+00:00,True,False,True,False
jordantask,2012-02-22 22:54:40+00:00,True,False,True,False
Coakis,2012-02-22 22:54:40+00:00,True,False,True,False
truestbriton,2012-02-22 22:54:40+00:00,True,False,True,False
theshwa10210,2012-02-22 22:54:40+00:00,True,False,True,False
RedoftheEvilDead,2012-02-22 22:54:40+00:00,True,False,True,False
ChrisFromIT,2012-02-22 22:54:40+00:00,True,False,True,False
c-dy,2012-02-22 22:54:40+00:00,True,False,True,False
ModricTHFC,2012-02-22 22:54:40+00:00,True,False,True,False
iAriana,2012-02-22 22:54:40+00:00,True,False,True,False
Agelmar2,2012-02-22 22:54:40+00:00,True,False,True,False
Romek_himself,2012-02-22 22:54:40+00:00,True,False,True,False
a_small_goat,2012-02-22 22:54:40+00:00,True,False,True,False
rangda,2012-02-22 22:54:40+00:00,True,False,True,False
Dottsterisk,2012-02-22 22:54:40+00:00,True,False,True,False
lookslikesausage,2012-02-22 22:54:40+00:00,True,False,True,False
Bithlord,2012-02-22 22:54:40+00:00,True,False,True,False
newtsheadwound,2012-02-22 22:54:40+00:00,True,False,True,False
WearyMoose307,2012-02-22 22:54:40+00:00,True,False,True,False
BlackShuckChuck,2012-02-22 22:54:40+00:00,True,False,True,False
more-cheese-plz,2012-02-22 22:54:40+00:00,True,False,True,False
-Neeckin-,2012-02-22 22:54:40+00:00,True,False,True,False
kazerniel,2012-02-22 22:54:40+00:00,True,False,True,False
MoreRomanThanRome,2012-02-22 22:54:40+00:00,True,False,True,False
katikaboom,2012-02-22 22:54:40+00:00,True,False,True,False
DaShmoo,2012-02-22 22:54:40+00:00,True,False,True,False
bubbfyq,2012-02-22 22:54:40+00:00,True,False,True,False
pipes_are_calling,2012-02-22 22:54:40+00:00,True,False,True,False
Diligentbear,2012-02-22 22:54:40+00:00,True,False,True,False
y0buba,2012-02-22 22:54:40+00:00,True,False,True,False
Infinite_Number,2012-02-22 22:54:40+00:00,True,False,True,False
TrabbleTrouser,2012-02-22 22:54:40+00:00,True,False,True,False
rawr_rawr_6574,2012-02-22 22:54:40+00:00,True,False,True,False
themajesticdodo,2012-02-22 22:54:40+00:00,True,False,True,False
Scary-Plantain,2012-02-22 22:54:40+00:00,True,False,True,False
YoshFromYsraelDntBan,2012-02-22 22:54:40+00:00,True,False,True,False
simple_mech,2012-02-22 22:54:40+00:00,True,False,True,False
whitneytempest53,2012-02-22 22:54:40+00:00,True,False,True,False
RealCloud3,2012-02-22 22:54:40+00:00,True,False,True,False
Ella_Minnow_Pea_13,2012-02-22 22:54:40+00:00,True,False,True,False
SambaLando,2012-02-22 22:54:40+00:00,True,False,True,False
shanshan444,2012-02-22 22:54:40+00:00,True,False,True,False
GentlemanBeggar54,2012-02-22 22:54:40+00:00,True,False,True,False
Im_a_wet_towel,2012-02-22 22:54:40+00:00,True,False,True,False
krisskrosskreame,2012-02-22 22:54:40+00:00,True,False,True,False
wankthisway,2012-02-22 22:54:40+00:00,True,False,True,False
BigFishInYourButt,2012-02-22 22:54:40+00:00,True,False,True,False
Ml9989,2012-02-22 22:54:40+00:00,True,False,True,False
DogsRNice,2012-02-22 22:54:40+00:00,True,False,True,False
HollandJim,2012-02-22 22:54:40+00:00,True,False,True,False
Masterchefpetyofficr,2012-02-22 22:54:40+00:00,True,False,True,False
EmeraldJunkie,2012-02-22 22:54:40+00:00,True,False,True,False
ytivarg18,2012-02-22 22:54:40+00:00,True,False,True,False
Efren_John,2012-02-22 22:54:40+00:00,True,False,True,False
greg225,2012-02-22 22:54:40+00:00,True,False,True,False
umaenomi,2012-02-22 22:54:40+00:00,True,False,True,False
serigraphtea,2012-02-22 22:54:40+00:00,True,False,True,False
Som12H8,2012-02-22 22:54:40+00:00,True,False,True,False
ChrissiTea,2012-02-22 22:54:40+00:00,True,False,True,False
400asa,2012-02-22 22:54:40+00:00,True,False,True,False
_R3DZ,2012-02-22 22:54:40+00:00,True,False,True,False
mrwhitedynamite,2012-02-22 22:54:40+00:00,True,False,True,False
West-Painter,2012-02-22 22:54:40+00:00,True,False,True,False
atomicpenguin12,2012-12-31 21:55:59+00:00,True,False,True,False
marsman333,2012-08-26 15:21:19+00:00,True,False,False,False
KaliTheCat,2012-03-13 15:19:56+00:00,True,False,True,False
DMHshadow,2012-04-22 00:15:41+00:00,True,False,True,False
Wookieewomble,2012-01-22 05:13:21+00:00,True,False,False,False
amphibiousParakeet,2012-01-22 05:13:21+00:00,True,False,False,False
PopCultureNerd,2012-01-22 05:13:21+00:00,True,False,False,False
ECrispy,2012-09-11 18:23:56+00:00,True,False,False,False
Mikiroony,2012-09-11 18:23:56+00:00,True,False,False,False
gwhh,2012-09-11 18:23:56+00:00,True,False,False,False
RopeTuned,2012-09-11 18:23:56+00:00,True,False,False,False
Marquetan,2012-07-10 04:07:38+00:00,False,False,False,False
UltraMagnus0001,2012-01-25 22:06:22+00:00,True,False,False,False
MrShaytoon,2012-01-25 22:06:22+00:00,True,False,False,False
slartybartfast6,2012-01-25 22:06:22+00:00,True,False,False,False
Ih8livernonions,2012-01-25 22:06:22+00:00,True,False,False,False
namesarehardhalp,2012-01-25 22:06:22+00:00,True,False,False,False
pineapplesnmangoes,2012-01-25 22:06:22+00:00,True,False,False,False
DCCaddy,2012-01-25 22:06:22+00:00,True,False,False,False
tashera,2012-01-25 22:06:22+00:00,True,False,False,False
JimboFett87,2012-01-25 22:06:22+00:00,True,False,False,False
MidwesternCasserole,2012-01-25 22:06:22+00:00,True,False,False,False
luri7555,2012-01-25 22:06:22+00:00,True,False,False,False
masterkenobi,2012-01-25 22:06:22+00:00,True,False,False,False
merupu8352,2012-01-25 22:06:22+00:00,True,False,False,False
slim_scsi,2012-01-25 22:06:22+00:00,True,False,False,False
graison,2012-01-25 22:06:22+00:00,True,False,False,False
leo_cor63,2012-01-25 22:06:22+00:00,True,False,False,False
n80r,2012-01-25 22:06:22+00:00,True,False,False,False
FeuFighter,2012-01-25 22:06:22+00:00,True,False,False,False
ekhogayehumaurtum,2012-01-25 22:06:22+00:00,True,False,False,False
f__theking,2012-01-25 22:06:22+00:00,True,False,False,False
kellymar,2012-01-25 22:06:22+00:00,True,False,False,False
DJBJD-the-3rd,2012-01-25 22:06:22+00:00,True,False,False,False
derekthedeadite,2012-01-25 22:06:22+00:00,True,False,False,False
Alamagoozlum,2012-01-25 22:06:22+00:00,True,False,False,False
IcedLagoon,2012-01-25 22:06:22+00:00,True,False,False,False
Cutt42,2012-01-25 22:06:22+00:00,True,False,False,False
MileenaisShit,2012-01-25 22:06:22+00:00,True,False,False,False
yukumizu,2012-01-25 22:06:22+00:00,True,False,False,False
coxykitten923,2012-01-25 22:06:22+00:00,True,False,False,False
angryclam1313,2012-01-25 22:06:22+00:00,True,False,False,False
Decafhouse,2012-01-25 22:06:22+00:00,True,False,False,False
polkakween,2012-01-25 22:06:22+00:00,True,False,False,False
Thatsoivetrussian,2012-01-25 22:06:22+00:00,True,False,False,False
anotherotherbrick,2012-01-25 22:06:22+00:00,True,False,False,False
RedN0va,2012-01-25 22:06:22+00:00,True,False,False,False
uncleclifford,2012-01-25 22:06:22+00:00,True,False,False,False
Austiny1,2012-01-25 22:06:22+00:00,True,False,False,False
rysker6,2012-01-25 22:06:22+00:00,True,False,False,False
1nv1s1blek1d,2012-01-25 22:06:22+00:00,True,False,False,False
SWGOH-E,2012-01-25 22:06:22+00:00,True,False,False,False
Luck3y-P0rk,2012-01-25 22:06:22+00:00,True,False,False,False
radio_yyz,2012-01-25 22:06:22+00:00,True,False,False,False
eddieswiss,2012-01-25 22:06:22+00:00,True,False,False,False
Tyrannapus,2012-01-25 22:06:22+00:00,True,False,False,False
Arinoch,2012-01-25 22:06:22+00:00,True,False,False,False
Peachmuffin91,2012-01-25 22:06:22+00:00,True,False,False,False
BitterFaithlessness,2012-01-25 22:06:22+00:00,True,False,False,False
RedKings1028,2012-01-25 22:06:22+00:00,True,False,False,False
BlouHat,2012-01-25 22:06:22+00:00,True,False,False,False
TheAmazingSpyder,2012-01-25 22:06:22+00:00,True,False,False,False
reptilekate,2012-01-25 22:06:22+00:00,True,False,False,False
OrangeInDaOvalOffice,2012-01-25 22:06:22+00:00,True,False,False,False
keepmyshirt,2012-01-25 22:06:22+00:00,True,False,False,False
burgertronics,2012-01-25 22:06:22+00:00,True,False,False,False
machlangsam,2012-01-25 22:06:22+00:00,True,False,False,False
GrimG4ming,2012-01-25 22:06:22+00:00,True,False,False,False
brainDontKillMyVibe,2012-01-25 22:06:22+00:00,True,False,False,False
Blazedhobo,2012-01-25 22:06:22+00:00,True,False,False,False
Caliveggie,2012-01-25 22:06:22+00:00,True,False,False,False
Jackniferuby,2012-01-25 22:06:22+00:00,True,False,False,False
jeffdavis34,2012-01-25 22:06:22+00:00,True,False,False,False
rogeeeefan,2012-01-25 22:06:22+00:00,True,False,False,False
FearTheV,2012-01-25 22:06:22+00:00,True,False,False,False
Robjla,2012-01-25 22:06:22+00:00,True,False,False,False
LogicIsDead22,2012-01-25 22:06:22+00:00,True,False,False,False
Kato-Hotep,2012-01-25 22:06:22+00:00,True,False,False,False
Infinite077,2012-01-25 22:06:22+00:00,True,False,False,False
La_mortXii,2012-01-25 22:06:22+00:00,True,False,False,False
bigwebs,2012-01-25 22:06:22+00:00,True,False,False,False
DonDove,2012-01-25 22:06:22+00:00,True,False,False,False
External_Philosopher,2012-01-25 22:06:22+00:00,True,False,False,False
Pktur3,2012-01-25 22:06:22+00:00,True,False,False,False
Dob_Tannochy,2012-01-25 22:06:22+00:00,True,False,False,False
zelffawynnhojeht,2012-01-25 22:06:22+00:00,True,False,False,False
Avestrial,2012-01-25 22:06:22+00:00,True,False,False,False
meece2010,2012-01-25 22:06:22+00:00,True,False,False,False
Hellvell2255,2012-01-25 22:06:22+00:00,True,False,False,False
PerpetualClockwork,2012-01-25 22:06:22+00:00,True,False,False,False
KevinKhan3000,2012-01-25 22:06:22+00:00,True,False,False,False
nedstarknaked,2012-01-25 22:06:22+00:00,True,False,False,False
NinjaVanLife,2012-01-25 22:06:22+00:00,True,False,False,False
HerPaintedMan,2012-01-25 22:06:22+00:00,True,False,False,False
Elony27,2012-01-25 22:06:22+00:00,True,False,False,False
MagicMarshmelllow,2012-01-25 22:06:22+00:00,True,False,False,False
injary,2012-01-25 22:06:22+00:00,True,False,False,False
racoongirl0,2012-01-25 22:06:22+00:00,True,False,False,False
plaidhippo,2012-01-25 22:06:22+00:00,True,False,False,False
kobie,2012-01-25 22:06:22+00:00,True,False,False,False
anus-lupus,2012-01-25 22:06:22+00:00,True,False,False,False
Street_Angle4356,2012-01-25 22:06:22+00:00,True,False,False,False
EngiNik,2012-01-25 22:06:22+00:00,True,False,False,False
Linubidix,2012-01-25 22:06:22+00:00,True,False,False,False
MarbleMemes,2012-01-25 22:06:22+00:00,True,False,False,False
Danger3214,2012-01-25 22:06:22+00:00,True,False,False,False
Beanmybag112,2012-01-25 22:06:22+00:00,True,False,False,False
atheoncrutch,2012-01-25 22:06:22+00:00,True,False,False,False
Rockhardsimian,2012-01-25 22:06:22+00:00,True,False,False,False
Noshotskill,2012-01-25 22:06:22+00:00,True,False,False,False
Plmr87,2012-01-25 22:06:22+00:00,True,False,False,False
clownpenks,2012-01-25 22:06:22+00:00,True,False,False,False
Vinny_Gambini_Esq,2012-01-25 22:06:22+00:00,True,False,False,False
huggles7,2012-01-25 22:06:22+00:00,True,False,False,False
VoodooGrip,2012-01-25 22:06:22+00:00,True,False,False,False
MagicShoe,2012-01-25 22:06:22+00:00,True,False,False,False
Rainbowsupercat,2012-01-25 22:06:22+00:00,True,False,False,False
littlebear_blackfoot,2012-01-25 22:06:22+00:00,True,False,False,False
Salt_Restaurant_7820,2012-01-25 22:06:22+00:00,True,False,False,False
Buford1991,2012-01-25 22:06:22+00:00,True,False,False,False
StuffMyCrust69,2012-01-25 22:06:22+00:00,True,False,False,False
JokerDied2Day,2012-01-25 22:06:22+00:00,True,False,False,False
k20stitch_tv,2012-01-25 22:06:22+00:00,True,False,False,False
Colorsncaffeine,2012-01-25 22:06:22+00:00,True,False,False,False
Patzyjo,2012-01-25 22:06:22+00:00,True,False,False,False
HellyHailey,2012-01-25 22:06:22+00:00,True,False,False,False
PastelPirate,2012-01-25 22:06:22+00:00,True,False,False,False
Arzada88,2012-01-25 22:06:22+00:00,True,False,False,False
coastermike66,2012-01-25 22:06:22+00:00,True,False,False,False
GoodTimesToRemember,2012-01-25 22:06:22+00:00,True,False,False,False
HotlineBirdman,2012-01-25 22:06:22+00:00,True,False,False,False
pillowofdark,2012-01-25 22:06:22+00:00,True,False,False,False
justsomeguy628,2012-01-25 22:06:22+00:00,True,False,False,False
sirbobbledoonary,2012-01-25 22:06:22+00:00,True,False,False,False
dontthinkaboutitaton,2012-01-25 22:06:22+00:00,True,False,False,False
deltrontraverse,2012-01-25 22:06:22+00:00,True,False,False,False
btmvideos37,2012-01-25 22:06:22+00:00,True,False,False,False
EzeeT23,2012-01-25 22:06:22+00:00,True,False,False,False
xenoz2020,2012-01-25 22:06:22+00:00,True,False,False,False
Dark_Vengence,2012-01-25 22:06:22+00:00,True,False,False,False
Outlawzzzz,2012-01-25 22:06:22+00:00,True,False,False,False
The_Reject_,2012-01-25 22:06:22+00:00,True,False,False,False
Xurde90,2012-01-25 22:06:22+00:00,True,False,False,False
Thundernlightning20,2012-01-25 22:06:22+00:00,True,False,False,False
Realistic_illusions,2012-01-25 22:06:22+00:00,True,False,False,False
AedanRoberts,2012-01-25 22:06:22+00:00,True,False,False,False
NoDryHands,2012-01-25 22:06:22+00:00,True,False,False,False
idcwtfsmd,2012-01-25 22:06:22+00:00,True,False,False,False
happy_lechuga,2012-01-25 22:06:22+00:00,True,False,False,False
TheLoneGoon,2012-01-25 22:06:22+00:00,True,False,False,False
psg2146,2012-01-25 22:06:22+00:00,True,False,False,False
Vigorously_Swish,2012-01-25 22:06:22+00:00,True,False,False,False
HesterNi,2012-01-25 22:06:22+00:00,True,False,False,False
Daywalker2000,2012-01-25 22:06:22+00:00,True,False,False,False
Flech12,2012-01-25 22:06:22+00:00,True,False,False,False
chordfinder1357,2012-01-25 22:06:22+00:00,True,False,False,False
pappapora,2012-01-25 22:06:22+00:00,True,False,False,False
doyouunderstandlife,2012-01-25 22:06:22+00:00,True,False,False,False
doriftar,2012-01-25 22:06:22+00:00,True,False,False,False
ThatOneDudeWithAName,2012-01-25 22:06:22+00:00,True,False,False,False
Greenmoutain,2012-01-25 22:06:22+00:00,True,False,False,False
fazawood81,2012-01-25 22:06:22+00:00,True,False,False,False
sray1701,2012-01-25 22:06:22+00:00,True,False,False,False
whyamIonly5fttall,2012-01-25 22:06:22+00:00,True,False,False,False
TheRealAnnaBanana,2012-01-25 22:06:22+00:00,True,False,False,False
link6981,2012-01-25 22:06:22+00:00,True,False,False,False
SkillFullyNotTrue,2012-01-25 22:06:22+00:00,True,False,False,False
Barristan-the-Bold,2012-01-25 22:06:22+00:00,True,False,False,False
yunibyte,2012-01-25 22:06:22+00:00,True,False,False,False
tajudson,2012-01-25 22:06:22+00:00,True,False,False,False
Count_Joshoo,2012-01-25 22:06:22+00:00,True,False,False,False
falsruletheworld,2012-01-25 22:06:22+00:00,True,False,False,False
theliminalwitch,2012-01-25 22:06:22+00:00,True,False,False,False
zetnas9,2012-01-25 22:06:22+00:00,True,False,False,False
three_shakes,2012-01-25 22:06:22+00:00,True,False,False,False
BagOfDeath,2012-01-25 22:06:22+00:00,True,False,False,False
Worxforme,2012-01-25 22:06:22+00:00,True,False,False,False
omegansmiles,2012-01-25 22:06:22+00:00,True,False,False,False
Majortx,2012-01-25 22:06:22+00:00,True,False,False,False
zuriyan,2012-01-25 22:06:22+00:00,True,False,False,False
Kingzton28,2012-01-25 22:06:22+00:00,True,False,False,False
ghostface_vanilla,2012-01-25 22:06:22+00:00,True,False,False,False
bergojr,2012-01-25 22:06:22+00:00,True,False,False,False
rpotty,2012-01-25 22:06:22+00:00,True,False,False,False
RogueLeaderJ,2012-01-25 22:06:22+00:00,True,False,False,False
molotovzav,2012-01-25 22:06:22+00:00,True,False,False,False
Fernshavefeelingstoo,2012-01-25 22:06:22+00:00,True,False,False,False
duTemplar,2012-01-25 22:06:22+00:00,True,False,False,False
xaraphyn,2012-01-25 22:06:22+00:00,True,False,False,False
WhackOnWaxOff,2012-01-25 22:06:22+00:00,True,False,False,False
Alauren2,2012-01-25 22:06:22+00:00,True,False,False,False
jackstripes213,2012-01-25 22:06:22+00:00,True,False,False,False
aLoserOfASon,2012-01-25 22:06:22+00:00,True,False,False,False
Ampersand17,2012-01-25 22:06:22+00:00,True,False,False,False
Chelonia_mydas,2012-01-25 22:06:22+00:00,True,False,False,False
sirenesea,2012-01-25 22:06:22+00:00,True,False,False,False
Dman_Vancity,2012-01-25 22:06:22+00:00,True,False,False,False
Laying_PipeNYC,2012-01-25 22:06:22+00:00,True,False,False,False
Frogsmom69,2012-01-25 22:06:22+00:00,True,False,False,False
tacotimes01,2012-01-25 22:06:22+00:00,True,False,False,False
24556001895,2012-01-25 22:06:22+00:00,True,False,False,False
Johnny_Fuckface,2012-01-25 22:06:22+00:00,True,False,False,False
nochtorealy,2012-01-25 22:06:22+00:00,True,False,False,False
gnrp45,2012-01-25 22:06:22+00:00,True,False,False,False
hotstepperog,2012-01-25 22:06:22+00:00,True,False,False,False
blowhardV2,2012-01-25 22:06:22+00:00,True,False,False,False
pizza_nightmare,2012-01-25 22:06:22+00:00,True,False,False,False
foodog1234,2012-01-25 22:06:22+00:00,True,False,False,False
ko_fe_a_spot,2012-01-25 22:06:22+00:00,True,False,False,False
mqrocks,2012-01-25 22:06:22+00:00,True,False,False,False
putting-,2012-01-25 22:06:22+00:00,True,False,False,False
Jcwinger14,2012-01-25 22:06:22+00:00,True,False,False,False
Slimer6,2012-01-25 22:06:22+00:00,True,False,False,False
blowqueen,2012-01-25 22:06:22+00:00,True,False,False,False
howlowcanshego,2012-01-25 22:06:22+00:00,True,False,False,False
one-zero-five,2012-01-25 22:06:22+00:00,True,False,False,False
SnowBurns,2012-01-25 22:06:22+00:00,True,False,False,False
kbean826,2012-01-25 22:06:22+00:00,True,False,False,False
Jonesgrieves,2012-01-25 22:06:22+00:00,True,False,False,False
MadroxKran,2012-01-25 22:06:22+00:00,True,False,False,False
smokeandedge,2012-01-25 22:06:22+00:00,True,False,False,False
Ton8or,2012-01-25 22:06:22+00:00,True,False,False,False
HappycatAF,2012-01-25 22:06:22+00:00,True,False,False,False
Penya23,2012-01-25 22:06:22+00:00,True,False,False,False
InquisitorCOC,2012-01-25 22:06:22+00:00,True,False,False,False
SixtyForceDemon,2012-01-25 22:06:22+00:00,True,False,False,False
melbbear,2012-01-25 22:06:22+00:00,True,False,False,False
pattylupone,2012-01-25 22:06:22+00:00,True,False,False,False
kindcannabal,2012-01-25 22:06:22+00:00,True,False,False,False
Yeti-Rampage,2012-01-25 22:06:22+00:00,True,False,False,False
Devilsdance,2012-01-25 22:06:22+00:00,True,False,False,False
DrMonkeyLove,2012-01-25 22:06:22+00:00,True,False,False,False
TooMuchRope,2012-01-25 22:06:22+00:00,True,False,False,False
Spikeymikey5050,2012-01-25 22:06:22+00:00,True,False,False,False
Olliebkl,2012-01-25 22:06:22+00:00,True,False,False,False
Weaponxclaws6,2012-01-25 22:06:22+00:00,True,False,False,False
Mick_Money,2012-01-25 22:06:22+00:00,True,False,False,False
YT-Deliveries,2012-01-25 22:06:22+00:00,True,False,False,False
thirtyand03,2012-01-25 22:06:22+00:00,True,False,False,False
stardorsdash,2012-01-25 22:06:22+00:00,True,False,False,False
Pinklady1313,2012-01-25 22:06:22+00:00,True,False,False,False
WileEPeyote,2012-01-25 22:06:22+00:00,True,False,False,False
TaskForceCausality,2012-01-25 22:06:22+00:00,True,False,False,False
drunkentoaster,2012-01-25 22:06:22+00:00,True,False,False,False
fiveainone,2012-01-25 22:06:22+00:00,True,False,False,False
TrashTongueTalker,2012-01-25 22:06:22+00:00,True,False,False,False
Kinetic_Strike,2012-01-25 22:06:22+00:00,True,False,False,False
High5Time,2012-01-25 22:06:22+00:00,True,False,False,False
DangerousRiver9,2012-01-25 22:06:22+00:00,True,False,False,False
Mitzi_811,2012-01-25 22:06:22+00:00,True,False,False,False
chunbelievable,2012-01-25 22:06:22+00:00,True,False,False,False
uberhanzi,2012-01-25 22:06:22+00:00,True,False,False,False
ArceusDamnIt,2012-01-25 22:06:22+00:00,True,False,False,False
jenacious,2012-01-25 22:06:22+00:00,True,False,False,False
Bigdaddydiesell,2012-01-25 22:06:22+00:00,True,False,False,False
smoothness69,2012-01-25 22:06:22+00:00,True,False,False,False
11th_Doctor1832,2012-01-25 22:06:22+00:00,True,False,False,False
N3RF-TH1S,2012-01-25 22:06:22+00:00,True,False,False,False
danamo219,2012-01-25 22:06:22+00:00,True,False,False,False
IrritatedandHungry,2012-01-25 22:06:22+00:00,True,False,False,False
SiegeGod31,2012-01-25 22:06:22+00:00,True,False,False,False
TheProlleyTroblem,2012-01-25 22:06:22+00:00,True,False,False,False
the_amac,2012-01-25 22:06:22+00:00,True,False,False,False
ZJL1986,2012-01-25 22:06:22+00:00,True,False,False,False
clovesmcgee,2012-01-25 22:06:22+00:00,True,False,False,False
flamingoshoess,2012-01-25 22:06:22+00:00,True,False,False,False
righteous_fool,2012-01-25 22:06:22+00:00,True,False,False,False
Pattches_Ohoulihan,2012-01-25 22:06:22+00:00,True,False,False,False
StepW0n,2012-01-25 22:06:22+00:00,True,False,False,False
achillea666,2012-01-25 22:06:22+00:00,True,False,False,False
TheSparkHasRisen,2012-01-25 22:06:22+00:00,True,False,False,False
windyorbits,2012-01-25 22:06:22+00:00,True,False,False,False
wuurms,2012-01-25 22:06:22+00:00,True,False,False,False
ImperatorDanny,2012-01-25 22:06:22+00:00,True,False,False,False
LongNectarine3,2012-01-25 22:06:22+00:00,True,False,False,False
MySockHurts,2012-01-25 22:06:22+00:00,True,False,False,False
vinnbarr,2012-01-25 22:06:22+00:00,True,False,False,False
Go_Puck_Yourself-,2012-01-25 22:06:22+00:00,True,False,False,False
shmere4,2012-01-25 22:06:22+00:00,True,False,False,False
CruzAderjc,2012-01-25 22:06:22+00:00,True,False,False,False
_WhatShesHaving_,2012-01-25 22:06:22+00:00,True,False,False,False
Thesuppressivepeople,2012-01-25 22:06:22+00:00,True,False,False,False
orange_jooze,2012-01-25 22:06:22+00:00,True,False,False,False
hdwil6fj,2012-01-25 22:06:22+00:00,True,False,False,False
becausethegays,2012-01-25 22:06:22+00:00,True,False,False,False
fermafone,2012-01-25 22:06:22+00:00,True,False,False,False
KushChowda,2012-01-25 22:06:22+00:00,True,False,False,False
DoctorSchwifty,2012-01-25 22:06:22+00:00,True,False,False,False
El_Superbeasto76,2012-01-25 22:06:22+00:00,True,False,False,False
Standardeviation2,2012-01-25 22:06:22+00:00,True,False,False,False
richard-bachman,2012-01-25 22:06:22+00:00,True,False,False,False
11summers,2012-01-25 22:06:22+00:00,True,False,False,False
cimson-otter,2012-01-25 22:06:22+00:00,True,False,False,False
coloradoblue84,2012-01-25 22:06:22+00:00,True,False,False,False
DonnyMox,2012-01-25 22:06:22+00:00,True,False,False,False
Stompydingdong,2012-01-25 22:06:22+00:00,True,False,False,False
JessicaDAndy,2012-01-25 22:06:22+00:00,True,False,False,False
Think_try_fail_drink,2012-01-25 22:06:22+00:00,True,False,False,False
Ollylolz,2012-01-25 22:06:22+00:00,True,False,False,False
TrapHitler,2012-01-25 22:06:22+00:00,True,False,False,False
FigaroNeptune,2012-01-25 22:06:22+00:00,True,False,False,False
a_guy_named_gai,2012-01-25 22:06:22+00:00,True,False,False,False
the_idle_puffin,2012-01-25 22:06:22+00:00,True,False,False,False
gostesven,2012-01-25 22:06:22+00:00,True,False,False,False
EasyRider888,2012-01-25 22:06:22+00:00,True,False,False,False
ScroogeMcDuckII,2012-01-25 22:06:22+00:00,True,False,False,False
ChainsawSuperman,2012-01-25 22:06:22+00:00,True,False,False,False
PowerThirsty1,2012-01-25 22:06:22+00:00,True,False,False,False
pass_nthru,2012-01-25 22:06:22+00:00,True,False,False,False
bunivasal,2012-01-25 22:06:22+00:00,True,False,False,False
beeleegeez,2012-01-25 22:06:22+00:00,True,False,False,False
Just_Some_Sone,2012-01-25 22:06:22+00:00,True,False,False,False
NapalmBank,2012-01-25 22:06:22+00:00,True,False,False,False
C1ickityC1ack,2012-01-25 22:06:22+00:00,True,False,False,False
BootyDoISeeYou,2012-01-25 22:06:22+00:00,True,False,False,False
Jaambie,2012-01-25 22:06:22+00:00,True,False,False,False
humanRR,2012-01-25 22:06:22+00:00,True,False,False,False
kiddokush,2012-01-25 22:06:22+00:00,True,False,False,False
i_say_potato_,2012-01-25 22:06:22+00:00,True,False,False,False
dizzy_hafaadai,2012-01-25 22:06:22+00:00,True,False,False,False
FilmGamerOne,2012-01-25 22:06:22+00:00,True,False,False,False
Technical-Post,2012-01-25 22:06:22+00:00,True,False,False,False
sheldonhatred,2012-01-25 22:06:22+00:00,True,False,False,False
lebean,2012-01-25 22:06:22+00:00,True,False,False,False
Sadsh,2012-01-25 22:06:22+00:00,True,False,False,False
silveriomchris,2012-01-25 22:06:22+00:00,True,False,False,False
N4hire,2012-01-25 22:06:22+00:00,True,False,False,False
HunterTV,2012-01-25 22:06:22+00:00,True,False,False,False
Deadeadoe,2012-01-25 22:06:22+00:00,True,False,False,False
nitr0zeus133,2012-01-25 22:06:22+00:00,True,False,False,False
NicolaOfHouseLeonard,2012-01-25 22:06:22+00:00,True,False,False,False
1live4downvotes,2012-01-25 22:06:22+00:00,True,False,False,False
GD_Bats,2012-01-25 22:06:22+00:00,True,False,False,False
royrogersmcfreely3,2012-01-25 22:06:22+00:00,True,False,False,False
ultravioletblueberry,2012-01-25 22:06:22+00:00,True,False,False,False
gkama,2012-01-25 22:06:22+00:00,True,False,False,False
TautSexyElfKing,2012-01-25 22:06:22+00:00,True,False,False,False
flipflop180,2012-01-25 22:06:22+00:00,True,False,False,False
slurpycow112,2012-01-25 22:06:22+00:00,True,False,False,False
Joker2486,2012-01-25 22:06:22+00:00,True,False,False,False
VladTheImpalerVEVO,2012-01-25 22:06:22+00:00,True,False,False,False
benv138,2012-01-25 22:06:22+00:00,True,False,False,False
clam_media,2012-01-25 22:06:22+00:00,True,False,False,False
Hungry_Horace,2012-01-25 22:06:22+00:00,True,False,False,False
cycophuk,2012-01-25 22:06:22+00:00,True,False,False,False
ancatulai,2012-01-25 22:06:22+00:00,True,False,False,False
T8BG,2012-01-25 22:06:22+00:00,True,False,False,False
GokuDeEndou111,2012-01-25 22:06:22+00:00,True,False,False,False
cbrown1282,2012-01-25 22:06:22+00:00,True,False,False,False
muchosgregos,2012-01-25 22:06:22+00:00,True,False,False,False
octosloppy,2012-01-25 22:06:22+00:00,True,False,False,False
Macdui90,2012-01-25 22:06:22+00:00,True,False,False,False
Jay-Arr10,2012-01-25 22:06:22+00:00,True,False,False,False
I-mean-maybe,2012-01-25 22:06:22+00:00,True,False,False,False
stereonmymind,2012-01-25 22:06:22+00:00,True,False,False,False
Stix85,2012-01-25 22:06:22+00:00,True,False,False,False
brad__staple721,2012-01-25 22:06:22+00:00,True,False,False,False
MechaJerkzilla,2012-01-25 22:06:22+00:00,True,False,False,False
Funkybeatzzz,2012-01-25 22:06:22+00:00,True,False,False,False
TheDorkMan,2012-01-25 22:06:22+00:00,True,False,False,False
campfirecamouflage,2012-01-25 22:06:22+00:00,True,False,False,False
jokekiller94,2012-01-25 22:06:22+00:00,True,False,False,False
FrankLagoose,2012-01-25 22:06:22+00:00,True,False,False,False
6etsh1tdone,2012-01-25 22:06:22+00:00,True,False,False,False
chagai_soda,2012-01-25 22:06:22+00:00,True,False,False,False
Roguespiffy,2012-01-25 22:06:22+00:00,True,False,False,False
aunty-kelly,2012-01-25 22:06:22+00:00,True,False,False,False
NatrenSR1,2012-01-25 22:06:22+00:00,True,False,False,False
QuantumHope,2012-01-25 22:06:22+00:00,True,False,False,False
HoodaThunkett,2012-01-25 22:06:22+00:00,True,False,False,False
KannNixFinden,2012-01-25 22:06:22+00:00,True,False,False,False
SeeMyGrind,2012-01-25 22:06:22+00:00,True,False,False,False
bookoocash,2012-01-25 22:06:22+00:00,True,False,False,False
SD_TMI,2012-01-25 22:06:22+00:00,True,False,False,False
geaster,2012-01-25 22:06:22+00:00,True,False,False,False
DarkHelmetsCoffee,2012-01-25 22:06:22+00:00,True,False,False,False
sixtus_clegane119,2012-01-25 22:06:22+00:00,True,False,False,False
zootskippedagroove6,2012-01-25 22:06:22+00:00,True,False,False,False
Lackerbawls,2012-01-25 22:06:22+00:00,True,False,False,False
Sarothias,2012-01-25 22:06:22+00:00,True,False,False,False
feistymeista,2012-01-25 22:06:22+00:00,True,False,False,False
roachstr0099,2012-01-25 22:06:22+00:00,True,False,False,False
TheRoguedOne,2012-01-25 22:06:22+00:00,True,False,False,False
defiance211,2012-01-25 22:06:22+00:00,True,False,False,False
RessertD-nickert,2012-01-25 22:06:22+00:00,True,False,False,False
trip-city,2012-01-25 22:06:22+00:00,True,False,False,False
bakakon1,2012-01-25 22:06:22+00:00,True,False,False,False
LuisAyala83,2012-01-25 22:06:22+00:00,True,False,False,False
WhoriaEstafan,2012-01-25 22:06:22+00:00,True,False,False,False
green_velvet_goodies,2012-01-25 22:06:22+00:00,True,False,False,False
n7ght,2012-01-25 22:06:22+00:00,True,False,False,False
casual_creator,2012-01-25 22:06:22+00:00,True,False,False,False
Jumpman_234599,2012-01-25 22:06:22+00:00,True,False,False,False
vin1223,2012-01-25 22:06:22+00:00,True,False,False,False
Pablo_Sanchez1,2012-01-25 22:06:22+00:00,True,False,False,False
blacknight137,2012-01-25 22:06:22+00:00,True,False,False,False
GlutenFreeBlumpkin,2012-01-25 22:06:22+00:00,True,False,False,False
ZellNorth,2012-01-25 22:06:22+00:00,True,False,False,False
LogicalyetUnpopular,2012-01-25 22:06:22+00:00,True,False,False,False
KiloCharlieOne,2012-01-25 22:06:22+00:00,True,False,False,False
EsotericGroan,2012-01-25 22:06:22+00:00,True,False,False,False
Silent_Palpatine,2012-01-25 22:06:22+00:00,True,False,False,False
thefakemexoxo,2012-01-25 22:06:22+00:00,True,False,False,False
The-Princess-Panties,2012-01-25 22:06:22+00:00,True,False,False,False
JamesIsAnger,2012-01-25 22:06:22+00:00,True,False,False,False
overly_curious_cat,2012-01-25 22:06:22+00:00,True,False,False,False
jspins,2012-01-25 22:06:22+00:00,True,False,False,False
TheQuadBlazer,2012-01-25 22:06:22+00:00,True,False,False,False
imacatnamedsteve,2012-01-25 22:06:22+00:00,True,False,False,False
IsThisLegitTho,2012-01-25 22:06:22+00:00,True,False,False,False
dbx99,2012-01-25 22:06:22+00:00,True,False,False,False
Hello_Im_Matty,2012-01-25 22:06:22+00:00,True,False,False,False
Tarzan_OIC,2012-01-25 22:06:22+00:00,True,False,False,False
mcfarrow,2012-01-25 22:06:22+00:00,True,False,False,False
morbidaar,2012-01-25 22:06:22+00:00,True,False,False,False
someonesgranpa,2012-01-25 22:06:22+00:00,True,False,False,False
Youknowmeasmax87,2012-01-25 22:06:22+00:00,True,False,False,False
thesecoloursdontrun,2012-01-25 22:06:22+00:00,True,False,False,False
Shebazz,2012-01-25 22:06:22+00:00,True,False,False,False
HEAVEN_OR_HECK,2012-07-27 18:31:49+00:00,True,False,False,False
SiriusWolf,2012-07-27 18:31:49+00:00,True,False,False,False
lingdingwhoopy,2012-07-27 18:31:49+00:00,True,False,False,False
trylobyte,2012-07-27 18:31:49+00:00,True,False,False,False
IAmBatman412,2012-07-27 18:31:49+00:00,True,False,False,False
Singer211,2012-07-27 18:31:49+00:00,True,False,False,False
heybuddyitsme,2012-07-27 18:31:49+00:00,True,False,False,False
aduong,2012-07-27 18:31:49+00:00,True,False,False,False
No_Surround_9471,2012-07-27 18:31:49+00:00,True,False,False,False
Cockycent,2012-07-27 18:31:49+00:00,True,False,False,False
mat-chow,2012-07-27 18:31:49+00:00,True,False,False,False
deejaysmithsonian,2012-07-27 18:31:49+00:00,True,False,False,False
windwalker77,2012-07-27 18:31:49+00:00,True,False,False,False
blaghart,2012-03-02 18:34:10+00:00,True,False,True,False
Nilmah1316,2012-09-11 18:23:56+00:00,True,False,False,False
occamsshavingkit,2012-02-09 16:02:57+00:00,True,False,False,False
BadgerKomodo,2012-02-09 16:02:57+00:00,True,False,False,False
CaveJohnson314159,2012-02-09 16:02:57+00:00,True,False,False,False
-eagle73,2012-02-09 16:02:57+00:00,True,False,False,False
Muscalp,2012-02-09 16:02:57+00:00,True,False,False,False
missabuse,2012-02-09 16:02:57+00:00,True,False,False,False
freeeeels,2012-02-09 16:02:57+00:00,True,False,False,False
goodbetterbestbested,2012-02-09 16:02:57+00:00,True,False,False,False
Praseve,2012-11-24 05:46:04+00:00,True,False,False,False
Mylifeis2021,2012-01-25 22:06:22+00:00,True,False,False,False
mcon96,2012-01-25 22:06:22+00:00,True,False,False,False
autotldr,2012-01-30 16:39:40+00:00,True,False,True,False
stephj,2012-01-30 16:39:40+00:00,True,False,True,False
Supersanic-wave,2012-02-09 16:02:57+00:00,True,False,False,False
WhiteWolf3117,2012-02-09 16:02:57+00:00,True,False,False,False
Dark-All-Day,2012-02-09 16:02:57+00:00,True,False,False,False
ILoveDCEU_SoSueMe,2012-01-25 22:06:22+00:00,True,False,False,False
NewWear0,2012-01-25 22:06:22+00:00,True,False,False,False
sexywomenhq,2012-09-10 15:37:47+00:00,True,False,False,False
mrmrr,2012-09-10 15:37:47+00:00,True,False,False,False
rosesandgrapes,2012-09-10 15:37:47+00:00,True,False,False,False
