author.name,author.created_at,author.has_verified_email,author.is_employee,author.is_mod,author.is_gold
predictablePosts,2010-09-17 22:11:14+00:00,True,False,True,False
BrownLightning88,2010-09-25 18:36:46+00:00,True,False,False,False
FlexOutlaw,2010-09-25 18:36:46+00:00,True,False,False,False
Kh444n,2010-09-17 22:50:39+00:00,True,False,False,False
littlemisfit,2010-09-17 22:11:14+00:00,True,False,True,False
slyall,2010-09-17 22:50:39+00:00,True,False,False,False
jracka,2010-09-17 22:50:39+00:00,True,False,False,False
stupidillusion,2010-09-17 22:50:39+00:00,True,False,False,False
ConqueefStador,2010-09-17 22:50:39+00:00,True,False,False,False
5am5ep1ol,2010-09-17 22:50:39+00:00,True,False,False,False
Heluvs2splooge,2010-09-17 22:50:39+00:00,True,False,False,False
jad2121,2010-09-17 22:50:39+00:00,True,False,False,False
kneont,2010-09-29 17:57:12+00:00,True,False,True,True
blankstare19,2010-08-30 11:19:06+00:00,True,False,False,False
BusiestWolf,2010-08-30 11:19:06+00:00,True,False,False,False
bluewaffle77,2010-08-30 11:19:06+00:00,True,False,False,False
tulzrekop,2010-08-30 11:19:06+00:00,True,False,False,False
Simoaajail,2010-08-30 11:19:06+00:00,True,False,False,False
zap2,2010-08-30 11:19:06+00:00,True,False,False,False
JoeDice,2010-08-30 11:19:06+00:00,True,False,False,False
lordtyp0,2010-08-30 11:19:06+00:00,True,False,False,False
TonyHxC,2010-08-30 11:19:06+00:00,True,False,False,False
jackjason4,2010-08-30 11:19:06+00:00,True,False,False,False
little_effy,2010-08-30 11:19:06+00:00,True,False,False,False
Ryan_enO,2010-08-30 11:19:06+00:00,True,False,False,False
AmiroZ,2010-03-23 04:32:48+00:00,True,False,False,False
nankerjphelge,2010-03-23 04:32:48+00:00,True,False,False,False
Nobsailor,2010-03-23 04:32:48+00:00,True,False,False,False
dabberoo_2,2010-03-23 04:32:48+00:00,True,False,False,False
ayelis,2010-03-23 04:32:48+00:00,True,False,False,False
vintagesauce,2010-03-23 04:32:48+00:00,True,False,False,False
Still_Mountain,2010-03-23 04:32:48+00:00,True,False,False,False
ILuvBC,2010-03-23 04:32:48+00:00,True,False,False,False
BlarpUM,2010-03-23 04:32:48+00:00,True,False,False,False
Dudedude88,2010-03-23 04:32:48+00:00,True,False,False,False
Prophet6000,2010-03-23 04:32:48+00:00,True,False,False,False
superfudge,2010-03-23 04:32:48+00:00,True,False,False,False
zerogravity111111,2010-03-23 04:32:48+00:00,True,False,False,False
Darth_Dire,2010-03-23 04:32:48+00:00,True,False,False,False
Izoto,2010-03-23 04:32:48+00:00,True,False,False,False
iamdan819,2010-03-23 04:32:48+00:00,True,False,False,False
Latyon,2010-03-23 04:32:48+00:00,True,False,False,False
__TIE_Guy,2010-03-23 04:32:48+00:00,True,False,False,False
1Crutchlow,2010-03-23 04:32:48+00:00,True,False,False,False
ZWass777,2010-03-23 04:32:48+00:00,True,False,False,False
Dukadrunk,2010-03-23 04:32:48+00:00,True,False,False,False
Iamchinesedotcom,2010-03-23 04:32:48+00:00,True,False,False,False
backjuggeln,2010-03-23 04:32:48+00:00,True,False,False,False
billybutchersbae,2010-03-23 04:32:48+00:00,True,False,False,False
JagsHaveBestD4021,2010-03-23 04:32:48+00:00,True,False,False,False
aiiye,2010-03-23 04:32:48+00:00,True,False,False,False
VAGINA_BLOODFART,2010-03-23 04:32:48+00:00,True,False,False,False
Youtoo2,2010-03-23 04:32:48+00:00,True,False,False,False
HoffMonstrosity,2010-03-23 04:32:48+00:00,True,False,False,False
kholto,2010-03-23 04:32:48+00:00,True,False,False,False
Inspiration_Bear,2010-03-23 04:32:48+00:00,True,False,False,False
Mysteriousdeer,2010-03-23 04:32:48+00:00,True,False,False,False
williamwchuang,2010-03-23 04:32:48+00:00,True,False,False,False
beckasaurus,2010-03-23 04:32:48+00:00,True,False,False,False
MOGicantbewitty,2010-03-23 04:32:48+00:00,True,False,False,False
Shadowbanned_User,2010-03-23 04:32:48+00:00,True,False,False,False
texture,2010-03-23 04:32:48+00:00,True,False,False,False
jokoon,2010-03-23 04:32:48+00:00,True,False,False,False
Midgetman664,2010-03-23 04:32:48+00:00,True,False,False,False
BAC_Sun,2010-03-23 04:32:48+00:00,True,False,False,False
danfromwaterloo,2010-03-23 04:32:48+00:00,True,False,False,False
FeedMePropaganda,2010-03-23 04:32:48+00:00,True,False,False,False
TostitoNipples,2010-03-23 04:32:48+00:00,True,False,False,False
lostfourtime,2010-03-23 04:32:48+00:00,True,False,False,False
Regs2,2010-03-23 04:32:48+00:00,True,False,False,False
Clapyourhandssayyeah,2010-03-23 04:32:48+00:00,True,False,False,False
Stormdancer,2010-03-23 04:32:48+00:00,True,False,False,False
_zenith,2010-03-23 04:32:48+00:00,True,False,False,False
thinkingamer,2010-03-23 04:32:48+00:00,True,False,False,False
Benkinsky,2010-03-23 04:32:48+00:00,True,False,False,False
LanAkou,2010-03-23 04:32:48+00:00,True,False,False,False
gelfin,2010-03-23 04:32:48+00:00,True,False,False,False
madcat033,2010-03-23 04:32:48+00:00,True,False,False,False
-SQB-,2010-03-23 04:32:48+00:00,True,False,False,False
spinningpeanut,2010-03-23 04:32:48+00:00,True,False,False,False
Gobyinmypants,2010-03-23 04:32:48+00:00,True,False,False,False
DrumpfAteMyBanana,2010-03-23 04:32:48+00:00,True,False,False,False
metalninjacake2,2010-03-23 04:32:48+00:00,True,False,False,False
Torinias,2010-03-23 04:32:48+00:00,True,False,False,False
BreezyWrigley,2010-03-23 04:32:48+00:00,True,False,False,False
Random-Miser,2010-03-23 04:32:48+00:00,True,False,False,False
Mikisstuff,2010-03-23 04:32:48+00:00,True,False,False,False
ThrowRAqwertyui,2010-03-23 04:32:48+00:00,True,False,False,False
SelirKiith,2010-03-23 04:32:48+00:00,True,False,False,False
popeycandysticks,2010-03-23 04:32:48+00:00,True,False,False,False
dazedan_confused,2010-03-23 04:32:48+00:00,True,False,False,False
XcessiveContender,2010-03-23 04:32:48+00:00,True,False,False,False
mikechi2501,2010-03-23 04:32:48+00:00,True,False,False,False
SantaMonsanto,2010-03-23 04:32:48+00:00,True,False,False,False
frodosbitch,2010-03-23 04:32:48+00:00,True,False,False,False
PantherEverSoPink,2010-03-23 04:32:48+00:00,True,False,False,False
guyincognito___,2010-03-23 04:32:48+00:00,True,False,False,False
vuuvvo,2010-03-23 04:32:48+00:00,True,False,False,False
jukeboxsavage,2010-03-23 04:32:48+00:00,True,False,False,False
ilikewc3,2010-03-23 04:32:48+00:00,True,False,False,False
onlypositivity,2010-03-23 04:32:48+00:00,True,False,False,False
Da_Cum_Wiz,2010-03-23 04:32:48+00:00,True,False,False,False
ahhwell,2010-03-23 04:32:48+00:00,True,False,False,False
mrstickman,2010-03-23 04:32:48+00:00,True,False,False,False
Punchdrunkfool,2010-03-23 04:32:48+00:00,True,False,False,False
omg-sheeeeep,2010-03-23 04:32:48+00:00,True,False,False,False
KylesBrother,2010-03-23 04:32:48+00:00,True,False,False,False
Christ_on_a_Crakker,2010-03-23 04:32:48+00:00,True,False,False,False
NewAccount971,2010-03-23 04:32:48+00:00,True,False,False,False
FountainofR,2010-03-23 04:32:48+00:00,True,False,False,False
Caleb902,2010-03-23 04:32:48+00:00,True,False,False,False
maxbemisisgod,2010-03-23 04:32:48+00:00,True,False,False,False
FractalPrism,2010-03-23 04:32:48+00:00,True,False,False,False
crazyeight,2010-03-23 04:32:48+00:00,True,False,False,False
Patrias_Obscuras,2010-03-23 04:32:48+00:00,True,False,False,False
protokoul,2010-03-23 04:32:48+00:00,True,False,False,False
ContrastingWords,2010-03-23 04:32:48+00:00,True,False,False,False
racamonkey,2010-03-23 04:32:48+00:00,True,False,False,False
cornboss,2010-03-23 04:32:48+00:00,True,False,False,False
MrVeazey,2010-03-23 04:32:48+00:00,True,False,False,False
Kazan,2010-03-23 04:32:48+00:00,True,False,False,False
reChrawnus,2010-03-23 04:32:48+00:00,True,False,False,False
Sqeamishbutsquamish,2010-03-23 04:32:48+00:00,True,False,False,False
acctforsadchildhood,2010-03-23 04:32:48+00:00,True,False,False,False
DarkNinjaPenguin,2010-03-23 04:32:48+00:00,True,False,False,False
JosephFinn,2010-03-23 04:32:48+00:00,True,False,False,False
fembabyunicorn,2010-03-23 04:32:48+00:00,True,False,False,False
rpfeynman18,2010-03-23 04:32:48+00:00,True,False,False,False
moobiemovie,2010-03-23 04:32:48+00:00,True,False,False,False
Jayeeteees14,2010-03-23 04:32:48+00:00,True,False,False,False
NickRick,2010-03-23 04:32:48+00:00,True,False,False,False
DragoonDM,2010-03-23 04:32:48+00:00,True,False,False,False
76vibrochamp,2010-03-23 04:32:48+00:00,True,False,False,False
LostMyKarmaElSegundo,2010-03-23 04:32:48+00:00,True,False,False,False
pizza_the_mutt,2010-03-23 04:32:48+00:00,True,False,False,False
ScoopGroup,2010-03-23 04:32:48+00:00,True,False,False,False
MgoSamir,2010-03-23 04:32:48+00:00,True,False,False,False
Sister_Winter,2010-03-23 04:32:48+00:00,True,False,False,False
shebazz42,2010-03-23 04:32:48+00:00,True,False,False,False
PatrolNC,2010-03-23 04:32:48+00:00,True,False,False,False
Alaira314,2010-03-23 04:32:48+00:00,True,False,False,False
omnibot5000,2010-03-23 04:32:48+00:00,True,False,False,False
WEIRDLORD,2010-03-23 04:32:48+00:00,True,False,False,False
hspace8,2010-03-23 04:32:48+00:00,True,False,False,False
Panoolied,2010-03-23 04:32:48+00:00,True,False,False,False
Zanki,2010-03-23 04:32:48+00:00,True,False,False,False
Dr__Flo__,2010-03-23 04:32:48+00:00,True,False,False,False
lilyraine-jackson,2010-03-23 04:32:48+00:00,True,False,False,False
down42roads,2010-03-23 04:32:48+00:00,True,False,False,False
Vio_,2010-03-23 04:32:48+00:00,True,False,False,False
Kahmael,2010-03-23 04:32:48+00:00,True,False,False,False
SirVer51,2010-03-23 04:32:48+00:00,True,False,False,False
lifesaburrito,2010-03-23 04:32:48+00:00,True,False,False,False
Diezauberflump,2010-03-23 04:32:48+00:00,True,False,False,False
skippyfa,2010-03-23 04:32:48+00:00,True,False,False,False
Obnubilate,2010-03-23 04:32:48+00:00,True,False,False,False
Dead-Eric,2010-03-23 04:32:48+00:00,True,False,False,False
KCG0005,2010-03-23 04:32:48+00:00,True,False,False,False
Klaus_Goldfish,2010-03-23 04:32:48+00:00,True,False,False,False
RiflemanLax,2010-03-23 04:32:48+00:00,True,False,False,False
Spartan-417,2010-03-23 04:32:48+00:00,True,False,False,False
sexaddic,2010-03-23 04:32:48+00:00,True,False,False,False
RuneKatashima,2010-03-23 04:32:48+00:00,True,False,False,False
ButWeSangTheFunSong,2010-03-23 04:32:48+00:00,True,False,False,False
citizenkane86,2010-03-23 04:32:48+00:00,True,False,False,False
macutchi,2010-03-23 04:32:48+00:00,True,False,False,False
Virge23,2010-03-23 04:32:48+00:00,True,False,False,False
DramaticExplanation,2010-03-23 04:32:48+00:00,True,False,False,False
Barf_Tart,2010-03-23 04:32:48+00:00,True,False,False,False
Katrinashiny,2010-03-23 04:32:48+00:00,True,False,False,False
piquant_pineapple,2010-03-23 04:32:48+00:00,True,False,False,False
Corva-Borealis,2010-03-23 04:32:48+00:00,True,False,False,False
yamiyaiba,2010-03-23 04:32:48+00:00,True,False,False,False
Medianmodeactivate,2010-03-23 04:32:48+00:00,True,False,False,False
Eratisoul,2010-03-23 04:32:48+00:00,True,False,False,False
smc187,2010-03-23 04:32:48+00:00,True,False,False,False
litorisp,2010-03-23 04:32:48+00:00,True,False,False,False
GutzMurphy2099,2010-03-23 04:32:48+00:00,True,False,False,False
1666lines,2010-03-23 04:32:48+00:00,True,False,False,False
wrosecrans,2010-03-23 04:32:48+00:00,True,False,False,False
occultism,2010-03-23 04:32:48+00:00,True,False,False,False
SurgeQuiDormis,2010-03-23 04:32:48+00:00,True,False,False,False
_Belmount_,2010-03-23 04:32:48+00:00,True,False,False,False
GuSec,2010-03-23 04:32:48+00:00,True,False,False,False
LavenderGumes,2010-03-23 04:32:48+00:00,True,False,False,False
Simon_Magnus,2010-03-23 04:32:48+00:00,True,False,False,False
AboveBatman,2010-03-23 04:32:48+00:00,True,False,False,False
zadharm,2010-03-23 04:32:48+00:00,True,False,False,False
tinydilophosaur,2010-03-23 04:32:48+00:00,True,False,False,False
ctr1a1td3l,2010-03-23 04:32:48+00:00,True,False,False,False
tsilver33,2010-03-23 04:32:48+00:00,True,False,False,False
AchieveDeficiency,2010-03-23 04:32:48+00:00,True,False,False,False
novad0se,2010-03-23 04:32:48+00:00,True,False,False,False
annafrida,2010-03-23 04:32:48+00:00,True,False,False,False
_benp_,2010-03-23 04:32:48+00:00,True,False,False,False
vonBoomslang,2010-03-23 04:32:48+00:00,True,False,False,False
Cauner,2010-03-23 04:32:48+00:00,True,False,False,False
Kjjra,2010-03-23 04:32:48+00:00,True,False,False,False
Malphos101,2010-03-23 04:32:48+00:00,True,False,False,False
HannahIsAHustler,2010-03-23 04:32:48+00:00,True,False,False,False
jackandsally060609,2010-03-23 04:32:48+00:00,True,False,False,False
RTukka,2010-03-23 04:32:48+00:00,True,False,False,False
highvoltageacdc1,2010-03-23 04:32:48+00:00,True,False,False,False
Dr_Lurk_MD,2010-03-23 04:32:48+00:00,True,False,False,False
bobdotcom,2010-03-23 04:32:48+00:00,True,False,False,False
Stalking_Goat,2010-03-23 04:32:48+00:00,True,False,False,False
takoyakimura,2010-03-23 04:32:48+00:00,True,False,False,False
fuckincaillou,2010-03-23 04:32:48+00:00,True,False,False,False
agatha-burnett,2010-03-23 04:32:48+00:00,True,False,False,False
WallingFoodie,2010-03-23 04:32:48+00:00,True,False,False,False
Pepito_Pepito,2010-03-23 04:32:48+00:00,True,False,False,False
ColbertyTales,2010-03-23 04:32:48+00:00,True,False,False,False
MorallyDeplorable,2010-03-23 04:32:48+00:00,True,False,False,False
k10morgan,2010-03-23 04:32:48+00:00,True,False,False,False
conquer69,2010-03-23 04:32:48+00:00,True,False,False,False
Fgame,2010-03-23 04:32:48+00:00,True,False,False,False
formershitpeasant,2010-03-23 04:32:48+00:00,True,False,False,False
cutekittensforus,2010-03-23 04:32:48+00:00,True,False,False,False
Seicair,2010-03-23 04:32:48+00:00,True,False,False,False
A_Soporific,2010-03-23 04:32:48+00:00,True,False,False,False
fiduke,2010-03-23 04:32:48+00:00,True,False,False,False
bdemented,2010-03-23 04:32:48+00:00,True,False,False,False
biophile118,2010-03-23 04:32:48+00:00,True,False,False,False
SoGodDangTired,2010-03-23 04:32:48+00:00,True,False,False,False
quaxon,2010-06-04 02:11:37+00:00,True,False,True,False
LayaraFlaris,2010-06-04 02:11:37+00:00,True,False,True,False
rcgarcia,2010-06-04 02:11:37+00:00,True,False,True,False
Fadetome,2010-06-04 02:11:37+00:00,True,False,True,False
averagekid18,2010-06-04 02:11:37+00:00,True,False,True,False
fotomachen48,2010-08-30 11:19:06+00:00,True,False,False,False
FenrirIII,2010-08-30 11:19:06+00:00,True,False,False,False
NetMassimo,2010-10-07 08:43:26+00:00,True,False,True,False
burtzev,2010-03-21 23:10:33+00:00,True,False,True,False
Suckydog,2010-10-15 13:51:39+00:00,True,False,True,False
daveygeek,2010-10-15 13:51:39+00:00,True,False,True,False
PandR1989,2010-10-15 13:51:39+00:00,True,False,True,False
Man_AMA,2010-10-15 13:51:39+00:00,True,False,True,False
wick_dad,2010-10-15 13:51:39+00:00,True,False,True,False
Cfwydirk,2010-10-15 13:51:39+00:00,True,False,True,False
JaredLJohnson,2010-10-15 13:51:39+00:00,True,False,True,False
mrfonch,2010-10-15 13:51:39+00:00,True,False,True,False
Rectumfryer,2010-03-23 04:32:48+00:00,True,False,False,False
flargenhargen,2010-12-04 04:32:28+00:00,True,False,True,False
redhatGizmo,2010-11-17 09:32:57+00:00,False,False,True,True
Tup00,2010-11-17 09:32:57+00:00,False,False,True,True
nottsladb,2010-11-17 09:32:57+00:00,False,False,True,True
sundogra,2010-09-27 21:24:07+00:00,True,False,True,True
Stiff_Ass_Brit,2010-08-28 20:44:30+00:00,False,False,False,False
MilesDoodling,2010-08-28 20:44:30+00:00,False,False,False,False
kreednavillus,2010-08-28 20:44:30+00:00,False,False,False,False
ReddiReaders,2010-08-28 20:44:30+00:00,False,False,False,False
Bro_Legendary,2010-08-28 20:44:30+00:00,False,False,False,False
shubhampandey12,2010-08-28 20:44:30+00:00,False,False,False,False
mohd_sm81,2010-08-28 20:44:30+00:00,False,False,False,False
whitegirlonmeth,2010-08-28 20:44:30+00:00,False,False,False,False
orangejulius,2010-04-18 00:26:08+00:00,True,False,True,False
ImmunityBadger,2010-04-18 00:26:08+00:00,True,False,True,False
LieutenantLawyer,2010-04-18 00:26:08+00:00,True,False,True,False
gnorrn,2010-04-18 00:26:08+00:00,True,False,True,False
law_student_throwawa,2010-04-18 00:26:08+00:00,True,False,True,False
AquariusEffect,2010-08-28 20:44:30+00:00,False,False,False,False
apothecarytitan,2010-09-27 16:53:20+00:00,True,False,False,False
georgebarker,2010-09-27 16:53:20+00:00,True,False,False,False
