author.name,author.created_at,author.has_verified_email,author.is_employee,author.is_mod,author.is_gold
Lingenfelter,2007-11-12 22:24:47+00:00,True,False,True,False
Post-officer,2007-11-12 22:24:47+00:00,True,False,True,False
TheCoolOnesGotTaken,2007-11-12 22:24:47+00:00,True,False,True,False
Jennerlady,2007-11-12 22:24:47+00:00,True,False,True,False
danimalplanimal,2007-11-12 22:24:47+00:00,True,False,True,False
ultra-rotten,2007-11-12 22:24:47+00:00,True,False,True,False
KitakatZ101,2007-11-12 22:24:47+00:00,True,False,True,False
destroyermaker,2007-11-12 22:24:47+00:00,True,False,True,False
sirmombo,2007-11-12 22:24:47+00:00,True,False,True,False
soomsoom69,2007-11-12 22:24:47+00:00,True,False,True,False
Alinosburns,2007-11-12 22:24:47+00:00,True,False,True,False
ThatOneComrade,2007-11-12 22:24:47+00:00,True,False,True,False
mgmoviegirl,2007-11-12 22:24:47+00:00,True,False,True,False
Jackanova3,2007-11-12 22:24:47+00:00,True,False,True,False
Bombingofdresden,2007-11-12 22:24:47+00:00,True,False,True,False
Murderous_Manatee,2007-11-12 22:24:47+00:00,True,False,True,False
Rough_Ambition,2007-11-12 22:24:47+00:00,True,False,True,False
Sabremesh,2007-03-24 15:11:41+00:00,True,False,True,False
Capt_Irk,2007-03-24 15:11:41+00:00,True,False,True,False
growingcreative,2007-03-24 15:11:41+00:00,True,False,True,False
scubasme,2007-03-24 15:11:41+00:00,True,False,True,False
