author.name,author.created_at,author.has_verified_email,author.is_employee,author.is_mod,author.is_gold
nick57490,2021-01-29 18:08:04+00:00,False,False,False,False
PR0NJ1FS,2021-01-16 21:41:05+00:00,False,False,False,False
poluza112,2021-01-16 21:41:05+00:00,False,False,False,False
Overall_Box_302,2021-01-15 12:31:29+00:00,True,False,False,False
Technical_Lock8506,2021-01-15 09:16:29+00:00,True,False,False,False
CovidIsTaken,2021-01-14 10:55:04+00:00,True,False,False,False
Noname_Maddox,2021-01-07 12:34:04+00:00,True,False,True,False
PaleontologistRich40,2021-01-06 14:39:56+00:00,True,False,False,False
informoverloadreddit,2021-01-07 16:21:20+00:00,True,False,False,False
thatgamerguy567,2021-01-01 05:22:26+00:00,False,False,False,False
Proof-Criticism2025,2021-01-07 12:34:04+00:00,True,False,True,False
Nice_boy69,2021-01-07 12:34:04+00:00,True,False,True,False
moviemark25,2021-01-07 12:34:04+00:00,True,False,True,False
MembershipAncient474,2021-01-07 12:34:04+00:00,True,False,True,False
R41K0N,2021-02-18 06:35:31+00:00,True,False,True,False
I_Casket_I,2021-02-18 06:35:31+00:00,True,False,True,False
IHateThisPlace3,2021-02-18 06:35:31+00:00,True,False,True,False
ghost1991XxX,2021-01-07 12:34:04+00:00,True,False,True,False
Hot_Mission2164,2021-01-11 17:53:17+00:00,True,False,False,False
Slea1213,2021-01-13 15:46:00+00:00,False,False,False,False
Real-H,2021-01-07 06:16:10+00:00,True,False,True,False
Pickleweede,2021-01-07 06:16:10+00:00,True,False,True,False
grissinimanga,2021-01-03 18:42:51+00:00,True,False,False,False
Cyber_843,2021-02-16 06:02:49+00:00,True,False,False,False
killernacho05,2021-02-16 06:02:49+00:00,True,False,False,False
Eggeggaggagagag,2021-02-13 12:03:05+00:00,True,False,False,False
StayClassySD1,2021-01-30 15:22:49+00:00,True,False,False,False
Phu5ion,2021-01-30 15:22:49+00:00,True,False,False,False
Eoileptic-Puppy,2021-01-30 15:22:49+00:00,True,False,False,False
kyroanimates,2021-01-16 22:36:48+00:00,True,False,False,False
Impossible-Owl9096,2021-01-10 06:52:06+00:00,True,False,False,False
McHiney,2021-01-07 12:34:04+00:00,True,False,True,False
Guiltybeta,2021-02-04 13:37:19+00:00,False,False,True,False
Cuck4Chavs,2021-02-04 13:37:19+00:00,False,False,True,False
Red842542,2021-02-04 13:37:19+00:00,False,False,True,False
Candid-Jackfruit6337,2021-02-04 13:37:19+00:00,False,False,True,False
gizemnick,2021-02-04 13:37:19+00:00,False,False,True,False
betmal555,2021-02-04 13:37:19+00:00,False,False,True,False
Ekelon99,2021-01-07 12:34:04+00:00,True,False,True,False
wankininsomniac,2021-01-07 12:34:04+00:00,True,False,True,False
international_row1,2021-01-07 12:34:04+00:00,True,False,True,False
satans_bassist,2021-01-07 12:34:04+00:00,True,False,True,False
mwkdyebxiz,2021-01-07 12:34:04+00:00,True,False,True,False
wendy103087,2021-01-07 12:34:04+00:00,True,False,True,False
pronadikt,2021-01-07 12:34:04+00:00,True,False,True,False
backup_account1312,2021-01-07 12:34:04+00:00,True,False,True,False
jonthecoolguy,2021-01-07 12:34:04+00:00,True,False,True,False
Wonderful_Yogurt6187,2021-01-07 12:34:04+00:00,True,False,True,False
PM_ME_IRL_GIRLS,2021-01-07 12:34:04+00:00,True,False,True,False
trkyy_,2021-01-07 12:34:04+00:00,True,False,True,False
Odd-Opportunity665,2021-01-07 12:34:04+00:00,True,False,True,False
abyss_overlord,2021-01-07 12:34:04+00:00,True,False,True,False
kaudette,2021-01-25 02:04:24+00:00,True,False,False,False
anonymousforstuff,2021-01-25 02:04:24+00:00,True,False,False,False
ImNotJoeBereta,2021-01-25 02:04:24+00:00,True,False,False,False
rchristian2tr,2021-01-25 02:04:24+00:00,True,False,False,False
Chancellor_Valorum82,2021-01-25 02:04:24+00:00,True,False,False,False
nsfwthrowaway5969,2021-01-25 02:04:24+00:00,True,False,False,False
TortanusTheShuttle,2021-01-25 02:04:24+00:00,True,False,False,False
AnonymousMod27,2021-01-25 02:04:24+00:00,True,False,False,False
female_fetishist,2021-01-25 02:04:24+00:00,True,False,False,False
juanathanluis,2021-01-25 02:04:24+00:00,True,False,False,False
dirtykaos,2021-01-25 02:04:24+00:00,True,False,False,False
Rasta-d-man,2021-01-25 02:04:24+00:00,True,False,False,False
t4ttitfortat,2021-01-25 02:04:24+00:00,True,False,False,False
bradyharding,2021-01-25 02:04:24+00:00,True,False,False,False
eilf81,2021-01-25 02:04:24+00:00,True,False,False,False
Olliegreen__,2021-01-25 02:04:24+00:00,True,False,False,False
Coffee-Superman,2021-01-25 02:04:24+00:00,True,False,False,False
warmachinefannumber1,2021-01-25 02:04:24+00:00,True,False,False,False
Vacawa,2021-01-25 02:04:24+00:00,True,False,False,False
JasonCross03,2021-01-25 02:04:24+00:00,True,False,False,False
Arturorules19,2021-01-25 02:04:24+00:00,True,False,False,False
nihilismnarcissism,2021-01-07 12:34:04+00:00,True,False,True,False
beezinthetraap,2021-01-07 12:34:04+00:00,True,False,True,False
DannyOfficial,2021-01-07 12:34:04+00:00,True,False,True,False
BadDadBot,2021-01-07 12:34:04+00:00,True,False,True,False
charlie9173,2021-01-07 12:34:04+00:00,True,False,True,False
dzdclbz,2021-01-07 12:34:04+00:00,True,False,True,False
jbeddy98,2021-01-07 12:34:04+00:00,True,False,True,False
headIikeahoIe,2021-01-07 12:34:04+00:00,True,False,True,False
shazam950,2021-01-27 21:21:31+00:00,True,False,False,False
bri_an_h,2021-01-07 12:34:04+00:00,True,False,True,False
AnEnemyStando,2021-01-07 12:34:04+00:00,True,False,True,False
Nickyt2016,2021-01-07 12:34:04+00:00,True,False,True,False
reaIDonladTromp,2021-01-27 21:21:31+00:00,True,False,False,False
hitmaneal,2021-01-12 20:18:42+00:00,False,False,False,False
robkohn23,2021-01-12 20:18:42+00:00,False,False,False,False
RandomUser132621,2021-03-07 17:33:46+00:00,True,False,False,False
lilifake,2021-03-07 17:33:46+00:00,True,False,False,False
KinkyWinkyDA,2021-03-07 17:33:46+00:00,True,False,False,False
Known-Information805,2021-03-07 17:33:46+00:00,True,False,False,False
Quitsy06,2021-01-07 12:34:04+00:00,True,False,True,False
catprincess92,2021-01-07 12:34:04+00:00,True,False,True,False
Anal395,2021-01-07 12:34:04+00:00,True,False,True,False
jqyvin,2021-01-07 12:34:04+00:00,True,False,True,False
Question_thread,2021-03-09 20:33:34+00:00,True,False,False,False
MalikNova96,2021-01-07 12:34:04+00:00,True,False,True,False
Low_Relationship_971,2021-01-07 12:34:04+00:00,True,False,True,False
Lennon_hall26,2021-01-07 12:34:04+00:00,True,False,True,False
alejoconejolex,2021-03-08 17:18:18+00:00,False,False,False,False
Upstairs_Quail7668,2021-01-07 12:34:04+00:00,True,False,True,False
spadeoface007,2021-01-07 12:34:04+00:00,True,False,True,False
-Hellshooter-,2021-01-07 12:34:04+00:00,True,False,True,False
ambush637,2021-01-07 12:34:04+00:00,True,False,True,False
itsJL2003,2021-01-07 12:34:04+00:00,True,False,True,False
Kevindharmani,2021-01-07 12:34:04+00:00,True,False,True,False
damnshitthis,2021-01-07 12:34:04+00:00,True,False,True,False
Cashew6669x,2021-01-07 12:34:04+00:00,True,False,True,False
Dirty-Boy99,2021-01-07 12:34:04+00:00,True,False,True,False
ashrich87,2021-03-04 22:12:19+00:00,True,False,True,False
Darkseid80,2021-03-04 22:12:19+00:00,True,False,True,False
ConstanzaBonapart,2021-04-29 03:57:01+00:00,True,False,False,False
Mtrees2404,2021-01-07 12:34:04+00:00,True,False,True,False
CeruleanOrange,2021-01-12 16:39:19+00:00,True,False,False,False
ReporterLow4336,2021-01-07 12:34:04+00:00,True,False,True,False
Horny_Throwaway_5757,2021-01-08 20:36:59+00:00,False,False,False,False
FeedingMyDirtyMind,2021-01-08 20:36:59+00:00,False,False,False,False
New-Night-1396,2021-01-08 20:36:59+00:00,False,False,False,False
hornyguynsfw,2021-01-08 20:36:59+00:00,False,False,False,False
nobbby438,2021-01-08 20:36:59+00:00,False,False,False,False
Sophielover69,2021-01-08 20:36:59+00:00,False,False,False,False
rpeter22,2021-01-08 20:36:59+00:00,False,False,False,False
Employment_Tiny,2021-01-08 20:36:59+00:00,False,False,False,False
LEGO1007,2021-01-08 20:36:59+00:00,False,False,False,False
dudemaner,2021-01-08 20:36:59+00:00,False,False,False,False
mister_w1ggl3s,2021-01-08 20:36:59+00:00,False,False,False,False
Cum2celebs,2021-01-08 20:36:59+00:00,False,False,False,False
FerosAgal,2021-01-08 20:36:59+00:00,False,False,False,False
hbkedge3,2021-01-08 20:36:59+00:00,False,False,False,False
alt_alt_989,2021-01-08 20:36:59+00:00,False,False,False,False
66jamess99,2021-01-08 20:36:59+00:00,False,False,False,False
Few-Philosophy9877,2021-01-08 20:36:59+00:00,False,False,False,False
Caphaz26,2021-01-08 20:36:59+00:00,False,False,False,False
mocorat,2021-01-08 20:36:59+00:00,False,False,False,False
Slap_the_Panda,2021-01-08 20:36:59+00:00,False,False,False,False
boyo005,2021-01-08 20:36:59+00:00,False,False,False,False
HaileeSteinfeldAss,2021-04-24 18:53:45+00:00,False,False,True,False
smol_peas,2021-01-07 12:34:04+00:00,True,False,True,False
factorX56,2021-01-07 12:34:04+00:00,True,False,True,False
Lamertofar8,2021-01-07 12:34:04+00:00,True,False,True,False
Odd_Shake_4619,2021-01-07 12:34:04+00:00,True,False,True,False
kingbeans1,2021-01-07 12:34:04+00:00,True,False,True,False
tylermoxon05,2021-01-07 12:34:04+00:00,True,False,True,False
Typical-Layer9233,2021-01-07 12:34:04+00:00,True,False,True,False
Particular_Ad5792,2021-01-07 12:34:04+00:00,True,False,True,False
Serenity_Brooke,2021-01-04 11:30:45+00:00,True,False,False,False
LionCat79,2021-01-04 11:30:45+00:00,True,False,False,False
hp-and-marvel-fan,2021-01-04 11:30:45+00:00,True,False,False,False
Croonchy_Stars,2021-01-04 11:30:45+00:00,True,False,False,False
Quiet-Caregiver9384,2021-01-07 12:34:04+00:00,True,False,True,False
bjmb312,2021-01-07 12:34:04+00:00,True,False,True,False
Complete-Sentence-96,2021-01-07 12:34:04+00:00,True,False,True,False
npsm1970,2021-01-07 12:34:04+00:00,True,False,True,False
daithisfw,2021-02-02 12:25:03+00:00,True,False,False,False
rombotron74,2021-02-02 12:25:03+00:00,True,False,False,False
fduniho,2021-02-02 12:25:03+00:00,True,False,False,False
Innocent_bystander57,2021-02-02 12:25:03+00:00,True,False,False,False
Whisper-919,2021-01-07 12:34:04+00:00,True,False,True,False
centjes6,2021-02-02 12:25:03+00:00,True,False,False,False
Odnerar,2021-04-04 11:56:12+00:00,True,False,True,False
Cover9ty9,2021-04-04 11:56:12+00:00,True,False,True,False
Chiurlo_Zas,2021-04-04 11:56:12+00:00,True,False,True,False
DontCallMeBooger,2021-02-18 18:56:02+00:00,True,False,False,False
karenGillianlegs,2021-04-03 13:49:26+00:00,False,False,False,False
hypohater,2021-03-18 04:09:17+00:00,True,False,True,False
Nevevevev12,2021-03-18 04:09:17+00:00,True,False,True,False
daeron187,2021-03-18 04:09:17+00:00,True,False,True,False
smittyhotep,2021-03-18 04:09:17+00:00,True,False,True,False
NegoUrso,2021-02-17 11:09:19+00:00,False,False,False,False
teshikuYT,2021-01-07 12:34:04+00:00,True,False,True,False
a_lone_incubus,2021-01-07 12:34:04+00:00,True,False,True,False
Bruce_thebat,2021-03-18 04:09:17+00:00,True,False,True,False
Night_Owl7287,2021-04-15 23:11:52+00:00,True,False,False,False
Worldgots,2021-03-25 04:50:41+00:00,True,False,True,False
InternationalLook9,2021-02-28 21:58:50+00:00,True,False,False,False
bootyhunter669,2021-02-28 21:58:50+00:00,True,False,False,False
IamHere019,2021-02-28 21:58:50+00:00,True,False,False,False
SB_theMan_2,2021-02-28 21:58:50+00:00,True,False,False,False
BlockAccurate6714,2021-01-24 06:48:08+00:00,True,False,False,False
thepentongraphy,2021-04-06 01:45:53+00:00,True,False,False,False
TantoTonto,2021-01-18 17:18:03+00:00,False,False,False,False
toeZiera,2021-01-18 17:18:03+00:00,False,False,False,False
TheHorrorFreak285,2021-01-18 17:18:03+00:00,False,False,False,False
Jdogg2050,2021-01-18 17:18:03+00:00,False,False,False,False
NickMiller84,2021-01-18 17:18:03+00:00,False,False,False,False
fakeacc9,2021-01-18 17:18:03+00:00,False,False,False,False
109045,2021-01-18 17:18:03+00:00,False,False,False,False
rockstonebraker,2021-01-18 17:18:03+00:00,False,False,False,False
kan10xx,2021-01-18 17:18:03+00:00,False,False,False,False
abc0011_,2021-01-18 17:18:03+00:00,False,False,False,False
thebedwizard93,2021-01-18 17:18:03+00:00,False,False,False,False
Snowman-of-NorthPole,2021-01-18 17:18:03+00:00,False,False,False,False
fab1olive,2021-01-18 17:18:03+00:00,False,False,False,False
ESCinmass,2021-01-18 17:18:03+00:00,False,False,False,False
error404-error404,2021-01-18 17:18:03+00:00,False,False,False,False
popmetalkaleidoscope,2021-01-18 17:18:03+00:00,False,False,False,False
Sandybat,2021-01-18 17:18:03+00:00,False,False,False,False
Capital_Leg922,2021-01-18 17:18:03+00:00,False,False,False,False
Good_Sea_6260,2021-01-18 17:18:03+00:00,False,False,False,False
Toikal,2021-01-18 17:18:03+00:00,False,False,False,False
Visual_Personality43,2021-01-07 12:34:04+00:00,True,False,True,False
nicoteenaddiction,2021-01-07 12:34:04+00:00,True,False,True,False
Txur-Itan,2021-01-07 12:34:04+00:00,True,False,True,False
Zestyclose_Crab_6452,2021-01-07 12:34:04+00:00,True,False,True,False
Momkey69,2021-01-07 12:34:04+00:00,True,False,True,False
UffOG,2021-01-07 12:34:04+00:00,True,False,True,False
Bonesaw101,2021-01-07 12:34:04+00:00,True,False,True,False
YahYah241,2021-01-07 12:34:04+00:00,True,False,True,False
Anomymous131369,2021-01-07 12:34:04+00:00,True,False,True,False
meantforjerkoff,2021-01-07 12:34:04+00:00,True,False,True,False
piratesbootytreasure,2021-04-03 14:45:49+00:00,True,False,True,False
amergigolo1,2021-03-25 02:35:02+00:00,False,False,True,False
Organic-Train4195,2021-03-25 02:35:02+00:00,False,False,True,False
Shock-ft,2021-03-25 02:35:02+00:00,False,False,True,False
GeorgianPeriod,2021-03-21 15:37:06+00:00,True,False,True,False
Lostakghost,2021-01-07 12:34:04+00:00,True,False,True,False
Fezlid,2021-01-07 12:34:04+00:00,True,False,True,False
Easy-Ad-2529,2021-01-07 12:34:04+00:00,True,False,True,False
Kucakingkai1991,2021-01-07 12:34:04+00:00,True,False,True,False
agathe_jeanne,2021-03-24 18:00:02+00:00,True,False,True,False
SpringyBoi420,2021-01-07 12:34:04+00:00,True,False,True,False
iamnotgay12376,2021-01-07 12:34:04+00:00,True,False,True,False
ididmytime555,2021-02-04 13:37:19+00:00,False,False,True,False
ItemIndependent2243,2021-01-25 02:04:24+00:00,True,False,False,False
Ok_Major_8683,2021-01-25 02:04:24+00:00,True,False,False,False
here_4_fun78,2021-01-07 12:34:04+00:00,True,False,True,False
squawkalley,2021-02-01 22:45:30+00:00,True,False,True,True
ThouReaper,2021-02-26 17:10:24+00:00,True,False,True,False
BizzareCzar,2021-05-06 15:41:33+00:00,True,False,True,False
Illustrious-Field293,2021-02-11 12:56:39+00:00,True,False,False,False
patraboi,2021-02-11 12:56:39+00:00,True,False,False,False
valeridiana,2021-02-11 12:56:39+00:00,True,False,False,False
WeCaredALot,2021-02-11 12:56:39+00:00,True,False,False,False
IamVeryShiny,2021-02-11 12:56:39+00:00,True,False,False,False
Shot-Comparison-5948,2021-02-11 12:56:39+00:00,True,False,False,False
theuglyomelette,2021-02-11 12:56:39+00:00,True,False,False,False
MysteriousBeat5847,2021-02-11 12:56:39+00:00,True,False,False,False
retrotechlogos,2021-02-11 12:56:39+00:00,True,False,False,False
C_S_k1459,2021-02-11 12:56:39+00:00,True,False,False,False
have-ahappygenocide,2021-05-05 09:54:16+00:00,True,False,False,False
Karababe26,2021-05-28 01:30:38+00:00,True,False,True,False
Loki6464,2021-02-26 17:10:24+00:00,True,False,True,False
Ladder_To_Nowhere,2021-05-11 23:21:13+00:00,True,False,True,False
Aries331980,2021-01-07 15:45:56+00:00,True,False,False,False
Independent_Man,2021-01-07 15:45:56+00:00,True,False,False,False
te5s3rakt,2021-01-07 15:45:56+00:00,True,False,False,False
Bzyck1984,2021-01-07 15:45:56+00:00,True,False,False,False
BiCelebLVR,2021-01-07 15:45:56+00:00,True,False,False,False
JohnDiabeetus,2021-01-07 15:45:56+00:00,True,False,False,False
Dustyjohns,2021-01-07 15:45:56+00:00,True,False,False,False
rocketmanx,2021-01-07 15:45:56+00:00,True,False,False,False
RoleplayTime21,2021-04-14 11:10:20+00:00,False,False,False,False
Suspicious_Ad_4674,2021-01-07 12:34:04+00:00,True,False,True,False
lanajamesfan,2021-01-07 12:34:04+00:00,True,False,True,False
EricCarterYT,2021-03-06 14:18:52+00:00,True,False,False,False
IneffableHusbands78,2021-03-06 14:18:52+00:00,True,False,False,False
ruckusrox,2021-03-06 14:18:52+00:00,True,False,False,False
omgitsabean,2021-03-06 14:18:52+00:00,True,False,False,False
littleprettypaws,2021-03-06 14:18:52+00:00,True,False,False,False
Hike412,2021-05-06 15:41:33+00:00,True,False,True,False
Acceptable_Cod_3524,2021-05-14 17:39:41+00:00,False,False,False,False
gvgemerden,2021-05-14 17:39:41+00:00,False,False,False,False
WitlofPizza,2021-05-14 17:39:41+00:00,False,False,False,False
HankyPankyChanghai,2021-05-14 17:39:41+00:00,False,False,False,False
dave-ex-machina,2021-04-07 15:25:58+00:00,True,False,False,False
Odd-Breakfast3369,2021-04-07 15:25:58+00:00,True,False,False,False
operator_chan420,2021-04-07 15:25:58+00:00,True,False,False,False
AsianHawke,2021-04-07 15:25:58+00:00,True,False,False,False
LunaTic2009,2021-04-07 15:25:58+00:00,True,False,False,False
PB_Shade,2021-04-07 15:25:58+00:00,True,False,False,False
dontbesocurious,2021-04-07 15:25:58+00:00,True,False,False,False
OrwinBeane,2021-04-07 15:25:58+00:00,True,False,False,False
B0rtles,2021-04-07 15:25:58+00:00,True,False,False,False
vreeslewe,2021-04-07 15:25:58+00:00,True,False,False,False
SirPiffingsthwaite,2021-04-07 15:25:58+00:00,True,False,False,False
HATE_BOT_6137262,2021-04-07 15:25:58+00:00,True,False,False,False
Eaglesword66,2021-01-07 15:45:56+00:00,True,False,False,False
Ty_Needik,2021-01-07 15:45:56+00:00,True,False,False,False
Dannyrottenboy,2021-01-07 15:45:56+00:00,True,False,False,False
blmamba824,2021-01-07 15:45:56+00:00,True,False,False,False
pirateshq,2021-04-19 18:35:07+00:00,True,False,False,False
celebfeet540,2021-02-10 14:16:32+00:00,True,False,True,False
ItIsJustMe90,2021-02-10 14:16:32+00:00,True,False,True,False
gigidigigidigoo,2021-02-10 14:16:32+00:00,True,False,True,False
Penu7bu77er,2021-02-10 14:16:32+00:00,True,False,True,False
dirtybatman0539,2021-02-10 14:16:32+00:00,True,False,True,False
CelebBiJacker32,2021-02-10 14:16:32+00:00,True,False,True,False
midnightalert,2021-02-10 14:16:32+00:00,True,False,True,False
immabrownboy,2021-02-10 14:16:32+00:00,True,False,True,False
overgelegde,2021-02-10 14:16:32+00:00,True,False,True,False
DaManX89,2021-02-10 14:16:32+00:00,True,False,True,False
tonicoreo,2021-02-10 14:16:32+00:00,True,False,True,False
jumba66,2021-02-10 14:16:32+00:00,True,False,True,False
otunimay,2021-02-10 14:16:32+00:00,True,False,True,False
niceguysmiles,2021-02-10 14:16:32+00:00,True,False,True,False
TheLeftLeg,2021-02-10 14:16:32+00:00,True,False,True,False
Exl13,2021-02-10 14:16:32+00:00,True,False,True,False
dylan955,2021-02-10 14:16:32+00:00,True,False,True,False
Quinn8267,2021-02-10 14:16:32+00:00,True,False,True,False
CritLurker,2021-02-10 14:16:32+00:00,True,False,True,False
dojyaaan0,2021-02-10 14:16:32+00:00,True,False,True,False
harrier5067,2021-02-10 14:16:32+00:00,True,False,True,False
Charon1701,2021-02-10 14:16:32+00:00,True,False,True,False
Notkeir,2021-02-10 14:16:32+00:00,True,False,True,False
tugnasty,2021-02-10 14:16:32+00:00,True,False,True,False
backfromthedead666,2021-02-10 14:16:32+00:00,True,False,True,False
Virus19847,2021-02-05 13:24:29+00:00,False,False,True,False
pleasedontfollowm3-3,2021-05-06 15:41:33+00:00,True,False,True,False
Buds_Wiser,2021-01-25 06:47:45+00:00,True,False,False,False
Lifesaboxofgardens,2021-01-25 06:47:45+00:00,True,False,False,False
pissingintherain1220,2021-01-25 06:47:45+00:00,True,False,False,False
coffeebeanbeing,2021-01-25 06:47:45+00:00,True,False,False,False
TinyRickkkkkkkk,2021-01-25 06:47:45+00:00,True,False,False,False
Throwaway999902_son,2021-01-07 12:34:04+00:00,True,False,True,False
celebjerk2015,2021-01-07 12:34:04+00:00,True,False,True,False
mysteriouscloset,2021-01-07 12:34:04+00:00,True,False,True,False
ComicCat-Laz,2021-02-04 02:19:58+00:00,False,False,False,False
AVeryStupidDecision,2021-02-04 02:19:58+00:00,False,False,False,False
firsttestspin,2021-02-04 02:19:58+00:00,False,False,False,False
InsaneHookerLlama,2021-02-04 02:19:58+00:00,False,False,False,False
amonrane,2021-02-04 02:19:58+00:00,False,False,False,False
samuelduffy2004,2021-02-04 02:19:58+00:00,False,False,False,False
ManhattanBoi212,2021-02-04 02:19:58+00:00,False,False,False,False
paranoidpolski,2021-02-04 02:19:58+00:00,False,False,False,False
K-TownYolo,2021-02-04 02:19:58+00:00,False,False,False,False
JCrom8001,2021-01-07 12:34:04+00:00,True,False,True,False
LivinBoner2boner,2021-01-07 12:34:04+00:00,True,False,True,False
Max_Ryder,2021-01-07 12:34:04+00:00,True,False,True,False
Harrow14,2021-01-07 12:34:04+00:00,True,False,True,False
DerekChandler48,2021-05-10 12:24:13+00:00,True,False,False,False
curiouscreator00,2021-05-10 12:24:13+00:00,True,False,False,False
TheLeafOfTheWind,2021-05-10 12:24:13+00:00,True,False,False,False
10Clutch010,2021-02-08 00:26:08+00:00,True,False,False,False
Korrocks,2021-01-07 15:45:56+00:00,True,False,False,False
Col_J_Crighton_SGC,2021-01-07 15:45:56+00:00,True,False,False,False
OpiumForTheMass,2021-01-07 15:45:56+00:00,True,False,False,False
Grimm1993,2021-01-07 15:45:56+00:00,True,False,False,False
vikingcadie,2021-01-07 15:45:56+00:00,True,False,False,False
BronLongsword,2021-01-07 15:45:56+00:00,True,False,False,False
EnderDragon78,2021-01-07 15:45:56+00:00,True,False,False,False
Wakabomb,2021-04-28 17:01:32+00:00,False,False,False,False
bbcdaddyq,2021-04-28 17:01:32+00:00,False,False,False,False
BritneySpearspanties,2021-05-06 03:22:29+00:00,True,False,True,False
novababy91,2021-01-12 20:18:42+00:00,False,False,False,False
Mary-ackles,2021-01-12 20:18:42+00:00,False,False,False,False
pacific-piercer,2021-01-12 20:18:42+00:00,False,False,False,False
LesbianLeone,2021-01-07 12:34:04+00:00,True,False,True,False
R444D444,2021-01-07 12:34:04+00:00,True,False,True,False
hung20somethingUK,2021-01-07 12:34:04+00:00,True,False,True,False
CyborgSpaceDinosaur,2021-01-29 07:33:45+00:00,True,False,False,False
AverageHornyIndian,2021-02-10 14:16:32+00:00,True,False,True,False
spiritual_one1,2021-01-21 11:25:18+00:00,True,False,True,False
Sarfraz29,2021-01-21 11:25:18+00:00,True,False,True,False
immamixeddude,2021-01-21 11:25:18+00:00,True,False,True,False
mclovin314159,2021-02-10 14:16:32+00:00,True,False,True,False
Sleeper1034,2021-03-24 23:03:19+00:00,True,False,False,False
Just_Perception_7965,2021-01-31 08:10:34+00:00,True,False,False,False
naedyar,2021-02-10 14:16:32+00:00,True,False,True,False
terribletyger,2021-02-10 14:16:32+00:00,True,False,True,False
Ryggg95,2021-02-10 14:16:32+00:00,True,False,True,False
moBla63541349,2021-02-10 14:16:32+00:00,True,False,True,False
masseffect2001,2021-02-10 14:16:32+00:00,True,False,True,False
ryerye35,2021-02-10 14:16:32+00:00,True,False,True,False
damianoaks14,2021-02-10 14:16:32+00:00,True,False,True,False
ljiovf,2021-02-10 14:16:32+00:00,True,False,True,False
Darkness9015,2021-02-10 14:16:32+00:00,True,False,True,False
mythlover1,2021-02-10 14:16:32+00:00,True,False,True,False
Chef_Ramsay_96,2021-02-10 14:16:32+00:00,True,False,True,False
ThatPpp,2021-02-10 14:16:32+00:00,True,False,True,False
markS093,2021-02-10 14:16:32+00:00,True,False,True,False
elit3spartan,2021-02-10 14:16:32+00:00,True,False,True,False
DatapointCollector,2021-02-10 14:16:32+00:00,True,False,True,False
katie123york,2021-02-10 14:16:32+00:00,True,False,True,False
AccomplishedNeck3767,2021-02-10 14:16:32+00:00,True,False,True,False
2BrokeGirlsFan,2021-02-10 14:16:32+00:00,True,False,True,False
PrimarchVictus,2021-02-10 14:16:32+00:00,True,False,True,False
Signal_Reindeer_8731,2021-02-10 14:16:32+00:00,True,False,True,False
HornyJit,2021-02-10 14:16:32+00:00,True,False,True,False
Ghostcom,2021-02-10 14:16:32+00:00,True,False,True,False
Available-Judge29,2021-02-10 14:16:32+00:00,True,False,True,False
Lost-Sun671,2021-05-03 14:32:40+00:00,True,False,False,False
scorpio-nine,2021-05-03 14:32:40+00:00,True,False,False,False
ramrod1320,2021-05-03 14:32:40+00:00,True,False,False,False
Personal_Tip_6358,2021-05-03 14:32:40+00:00,True,False,False,False
Brad2224,2021-05-03 14:32:40+00:00,True,False,False,False
liamo6w,2021-05-03 14:32:40+00:00,True,False,False,False
Manjodarshi,2021-05-03 14:32:40+00:00,True,False,False,False
Purple_Try1933,2021-05-03 14:32:40+00:00,True,False,False,False
-_hereforthememes_-,2021-05-03 14:32:40+00:00,True,False,False,False
Forsaken-Bit-3533,2021-05-03 14:32:40+00:00,True,False,False,False
alpha4899,2021-05-03 14:32:40+00:00,True,False,False,False
gaul66,2021-05-03 14:32:40+00:00,True,False,False,False
CrimsonK-9,2021-05-03 14:32:40+00:00,True,False,False,False
pizzanboobs,2021-02-10 14:16:32+00:00,True,False,True,False
danej1001,2021-02-10 14:16:32+00:00,True,False,True,False
BiggChicken,2021-02-10 14:16:32+00:00,True,False,True,False
suckingvibrator,2021-02-10 14:16:32+00:00,True,False,True,False
falcongod,2021-02-10 14:16:32+00:00,True,False,True,False
KamaIsLife,2021-02-10 14:16:32+00:00,True,False,True,False
kuhnamie,2021-02-10 14:16:32+00:00,True,False,True,False
Stanley_Elkind,2021-02-10 14:16:32+00:00,True,False,True,False
johnnytwofeetOF,2021-02-10 14:16:32+00:00,True,False,True,False
Significant_Pin_2460,2021-02-10 14:16:32+00:00,True,False,True,False
cptn3sm10,2021-02-10 14:16:32+00:00,True,False,True,False
APMudkip,2021-02-10 14:16:32+00:00,True,False,True,False
spotink,2021-02-10 14:16:32+00:00,True,False,True,False
Persohosh,2021-05-01 16:55:35+00:00,False,False,False,False
Ok_Communication6957,2021-03-28 22:15:45+00:00,True,False,False,False
skyderper13,2021-03-28 22:15:45+00:00,True,False,False,False
OriginalUsernameX,2021-03-28 22:15:45+00:00,True,False,False,False
slash178,2021-03-28 22:15:45+00:00,True,False,False,False
BrainyUpsh,2021-05-04 20:10:59+00:00,False,False,False,False
Adinaylosh,2021-05-04 16:05:28+00:00,False,False,False,False
Katydid696969,2021-01-07 12:34:04+00:00,True,False,True,False
Hornyralf37,2021-01-07 12:34:04+00:00,True,False,True,False
kwnny14,2021-01-07 12:34:04+00:00,True,False,True,False
wade-wilson86,2021-01-07 12:34:04+00:00,True,False,True,False
DutchPlanDerLinde11,2021-01-07 12:34:04+00:00,True,False,True,False
theclap69420v2,2021-01-07 12:34:04+00:00,True,False,True,False
bigboigoboo,2021-01-07 12:34:04+00:00,True,False,True,False
Regular_Silent,2021-01-07 12:34:04+00:00,True,False,True,False
Enye165,2021-01-07 12:34:04+00:00,True,False,True,False
LoveAmberHeard42286,2021-01-07 12:34:04+00:00,True,False,True,False
Adventurous-Tea8822,2021-01-30 15:22:49+00:00,True,False,False,False
AutoModerator,2021-03-18 04:09:17+00:00,True,False,True,False
SocialMediaMonkey,2021-03-18 04:09:17+00:00,True,False,True,False
charliedba,2021-03-18 04:09:17+00:00,True,False,True,False
BlueEyedBrigadier,2021-03-04 22:12:19+00:00,True,False,True,False
BlueBoxFictions,2021-03-04 22:12:19+00:00,True,False,True,False
oldhippie73,2021-01-12 16:39:19+00:00,True,False,False,False
zoepantazis,2021-01-12 16:39:19+00:00,True,False,False,False
Mack-Main,2021-01-08 20:36:59+00:00,False,False,False,False
anyboy83,2021-01-08 20:36:59+00:00,False,False,False,False
hiednseek,2021-01-08 20:36:59+00:00,False,False,False,False
Confident_Village_89,2021-01-08 20:36:59+00:00,False,False,False,False
Blacksmith78963,2021-01-08 20:36:59+00:00,False,False,False,False
Shakespeare-Bot,2021-01-08 20:36:59+00:00,False,False,False,False
ComfortableWatch8451,2021-01-25 02:04:24+00:00,True,False,False,False
