author.name,author.created_at,author.has_verified_email,author.is_employee,author.is_mod,author.is_gold
vdub319,2011-09-29 21:25:51+00:00,True,False,True,True
xXcutie_patootieXx,2011-09-29 21:25:51+00:00,True,False,True,True
wiseracer,2011-05-10 09:57:10+00:00,True,False,True,False
KR33D101,2011-05-10 09:57:10+00:00,True,False,True,False
be_quiet_roo,2011-05-10 09:57:10+00:00,True,False,True,False
subscribe-by-reddit,2011-08-24 11:31:30+00:00,True,False,True,False
rkkim,2011-11-14 19:59:32+00:00,True,False,False,False
Fonescarab,2011-11-14 19:59:32+00:00,True,False,False,False
Uejji,2011-11-14 19:59:32+00:00,True,False,False,False
wholetyouinhere,2011-11-14 19:59:32+00:00,True,False,False,False
DoctorButler,2011-11-14 19:59:32+00:00,True,False,False,False
Murraykins,2011-11-14 19:59:32+00:00,True,False,False,False
Antifa_Garfield,2011-11-14 19:59:32+00:00,True,False,False,False
IMWeasel,2011-11-14 19:59:32+00:00,True,False,False,False
JoeyHollywood,2011-06-13 00:46:31+00:00,True,False,True,False
Qwertstormer,2011-06-13 00:46:31+00:00,True,False,True,False
ghaziaway,2011-06-13 00:46:31+00:00,True,False,True,False
Laminar_flo,2011-06-13 00:46:31+00:00,True,False,True,False
Hoow897,2011-06-13 00:46:31+00:00,True,False,True,False
debaser11,2011-06-13 00:46:31+00:00,True,False,True,False
AThingOfBooty,2011-06-13 00:46:31+00:00,True,False,True,False
AisleOfRussia,2011-06-13 00:46:31+00:00,True,False,True,False
tidho,2011-06-13 00:46:31+00:00,True,False,True,False
NEVERxxEVER,2011-06-13 00:46:31+00:00,True,False,True,False
109da5,2011-06-13 00:46:31+00:00,True,False,True,False
IronicInternetName,2011-06-13 00:46:31+00:00,True,False,True,False
Sakrie,2011-06-13 00:46:31+00:00,True,False,True,False
Mutt1223,2011-06-13 00:46:31+00:00,True,False,True,False
No___ImRight,2011-06-13 00:46:31+00:00,True,False,True,False
MoonMerman,2011-06-13 00:46:31+00:00,True,False,True,False
Brutuss,2011-06-13 00:46:31+00:00,True,False,True,False
FuriousChef,2011-06-13 00:46:31+00:00,True,False,True,False
Birthrite,2011-06-13 00:46:31+00:00,True,False,True,False
lumia92,2011-07-21 10:57:48+00:00,True,False,False,False
tj0252,2011-07-21 10:57:48+00:00,True,False,False,False
GoldPisseR,2011-07-21 10:57:48+00:00,True,False,False,False
lostpoetwandering,2011-07-21 10:57:48+00:00,True,False,False,False
indian22,2011-07-21 10:57:48+00:00,True,False,False,False
et3020001,2011-07-21 10:57:48+00:00,True,False,False,False
GuyWhoRocks95,2011-07-21 10:57:48+00:00,True,False,False,False
jusnis-is-faf,2011-07-21 10:57:48+00:00,True,False,False,False
jarakacha,2011-07-20 21:10:48+00:00,True,False,True,False
byll,2011-06-16 07:03:57+00:00,True,False,False,False
DawnPatrol80136,2011-11-15 20:48:23+00:00,True,False,True,False
aparadizzle,2011-11-08 01:57:23+00:00,True,False,True,False
What-fresh-hell,2011-11-15 20:48:23+00:00,True,False,True,False
DurwoodSauls,2011-11-15 20:48:23+00:00,True,False,True,False
nfmadprops04,2011-10-17 21:37:23+00:00,True,False,True,False
PlusSizedPretty,2011-10-17 21:37:23+00:00,True,False,True,False
alal19,2011-10-17 21:37:23+00:00,True,False,True,False
Mykeprime,2011-12-20 05:25:44+00:00,True,False,True,False
jreed2196,2011-12-20 05:25:44+00:00,True,False,True,False
KnightOfRevan,2011-12-20 05:25:44+00:00,True,False,True,False
kingkibc,2011-12-20 05:25:44+00:00,True,False,True,False
kevlarbuns,2011-12-20 05:25:44+00:00,True,False,True,False
englishhat,2011-12-20 05:25:44+00:00,True,False,True,False
crookedparadigm,2011-12-20 05:25:44+00:00,True,False,True,False
SpiralOmega,2011-12-20 05:25:44+00:00,True,False,True,False
KatanaAmerica,2011-12-20 05:25:44+00:00,True,False,True,False
rk119,2011-12-20 05:25:44+00:00,True,False,True,False
VaBeachBum86,2011-12-20 05:25:44+00:00,True,False,True,False
extra_less,2011-12-20 05:25:44+00:00,True,False,True,False
Rudi_Reifenstecher,2011-12-20 05:25:44+00:00,True,False,True,False
bozoconnors,2011-12-20 05:25:44+00:00,True,False,True,False
my_peoples_savior,2011-12-20 05:25:44+00:00,True,False,True,False
TheRealMewt,2011-12-20 05:25:44+00:00,True,False,True,False
RicDees22,2011-12-20 05:25:44+00:00,True,False,True,False
DwarfShammy,2011-12-20 05:25:44+00:00,True,False,True,False
turkeyinthestrawman,2011-12-20 05:25:44+00:00,True,False,True,False
Novus1991,2011-12-20 05:25:44+00:00,True,False,True,False
overactive-bladder,2011-12-20 05:25:44+00:00,True,False,True,False
bundt_trundler,2011-12-20 05:25:44+00:00,True,False,True,False
sadsapman,2011-12-20 05:25:44+00:00,True,False,True,False
Indiana_Jones_5,2011-12-20 05:25:44+00:00,True,False,True,False
radbrad7,2011-12-20 05:25:44+00:00,True,False,True,False
KelvinsBeltFantasy,2011-12-20 05:25:44+00:00,True,False,True,False
Gravityislikeaids,2011-12-20 05:25:44+00:00,True,False,True,False
lightninhopkins,2011-12-20 05:25:44+00:00,True,False,True,False
fcork,2011-06-16 00:01:10+00:00,True,False,True,False
intergalactic512,2011-11-17 07:09:59+00:00,True,False,False,False
sha_man,2011-11-17 07:09:59+00:00,True,False,False,False
Terj_Sankian,2011-11-17 07:09:59+00:00,True,False,False,False
Conor508,2011-11-17 07:09:59+00:00,True,False,False,False
xyzzyzyzzyx,2011-11-17 07:09:59+00:00,True,False,False,False
melancholiahh,2011-11-17 07:09:59+00:00,True,False,False,False
MobileWatch,2011-11-17 07:09:59+00:00,True,False,False,False
eojen,2011-11-17 07:09:59+00:00,True,False,False,False
DortDrueben,2011-11-17 07:09:59+00:00,True,False,False,False
singinglaundromat,2011-11-17 07:09:59+00:00,True,False,False,False
potzorbie,2011-08-14 20:24:19+00:00,True,False,True,True
firescape,2011-09-09 01:12:52+00:00,True,False,True,False
GRJR721,2011-11-15 20:48:23+00:00,True,False,True,False
Taipoe,2011-11-11 02:41:41+00:00,True,False,False,True
kappaman69,2011-11-11 02:41:41+00:00,True,False,False,True
zzz6776,2011-11-11 02:41:41+00:00,True,False,False,True
WarezMyDinrBitc,2011-11-11 02:41:41+00:00,True,False,False,True
polakfury,2011-11-11 02:41:41+00:00,True,False,False,True
Chadwag,2011-06-14 16:07:59+00:00,True,False,False,False
paddlebawler,2011-06-14 16:07:59+00:00,True,False,False,False
Hoosierdaddy-6942,2011-06-14 16:07:59+00:00,True,False,False,False
Joeb667,2011-06-14 16:07:59+00:00,True,False,False,False
phillyt009,2011-06-14 16:07:59+00:00,True,False,False,False
Red_Liner740,2011-11-11 02:41:41+00:00,True,False,False,True
garaffemom,2011-11-11 02:41:41+00:00,True,False,False,True
Detroitaa,2011-11-11 02:41:41+00:00,True,False,False,True
SleepyDargon,2011-11-11 02:41:41+00:00,True,False,False,True
CLxJames,2011-11-11 02:41:41+00:00,True,False,False,True
UnfilteredRedditor,2011-11-11 02:41:41+00:00,True,False,False,True
Chuubaakk,2011-11-11 02:41:41+00:00,True,False,False,True
H8ersgivemeSTR,2011-11-11 02:41:41+00:00,True,False,False,True
zoro_aster,2011-11-11 02:41:41+00:00,True,False,False,True
Kurt751990,2011-11-11 02:41:41+00:00,True,False,False,True
TuckerTheCuckFucker,2011-11-11 02:41:41+00:00,True,False,False,True
Baxmac2011,2011-11-11 02:41:41+00:00,True,False,False,True
ramot1,2011-11-11 02:41:41+00:00,True,False,False,True
aerostotle,2011-11-11 02:41:41+00:00,True,False,False,True
PJP66,2011-11-11 02:41:41+00:00,True,False,False,True
BreakingBrak,2011-10-30 02:01:08+00:00,True,False,True,False
CarlWeezerTealAlbum,2011-10-30 02:01:08+00:00,True,False,True,False
TheMonotoneDuck,2011-10-30 02:01:08+00:00,True,False,True,False
Dorson_Belles,2011-10-30 02:01:08+00:00,True,False,True,False
redditchao999,2011-10-30 02:01:08+00:00,True,False,True,False
CollinABullock,2011-10-30 02:01:08+00:00,True,False,True,False
RoosterBark,2011-10-30 02:01:08+00:00,True,False,True,False
CalebSchmreen,2011-10-30 02:01:08+00:00,True,False,True,False
zambonihouse,2011-10-30 02:01:08+00:00,True,False,True,False
Ghostdirectory,2011-10-30 02:01:08+00:00,True,False,True,False
LlewelynMoss1,2011-10-30 02:01:08+00:00,True,False,True,False
cleverbycomparison,2011-10-30 02:01:08+00:00,True,False,True,False
Zykium,2011-06-13 00:46:31+00:00,True,False,True,False
BunyipPouch,2011-06-13 00:46:31+00:00,True,False,True,False
pomanE,2011-08-07 14:21:09+00:00,False,False,False,False
Capital-Empire,2011-07-31 03:18:27+00:00,True,False,False,False
Muboi,2011-07-31 03:18:27+00:00,True,False,False,False
EnterTheYauta,2011-07-31 03:18:27+00:00,True,False,False,False
WallSauceMan,2011-07-31 03:18:27+00:00,True,False,False,False
we_all_gon_die_,2011-07-31 03:18:27+00:00,True,False,False,False
J_01,2011-07-31 03:18:27+00:00,True,False,False,False
laflamablanca81,2011-07-31 03:18:27+00:00,True,False,False,False
LightSlayerPantyOn,2011-07-31 03:18:27+00:00,True,False,False,False
MFdoomslayer18,2011-07-31 03:18:27+00:00,True,False,False,False
ILoveToEatLobster,2011-07-31 03:18:27+00:00,True,False,False,False
Beerasaurus,2011-07-31 03:18:27+00:00,True,False,False,False
iRunDistances,2011-07-31 03:18:27+00:00,True,False,False,False
fluboy1257,2011-07-31 03:18:27+00:00,True,False,False,False
superherogear,2011-07-31 03:18:27+00:00,True,False,False,False
200201552,2011-07-31 03:18:27+00:00,True,False,False,False
mingamongo,2011-07-31 03:18:27+00:00,True,False,False,False
BeazyDoesIt,2011-07-31 03:18:27+00:00,True,False,False,False
Skillville,2011-07-31 03:18:27+00:00,True,False,False,False
Shadowjesus1,2011-07-31 03:18:27+00:00,True,False,False,False
cosmic_vagabonde,2011-07-31 03:18:27+00:00,True,False,False,False
BetaCarotine20mg,2011-07-31 03:18:27+00:00,True,False,False,False
qaveboy,2011-07-31 03:18:27+00:00,True,False,False,False
dannyboy0000,2011-07-31 03:18:27+00:00,True,False,False,False
nealxg,2011-07-31 03:18:27+00:00,True,False,False,False
RoyTheReaper91,2011-07-31 03:18:27+00:00,True,False,False,False
pittmastiff,2011-07-31 03:18:27+00:00,True,False,False,False
rleslievideo,2011-07-31 03:18:27+00:00,True,False,False,False
Hazzman,2011-07-31 03:18:27+00:00,True,False,False,False
YunngAssumedGender,2011-07-31 03:18:27+00:00,True,False,False,False
Derpin-outta-control,2011-07-31 03:18:27+00:00,True,False,False,False
socalpimp,2011-07-31 03:18:27+00:00,True,False,False,False
DOBBYisFREEEEE,2011-07-31 03:18:27+00:00,True,False,False,False
julieag1,2011-07-31 03:18:27+00:00,True,False,False,False
TheTrooperNate,2011-07-31 03:18:27+00:00,True,False,False,False
Johnwaynelsd25,2011-07-31 03:18:27+00:00,True,False,False,False
justitia282,2011-07-31 03:18:27+00:00,True,False,False,False
Jasonmpjr,2011-07-31 03:18:27+00:00,True,False,False,False
Huruukko,2011-07-31 03:18:27+00:00,True,False,False,False
Roastmonkeybrains,2011-07-31 03:18:27+00:00,True,False,False,False
AllHopeIsLostSadFace,2011-07-31 03:18:27+00:00,True,False,False,False
L_SuperBeast-O,2011-07-31 03:18:27+00:00,True,False,False,False
RzK,2011-07-31 03:18:27+00:00,True,False,False,False
Early_Grace,2011-07-31 03:18:27+00:00,True,False,False,False
thetrailofthedead,2011-07-31 03:18:27+00:00,True,False,False,False
Deep-Restaurant,2011-07-31 03:18:27+00:00,True,False,False,False
Jagoff86,2011-07-31 03:18:27+00:00,True,False,False,False
NFS_Jacob,2011-07-31 03:18:27+00:00,True,False,False,False
optimus187,2011-07-31 03:18:27+00:00,True,False,False,False
savoysuit,2011-07-31 03:18:27+00:00,True,False,False,False
mcreamy18,2011-07-31 03:18:27+00:00,True,False,False,False
catlickisland,2011-07-31 03:18:27+00:00,True,False,False,False
searchoftruth,2011-07-31 03:18:27+00:00,True,False,False,False
machine_fart,2011-07-31 03:18:27+00:00,True,False,False,False
atomicllama1,2011-07-31 03:18:27+00:00,True,False,False,False
2ND_Dinner,2011-07-31 03:18:27+00:00,True,False,False,False
lordph8,2011-07-31 03:18:27+00:00,True,False,False,False
appletinicyclone,2011-07-31 03:18:27+00:00,True,False,False,False
vanquish421,2011-07-31 03:18:27+00:00,True,False,False,False
OGjonnoh,2011-07-31 03:18:27+00:00,True,False,False,False
BollockChop,2011-07-31 03:18:27+00:00,True,False,False,False
Whiskey_Shrooms,2011-07-31 03:18:27+00:00,True,False,False,False
jeegte12,2011-07-31 03:18:27+00:00,True,False,False,False
butyric_instance,2011-07-31 03:18:27+00:00,True,False,False,False
vlad-the-inhalor09,2011-07-31 03:18:27+00:00,True,False,False,False
Anndress07,2011-07-31 03:18:27+00:00,True,False,False,False
superpuzzlekiller,2011-07-31 03:18:27+00:00,True,False,False,False
Azazir,2011-07-31 03:18:27+00:00,True,False,False,False
slick8086,2011-07-31 03:18:27+00:00,True,False,False,False
AdorableFoot,2011-07-31 03:18:27+00:00,True,False,False,False
Deadhead71,2011-07-31 03:18:27+00:00,True,False,False,False
Abiv23,2011-07-31 03:18:27+00:00,True,False,False,False
BobtheBarbarian2112,2011-07-31 03:18:27+00:00,True,False,False,False
Drogystu,2011-07-31 03:18:27+00:00,True,False,False,False
Noctilux4,2011-07-31 03:18:27+00:00,True,False,False,False
Jswarez,2011-07-31 03:18:27+00:00,True,False,False,False
PrussianCollusion,2011-07-31 03:18:27+00:00,True,False,False,False
SpooderRain,2011-07-31 03:18:27+00:00,True,False,False,False
TheRealMotherOfOP,2011-07-31 03:18:27+00:00,True,False,False,False
yartinyutheryingjr,2011-07-31 03:18:27+00:00,True,False,False,False
fatguy666,2011-07-31 03:18:27+00:00,True,False,False,False
nuevakl,2011-07-31 03:18:27+00:00,True,False,False,False
Tigerbait2780,2011-07-31 03:18:27+00:00,True,False,False,False
Bundle_Of_Regret,2011-07-31 03:18:27+00:00,True,False,False,False
GreenMangoMoose,2011-07-31 03:18:27+00:00,True,False,False,False
delta_niner-5150,2011-07-31 03:18:27+00:00,True,False,False,False
degoes1221,2011-07-31 03:18:27+00:00,True,False,False,False
idunnomysex,2011-07-31 03:18:27+00:00,True,False,False,False
graciousgroob,2011-07-31 03:18:27+00:00,True,False,False,False
Roach_Coach_Bangbus,2011-07-31 03:18:27+00:00,True,False,False,False
UnOpenedCan,2011-07-31 03:18:27+00:00,True,False,False,False
b-aaron,2011-07-31 03:18:27+00:00,True,False,False,False
tehorhay,2011-07-31 03:18:27+00:00,True,False,False,False
Lowllow_,2011-07-31 03:18:27+00:00,True,False,False,False
straight_to_10_jfc,2011-07-31 03:18:27+00:00,True,False,False,False
grizwald87,2011-07-31 03:18:27+00:00,True,False,False,False
BeSuperYou,2011-07-31 03:18:27+00:00,True,False,False,False
DayDreamerJon,2011-07-31 03:18:27+00:00,True,False,False,False
snoogins355,2011-07-31 03:18:27+00:00,True,False,False,False
nyreactor,2011-07-31 03:18:27+00:00,True,False,False,False
moria0,2011-07-31 03:18:27+00:00,True,False,False,False
ChrisIsRed,2011-07-31 03:18:27+00:00,True,False,False,False
DeadliftsnDonuts,2011-07-31 03:18:27+00:00,True,False,False,False
detective_riggs,2011-07-31 03:18:27+00:00,True,False,False,False
Scarn4President,2011-07-31 03:18:27+00:00,True,False,False,False
n7shepard93,2011-07-31 03:18:27+00:00,True,False,False,False
Brolegario,2011-07-31 03:18:27+00:00,True,False,False,False
ITriedLightningTendr,2011-07-31 03:18:27+00:00,True,False,False,False
hwmpunk,2011-07-31 03:18:27+00:00,True,False,False,False
Made-justfor1comment,2011-07-31 03:18:27+00:00,True,False,False,False
theabstractengineer,2011-07-31 03:18:27+00:00,True,False,False,False
Hartifuil,2011-07-31 03:18:27+00:00,True,False,False,False
DingusMcAnus,2011-07-31 03:18:27+00:00,True,False,False,False
SteveSmith2112,2011-07-31 03:18:27+00:00,True,False,False,False
sweaney,2011-07-31 03:18:27+00:00,True,False,False,False
CB12B10,2011-07-31 03:18:27+00:00,True,False,False,False
rexter2k5,2011-07-31 03:18:27+00:00,True,False,False,False
Milelongcock,2011-07-31 03:18:27+00:00,True,False,False,False
ThatSiming,2011-07-31 03:18:27+00:00,True,False,False,False
Crash_says,2011-07-31 03:18:27+00:00,True,False,False,False
AlexFilist,2011-07-31 03:18:27+00:00,True,False,False,False
VoluptuousNeckbeard,2011-07-31 03:18:27+00:00,True,False,False,False
datwrasse,2011-07-31 03:18:27+00:00,True,False,False,False
highviewgrower,2011-07-31 03:18:27+00:00,True,False,False,False
VoxVirilis,2011-07-31 03:18:27+00:00,True,False,False,False
DarkMoon99,2011-07-31 03:18:27+00:00,True,False,False,False
conventionistG,2011-07-31 03:18:27+00:00,True,False,False,False
khalabrakis,2011-07-31 03:18:27+00:00,True,False,False,False
tap5041,2011-07-31 03:18:27+00:00,True,False,False,False
teasloth,2011-07-31 03:18:27+00:00,True,False,False,False
QuinnG1970,2011-07-31 03:18:27+00:00,True,False,False,False
fulknerraIII,2011-07-31 03:18:27+00:00,True,False,False,False
Asphyxious7,2011-07-31 03:18:27+00:00,True,False,False,False
FullTimeLoser9,2011-07-31 03:18:27+00:00,True,False,False,False
thecoolestguynothere,2011-07-31 03:18:27+00:00,True,False,False,False
ShaughnDBL,2011-07-31 03:18:27+00:00,True,False,False,False
yehakhrot,2011-07-31 03:18:27+00:00,True,False,False,False
mr_knowsitall,2011-07-31 03:18:27+00:00,True,False,False,False
kitzdeathrow,2011-07-31 03:18:27+00:00,True,False,False,False
ResponsibleLevel1,2011-07-31 03:18:27+00:00,True,False,False,False
passintimendgas,2011-07-31 03:18:27+00:00,True,False,False,False
kingcrow15,2011-07-31 03:18:27+00:00,True,False,False,False
WhySoSeverusSnape,2011-07-31 03:18:27+00:00,True,False,False,False
Ageeeen,2011-07-31 03:18:27+00:00,True,False,False,False
imaberichnocap24,2011-07-31 03:18:27+00:00,True,False,False,False
allmen,2011-06-07 22:51:53+00:00,True,False,True,False
nunchucknina,2011-09-27 13:29:13+00:00,True,False,False,False
Aseem747-8,2011-09-27 13:29:13+00:00,True,False,False,False
AsImWontToDo,2011-09-27 13:29:13+00:00,True,False,False,False
woahwoahwoahwoaah,2011-09-27 13:29:13+00:00,True,False,False,False
pvtshoebox,2011-09-27 13:29:13+00:00,True,False,False,False
sub2pewdscozhefailed,2011-09-27 13:29:13+00:00,True,False,False,False
crackcocaineconsumer,2011-09-27 13:29:13+00:00,True,False,False,False
QueenofWands20,2011-09-27 13:29:13+00:00,True,False,False,False
MRMRising,2011-07-17 17:51:48+00:00,True,False,True,False
Swooshing,2011-06-04 04:26:38+00:00,True,False,False,False
nefastvs,2011-06-04 04:26:38+00:00,True,False,False,False
L-S-T-R,2011-06-04 04:26:38+00:00,True,False,False,False
aysurcouf,2011-06-04 04:26:38+00:00,True,False,False,False
JCAT14,2011-06-04 04:26:38+00:00,True,False,False,False
Dafracturedbutwhole,2011-06-04 04:26:38+00:00,True,False,False,False
meanertherip,2011-06-04 04:26:38+00:00,True,False,False,False
jmofosho,2011-06-04 04:26:38+00:00,True,False,False,False
SuperIllegalSalvager,2011-06-04 04:26:38+00:00,True,False,False,False
DildoPolice,2011-06-04 04:26:38+00:00,True,False,False,False
Cialis-in-Wonderland,2011-06-04 04:26:38+00:00,True,False,False,False
LWMolver,2011-06-04 04:26:38+00:00,True,False,False,False
FarSpeed,2011-06-04 04:26:38+00:00,True,False,False,False
freeyare,2011-06-04 04:26:38+00:00,True,False,False,False
Divine-Sea-Manatee,2011-06-04 04:26:38+00:00,True,False,False,False
Imrana78,2011-12-17 13:36:08+00:00,True,False,False,False
smileforthelerts,2011-09-27 13:29:13+00:00,True,False,False,False
savethebros,2011-09-27 13:29:13+00:00,True,False,False,False
memphisborn1962,2011-09-27 13:29:13+00:00,True,False,False,False
savy19,2011-09-27 13:29:13+00:00,True,False,False,False
TheBKaine,2011-09-27 13:29:13+00:00,True,False,False,False
Dealric,2011-09-27 13:29:13+00:00,True,False,False,False
iSaranade,2011-09-27 13:29:13+00:00,True,False,False,False
combobreakerKI13,2011-09-27 13:29:13+00:00,True,False,False,False
Starblusher,2011-09-27 13:29:13+00:00,True,False,False,False
_Schwing,2011-06-04 19:43:50+00:00,True,False,True,False
Terrytrips2015,2011-06-04 19:43:50+00:00,True,False,True,False
ThurgoodJenkinsJr,2011-06-04 19:43:50+00:00,True,False,True,False
_Killua_Zoldyck_,2011-06-04 19:43:50+00:00,True,False,True,False
TragedyOA,2011-06-04 19:43:50+00:00,True,False,True,False
onelastshot19,2011-06-04 19:43:50+00:00,True,False,True,False
toro682,2011-06-04 19:43:50+00:00,True,False,True,False
drakner1,2011-06-04 19:43:50+00:00,True,False,True,False
nitrofan,2011-06-04 19:43:50+00:00,True,False,True,False
BeastOfADad,2011-06-04 19:43:50+00:00,True,False,True,False
deejayee,2011-06-04 19:43:50+00:00,True,False,True,False
AirForceWeirdo,2011-06-04 19:43:50+00:00,True,False,True,False
blacklabel12345,2011-06-04 19:43:50+00:00,True,False,True,False
Coldbeetle,2011-06-04 19:43:50+00:00,True,False,True,False
Sarcofaygo,2011-06-04 19:43:50+00:00,True,False,True,False
jseyfer,2011-06-04 19:43:50+00:00,True,False,True,False
SiiNiiSteR1,2011-06-04 19:43:50+00:00,True,False,True,False
akompliss,2011-06-04 19:43:50+00:00,True,False,True,False
KOBE-DA-CHlMP,2011-06-04 19:43:50+00:00,True,False,True,False
DooDooButtercake,2011-06-04 19:43:50+00:00,True,False,True,False
AnselmoTheHunter,2011-06-04 19:43:50+00:00,True,False,True,False
ifixputers,2011-06-04 19:43:50+00:00,True,False,True,False
qpv,2011-06-04 19:43:50+00:00,True,False,True,False
TRX808,2011-06-04 19:43:50+00:00,True,False,True,False
Mmaplayer123,2011-06-04 19:43:50+00:00,True,False,True,False
FaithfulMoose,2011-06-04 19:43:50+00:00,True,False,True,False
DiagnosedWithJDHD,2011-06-04 19:43:50+00:00,True,False,True,False
Pandita_Faced,2011-06-04 19:43:50+00:00,True,False,True,False
Casual_Bitch_Face,2011-06-04 19:43:50+00:00,True,False,True,False
sprocter77,2011-06-04 19:43:50+00:00,True,False,True,False
joeybottt,2011-06-04 19:43:50+00:00,True,False,True,False
Big_Dinner_Box,2011-06-04 19:43:50+00:00,True,False,True,False
Beaversneverdie,2011-06-04 19:43:50+00:00,True,False,True,False
PhattestKids,2011-06-04 19:43:50+00:00,True,False,True,False
JoeRogansLintThong,2011-06-04 19:43:50+00:00,True,False,True,False
purpl3_dinosaur,2011-06-04 19:43:50+00:00,True,False,True,False
ImAFrenchCanadian,2011-06-04 19:43:50+00:00,True,False,True,False
BierKippeMett,2011-06-04 19:43:50+00:00,True,False,True,False
Smash_Palace,2011-06-04 19:43:50+00:00,True,False,True,False
The_Dung_Beetle,2011-06-04 19:43:50+00:00,True,False,True,False
SaidTheTurkey,2011-06-04 19:43:50+00:00,True,False,True,False
DustedGrooveMark,2011-06-04 19:43:50+00:00,True,False,True,False
Nezzox,2011-01-11 12:44:18+00:00,True,False,False,False
Toastboaster,2011-01-11 12:44:18+00:00,True,False,False,False
DutchNDutch,2011-01-11 12:44:18+00:00,True,False,False,False
tubby_fatkins,2011-01-11 12:44:18+00:00,True,False,False,False
KatCurb23,2011-01-11 12:44:18+00:00,True,False,False,False
kalintag90,2011-05-10 23:58:00+00:00,True,False,False,False
djinniofthelamp,2011-06-12 09:19:31+00:00,True,False,False,False
enjayjones,2011-06-12 09:19:31+00:00,True,False,False,False
ArthasBeWhitez,2011-06-12 09:19:31+00:00,True,False,False,False
OrderofWen,2011-06-12 09:19:31+00:00,True,False,False,False
minuswhale,2011-01-12 06:19:22+00:00,True,False,False,False
TheBlueGhost21,2011-05-25 00:04:08+00:00,True,False,False,False
Ironwarrior29,2011-05-25 00:04:08+00:00,True,False,False,False
mindino201,2011-05-25 00:04:08+00:00,True,False,False,False
wombatcreasy,2011-05-25 00:04:08+00:00,True,False,False,False
Marty-the-monkey,2011-05-25 00:04:08+00:00,True,False,False,False
TemporarilyDutch,2011-05-22 19:41:52+00:00,True,False,True,False
fjmackin32b,2011-05-22 19:41:52+00:00,True,False,True,False
A-little-dehydrated,2011-05-22 19:41:52+00:00,True,False,True,False
ms-awesome-bacon,2011-05-22 19:41:52+00:00,True,False,True,False
RealOncle,2011-05-22 19:41:52+00:00,True,False,True,False
tucmachine,2011-09-27 13:29:13+00:00,True,False,False,False
Roe1996,2011-09-27 13:29:13+00:00,True,False,False,False
gccmelb,2011-12-27 10:39:04+00:00,False,False,True,True
ReserviorFrog,2011-12-27 10:39:04+00:00,False,False,True,True
o0Loiter0o,2011-12-27 10:39:04+00:00,False,False,True,True
tweak0,2011-12-27 10:39:04+00:00,False,False,True,True
who8mydamnoreos,2011-12-27 10:39:04+00:00,False,False,True,True
Preesi,2011-12-27 10:39:04+00:00,False,False,True,True
ki1goretrout,2011-12-27 10:39:04+00:00,False,False,True,True
RinardoEvoris,2011-12-27 10:39:04+00:00,False,False,True,True
Ultimafax,2011-12-27 10:39:04+00:00,False,False,True,True
WhiteBlindness,2011-12-27 10:39:04+00:00,False,False,True,True
Throwawaycentipede,2011-12-27 10:39:04+00:00,False,False,True,True
That_Effin_Guy,2011-12-27 10:39:04+00:00,False,False,True,True
QuantumHeroNeo,2011-12-27 10:39:04+00:00,False,False,True,True
dtudeski,2011-12-27 10:39:04+00:00,False,False,True,True
Geohalbert,2011-12-27 10:39:04+00:00,False,False,True,True
EatinDennysWearinHat,2011-12-27 10:39:04+00:00,False,False,True,True
DemiVideos04,2011-12-27 10:39:04+00:00,False,False,True,True
toomanymarbles83,2011-12-27 10:39:04+00:00,False,False,True,True
lasdue,2011-12-27 10:39:04+00:00,False,False,True,True
Mountain-Papaya-492,2011-12-27 10:39:04+00:00,False,False,True,True
Bflkurby,2011-12-27 10:39:04+00:00,False,False,True,True
Blood__Rivers,2011-12-27 10:39:04+00:00,False,False,True,True
THE_CHOPPA,2011-12-27 10:39:04+00:00,False,False,True,True
KippSA,2011-12-27 10:39:04+00:00,False,False,True,True
Withnail-,2011-12-27 10:39:04+00:00,False,False,True,True
nomorerope,2011-12-27 10:39:04+00:00,False,False,True,True
Simonandgarthsuncle,2011-12-27 10:39:04+00:00,False,False,True,True
Diablo516-,2011-12-27 10:39:04+00:00,False,False,True,True
LeftyHyzer,2011-12-27 10:39:04+00:00,False,False,True,True
Hayderade721,2011-12-27 10:39:04+00:00,False,False,True,True
GeauxHouston22,2011-12-27 10:39:04+00:00,False,False,True,True
unbanedforlife,2011-12-27 10:39:04+00:00,False,False,True,True
walefuq,2011-12-27 10:39:04+00:00,False,False,True,True
rwjetlife,2011-12-27 10:39:04+00:00,False,False,True,True
Not-a-JoJo-weeb,2011-01-07 18:39:19+00:00,True,False,False,False
punchin_juedi,2011-01-07 18:39:19+00:00,True,False,False,False
MikeDarsh,2011-01-07 18:39:19+00:00,True,False,False,False
CipherCommando,2011-01-07 18:39:19+00:00,True,False,False,False
x420xCasper,2011-01-07 18:39:19+00:00,True,False,False,False
Chungus093,2011-01-07 18:39:19+00:00,True,False,False,False
5koalasinatrenchcoat,2011-01-07 18:39:19+00:00,True,False,False,False
Sacrolargo,2011-01-07 18:39:19+00:00,True,False,False,False
ThePhysicistDude,2011-01-07 18:39:19+00:00,True,False,False,False
jack_mcnasty987,2011-01-07 18:39:19+00:00,True,False,False,False
PeachesGuy,2011-01-07 18:39:19+00:00,True,False,False,False
troysplay,2011-01-07 18:39:19+00:00,True,False,False,False
froggie-style-meme,2011-01-07 18:39:19+00:00,True,False,False,False
Pantry_Boy,2011-01-07 18:39:19+00:00,True,False,False,False
elonmuskisaniceguy,2011-01-07 18:39:19+00:00,True,False,False,False
walrusqueefs,2011-01-07 18:39:19+00:00,True,False,False,False
heemcreammcgee,2011-01-07 18:39:19+00:00,True,False,False,False
agni_ka,2011-01-07 18:39:19+00:00,True,False,False,False
RadleyCunningham,2011-01-07 18:39:19+00:00,True,False,False,False
takecare_ofyourshoes,2011-01-07 18:39:19+00:00,True,False,False,False
crackadoo,2011-01-07 18:39:19+00:00,True,False,False,False
TheElvenWitch777,2011-01-07 18:39:19+00:00,True,False,False,False
Daystop,2011-01-07 18:39:19+00:00,True,False,False,False
No_Construction_896,2011-01-07 18:39:19+00:00,True,False,False,False
k1r0v_report1ng,2011-01-07 18:39:19+00:00,True,False,False,False
GregKannabis,2011-01-07 18:39:19+00:00,True,False,False,False
Toadman005,2011-01-07 18:39:19+00:00,True,False,False,False
negativelift,2011-01-07 18:39:19+00:00,True,False,False,False
ShadowChicken032,2011-01-07 18:39:19+00:00,True,False,False,False
CanesMan1993,2011-01-07 18:39:19+00:00,True,False,False,False
Android_mk,2011-01-07 18:39:19+00:00,True,False,False,False
TheLoudestSmallVoice,2011-01-07 18:39:19+00:00,True,False,False,False
killingtimeitself,2011-01-07 18:39:19+00:00,True,False,False,False
Draugrx23,2011-01-07 18:39:19+00:00,True,False,False,False
SsjDragonKakarotto,2011-01-07 18:39:19+00:00,True,False,False,False
ThePoorPeople,2011-01-07 18:39:19+00:00,True,False,False,False
Solidux,2011-01-07 18:39:19+00:00,True,False,False,False
Altair1234ss,2011-01-07 18:39:19+00:00,True,False,False,False
Fjotla,2011-01-07 18:39:19+00:00,True,False,False,False
Blenos,2011-01-07 18:39:19+00:00,True,False,False,False
TheOlivePanther,2011-01-07 18:39:19+00:00,True,False,False,False
SpinDoctor8517,2011-01-07 18:39:19+00:00,True,False,False,False
specialcunts,2011-01-07 18:39:19+00:00,True,False,False,False
HIV_Juice,2011-01-07 18:39:19+00:00,True,False,False,False
cryofthespacemutant,2011-01-07 18:39:19+00:00,True,False,False,False
MobsDeep,2011-01-07 18:39:19+00:00,True,False,False,False
victorz,2011-01-07 18:39:19+00:00,True,False,False,False
morganfreemansnips,2011-01-07 18:39:19+00:00,True,False,False,False
frickindeal,2011-01-07 18:39:19+00:00,True,False,False,False
SaucySpence88,2011-01-07 18:39:19+00:00,True,False,False,False
tweakerpeak,2011-01-07 18:39:19+00:00,True,False,False,False
2OP4me,2011-01-07 18:39:19+00:00,True,False,False,False
slumberyarf,2011-01-07 18:39:19+00:00,True,False,False,False
uhohlisa,2011-01-07 18:39:19+00:00,True,False,False,False
HoneyBadgerPainSauce,2011-01-07 18:39:19+00:00,True,False,False,False
FantasticPiglet,2011-01-07 18:39:19+00:00,True,False,False,False
Pleasant_Jim,2011-01-07 18:39:19+00:00,True,False,False,False
thewittyrobin,2011-01-07 18:39:19+00:00,True,False,False,False
15minutesofshame,2011-01-07 18:39:19+00:00,True,False,False,False
KBopMichael,2011-01-07 18:39:19+00:00,True,False,False,False
Cityburner,2011-01-07 18:39:19+00:00,True,False,False,False
Master_Chef7,2011-01-07 18:39:19+00:00,True,False,False,False
Alwaysxeno,2011-01-07 18:39:19+00:00,True,False,False,False
RawScallop,2011-01-07 18:39:19+00:00,True,False,False,False
Fifi0n,2011-01-07 18:39:19+00:00,True,False,False,False
notWys,2011-01-07 18:39:19+00:00,True,False,False,False
ConcentratePrevious5,2011-01-07 18:39:19+00:00,True,False,False,False
ComradePetri,2011-01-07 18:39:19+00:00,True,False,False,False
mausogrand,2011-01-07 18:39:19+00:00,True,False,False,False
TheGrapist1776,2011-01-07 18:39:19+00:00,True,False,False,False
atomicapeboy,2011-01-07 18:39:19+00:00,True,False,False,False
Rikfox,2011-01-07 18:39:19+00:00,True,False,False,False
Captainstinkytits,2011-01-07 18:39:19+00:00,True,False,False,False
sl33ksnypr,2011-01-07 18:39:19+00:00,True,False,False,False
labancaneba,2011-01-07 18:39:19+00:00,True,False,False,False
fartloud,2011-01-07 18:39:19+00:00,True,False,False,False
god_is_a_dead_meme,2011-01-07 18:39:19+00:00,True,False,False,False
mitch_feaster,2011-01-07 18:39:19+00:00,True,False,False,False
dragonbeast5,2011-01-07 18:39:19+00:00,True,False,False,False
Adiuui,2011-01-07 18:39:19+00:00,True,False,False,False
baby_blue_unicorn,2011-01-07 18:39:19+00:00,True,False,False,False
gmewhite,2011-01-07 18:39:19+00:00,True,False,False,False
igowhereiwantyeye,2011-01-07 18:39:19+00:00,True,False,False,False
GrootThereItIs,2011-01-07 18:39:19+00:00,True,False,False,False
GodsGiftOfTacos,2011-01-07 18:39:19+00:00,True,False,False,False
kilogttam,2011-01-07 18:39:19+00:00,True,False,False,False
sgtsanman,2011-01-07 18:39:19+00:00,True,False,False,False
Streets_Ahead__,2011-01-07 18:39:19+00:00,True,False,False,False
MilkGivesMeTheRuns,2011-01-07 18:39:19+00:00,True,False,False,False
nergoponte,2011-01-07 18:39:19+00:00,True,False,False,False
Master-Illustrator-8,2011-01-07 18:39:19+00:00,True,False,False,False
Fun_Issue_9709,2011-01-07 18:39:19+00:00,True,False,False,False
TheOdahviing,2011-01-07 18:39:19+00:00,True,False,False,False
Paulinho178,2011-01-07 18:39:19+00:00,True,False,False,False
megagamer92,2011-01-07 18:39:19+00:00,True,False,False,False
SlurpySlurpdoge,2011-01-07 18:39:19+00:00,True,False,False,False
Some_RandomDude69420,2011-01-07 18:39:19+00:00,True,False,False,False
saberthabat,2011-01-07 18:39:19+00:00,True,False,False,False
Mirewen15,2011-01-07 18:39:19+00:00,True,False,False,False
Champigne,2011-01-07 18:39:19+00:00,True,False,False,False
OneOdd1sBoi,2011-01-07 18:39:19+00:00,True,False,False,False
six_-_string,2011-01-07 18:39:19+00:00,True,False,False,False
fengmeanie,2011-01-07 18:39:19+00:00,True,False,False,False
North3rnLigh7s,2011-01-07 18:39:19+00:00,True,False,False,False
Jbanks08,2011-01-07 18:39:19+00:00,True,False,False,False
ComicWriter2020,2011-01-07 18:39:19+00:00,True,False,False,False
Bootsandcatsyeah,2011-01-07 18:39:19+00:00,True,False,False,False
Dnoxl,2011-01-07 18:39:19+00:00,True,False,False,False
uzam123,2011-01-07 18:39:19+00:00,True,False,False,False
-VampireWeekday-,2011-01-07 18:39:19+00:00,True,False,False,False
ChevroletSparkSS,2011-01-07 18:39:19+00:00,True,False,False,False
Jetstream-Sam,2011-01-07 18:39:19+00:00,True,False,False,False
jm4nN0sc0p3r12,2011-01-07 18:39:19+00:00,True,False,False,False
craylash,2011-01-07 18:39:19+00:00,True,False,False,False
Ornlu_Wolfjarl,2011-01-07 18:39:19+00:00,True,False,False,False
Drunk_hooker,2011-01-07 18:39:19+00:00,True,False,False,False
JustHere4ait,2011-01-07 18:39:19+00:00,True,False,False,False
Painting_Unlikely,2011-01-07 18:39:19+00:00,True,False,False,False
KokoTheTempurra,2011-01-07 18:39:19+00:00,True,False,False,False
MyLittleDashie7,2011-01-07 18:39:19+00:00,True,False,False,False
kiransairam1589,2011-01-07 18:39:19+00:00,True,False,False,False
kakakakeef,2011-01-07 18:39:19+00:00,True,False,False,False
SpaceBoi01,2011-01-07 18:39:19+00:00,True,False,False,False
Straight_Confusion84,2011-01-07 18:39:19+00:00,True,False,False,False
cowboytreetop,2011-01-07 18:39:19+00:00,True,False,False,False
FeanorFury,2011-01-07 18:39:19+00:00,True,False,False,False
thatwasnowthisisthen,2011-01-07 18:39:19+00:00,True,False,False,False
onyonrang,2011-01-07 18:39:19+00:00,True,False,False,False
sbdallas,2011-01-07 18:39:19+00:00,True,False,False,False
ayexitsxgray,2011-01-07 18:39:19+00:00,True,False,False,False
A1pH4W01v,2011-01-07 18:39:19+00:00,True,False,False,False
The-ATB,2011-01-07 18:39:19+00:00,True,False,False,False
ImFeelingWhimsical,2011-01-07 18:39:19+00:00,True,False,False,False
Lanoman123,2011-01-07 18:39:19+00:00,True,False,False,False
mrjake118,2011-01-07 18:39:19+00:00,True,False,False,False
Funneduck102,2011-01-07 18:39:19+00:00,True,False,False,False
Corporation_tshirt,2011-01-07 18:39:19+00:00,True,False,False,False
henrycharleschester,2011-01-07 18:39:19+00:00,True,False,False,False
woolfonmynoggin,2011-01-07 18:39:19+00:00,True,False,False,False
Dickticklers,2011-01-07 18:39:19+00:00,True,False,False,False
Blackwatwer2,2011-01-07 18:39:19+00:00,True,False,False,False
TheDevilsAdvokaat,2011-01-07 18:39:19+00:00,True,False,False,False
ran-Us,2011-01-07 18:39:19+00:00,True,False,False,False
zeke235,2011-01-07 18:39:19+00:00,True,False,False,False
bigdumpydumperson,2011-01-07 18:39:19+00:00,True,False,False,False
crazyabe111,2011-01-07 18:39:19+00:00,True,False,False,False
MayowaTheGreat,2011-01-07 18:39:19+00:00,True,False,False,False
meagalomaniak,2011-01-07 18:39:19+00:00,True,False,False,False
Count_Money,2011-01-07 18:39:19+00:00,True,False,False,False
dustyreptile,2011-01-07 18:39:19+00:00,True,False,False,False
username11611,2011-01-07 18:39:19+00:00,True,False,False,False
kaninkanon,2011-01-07 18:39:19+00:00,True,False,False,False
littledebiru,2011-01-07 18:39:19+00:00,True,False,False,False
btoxic,2011-01-07 18:39:19+00:00,True,False,False,False
sleipnirthesnook,2011-01-07 18:39:19+00:00,True,False,False,False
ExtraYogurt,2011-01-07 18:39:19+00:00,True,False,False,False
Lancer876,2011-01-07 18:39:19+00:00,True,False,False,False
durant92bhd,2011-01-07 18:39:19+00:00,True,False,False,False
noahjp1016,2011-01-07 18:39:19+00:00,True,False,False,False
Clarky1979,2011-01-07 18:39:19+00:00,True,False,False,False
Skoltrain,2011-01-07 18:39:19+00:00,True,False,False,False
digitalPeneTrashun,2011-01-07 18:39:19+00:00,True,False,False,False
the_saltlord,2011-01-07 18:39:19+00:00,True,False,False,False
ImFranklinBluth,2011-01-07 18:39:19+00:00,True,False,False,False
JayFTL,2011-01-07 18:39:19+00:00,True,False,False,False
cleantushy,2011-01-07 18:39:19+00:00,True,False,False,False
BlueGhettoValentine,2011-01-07 18:39:19+00:00,True,False,False,False
PopeSilliusBillius,2011-01-07 18:39:19+00:00,True,False,False,False
TryingToBeUnabrasive,2011-01-07 18:39:19+00:00,True,False,False,False
freemyboykaczynski,2011-01-07 18:39:19+00:00,True,False,False,False
Dildo_Baggins__,2011-01-07 18:39:19+00:00,True,False,False,False
Sea_Bass8868,2011-01-07 18:39:19+00:00,True,False,False,False
SM_83,2011-01-07 18:39:19+00:00,True,False,False,False
Horribunny,2011-01-07 18:39:19+00:00,True,False,False,False
BI-nyomm,2011-01-07 18:39:19+00:00,True,False,False,False
ElegantLoad,2011-01-07 18:39:19+00:00,True,False,False,False
Past-Difficulty6785,2011-01-07 18:39:19+00:00,True,False,False,False
m4mab3ar,2011-01-07 18:39:19+00:00,True,False,False,False
Slykop4th,2011-01-07 18:39:19+00:00,True,False,False,False
PrettyBird2011,2011-01-07 18:39:19+00:00,True,False,False,False
fancyantler,2011-01-07 18:39:19+00:00,True,False,False,False
Kann0n2,2011-01-07 18:39:19+00:00,True,False,False,False
jeffa_jaffa,2011-01-07 18:39:19+00:00,True,False,False,False
JuicementDay,2011-12-27 10:39:04+00:00,False,False,True,True
AHSUCKS,2011-01-07 18:39:19+00:00,True,False,False,False
24XMatteson,2011-01-07 18:39:19+00:00,True,False,False,False
squidarcher,2011-01-07 18:39:19+00:00,True,False,False,False
Diego_612,2011-01-07 18:39:19+00:00,True,False,False,False
dunkernater,2011-01-07 18:39:19+00:00,True,False,False,False
Ziarmex,2011-01-07 18:39:19+00:00,True,False,False,False
Born2dodishes,2011-01-07 18:39:19+00:00,True,False,False,False
Chinchillin09,2011-01-07 18:39:19+00:00,True,False,False,False
