author.name,author.created_at,author.has_verified_email,author.is_employee,author.is_mod,author.is_gold
Adriano_oc,2006-08-07 14:18:44+00:00,True,False,True,False
RyanSmith,2006-08-07 14:18:44+00:00,True,False,True,False
wandabarr,2006-08-07 14:18:44+00:00,True,False,True,False
childplease247,2006-08-07 14:18:44+00:00,True,False,True,False
Ilikebigmacs,2006-08-07 14:18:44+00:00,True,False,True,False
SedatedHoneyBadger,2006-08-07 14:18:44+00:00,True,False,True,False
spccby,2006-08-07 14:18:44+00:00,True,False,True,False
Stoked_Bruh,2006-08-07 14:18:44+00:00,True,False,True,False
Down4Karnage,2006-11-04 19:51:54+00:00,True,False,True,False
Schmerzkraft123,2006-11-04 19:51:54+00:00,True,False,True,False
ukexpat,2006-09-26 14:31:15+00:00,True,False,False,False
bobcat,2006-01-05 05:00:00+00:00,True,False,True,False
lordatlas,2006-02-16 02:15:23+00:00,True,False,False,False
