author.name,author.created_at,author.has_verified_email,author.is_employee,author.is_mod,author.is_gold
devyle,2009-11-22 02:54:26+00:00,True,False,True,False
yummytuber,2009-11-24 20:21:54+00:00,True,False,True,False
letsgocrazy,2009-09-27 02:13:47+00:00,True,False,True,False
BulbasaurusThe7th,2009-10-31 18:43:25+00:00,True,False,False,False
TisDaRhythmOfDaNight,2009-10-31 18:43:25+00:00,True,False,False,False
Master-Cough,2009-10-31 18:43:25+00:00,True,False,False,False
Sicks-Six-Seks,2009-10-31 18:43:25+00:00,True,False,False,False
Civilanimal,2009-10-31 18:43:25+00:00,True,False,False,False
Kicked_Outta_KIA,2009-10-31 18:43:25+00:00,True,False,False,False
Alzael,2009-10-31 18:43:25+00:00,True,False,False,False
BForBandana,2009-10-31 18:43:25+00:00,True,False,False,False
GlassWaterMaiden,2009-10-31 18:43:25+00:00,True,False,False,False
Seeattle_Seehawks,2009-10-31 18:43:25+00:00,True,False,False,False
Necessary-Section,2009-10-31 18:43:25+00:00,True,False,False,False
LeatherSeason,2009-10-31 18:43:25+00:00,True,False,False,False
Oppressinator,2009-10-31 18:43:25+00:00,True,False,False,False
GreatJaggiIsAPro,2009-10-31 18:43:25+00:00,True,False,False,False
KumaOso,2009-10-31 18:43:25+00:00,True,False,False,False
McDouggal,2009-10-31 18:43:25+00:00,True,False,False,False
VVarpten,2009-10-31 18:43:25+00:00,True,False,False,False
EricSchC1fr,2009-04-20 05:46:11+00:00,True,False,True,False
JakeRhodes,2009-07-01 01:30:18+00:00,True,False,True,False
qemist,2009-11-24 20:21:54+00:00,True,False,True,False
qaz1qaz1QAZ,2009-11-24 20:21:54+00:00,True,False,True,False
nascentt,2009-08-26 18:19:26+00:00,True,False,True,False
EmiNVS,2009-10-20 16:55:58+00:00,False,False,False,False
brofesor,2009-10-20 16:55:58+00:00,False,False,False,False
crackerjap1941,2009-10-20 16:55:58+00:00,False,False,False,False
DieselDan88,2009-10-20 16:55:58+00:00,False,False,False,False
Gloomy_Awareness,2009-10-20 16:55:58+00:00,False,False,False,False
Tony-Blare,2009-10-20 16:55:58+00:00,False,False,False,False
corpseflower,2009-10-20 16:55:58+00:00,False,False,False,False
DarkCrowI,2009-10-20 16:55:58+00:00,False,False,False,False
The-Gamersaurs48,2009-10-20 16:55:58+00:00,False,False,False,False
Jay_Hardy,2009-10-20 16:55:58+00:00,False,False,False,False
degenerate661,2009-10-20 16:55:58+00:00,False,False,False,False
neoalfa,2009-10-20 16:55:58+00:00,False,False,False,False
Immastopya,2009-10-20 16:55:58+00:00,False,False,False,False
obi2kanobi,2009-10-20 16:55:58+00:00,False,False,False,False
Pickled_Elmo,2009-10-20 16:55:58+00:00,False,False,False,False
az226,2009-10-20 16:55:58+00:00,False,False,False,False
Altctrldelna,2009-10-20 16:55:58+00:00,False,False,False,False
uncerta1n,2009-10-20 16:55:58+00:00,False,False,False,False
AhsanSadaqat,2009-10-20 16:55:58+00:00,False,False,False,False
73Scamper,2009-10-20 16:55:58+00:00,False,False,False,False
BatemansVideotape,2009-10-20 16:55:58+00:00,False,False,False,False
ky321,2009-10-20 16:55:58+00:00,False,False,False,False
lastdazeofgravity,2009-10-20 16:55:58+00:00,False,False,False,False
tippytoes2020,2009-10-20 16:55:58+00:00,False,False,False,False
arturitoburrito,2009-10-20 16:55:58+00:00,False,False,False,False
speshulpinkwipes,2009-10-20 16:55:58+00:00,False,False,False,False
hendrixski,2009-10-20 16:55:58+00:00,False,False,False,False
blaspheminCapn,2009-05-04 00:11:47+00:00,True,False,True,False
eatfreshguy407,2009-05-04 00:11:47+00:00,True,False,True,False
Jlipetzky,2009-05-04 00:11:47+00:00,True,False,True,False
Nalfzilla,2009-05-04 00:11:47+00:00,True,False,True,False
Screwdge_McDickens,2009-05-04 00:11:47+00:00,True,False,True,False
metfansc,2009-05-04 00:11:47+00:00,True,False,True,False
kerri201,2009-05-04 00:11:47+00:00,True,False,True,False
TheCrushSoda,2009-05-04 00:11:47+00:00,True,False,True,False
norma_bateman,2009-10-20 16:55:58+00:00,False,False,False,False
Not_The_John,2009-10-20 16:55:58+00:00,False,False,False,False
DayCertain,2009-10-20 16:55:58+00:00,False,False,False,False
BloodOfAlexander,2009-10-20 16:55:58+00:00,False,False,False,False
18Apollo18,2009-10-20 16:55:58+00:00,False,False,False,False
rabbithole,2009-12-15 19:01:43+00:00,True,False,True,True
Potato466,2009-12-15 19:01:43+00:00,True,False,True,True
53withtrollhair,2009-12-15 19:01:43+00:00,True,False,True,True
Darthwilhelm,2009-12-15 19:01:43+00:00,True,False,True,True
APT69420,2009-12-15 19:01:43+00:00,True,False,True,True
Screech21,2009-12-15 19:01:43+00:00,True,False,True,True
-Semaj-,2009-12-15 19:01:43+00:00,True,False,True,True
cjheaney,2009-12-15 19:01:43+00:00,True,False,True,True
makibii,2009-12-15 19:01:43+00:00,True,False,True,True
AManWithBinoculars,2009-12-15 19:01:43+00:00,True,False,True,True
QuintenBoosje,2009-12-15 19:01:43+00:00,True,False,True,True
jgb75,2009-12-15 19:01:43+00:00,True,False,True,True
Covfefur_le_Renard,2009-12-15 19:01:43+00:00,True,False,True,True
Workinlikeaslave,2009-12-15 19:01:43+00:00,True,False,True,True
gamerush177,2009-12-15 19:01:43+00:00,True,False,True,True
BlurredSight,2009-12-15 19:01:43+00:00,True,False,True,True
Significant_Cook_725,2009-12-15 19:01:43+00:00,True,False,True,True
DonDorcha,2009-12-15 19:01:43+00:00,True,False,True,True
HappyHound,2009-12-15 19:01:43+00:00,True,False,True,True
c3h8pro,2009-12-15 19:01:43+00:00,True,False,True,True
AlwaysWorried27,2009-12-15 19:01:43+00:00,True,False,True,True
skvippo,2009-12-15 19:01:43+00:00,True,False,True,True
OV3NBVK3D,2009-12-15 19:01:43+00:00,True,False,True,True
gtcnyc,2009-12-15 19:01:43+00:00,True,False,True,True
WoestijnGarnaal,2009-12-15 19:01:43+00:00,True,False,True,True
thevisitoryt,2009-12-15 19:01:43+00:00,True,False,True,True
vjdeep,2009-12-15 19:01:43+00:00,True,False,True,True
AttachableSheep,2009-12-15 19:01:43+00:00,True,False,True,True
dablordjagger420,2009-12-15 19:01:43+00:00,True,False,True,True
whatlike_withacloth,2009-12-15 19:01:43+00:00,True,False,True,True
Burger_k1ng,2009-12-15 19:01:43+00:00,True,False,True,True
oureyes,2009-04-05 02:08:15+00:00,True,False,False,False
Butterbichel,2009-10-24 10:54:29+00:00,True,False,False,False
FuckRedditsADMIN,2009-10-24 10:54:29+00:00,True,False,False,False
HundoGuy,2009-10-24 10:54:29+00:00,True,False,False,False
rhubarb2896,2009-10-24 10:54:29+00:00,True,False,False,False
XiJinpingPoohPooh,2009-10-24 10:54:29+00:00,True,False,False,False
ARCOZIB,2009-10-24 10:54:29+00:00,True,False,False,False
WarW1cked,2009-10-24 10:54:29+00:00,True,False,False,False
redundancy5,2009-10-24 10:54:29+00:00,True,False,False,False
pavlovslog,2009-10-24 10:54:29+00:00,True,False,False,False
jcad1947,2009-10-24 10:54:29+00:00,True,False,False,False
chucho89,2009-10-24 10:54:29+00:00,True,False,False,False
11bNg,2009-10-24 10:54:29+00:00,True,False,False,False
HumaDracobane,2009-10-24 10:54:29+00:00,True,False,False,False
Grummond,2009-10-24 10:54:29+00:00,True,False,False,False
Important-Bobcat,2009-10-24 10:54:29+00:00,True,False,False,False
lvxvl,2009-10-24 10:54:29+00:00,True,False,False,False
sam-small,2009-10-24 10:54:29+00:00,True,False,False,False
Alpha-OMG,2009-10-24 10:54:29+00:00,True,False,False,False
JustAnAverageFish0,2009-10-24 10:54:29+00:00,True,False,False,False
dizzy_dizzle,2009-10-24 10:54:29+00:00,True,False,False,False
32bb36d8ba,2009-10-24 10:54:29+00:00,True,False,False,False
NinjasOwnTheNight,2009-10-24 10:54:29+00:00,True,False,False,False
delicioussparkalade,2009-10-24 10:54:29+00:00,True,False,False,False
shazmitchell,2009-10-24 10:54:29+00:00,True,False,False,False
ongjb19,2009-10-24 10:54:29+00:00,True,False,False,False
punannimaster,2009-10-24 10:54:29+00:00,True,False,False,False
Infinite_M0nkeys,2009-10-24 10:54:29+00:00,True,False,False,False
Black-Spruce,2009-10-24 10:54:29+00:00,True,False,False,False
LiberiAdExtremum,2009-10-24 10:54:29+00:00,True,False,False,False
Leviathan05,2009-10-24 10:54:29+00:00,True,False,False,False
cptnpiccard,2009-10-24 10:54:29+00:00,True,False,False,False
luke2582,2009-10-24 10:54:29+00:00,True,False,False,False
The__Nez,2009-10-24 10:54:29+00:00,True,False,False,False
its0nLikeDonkeyKong,2009-10-24 10:54:29+00:00,True,False,False,False
todoke,2009-10-24 10:54:29+00:00,True,False,False,False
RandomDustBunny,2009-10-24 10:54:29+00:00,True,False,False,False
16-Times_the-detail,2009-10-24 10:54:29+00:00,True,False,False,False
Azuzu88,2009-10-24 10:54:29+00:00,True,False,False,False
mcavvacm,2009-10-24 10:54:29+00:00,True,False,False,False
TwistedGlyphs,2009-10-24 10:54:29+00:00,True,False,False,False
accapellaenthusiast,2009-10-24 10:54:29+00:00,True,False,False,False
PhantomAfiq,2009-10-24 10:54:29+00:00,True,False,False,False
Allyouneedisslut,2009-10-24 10:54:29+00:00,True,False,False,False
Channel5exclusive,2009-10-24 10:54:29+00:00,True,False,False,False
ballingundercontrol,2009-10-24 10:54:29+00:00,True,False,False,False
finniruse,2009-10-24 10:54:29+00:00,True,False,False,False
lan60000,2009-10-24 10:54:29+00:00,True,False,False,False
mum_puncher,2009-10-24 10:54:29+00:00,True,False,False,False
Cookiedoughjunkie,2009-10-24 10:54:29+00:00,True,False,False,False
Hugeknight,2009-10-24 10:54:29+00:00,True,False,False,False
Redskinns21,2009-10-24 10:54:29+00:00,True,False,False,False
morlansictorrent,2009-10-24 10:54:29+00:00,True,False,False,False
Kylar_Stern,2009-10-24 10:54:29+00:00,True,False,False,False
Miss_Sullivan,2009-10-24 10:54:29+00:00,True,False,False,False
thejman82gb,2009-10-24 10:54:29+00:00,True,False,False,False
ivanoud,2009-10-24 10:54:29+00:00,True,False,False,False
NewAgeWiggly,2009-10-24 10:54:29+00:00,True,False,False,False
GuybrushBeeblebrox,2009-10-24 10:54:29+00:00,True,False,False,False
mattthescreamer,2009-10-24 10:54:29+00:00,True,False,False,False
DextroShade,2009-10-24 10:54:29+00:00,True,False,False,False
Yawq2,2009-10-24 10:54:29+00:00,True,False,False,False
lilbundle,2009-10-24 10:54:29+00:00,True,False,False,False
BIZARRE_TOWN,2009-10-24 10:54:29+00:00,True,False,False,False
IWannaManatee,2009-10-24 10:54:29+00:00,True,False,False,False
lunchboxs7,2009-10-24 10:54:29+00:00,True,False,False,False
PetrifiedW00D,2009-10-24 10:54:29+00:00,True,False,False,False
randomroxks,2009-10-24 10:54:29+00:00,True,False,False,False
T-Breezy16,2009-10-24 10:54:29+00:00,True,False,False,False
DemonicEggg,2009-10-24 10:54:29+00:00,True,False,False,False
My_pp_big_and_hard,2009-10-24 10:54:29+00:00,True,False,False,False
TheTomatoes2,2009-10-24 10:54:29+00:00,True,False,False,False
ObviouslyNotTheBest,2009-10-24 10:54:29+00:00,True,False,False,False
TrumpsTanLine,2009-10-24 10:54:29+00:00,True,False,False,False
JohnnyGlasken,2009-10-24 10:54:29+00:00,True,False,False,False
reddit4275,2009-10-21 13:18:35+00:00,True,False,False,False
