[{"id": 4583281223, "id_str": "4583281223", "screen_name": "MyGrindelwald", "following": false, "followed_by": true, "live_following": false, "following_received": null, "following_requested": null, "notifications_enabled": null, "can_dm": true, "blocking": null, "blocked_by": null, "muting": null, "want_retweets": null, "all_replies": null, "marked_spam": null, "following_user_name": "KKheir2"}, {"id": 4583281223, "id_str": "4583281223", "screen_name": "MyGrindelwald", "following": false, "followed_by": true, "live_following": false, "following_received": null, "following_requested": null, "notifications_enabled": null, "can_dm": true, "blocking": null, "blocked_by": null, "muting": null, "want_retweets": null, "all_replies": null, "marked_spam": null, "following_user_name": "LilithRising1"}, {"id": 4583281223, "id_str": "4583281223", "screen_name": "MyGrindelwald", "following": false, "followed_by": true, "live_following": false, "following_received": null, "following_requested": null, "notifications_enabled": null, "can_dm": true, "blocking": null, "blocked_by": null, "muting": null, "want_retweets": null, "all_replies": null, "marked_spam": null, "following_user_name": "LisaJeffreys12"}, {"id": 4583281223, "id_str": "4583281223", "screen_name": "MyGrindelwald", "following": false, "followed_by": false, "live_following": false, "following_received": null, "following_requested": null, "notifications_enabled": null, "can_dm": false, "blocking": null, "blocked_by": null, "muting": null, "want_retweets": null, "all_replies": null, "marked_spam": null, "following_user_name": "LunasLifeArt"}, {"id": 4583281223, "id_str": "4583281223", "screen_name": "MyGrindelwald", "following": false, "followed_by": true, "live_following": false, "following_received": null, "following_requested": null, "notifications_enabled": null, "can_dm": true, "blocking": null, "blocked_by": null, "muting": null, "want_retweets": null, "all_replies": null, "marked_spam": null, "following_user_name": "MS_Waltner"}, {"id": 4583281223, "id_str": "4583281223", "screen_name": "MyGrindelwald", "following": false, "followed_by": false, "live_following": false, "following_received": null, "following_requested": null, "notifications_enabled": null, "can_dm": true, "blocking": null, "blocked_by": null, "muting": null, "want_retweets": null, "all_replies": null, "marked_spam": null, "following_user_name": "Shellys_Wellie"}, {"id": 4583281223, "id_str": "4583281223", "screen_name": "MyGrindelwald", "following": false, "followed_by": false, "live_following": false, "following_received": null, "following_requested": null, "notifications_enabled": null, "can_dm": false, "blocking": null, "blocked_by": null, "muting": null, "want_retweets": null, "all_replies": null, "marked_spam": null, "following_user_name": "UnJusticeWrath"}, {"id": 4583281223, "id_str": "4583281223", "screen_name": "MyGrindelwald", "following": false, "followed_by": false, "live_following": false, "following_received": null, "following_requested": null, "notifications_enabled": null, "can_dm": false, "blocking": null, "blocked_by": null, "muting": null, "want_retweets": null, "all_replies": null, "marked_spam": null, "following_user_name": "cesramirz"}, {"id": 4583281223, "id_str": "4583281223", "screen_name": "MyGrindelwald", "following": false, "followed_by": false, "live_following": false, "following_received": null, "following_requested": null, "notifications_enabled": null, "can_dm": false, "blocking": null, "blocked_by": null, "muting": null, "want_retweets": null, "all_replies": null, "marked_spam": null, "following_user_name": "monterey_five"}, {"id": 4583281223, "id_str": "4583281223", "screen_name": "MyGrindelwald", "following": false, "followed_by": true, "live_following": false, "following_received": null, "following_requested": null, "notifications_enabled": null, "can_dm": true, "blocking": null, "blocked_by": null, "muting": null, "want_retweets": null, "all_replies": null, "marked_spam": null, "following_user_name": "tasintroybolton"}, {"id": 4583281223, "id_str": "4583281223", "screen_name": "MyGrindelwald", "following": false, "followed_by": true, "live_following": false, "following_received": null, "following_requested": null, "notifications_enabled": null, "can_dm": true, "blocking": null, "blocked_by": null, "muting": null, "want_retweets": null, "all_replies": null, "marked_spam": null, "following_user_name": "FlamenRed"}, {"id": 4583281223, "id_str": "4583281223", "screen_name": "MyGrindelwald", "following": false, "followed_by": true, "live_following": false, "following_received": null, "following_requested": null, "notifications_enabled": null, "can_dm": true, "blocking": null, "blocked_by": null, "muting": null, "want_retweets": null, "all_replies": null, "marked_spam": null, "following_user_name": "Thesunnymango"}, {"id": 4583281223, "id_str": "4583281223", "screen_name": "MyGrindelwald", "following": false, "followed_by": false, "live_following": false, "following_received": null, "following_requested": null, "notifications_enabled": null, "can_dm": false, "blocking": null, "blocked_by": null, "muting": null, "want_retweets": null, "all_replies": null, "marked_spam": null, "following_user_name": "AuroraMignon"}, {"id": 4583281223, "id_str": "4583281223", "screen_name": "MyGrindelwald", "following": false, "followed_by": true, "live_following": false, "following_received": null, "following_requested": null, "notifications_enabled": null, "can_dm": true, "blocking": null, "blocked_by": null, "muting": null, "want_retweets": null, "all_replies": null, "marked_spam": null, "following_user_name": "CristaLea11"}, {"id": 4583281223, "id_str": "4583281223", "screen_name": "MyGrindelwald", "following": false, "followed_by": true, "live_following": false, "following_received": null, "following_requested": null, "notifications_enabled": null, "can_dm": true, "blocking": null, "blocked_by": null, "muting": null, "want_retweets": null, "all_replies": null, "marked_spam": null, "following_user_name": "diane_heymer"}, {"id": 4583281223, "id_str": "4583281223", "screen_name": "MyGrindelwald", "following": false, "followed_by": true, "live_following": false, "following_received": null, "following_requested": null, "notifications_enabled": null, "can_dm": true, "blocking": null, "blocked_by": null, "muting": null, "want_retweets": null, "all_replies": null, "marked_spam": null, "following_user_name": "kayleermanning"}, {"id": 4583281223, "id_str": "4583281223", "screen_name": "MyGrindelwald", "following": false, "followed_by": true, "live_following": false, "following_received": null, "following_requested": null, "notifications_enabled": null, "can_dm": true, "blocking": null, "blocked_by": null, "muting": null, "want_retweets": null, "all_replies": null, "marked_spam": null, "following_user_name": "postma_wendy"}, {"id": 4583281223, "id_str": "4583281223", "screen_name": "MyGrindelwald", "following": false, "followed_by": true, "live_following": false, "following_received": null, "following_requested": null, "notifications_enabled": null, "can_dm": true, "blocking": null, "blocked_by": null, "muting": null, "want_retweets": null, "all_replies": null, "marked_spam": null, "following_user_name": "DaisyLoman"}, {"id": 4583281223, "id_str": "4583281223", "screen_name": "MyGrindelwald", "following": false, "followed_by": true, "live_following": false, "following_received": null, "following_requested": null, "notifications_enabled": null, "can_dm": true, "blocking": null, "blocked_by": null, "muting": null, "want_retweets": null, "all_replies": null, "marked_spam": null, "following_user_name": "JohnnyDeppjust"}, {"id": 4583281223, "id_str": "4583281223", "screen_name": "MyGrindelwald", "following": false, "followed_by": false, "live_following": false, "following_received": null, "following_requested": null, "notifications_enabled": null, "can_dm": false, "blocking": null, "blocked_by": null, "muting": null, "want_retweets": null, "all_replies": null, "marked_spam": null, "following_user_name": "TdpAtlaTlok"}, {"id": 4583281223, "id_str": "4583281223", "screen_name": "MyGrindelwald", "following": false, "followed_by": true, "live_following": false, "following_received": null, "following_requested": null, "notifications_enabled": null, "can_dm": true, "blocking": null, "blocked_by": null, "muting": null, "want_retweets": null, "all_replies": null, "marked_spam": null, "following_user_name": "indycob"}, {"id": 4583281223, "id_str": "4583281223", "screen_name": "MyGrindelwald", "following": false, "followed_by": false, "live_following": false, "following_received": null, "following_requested": null, "notifications_enabled": null, "can_dm": true, "blocking": null, "blocked_by": null, "muting": null, "want_retweets": null, "all_replies": null, "marked_spam": null, "following_user_name": "AM59193334"}, {"id": 4583281223, "id_str": "4583281223", "screen_name": "MyGrindelwald", "following": true, "followed_by": true, "live_following": false, "following_received": null, "following_requested": null, "notifications_enabled": null, "can_dm": true, "blocking": null, "blocked_by": null, "muting": null, "want_retweets": null, "all_replies": null, "marked_spam": null, "following_user_name": "Lifeisabirdsong"}, {"id": 4583281223, "id_str": "4583281223", "screen_name": "MyGrindelwald", "following": false, "followed_by": true, "live_following": false, "following_received": null, "following_requested": null, "notifications_enabled": null, "can_dm": true, "blocking": null, "blocked_by": null, "muting": null, "want_retweets": null, "all_replies": null, "marked_spam": null, "following_user_name": "TheLEGOMovieTwo"}, {"id": 4583281223, "id_str": "4583281223", "screen_name": "MyGrindelwald", "following": false, "followed_by": true, "live_following": false, "following_received": null, "following_requested": null, "notifications_enabled": null, "can_dm": true, "blocking": null, "blocked_by": null, "muting": null, "want_retweets": null, "all_replies": null, "marked_spam": null, "following_user_name": "_marfushechka"}, {"id": 4583281223, "id_str": "4583281223", "screen_name": "MyGrindelwald", "following": false, "followed_by": true, "live_following": false, "following_received": null, "following_requested": null, "notifications_enabled": null, "can_dm": true, "blocking": null, "blocked_by": null, "muting": null, "want_retweets": null, "all_replies": null, "marked_spam": null, "following_user_name": "delloliod"}, {"id": 4583281223, "id_str": "4583281223", "screen_name": "MyGrindelwald", "following": true, "followed_by": true, "live_following": false, "following_received": null, "following_requested": null, "notifications_enabled": null, "can_dm": true, "blocking": null, "blocked_by": null, "muting": null, "want_retweets": null, "all_replies": null, "marked_spam": null, "following_user_name": "depplyhaIIows"}, {"id": 4583281223, "id_str": "4583281223", "screen_name": "MyGrindelwald", "following": false, "followed_by": true, "live_following": false, "following_received": null, "following_requested": null, "notifications_enabled": null, "can_dm": true, "blocking": null, "blocked_by": null, "muting": null, "want_retweets": null, "all_replies": null, "marked_spam": null, "following_user_name": "freeasabird__"}, {"id": 4583281223, "id_str": "4583281223", "screen_name": "MyGrindelwald", "following": false, "followed_by": false, "live_following": false, "following_received": null, "following_requested": null, "notifications_enabled": null, "can_dm": false, "blocking": null, "blocked_by": null, "muting": null, "want_retweets": null, "all_replies": null, "marked_spam": null, "following_user_name": "Kei_Shotaro"}, {"id": 4583281223, "id_str": "4583281223", "screen_name": "MyGrindelwald", "following": false, "followed_by": true, "live_following": false, "following_received": null, "following_requested": null, "notifications_enabled": null, "can_dm": true, "blocking": null, "blocked_by": null, "muting": null, "want_retweets": null, "all_replies": null, "marked_spam": null, "following_user_name": "DrCatPanda"}, {"id": 4583281223, "id_str": "4583281223", "screen_name": "MyGrindelwald", "following": false, "followed_by": true, "live_following": false, "following_received": null, "following_requested": null, "notifications_enabled": null, "can_dm": true, "blocking": null, "blocked_by": null, "muting": null, "want_retweets": null, "all_replies": null, "marked_spam": null, "following_user_name": "advocacia_depp"}, {"id": 4583281223, "id_str": "4583281223", "screen_name": "MyGrindelwald", "following": false, "followed_by": false, "live_following": false, "following_received": null, "following_requested": null, "notifications_enabled": null, "can_dm": false, "blocking": null, "blocked_by": null, "muting": null, "want_retweets": null, "all_replies": null, "marked_spam": null, "following_user_name": "doctuir"}, {"id": 4583281223, "id_str": "4583281223", "screen_name": "MyGrindelwald", "following": true, "followed_by": true, "live_following": false, "following_received": null, "following_requested": null, "notifications_enabled": null, "can_dm": true, "blocking": null, "blocked_by": null, "muting": null, "want_retweets": null, "all_replies": null, "marked_spam": null, "following_user_name": "farrartina1212"}, {"id": 4583281223, "id_str": "4583281223", "screen_name": "MyGrindelwald", "following": false, "followed_by": true, "live_following": false, "following_received": null, "following_requested": null, "notifications_enabled": null, "can_dm": true, "blocking": null, "blocked_by": null, "muting": null, "want_retweets": null, "all_replies": null, "marked_spam": null, "following_user_name": "juggy42"}, {"id": 4583281223, "id_str": "4583281223", "screen_name": "MyGrindelwald", "following": false, "followed_by": true, "live_following": false, "following_received": null, "following_requested": null, "notifications_enabled": null, "can_dm": true, "blocking": null, "blocked_by": null, "muting": null, "want_retweets": null, "all_replies": null, "marked_spam": null, "following_user_name": "JKirchinger"}, {"id": 4583281223, "id_str": "4583281223", "screen_name": "MyGrindelwald", "following": false, "followed_by": true, "live_following": false, "following_received": null, "following_requested": null, "notifications_enabled": null, "can_dm": true, "blocking": null, "blocked_by": null, "muting": null, "want_retweets": null, "all_replies": null, "marked_spam": null, "following_user_name": "Jacobean11"}, {"id": 4583281223, "id_str": "4583281223", "screen_name": "MyGrindelwald", "following": false, "followed_by": true, "live_following": false, "following_received": null, "following_requested": null, "notifications_enabled": null, "can_dm": true, "blocking": null, "blocked_by": null, "muting": null, "want_retweets": null, "all_replies": null, "marked_spam": null, "following_user_name": "donotfa45608560"}, {"id": 4583281223, "id_str": "4583281223", "screen_name": "MyGrindelwald", "following": false, "followed_by": true, "live_following": false, "following_received": null, "following_requested": null, "notifications_enabled": null, "can_dm": true, "blocking": null, "blocked_by": null, "muting": null, "want_retweets": null, "all_replies": null, "marked_spam": null, "following_user_name": "just_charley"}, {"id": 4583281223, "id_str": "4583281223", "screen_name": "MyGrindelwald", "following": false, "followed_by": false, "live_following": false, "following_received": null, "following_requested": null, "notifications_enabled": null, "can_dm": false, "blocking": null, "blocked_by": null, "muting": null, "want_retweets": null, "all_replies": null, "marked_spam": null, "following_user_name": "mimasdiaries"}, {"id": 4583281223, "id_str": "4583281223", "screen_name": "MyGrindelwald", "following": false, "followed_by": true, "live_following": false, "following_received": null, "following_requested": null, "notifications_enabled": null, "can_dm": true, "blocking": null, "blocked_by": null, "muting": null, "want_retweets": null, "all_replies": null, "marked_spam": null, "following_user_name": "CRommerud"}, {"id": 4583281223, "id_str": "4583281223", "screen_name": "MyGrindelwald", "following": false, "followed_by": true, "live_following": false, "following_received": null, "following_requested": null, "notifications_enabled": null, "can_dm": true, "blocking": null, "blocked_by": null, "muting": null, "want_retweets": null, "all_replies": null, "marked_spam": null, "following_user_name": "JuyAyala"}, {"id": 4583281223, "id_str": "4583281223", "screen_name": "MyGrindelwald", "following": false, "followed_by": false, "live_following": false, "following_received": null, "following_requested": null, "notifications_enabled": null, "can_dm": true, "blocking": null, "blocked_by": null, "muting": null, "want_retweets": null, "all_replies": null, "marked_spam": null, "following_user_name": "Kristalitys"}, {"id": 4583281223, "id_str": "4583281223", "screen_name": "MyGrindelwald", "following": false, "followed_by": true, "live_following": false, "following_received": null, "following_requested": null, "notifications_enabled": null, "can_dm": true, "blocking": null, "blocked_by": null, "muting": null, "want_retweets": null, "all_replies": null, "marked_spam": null, "following_user_name": "dreamsunwind966"}, {"id": 4583281223, "id_str": "4583281223", "screen_name": "MyGrindelwald", "following": false, "followed_by": true, "live_following": false, "following_received": null, "following_requested": null, "notifications_enabled": null, "can_dm": true, "blocking": null, "blocked_by": null, "muting": null, "want_retweets": null, "all_replies": null, "marked_spam": null, "following_user_name": "thatdepphead"}, {"id": 4583281223, "id_str": "4583281223", "screen_name": "MyGrindelwald", "following": false, "followed_by": false, "live_following": false, "following_received": null, "following_requested": null, "notifications_enabled": null, "can_dm": true, "blocking": null, "blocked_by": null, "muting": null, "want_retweets": null, "all_replies": null, "marked_spam": null, "following_user_name": "vic_h_7"}, {"id": 4583281223, "id_str": "4583281223", "screen_name": "MyGrindelwald", "following": false, "followed_by": true, "live_following": false, "following_received": null, "following_requested": null, "notifications_enabled": null, "can_dm": true, "blocking": null, "blocked_by": null, "muting": null, "want_retweets": null, "all_replies": null, "marked_spam": null, "following_user_name": "LarissaNurmi"}, {"id": 4583281223, "id_str": "4583281223", "screen_name": "MyGrindelwald", "following": false, "followed_by": true, "live_following": false, "following_received": null, "following_requested": null, "notifications_enabled": null, "can_dm": true, "blocking": null, "blocked_by": null, "muting": null, "want_retweets": null, "all_replies": null, "marked_spam": null, "following_user_name": "Patcar67465749"}, {"id": 4583281223, "id_str": "4583281223", "screen_name": "MyGrindelwald", "following": true, "followed_by": true, "live_following": false, "following_received": null, "following_requested": null, "notifications_enabled": null, "can_dm": true, "blocking": null, "blocked_by": null, "muting": null, "want_retweets": null, "all_replies": null, "marked_spam": null, "following_user_name": "GellertDeppBR"}, {"id": 4583281223, "id_str": "4583281223", "screen_name": "MyGrindelwald", "following": false, "followed_by": true, "live_following": false, "following_received": null, "following_requested": null, "notifications_enabled": null, "can_dm": true, "blocking": null, "blocked_by": null, "muting": null, "want_retweets": null, "all_replies": null, "marked_spam": null, "following_user_name": "Ioannalag1"}, {"id": 4583281223, "id_str": "4583281223", "screen_name": "MyGrindelwald", "following": false, "followed_by": true, "live_following": false, "following_received": null, "following_requested": null, "notifications_enabled": null, "can_dm": true, "blocking": null, "blocked_by": null, "muting": null, "want_retweets": null, "all_replies": null, "marked_spam": null, "following_user_name": "elbaher20032853"}, {"id": 4583281223, "id_str": "4583281223", "screen_name": "MyGrindelwald", "following": false, "followed_by": false, "live_following": false, "following_received": null, "following_requested": null, "notifications_enabled": null, "can_dm": true, "blocking": null, "blocked_by": null, "muting": null, "want_retweets": null, "all_replies": null, "marked_spam": null, "following_user_name": "serpens1984"}, {"id": 4583281223, "id_str": "4583281223", "screen_name": "MyGrindelwald", "following": false, "followed_by": false, "live_following": false, "following_received": null, "following_requested": null, "notifications_enabled": null, "can_dm": false, "blocking": null, "blocked_by": null, "muting": null, "want_retweets": null, "all_replies": null, "marked_spam": null, "following_user_name": "sesh1one"}, {"id": 4583281223, "id_str": "4583281223", "screen_name": "MyGrindelwald", "following": false, "followed_by": false, "live_following": false, "following_received": null, "following_requested": null, "notifications_enabled": null, "can_dm": false, "blocking": null, "blocked_by": null, "muting": null, "want_retweets": null, "all_replies": null, "marked_spam": null, "following_user_name": "xue_ruo"}, {"id": 4583281223, "id_str": "4583281223", "screen_name": "MyGrindelwald", "following": false, "followed_by": false, "live_following": false, "following_received": null, "following_requested": null, "notifications_enabled": null, "can_dm": true, "blocking": null, "blocked_by": null, "muting": null, "want_retweets": null, "all_replies": null, "marked_spam": null, "following_user_name": "AmberHeardIT"}, {"id": 4583281223, "id_str": "4583281223", "screen_name": "MyGrindelwald", "following": false, "followed_by": false, "live_following": false, "following_received": null, "following_requested": null, "notifications_enabled": null, "can_dm": false, "blocking": null, "blocked_by": null, "muting": null, "want_retweets": null, "all_replies": null, "marked_spam": null, "following_user_name": "JunContrerasMe1"}, {"id": 4583281223, "id_str": "4583281223", "screen_name": "MyGrindelwald", "following": false, "followed_by": true, "live_following": false, "following_received": null, "following_requested": null, "notifications_enabled": null, "can_dm": true, "blocking": null, "blocked_by": null, "muting": null, "want_retweets": null, "all_replies": null, "marked_spam": null, "following_user_name": "MonkeyChunter"}, {"id": 4583281223, "id_str": "4583281223", "screen_name": "MyGrindelwald", "following": false, "followed_by": false, "live_following": false, "following_received": null, "following_requested": null, "notifications_enabled": null, "can_dm": false, "blocking": null, "blocked_by": null, "muting": null, "want_retweets": null, "all_replies": null, "marked_spam": null, "following_user_name": "TaniaM07137916"}, {"id": 4583281223, "id_str": "4583281223", "screen_name": "MyGrindelwald", "following": true, "followed_by": true, "live_following": false, "following_received": null, "following_requested": null, "notifications_enabled": null, "can_dm": true, "blocking": null, "blocked_by": null, "muting": null, "want_retweets": null, "all_replies": null, "marked_spam": null, "following_user_name": "danblock4"}, {"id": 4583281223, "id_str": "4583281223", "screen_name": "MyGrindelwald", "following": false, "followed_by": false, "live_following": false, "following_received": null, "following_requested": null, "notifications_enabled": null, "can_dm": false, "blocking": null, "blocked_by": null, "muting": null, "want_retweets": null, "all_replies": null, "marked_spam": null, "following_user_name": "janeg032"}, {"id": 4583281223, "id_str": "4583281223", "screen_name": "MyGrindelwald", "following": false, "followed_by": true, "live_following": false, "following_received": null, "following_requested": null, "notifications_enabled": null, "can_dm": true, "blocking": null, "blocked_by": null, "muting": null, "want_retweets": null, "all_replies": null, "marked_spam": null, "following_user_name": "joanyyc"}, {"id": 4583281223, "id_str": "4583281223", "screen_name": "MyGrindelwald", "following": false, "followed_by": false, "live_following": false, "following_received": null, "following_requested": null, "notifications_enabled": null, "can_dm": true, "blocking": null, "blocked_by": null, "muting": null, "want_retweets": null, "all_replies": null, "marked_spam": null, "following_user_name": "CrapZap"}, {"id": 4583281223, "id_str": "4583281223", "screen_name": "MyGrindelwald", "following": false, "followed_by": true, "live_following": false, "following_received": null, "following_requested": null, "notifications_enabled": null, "can_dm": true, "blocking": null, "blocked_by": null, "muting": null, "want_retweets": null, "all_replies": null, "marked_spam": null, "following_user_name": "Hermelineke"}, {"id": 4583281223, "id_str": "4583281223", "screen_name": "MyGrindelwald", "following": false, "followed_by": true, "live_following": false, "following_received": null, "following_requested": null, "notifications_enabled": null, "can_dm": true, "blocking": null, "blocked_by": null, "muting": null, "want_retweets": null, "all_replies": null, "marked_spam": null, "following_user_name": "RonanKhan13"}, {"id": 4583281223, "id_str": "4583281223", "screen_name": "MyGrindelwald", "following": false, "followed_by": true, "live_following": false, "following_received": null, "following_requested": null, "notifications_enabled": null, "can_dm": true, "blocking": null, "blocked_by": null, "muting": null, "want_retweets": null, "all_replies": null, "marked_spam": null, "following_user_name": "SharonM97871635"}, {"id": 4583281223, "id_str": "4583281223", "screen_name": "MyGrindelwald", "following": false, "followed_by": true, "live_following": false, "following_received": null, "following_requested": null, "notifications_enabled": null, "can_dm": true, "blocking": null, "blocked_by": null, "muting": null, "want_retweets": null, "all_replies": null, "marked_spam": null, "following_user_name": "maximumtheq"}, {"id": 4583281223, "id_str": "4583281223", "screen_name": "MyGrindelwald", "following": false, "followed_by": true, "live_following": false, "following_received": null, "following_requested": null, "notifications_enabled": null, "can_dm": true, "blocking": null, "blocked_by": null, "muting": null, "want_retweets": null, "all_replies": null, "marked_spam": null, "following_user_name": "AllshineWe"}, {"id": 4583281223, "id_str": "4583281223", "screen_name": "MyGrindelwald", "following": false, "followed_by": true, "live_following": false, "following_received": null, "following_requested": null, "notifications_enabled": null, "can_dm": true, "blocking": null, "blocked_by": null, "muting": null, "want_retweets": null, "all_replies": null, "marked_spam": null, "following_user_name": "cat_a_estranha"}, {"id": 4583281223, "id_str": "4583281223", "screen_name": "MyGrindelwald", "following": false, "followed_by": true, "live_following": false, "following_received": null, "following_requested": null, "notifications_enabled": null, "can_dm": true, "blocking": null, "blocked_by": null, "muting": null, "want_retweets": null, "all_replies": null, "marked_spam": null, "following_user_name": "johnnydeppgabi"}, {"id": 4583281223, "id_str": "4583281223", "screen_name": "MyGrindelwald", "following": false, "followed_by": false, "live_following": false, "following_received": null, "following_requested": null, "notifications_enabled": null, "can_dm": false, "blocking": null, "blocked_by": null, "muting": null, "want_retweets": null, "all_replies": null, "marked_spam": null, "following_user_name": "motherofpatch"}, {"id": 4583281223, "id_str": "4583281223", "screen_name": "MyGrindelwald", "following": false, "followed_by": false, "live_following": false, "following_received": null, "following_requested": null, "notifications_enabled": null, "can_dm": false, "blocking": null, "blocked_by": null, "muting": null, "want_retweets": null, "all_replies": null, "marked_spam": null, "following_user_name": "Angie93041757"}, {"id": 4583281223, "id_str": "4583281223", "screen_name": "MyGrindelwald", "following": false, "followed_by": true, "live_following": false, "following_received": null, "following_requested": null, "notifications_enabled": null, "can_dm": true, "blocking": null, "blocked_by": null, "muting": null, "want_retweets": null, "all_replies": null, "marked_spam": null, "following_user_name": "Krizia07"}, {"id": 4583281223, "id_str": "4583281223", "screen_name": "MyGrindelwald", "following": false, "followed_by": false, "live_following": false, "following_received": null, "following_requested": null, "notifications_enabled": null, "can_dm": false, "blocking": null, "blocked_by": null, "muting": null, "want_retweets": null, "all_replies": null, "marked_spam": null, "following_user_name": "TammyShoemake18"}, {"id": 4583281223, "id_str": "4583281223", "screen_name": "MyGrindelwald", "following": false, "followed_by": true, "live_following": false, "following_received": null, "following_requested": null, "notifications_enabled": null, "can_dm": true, "blocking": null, "blocked_by": null, "muting": null, "want_retweets": null, "all_replies": null, "marked_spam": null, "following_user_name": "low2985"}, {"id": 4583281223, "id_str": "4583281223", "screen_name": "MyGrindelwald", "following": false, "followed_by": true, "live_following": false, "following_received": null, "following_requested": null, "notifications_enabled": null, "can_dm": true, "blocking": null, "blocked_by": null, "muting": null, "want_retweets": null, "all_replies": null, "marked_spam": null, "following_user_name": "vivlindsay06"}, {"id": 4583281223, "id_str": "4583281223", "screen_name": "MyGrindelwald", "following": false, "followed_by": false, "live_following": false, "following_received": null, "following_requested": null, "notifications_enabled": null, "can_dm": true, "blocking": null, "blocked_by": null, "muting": null, "want_retweets": null, "all_replies": null, "marked_spam": null, "following_user_name": "AmberHeardBRA"}, {"id": 4583281223, "id_str": "4583281223", "screen_name": "MyGrindelwald", "following": false, "followed_by": false, "live_following": false, "following_received": null, "following_requested": null, "notifications_enabled": null, "can_dm": false, "blocking": null, "blocked_by": null, "muting": null, "want_retweets": null, "all_replies": null, "marked_spam": null, "following_user_name": "Riversrpeace"}, {"id": 4583281223, "id_str": "4583281223", "screen_name": "MyGrindelwald", "following": false, "followed_by": true, "live_following": false, "following_received": null, "following_requested": null, "notifications_enabled": null, "can_dm": true, "blocking": null, "blocked_by": null, "muting": null, "want_retweets": null, "all_replies": null, "marked_spam": null, "following_user_name": "StarmRamona2020"}, {"id": 4583281223, "id_str": "4583281223", "screen_name": "MyGrindelwald", "following": false, "followed_by": true, "live_following": false, "following_received": null, "following_requested": null, "notifications_enabled": null, "can_dm": true, "blocking": null, "blocked_by": null, "muting": null, "want_retweets": null, "all_replies": null, "marked_spam": null, "following_user_name": "agirlofthenorth"}, {"id": 4583281223, "id_str": "4583281223", "screen_name": "MyGrindelwald", "following": false, "followed_by": false, "live_following": false, "following_received": null, "following_requested": null, "notifications_enabled": null, "can_dm": false, "blocking": null, "blocked_by": null, "muting": null, "want_retweets": null, "all_replies": null, "marked_spam": null, "following_user_name": "ss78902031"}, {"id": 4583281223, "id_str": "4583281223", "screen_name": "MyGrindelwald", "following": false, "followed_by": true, "live_following": false, "following_received": null, "following_requested": null, "notifications_enabled": null, "can_dm": true, "blocking": null, "blocked_by": null, "muting": null, "want_retweets": null, "all_replies": null, "marked_spam": null, "following_user_name": "sunscmnt"}, {"id": 4583281223, "id_str": "4583281223", "screen_name": "MyGrindelwald", "following": false, "followed_by": true, "live_following": false, "following_received": null, "following_requested": null, "notifications_enabled": null, "can_dm": true, "blocking": null, "blocked_by": null, "muting": null, "want_retweets": null, "all_replies": null, "marked_spam": null, "following_user_name": "The_MadameTease"}, {"id": 4583281223, "id_str": "4583281223", "screen_name": "MyGrindelwald", "following": false, "followed_by": true, "live_following": false, "following_received": null, "following_requested": null, "notifications_enabled": null, "can_dm": true, "blocking": null, "blocked_by": null, "muting": null, "want_retweets": null, "all_replies": null, "marked_spam": null, "following_user_name": "sunhopepeace"}, {"id": 4583281223, "id_str": "4583281223", "screen_name": "MyGrindelwald", "following": false, "followed_by": false, "live_following": false, "following_received": null, "following_requested": null, "notifications_enabled": null, "can_dm": false, "blocking": null, "blocked_by": null, "muting": null, "want_retweets": null, "all_replies": null, "marked_spam": null, "following_user_name": "FC98530990"}, {"id": 4583281223, "id_str": "4583281223", "screen_name": "MyGrindelwald", "following": false, "followed_by": true, "live_following": false, "following_received": null, "following_requested": null, "notifications_enabled": null, "can_dm": true, "blocking": null, "blocked_by": null, "muting": null, "want_retweets": null, "all_replies": null, "marked_spam": null, "following_user_name": "gameover_972"}, {"id": 4583281223, "id_str": "4583281223", "screen_name": "MyGrindelwald", "following": false, "followed_by": false, "live_following": false, "following_received": null, "following_requested": null, "notifications_enabled": null, "can_dm": false, "blocking": null, "blocked_by": null, "muting": null, "want_retweets": null, "all_replies": null, "marked_spam": null, "following_user_name": "ironasticgirl2"}, {"id": 4583281223, "id_str": "4583281223", "screen_name": "MyGrindelwald", "following": false, "followed_by": true, "live_following": false, "following_received": null, "following_requested": null, "notifications_enabled": null, "can_dm": true, "blocking": null, "blocked_by": null, "muting": null, "want_retweets": null, "all_replies": null, "marked_spam": null, "following_user_name": "JoScoon2"}, {"id": 4583281223, "id_str": "4583281223", "screen_name": "MyGrindelwald", "following": false, "followed_by": false, "live_following": false, "following_received": null, "following_requested": null, "notifications_enabled": null, "can_dm": false, "blocking": null, "blocked_by": null, "muting": null, "want_retweets": null, "all_replies": null, "marked_spam": null, "following_user_name": "MrsFluffyBunny2"}, {"id": 4583281223, "id_str": "4583281223", "screen_name": "MyGrindelwald", "following": false, "followed_by": true, "live_following": false, "following_received": null, "following_requested": null, "notifications_enabled": null, "can_dm": true, "blocking": null, "blocked_by": null, "muting": null, "want_retweets": null, "all_replies": null, "marked_spam": null, "following_user_name": "Robo12618295"}, {"id": 4583281223, "id_str": "4583281223", "screen_name": "MyGrindelwald", "following": false, "followed_by": true, "live_following": false, "following_received": null, "following_requested": null, "notifications_enabled": null, "can_dm": true, "blocking": null, "blocked_by": null, "muting": null, "want_retweets": null, "all_replies": null, "marked_spam": null, "following_user_name": "SeanBonau"}, {"id": 4583281223, "id_str": "4583281223", "screen_name": "MyGrindelwald", "following": false, "followed_by": true, "live_following": false, "following_received": null, "following_requested": null, "notifications_enabled": null, "can_dm": true, "blocking": null, "blocked_by": null, "muting": null, "want_retweets": null, "all_replies": null, "marked_spam": null, "following_user_name": "SpainDeppLover"}, {"id": 4583281223, "id_str": "4583281223", "screen_name": "MyGrindelwald", "following": false, "followed_by": true, "live_following": false, "following_received": null, "following_requested": null, "notifications_enabled": null, "can_dm": true, "blocking": null, "blocked_by": null, "muting": null, "want_retweets": null, "all_replies": null, "marked_spam": null, "following_user_name": "maria_ale1606"}, {"id": 4583281223, "id_str": "4583281223", "screen_name": "MyGrindelwald", "following": false, "followed_by": false, "live_following": false, "following_received": null, "following_requested": null, "notifications_enabled": null, "can_dm": false, "blocking": null, "blocked_by": null, "muting": null, "want_retweets": null, "all_replies": null, "marked_spam": null, "following_user_name": "mom2jrad"}, {"id": 4583281223, "id_str": "4583281223", "screen_name": "MyGrindelwald", "following": false, "followed_by": true, "live_following": false, "following_received": null, "following_requested": null, "notifications_enabled": null, "can_dm": true, "blocking": null, "blocked_by": null, "muting": null, "want_retweets": null, "all_replies": null, "marked_spam": null, "following_user_name": "teytanus"}, {"id": 4583281223, "id_str": "4583281223", "screen_name": "MyGrindelwald", "following": false, "followed_by": true, "live_following": false, "following_received": null, "following_requested": null, "notifications_enabled": null, "can_dm": true, "blocking": null, "blocked_by": null, "muting": null, "want_retweets": null, "all_replies": null, "marked_spam": null, "following_user_name": "Roo_Shiller"}, {"id": 4583281223, "id_str": "4583281223", "screen_name": "MyGrindelwald", "following": false, "followed_by": false, "live_following": false, "following_received": null, "following_requested": null, "notifications_enabled": null, "can_dm": true, "blocking": null, "blocked_by": null, "muting": null, "want_retweets": null, "all_replies": null, "marked_spam": null, "following_user_name": "RoraimaC"}, {"id": 4583281223, "id_str": "4583281223", "screen_name": "MyGrindelwald", "following": false, "followed_by": true, "live_following": false, "following_received": null, "following_requested": null, "notifications_enabled": null, "can_dm": true, "blocking": null, "blocked_by": null, "muting": null, "want_retweets": null, "all_replies": null, "marked_spam": null, "following_user_name": "jeffers_ellena"}, {"id": 4583281223, "id_str": "4583281223", "screen_name": "MyGrindelwald", "following": false, "followed_by": true, "live_following": false, "following_received": null, "following_requested": null, "notifications_enabled": null, "can_dm": true, "blocking": null, "blocked_by": null, "muting": null, "want_retweets": null, "all_replies": null, "marked_spam": null, "following_user_name": "magnoliaveneno1"}, {"id": 4583281223, "id_str": "4583281223", "screen_name": "MyGrindelwald", "following": false, "followed_by": true, "live_following": false, "following_received": null, "following_requested": null, "notifications_enabled": null, "can_dm": true, "blocking": null, "blocked_by": null, "muting": null, "want_retweets": null, "all_replies": null, "marked_spam": null, "following_user_name": "EADraper"}, {"id": 4583281223, "id_str": "4583281223", "screen_name": "MyGrindelwald", "following": false, "followed_by": true, "live_following": false, "following_received": null, "following_requested": null, "notifications_enabled": null, "can_dm": true, "blocking": null, "blocked_by": null, "muting": null, "want_retweets": null, "all_replies": null, "marked_spam": null, "following_user_name": "missomgsrsly"}, {"id": 4583281223, "id_str": "4583281223", "screen_name": "MyGrindelwald", "following": false, "followed_by": true, "live_following": false, "following_received": null, "following_requested": null, "notifications_enabled": null, "can_dm": true, "blocking": null, "blocked_by": null, "muting": null, "want_retweets": null, "all_replies": null, "marked_spam": null, "following_user_name": "amberturdsucks"}, {"id": 4583281223, "id_str": "4583281223", "screen_name": "MyGrindelwald", "following": true, "followed_by": true, "live_following": false, "following_received": null, "following_requested": null, "notifications_enabled": null, "can_dm": true, "blocking": null, "blocked_by": null, "muting": null, "want_retweets": null, "all_replies": null, "marked_spam": null, "following_user_name": "source411"}, {"id": 4583281223, "id_str": "4583281223", "screen_name": "MyGrindelwald", "following": false, "followed_by": true, "live_following": false, "following_received": null, "following_requested": null, "notifications_enabled": null, "can_dm": true, "blocking": null, "blocked_by": null, "muting": null, "want_retweets": null, "all_replies": null, "marked_spam": null, "following_user_name": "yanikblack"}, {"id": 4583281223, "id_str": "4583281223", "screen_name": "MyGrindelwald", "following": false, "followed_by": false, "live_following": false, "following_received": null, "following_requested": null, "notifications_enabled": null, "can_dm": true, "blocking": null, "blocked_by": null, "muting": null, "want_retweets": null, "all_replies": null, "marked_spam": null, "following_user_name": "Dahlia82295015"}, {"id": 4583281223, "id_str": "4583281223", "screen_name": "MyGrindelwald", "following": false, "followed_by": false, "live_following": false, "following_received": null, "following_requested": null, "notifications_enabled": null, "can_dm": false, "blocking": null, "blocked_by": null, "muting": null, "want_retweets": null, "all_replies": null, "marked_spam": null, "following_user_name": "Jennife69252564"}, {"id": 4583281223, "id_str": "4583281223", "screen_name": "MyGrindelwald", "following": false, "followed_by": true, "live_following": false, "following_received": null, "following_requested": null, "notifications_enabled": null, "can_dm": true, "blocking": null, "blocked_by": null, "muting": null, "want_retweets": null, "all_replies": null, "marked_spam": null, "following_user_name": "Olga71303133"}, {"id": 4583281223, "id_str": "4583281223", "screen_name": "MyGrindelwald", "following": false, "followed_by": true, "live_following": false, "following_received": null, "following_requested": null, "notifications_enabled": null, "can_dm": true, "blocking": null, "blocked_by": null, "muting": null, "want_retweets": null, "all_replies": null, "marked_spam": null, "following_user_name": "RealPamster"}, {"id": 4583281223, "id_str": "4583281223", "screen_name": "MyGrindelwald", "following": false, "followed_by": false, "live_following": false, "following_received": null, "following_requested": null, "notifications_enabled": null, "can_dm": true, "blocking": null, "blocked_by": null, "muting": null, "want_retweets": null, "all_replies": null, "marked_spam": null, "following_user_name": "CandiB313"}, {"id": 4583281223, "id_str": "4583281223", "screen_name": "MyGrindelwald", "following": false, "followed_by": false, "live_following": false, "following_received": null, "following_requested": null, "notifications_enabled": null, "can_dm": false, "blocking": null, "blocked_by": null, "muting": null, "want_retweets": null, "all_replies": null, "marked_spam": null, "following_user_name": "DJusticeforj"}, {"id": 4583281223, "id_str": "4583281223", "screen_name": "MyGrindelwald", "following": false, "followed_by": true, "live_following": false, "following_received": null, "following_requested": null, "notifications_enabled": null, "can_dm": true, "blocking": null, "blocked_by": null, "muting": null, "want_retweets": null, "all_replies": null, "marked_spam": null, "following_user_name": "Depp_BCN"}, {"id": 4583281223, "id_str": "4583281223", "screen_name": "MyGrindelwald", "following": false, "followed_by": true, "live_following": false, "following_received": null, "following_requested": null, "notifications_enabled": null, "can_dm": true, "blocking": null, "blocked_by": null, "muting": null, "want_retweets": null, "all_replies": null, "marked_spam": null, "following_user_name": "Muraken42580659"}, {"id": 4583281223, "id_str": "4583281223", "screen_name": "MyGrindelwald", "following": false, "followed_by": true, "live_following": false, "following_received": null, "following_requested": null, "notifications_enabled": null, "can_dm": true, "blocking": null, "blocked_by": null, "muting": null, "want_retweets": null, "all_replies": null, "marked_spam": null, "following_user_name": "Rwish08"}, {"id": 4583281223, "id_str": "4583281223", "screen_name": "MyGrindelwald", "following": false, "followed_by": true, "live_following": false, "following_received": null, "following_requested": null, "notifications_enabled": null, "can_dm": true, "blocking": null, "blocked_by": null, "muting": null, "want_retweets": null, "all_replies": null, "marked_spam": null, "following_user_name": "VickyBloodwo"}, {"id": 4583281223, "id_str": "4583281223", "screen_name": "MyGrindelwald", "following": false, "followed_by": true, "live_following": false, "following_received": null, "following_requested": null, "notifications_enabled": null, "can_dm": true, "blocking": null, "blocked_by": null, "muting": null, "want_retweets": null, "all_replies": null, "marked_spam": null, "following_user_name": "WonkasFactory_"}, {"id": 4583281223, "id_str": "4583281223", "screen_name": "MyGrindelwald", "following": false, "followed_by": true, "live_following": false, "following_received": null, "following_requested": null, "notifications_enabled": null, "can_dm": true, "blocking": null, "blocked_by": null, "muting": null, "want_retweets": null, "all_replies": null, "marked_spam": null, "following_user_name": "johnny_justice4"}, {"id": 4583281223, "id_str": "4583281223", "screen_name": "MyGrindelwald", "following": false, "followed_by": true, "live_following": false, "following_received": null, "following_requested": null, "notifications_enabled": null, "can_dm": true, "blocking": null, "blocked_by": null, "muting": null, "want_retweets": null, "all_replies": null, "marked_spam": null, "following_user_name": "DeppProfesser"}, {"id": 4583281223, "id_str": "4583281223", "screen_name": "MyGrindelwald", "following": false, "followed_by": true, "live_following": false, "following_received": null, "following_requested": null, "notifications_enabled": null, "can_dm": true, "blocking": null, "blocked_by": null, "muting": null, "want_retweets": null, "all_replies": null, "marked_spam": null, "following_user_name": "EleanaBelle"}, {"id": 4583281223, "id_str": "4583281223", "screen_name": "MyGrindelwald", "following": false, "followed_by": false, "live_following": false, "following_received": null, "following_requested": null, "notifications_enabled": null, "can_dm": false, "blocking": null, "blocked_by": null, "muting": null, "want_retweets": null, "all_replies": null, "marked_spam": null, "following_user_name": "HoneyHa10321850"}, {"id": 4583281223, "id_str": "4583281223", "screen_name": "MyGrindelwald", "following": false, "followed_by": true, "live_following": false, "following_received": null, "following_requested": null, "notifications_enabled": null, "can_dm": true, "blocking": null, "blocked_by": null, "muting": null, "want_retweets": null, "all_replies": null, "marked_spam": null, "following_user_name": "TUmberella"}, {"id": 4583281223, "id_str": "4583281223", "screen_name": "MyGrindelwald", "following": false, "followed_by": false, "live_following": false, "following_received": null, "following_requested": null, "notifications_enabled": null, "can_dm": false, "blocking": null, "blocked_by": null, "muting": null, "want_retweets": null, "all_replies": null, "marked_spam": null, "following_user_name": "JuneCon54651156"}, {"id": 4583281223, "id_str": "4583281223", "screen_name": "MyGrindelwald", "following": false, "followed_by": true, "live_following": false, "following_received": null, "following_requested": null, "notifications_enabled": null, "can_dm": true, "blocking": null, "blocked_by": null, "muting": null, "want_retweets": null, "all_replies": null, "marked_spam": null, "following_user_name": "WaldMignon"}, {"id": 4583281223, "id_str": "4583281223", "screen_name": "MyGrindelwald", "following": false, "followed_by": false, "live_following": false, "following_received": null, "following_requested": null, "notifications_enabled": null, "can_dm": false, "blocking": null, "blocked_by": null, "muting": null, "want_retweets": null, "all_replies": null, "marked_spam": null, "following_user_name": "Yanirabeltran_"}, {"id": 4583281223, "id_str": "4583281223", "screen_name": "MyGrindelwald", "following": false, "followed_by": true, "live_following": false, "following_received": null, "following_requested": null, "notifications_enabled": null, "can_dm": true, "blocking": null, "blocked_by": null, "muting": null, "want_retweets": null, "all_replies": null, "marked_spam": null, "following_user_name": "mackley_angela"}, {"id": 4583281223, "id_str": "4583281223", "screen_name": "MyGrindelwald", "following": false, "followed_by": true, "live_following": false, "following_received": null, "following_requested": null, "notifications_enabled": null, "can_dm": true, "blocking": null, "blocked_by": null, "muting": null, "want_retweets": null, "all_replies": null, "marked_spam": null, "following_user_name": "Cha_Ba_Da"}, {"id": 4583281223, "id_str": "4583281223", "screen_name": "MyGrindelwald", "following": false, "followed_by": true, "live_following": false, "following_received": null, "following_requested": null, "notifications_enabled": null, "can_dm": true, "blocking": null, "blocked_by": null, "muting": null, "want_retweets": null, "all_replies": null, "marked_spam": null, "following_user_name": "Dalethfc"}, {"id": 4583281223, "id_str": "4583281223", "screen_name": "MyGrindelwald", "following": false, "followed_by": true, "live_following": false, "following_received": null, "following_requested": null, "notifications_enabled": null, "can_dm": true, "blocking": null, "blocked_by": null, "muting": null, "want_retweets": null, "all_replies": null, "marked_spam": null, "following_user_name": "DeppHair"}, {"id": 4583281223, "id_str": "4583281223", "screen_name": "MyGrindelwald", "following": false, "followed_by": true, "live_following": false, "following_received": null, "following_requested": null, "notifications_enabled": null, "can_dm": true, "blocking": null, "blocked_by": null, "muting": null, "want_retweets": null, "all_replies": null, "marked_spam": null, "following_user_name": "EloisaNieves1"}, {"id": 4583281223, "id_str": "4583281223", "screen_name": "MyGrindelwald", "following": false, "followed_by": false, "live_following": false, "following_received": null, "following_requested": null, "notifications_enabled": null, "can_dm": true, "blocking": null, "blocked_by": null, "muting": null, "want_retweets": null, "all_replies": null, "marked_spam": null, "following_user_name": "LittleNashyYup"}, {"id": 4583281223, "id_str": "4583281223", "screen_name": "MyGrindelwald", "following": false, "followed_by": false, "live_following": false, "following_received": null, "following_requested": null, "notifications_enabled": null, "can_dm": false, "blocking": null, "blocked_by": null, "muting": null, "want_retweets": null, "all_replies": null, "marked_spam": null, "following_user_name": "WorldofTracy"}, {"id": 4583281223, "id_str": "4583281223", "screen_name": "MyGrindelwald", "following": false, "followed_by": false, "live_following": false, "following_received": null, "following_requested": null, "notifications_enabled": null, "can_dm": false, "blocking": null, "blocked_by": null, "muting": null, "want_retweets": null, "all_replies": null, "marked_spam": null, "following_user_name": "idekwhatisgoin2"}, {"id": 4583281223, "id_str": "4583281223", "screen_name": "MyGrindelwald", "following": false, "followed_by": false, "live_following": false, "following_received": null, "following_requested": null, "notifications_enabled": null, "can_dm": false, "blocking": null, "blocked_by": null, "muting": null, "want_retweets": null, "all_replies": null, "marked_spam": null, "following_user_name": "AntonKnebenson"}, {"id": 4583281223, "id_str": "4583281223", "screen_name": "MyGrindelwald", "following": false, "followed_by": true, "live_following": false, "following_received": null, "following_requested": null, "notifications_enabled": null, "can_dm": true, "blocking": null, "blocked_by": null, "muting": null, "want_retweets": null, "all_replies": null, "marked_spam": null, "following_user_name": "CellSation"}, {"id": 4583281223, "id_str": "4583281223", "screen_name": "MyGrindelwald", "following": false, "followed_by": true, "live_following": false, "following_received": null, "following_requested": null, "notifications_enabled": null, "can_dm": true, "blocking": null, "blocked_by": null, "muting": null, "want_retweets": null, "all_replies": null, "marked_spam": null, "following_user_name": "NanoBitcoin"}, {"id": 4583281223, "id_str": "4583281223", "screen_name": "MyGrindelwald", "following": false, "followed_by": false, "live_following": false, "following_received": null, "following_requested": null, "notifications_enabled": null, "can_dm": false, "blocking": null, "blocked_by": null, "muting": null, "want_retweets": null, "all_replies": null, "marked_spam": null, "following_user_name": "_kathblack"}, {"id": 4583281223, "id_str": "4583281223", "screen_name": "MyGrindelwald", "following": true, "followed_by": true, "live_following": false, "following_received": null, "following_requested": null, "notifications_enabled": null, "can_dm": true, "blocking": null, "blocked_by": null, "muting": null, "want_retweets": null, "all_replies": null, "marked_spam": null, "following_user_name": "johnnyhellodepp"}, {"id": 4583281223, "id_str": "4583281223", "screen_name": "MyGrindelwald", "following": false, "followed_by": true, "live_following": false, "following_received": null, "following_requested": null, "notifications_enabled": null, "can_dm": true, "blocking": null, "blocked_by": null, "muting": null, "want_retweets": null, "all_replies": null, "marked_spam": null, "following_user_name": "Celia_Maria_97"}, {"id": 4583281223, "id_str": "4583281223", "screen_name": "MyGrindelwald", "following": false, "followed_by": true, "live_following": false, "following_received": null, "following_requested": null, "notifications_enabled": null, "can_dm": true, "blocking": null, "blocked_by": null, "muting": null, "want_retweets": null, "all_replies": null, "marked_spam": null, "following_user_name": "KeeleyTalks"}, {"id": 4583281223, "id_str": "4583281223", "screen_name": "MyGrindelwald", "following": true, "followed_by": true, "live_following": false, "following_received": null, "following_requested": null, "notifications_enabled": null, "can_dm": true, "blocking": null, "blocked_by": null, "muting": null, "want_retweets": null, "all_replies": null, "marked_spam": null, "following_user_name": "LillyJane916"}, {"id": 4583281223, "id_str": "4583281223", "screen_name": "MyGrindelwald", "following": false, "followed_by": false, "live_following": false, "following_received": null, "following_requested": null, "notifications_enabled": null, "can_dm": true, "blocking": null, "blocked_by": null, "muting": null, "want_retweets": null, "all_replies": null, "marked_spam": null, "following_user_name": "MelissaOrtega16"}, {"id": 4583281223, "id_str": "4583281223", "screen_name": "MyGrindelwald", "following": false, "followed_by": true, "live_following": false, "following_received": null, "following_requested": null, "notifications_enabled": null, "can_dm": true, "blocking": null, "blocked_by": null, "muting": null, "want_retweets": null, "all_replies": null, "marked_spam": null, "following_user_name": "AnnaMic60620868"}, {"id": 4583281223, "id_str": "4583281223", "screen_name": "MyGrindelwald", "following": false, "followed_by": true, "live_following": false, "following_received": null, "following_requested": null, "notifications_enabled": null, "can_dm": true, "blocking": null, "blocked_by": null, "muting": null, "want_retweets": null, "all_replies": null, "marked_spam": null, "following_user_name": "bellswan22"}, {"id": 4583281223, "id_str": "4583281223", "screen_name": "MyGrindelwald", "following": false, "followed_by": true, "live_following": false, "following_received": null, "following_requested": null, "notifications_enabled": null, "can_dm": true, "blocking": null, "blocked_by": null, "muting": null, "want_retweets": null, "all_replies": null, "marked_spam": null, "following_user_name": "colonelkurtz99"}, {"id": 4583281223, "id_str": "4583281223", "screen_name": "MyGrindelwald", "following": true, "followed_by": true, "live_following": false, "following_received": null, "following_requested": null, "notifications_enabled": null, "can_dm": true, "blocking": null, "blocked_by": null, "muting": null, "want_retweets": null, "all_replies": null, "marked_spam": null, "following_user_name": "samjrakoh"}, {"id": 4583281223, "id_str": "4583281223", "screen_name": "MyGrindelwald", "following": false, "followed_by": true, "live_following": false, "following_received": null, "following_requested": null, "notifications_enabled": null, "can_dm": true, "blocking": null, "blocked_by": null, "muting": null, "want_retweets": null, "all_replies": null, "marked_spam": null, "following_user_name": "tepa_t"}, {"id": 4583281223, "id_str": "4583281223", "screen_name": "MyGrindelwald", "following": false, "followed_by": false, "live_following": false, "following_received": null, "following_requested": null, "notifications_enabled": null, "can_dm": false, "blocking": null, "blocked_by": null, "muting": null, "want_retweets": null, "all_replies": null, "marked_spam": null, "following_user_name": "EKreousa"}, {"id": 4583281223, "id_str": "4583281223", "screen_name": "MyGrindelwald", "following": false, "followed_by": true, "live_following": false, "following_received": null, "following_requested": null, "notifications_enabled": null, "can_dm": true, "blocking": null, "blocked_by": null, "muting": null, "want_retweets": null, "all_replies": null, "marked_spam": null, "following_user_name": "Engeltedrost"}]