user.id_str,user.screen_name,user.name,user.created_at
1337244600633798656,SlayerParody,Doom Slayer,2020-12-11 03:55:54+00:00
1337952971406127106,AjayPossum,Ajay the Virginia Possum,2020-12-13 02:51:02+00:00
1334480700150525954,madame_calico,Dame 18+,2020-12-03 12:53:14+00:00
1338040953869717505,JaemaPanganiban,Jaema Panganiban,2020-12-13 08:40:06+00:00
1335925804790763520,AngelLu41315011,Angel_lo_,2020-12-07 12:35:24+00:00
1337797030937120769,Sea_Cucumbr,Umholtz of House Dieter,2020-12-12 16:30:54+00:00
1335064974369099778,ItsJusCharlie,ItsJusCharlie,2020-12-05 03:34:44+00:00
1334842976141340673,Thestorymaker2,Thestorymaker._,2020-12-04 12:53:28+00:00
1338139515597316097,Katha79964305,Katha,2020-12-13 15:11:48+00:00
1336762052417884160,DaviDDa31832776,DaviDDavid,2020-12-09 19:58:14+00:00
1337603899407142912,Milys10348454,Milys,2020-12-12 03:43:39+00:00
1338100058319958018,Milton75514565,Milton,2020-12-13 12:35:04+00:00
1337210605199978499,no1cafefan,.,2020-12-11 01:40:53+00:00
1334688703806119936,syd83906548,syd,2020-12-04 02:39:35+00:00
1338155846144913408,killkardoza,THEONEABOVEALL,2020-12-13 16:16:49+00:00
1335309178584391682,simplygaydating,Gay Dating Site,2020-12-05 19:45:02+00:00
1337358865910919168,softforsweenett,amÃ©lieğŸ,2020-12-11 11:29:42+00:00
1334837343753265153,AllInTheFandom,Real Girls Of Fandom,2020-12-04 12:30:08+00:00
1339232680458776578,valarymonroe,Juliet Biersack,2020-12-16 15:35:55+00:00
1339567945408598017,cuijingshi0415,cuijingshi0415,2020-12-17 13:47:52+00:00
1339560954695200770,chloe02521509,justice for jğŸ¤âœ¨,2020-12-17 13:20:03+00:00
1339465191151468544,CHARTS25884100,CHARTS,2020-12-17 06:59:44+00:00
1333679382746034177,zombiehaddock3,lol@brexitmuppets,2020-12-01 07:48:51+00:00
1335431216045035521,ac1677_,âœ°ğ™°ğšğ™¸âœ° Spoilers chainsaw man,2020-12-06 03:49:56+00:00
1337809645403054082,Creative_Name64,Creative Name,2020-12-12 17:20:56+00:00
1334999386728914946,bn0bs,Moose/Bonnie ğŸ”ªğŸ±,2020-12-04 23:14:07+00:00
1337493072012259330,Yoshizilla04,Yoshizilla,2020-12-11 20:23:00+00:00
1335238718865620993,bitton_sheri,Sheri bitton,2020-12-05 15:05:13+00:00
1336844467605737474,kclee707,lee,2020-12-10 01:25:44+00:00
1339623605559300096,Elizabe58842041,Elizabeth Giovana Gomezlopez,2020-12-17 17:29:10+00:00
1338589985105203201,forss_i,I Am The Forss,2020-12-14 21:02:29+00:00
1336451755635306496,marc92553536,marc177,2020-12-08 23:25:14+00:00
1335004406165590016,s0lidbowie,bowden,2020-12-04 23:33:59+00:00
1336615785981161474,lifeiswhat7,lifeiswhat,2020-12-09 10:17:01+00:00
1336438152404332551,santanapedro70,psanta,2020-12-08 22:31:18+00:00
1336703445814927362,gerardsparade,evie,2020-12-09 16:05:20+00:00
1333571924115533831,JUSTNOTAWEEB1,Iâ€™M JUST NOT A WEEB,2020-12-01 00:42:05+00:00
1339408024142815232,angels_maidana,Angels_maidana,2020-12-17 03:12:31+00:00
1336743496447913986,aayellenn,AyelÃ©n.,2020-12-09 18:44:40+00:00
1339524099975106561,BallaEros,Eros Pico-Balla,2020-12-17 10:53:36+00:00
1339425208470560768,ElZorroEnLaLuna,LuLuNa,2020-12-17 04:20:48+00:00
1336470802301136897,idiotweetermod,dumbdreamstan,2020-12-09 00:41:01+00:00
1335145993420075009,p_sumai,Sumai P&S Wash,2020-12-05 08:56:42+00:00
1338462888336482306,Schnils7,Schnils,2020-12-14 12:36:40+00:00
1337150123286147075,demonhourslol,camshorny,2020-12-10 21:40:30+00:00
1339558002597240839,Ren88090132,Ren,2020-12-17 13:08:23+00:00
1338184972792950784,bauk_jovana,Baukica,2020-12-13 18:12:32+00:00
1339586145198374913,TimetoDieGanzer,No Time To Die Stream Film Kostenlos Anschauen,2020-12-17 15:00:09+00:00
1339617659428716548,Wonka171,Wonka Wald-Mignon,2020-12-17 17:05:26+00:00
1337568195809521664,zooous00,Zooous00,2020-12-12 01:21:41+00:00
1336614847266611201,StephenCoops,Stephen Cooper,2020-12-09 10:13:18+00:00
1340709518842482688,salutvhm,victor,2020-12-20 17:23:59+00:00
1336451225500459010,xglendinha,âœ¦â·,2020-12-08 23:25:49+00:00
1342319660499427329,marilunr20,mari,2020-12-25 04:02:11+00:00
1336837642730737665,TUPEORP01932731,TUPEORPESADILLA,2020-12-10 00:58:59+00:00
1344147946619678720,___Depphead___,Johnny depp,2020-12-30 05:07:15+00:00
1341500439058149376,Etan54583958,Etan,2020-12-22 21:46:54+00:00
1338533641790623746,motoserra97,Motoserra97,2020-12-14 17:18:19+00:00
1341835006952558595,022376_deyon,ğ““ğ“®ğ”‚ğ“¸ğ“·zinho ğŸ¤,2020-12-23 19:56:22+00:00
1343429643702067201,yuyanverse,.,2020-12-28 05:32:53+00:00
1342183920444567552,enzomikaelson,Rim,2020-12-24 19:02:48+00:00
1340756024970649601,ThealphawolfA,TheAlphaWolf Ace,2020-12-20 20:28:52+00:00
1336689013072166913,ChamilkaYasith,yasith chamilka,2020-12-09 15:08:13+00:00
1335026721096077314,argozelador,Argo Filch (em ğŸ°),2020-12-05 01:02:39+00:00
1341457956920045568,thedarkarachnid,Shadowspider,2020-12-22 18:58:12+00:00
1344340304715984896,gulch941,gulch94,2020-12-30 17:51:41+00:00
1344191134982144000,JTMe5boPI7nSdgt,Ğ Ğ¸Ğ½Ğ° Ğ‘Ğ°Ğ¸Ñ€Ğ»Ğ¸Ğ½Ğ°,2020-12-30 07:58:46+00:00
1343770943311785988,southtosouth7,stay,2020-12-29 04:09:06+00:00
1342477864902434826,mecha9_stfu,mecha9,2020-12-25 14:31:06+00:00
1344311517030789121,qqeletafalando,Frases que sÃ³ tem sentido pra quem ta chapado,2020-12-30 15:57:10+00:00
1344304569476673538,therevibez,MaiÂ²â¸â˜•ï¸,2020-12-30 15:29:30+00:00
1336092024261529600,noticiaopinioes,NotÃ­cias e opiniÃµes,2020-12-07 23:35:48+00:00
1342886831025696768,thaixsou,ThaÃ­x,2020-12-26 17:35:55+00:00
1342767331559301121,Aegeus_,Aegeus,2020-12-26 09:41:08+00:00
1344057620685090816,hiro64515008,hiro,2020-12-29 23:08:09+00:00
1337025468227325953,AleisterDamon,Aleister_Damon,2020-12-10 13:24:57+00:00
1342636747683995648,itsLukeOasis_1,Luke Oasis,2020-12-26 01:02:38+00:00
1334761837578084352,CRISy90,CRIS,2020-12-04 07:30:34+00:00
1334566853813936134,Ivanah14194592,Ivanah Hakodesh,2020-12-03 18:35:29+00:00
1335068361714233347,TheFoRealFelipe,Felipe,2020-12-05 03:48:08+00:00
1336321948108746763,epiphanybackup,epiphanybackup,2020-12-08 14:49:30+00:00
1335376116903763968,Emmajb371,Emmajb37,2020-12-06 00:11:01+00:00
1333807025332121602,LisbetOrtiz15,Lisbet Ortiz,2020-12-01 16:16:08+00:00
1333730081882173440,JindrovaVilma,Vilma JindrovÃ¡,2020-12-01 11:10:29+00:00
1333569303334039553,dolan_bayless,cole phelps 1947,2020-12-01 00:31:17+00:00
1334033737357680641,R13Noah,Noah-R13,2020-12-02 07:17:40+00:00
1333859580779048963,GitongaKing,king gitonga,2020-12-01 19:44:58+00:00
1334576506882961409,whiskymonk1,whiskymonk,2020-12-03 19:13:46+00:00
1333707244983169024,JackieM22217707,Jackie Masters,2020-12-01 09:39:50+00:00
1334917905583050758,laurel51318375,laurel,2020-12-04 17:50:13+00:00
1333882166359568393,IzzyD57409410,Izzy D.,2020-12-01 21:14:51+00:00
1333569843128377346,AbadejoDarii,Darii,2020-12-01 00:33:38+00:00
1334222798911320070,all_bIues,:p,2020-12-02 19:48:16+00:00
1335275693375156228,mars_mayhem,ğŸ–¤ğŸ§¡MarsMayhemğŸ–¤ğŸ§¡,2020-12-05 17:31:58+00:00
1336446060877770753,symere37592,Kenny Beecham,2020-12-08 23:02:35+00:00
1335813359992623104,ur_Blowfish,Blowfish.,2020-12-07 05:08:38+00:00
1334162818988445696,SandraF19526032,Sandra Fabian,2020-12-02 15:49:50+00:00
1334606038142738436,scrubbydubby294,Scrubbyinthetubby,2020-12-03 21:11:03+00:00
1340459540249251843,KR0AKON,KR0AKON,2020-12-20 00:50:45+00:00
1342846419326132225,Victori83859957,Victoria Segovia,2020-12-26 14:55:25+00:00
1342531655471423488,Amycars44116175,Amy carson,2020-12-25 18:04:40+00:00
1342641067196375040,brittyyjj,BrittyğŸ’™,2020-12-26 01:19:22+00:00
1335643385189822464,DrowsyNims,Nims,2020-12-06 17:53:00+00:00
1341862044031705090,depphead73,Depphead73,2020-12-23 21:44:05+00:00
1342143280906166274,wubbalubbadubde,Cc,2020-12-24 16:22:22+00:00
1341113429017440256,wintersoldrx,lara,2020-12-21 20:09:01+00:00
1342771245415337984,Bm169173464,Bm1,2020-12-26 09:56:41+00:00
1338831619868798976,badassvula,badassvula,2020-12-15 13:02:17+00:00
1339095321855594496,cuntchihggf,cunt,2020-12-16 06:29:52+00:00
1338823061877952513,Zinziin2,Zinziin,2020-12-15 12:27:54+00:00
1342693385568714752,batofgoth,LucağŸ‡¦ğŸ‡· #RestoreTheSnyderVerseğŸ³ï¸â€ğŸŒˆ,2020-12-26 04:47:14+00:00
1335455178431016961,cangrava,DonCangrava,2020-12-06 05:25:26+00:00
1339001604029075456,itsjuststiles24,stiles stilinski â,2020-12-16 00:17:34+00:00
1338202194475159558,Sandy26220235,Sandy,2020-12-13 19:21:01+00:00
1339069635187060737,Arc740,ArcğŸ¦,2020-12-16 04:47:47+00:00
1334389284258762752,Letsgoinfo1,Letsgoinfo.com â™¥ TPWK,2020-12-03 06:49:42+00:00
1338153599734431746,OfBaratheon,Baratheon of House Tommen,2020-12-13 16:07:48+00:00
1339256129495437315,of_resist,Resist: Fall Of Mankind,2020-12-16 17:08:55+00:00
1334277839550550016,krista_luckett,StayatHomeSerial,2020-12-02 23:27:09+00:00
1336745525790597120,galactician36,InterGalactician36,2020-12-09 18:52:38+00:00
1336131336952659968,pyneon,Pyneon,2020-12-08 02:14:17+00:00
1337292383202009095,FemboyCrim,Femboy Esports & Criminology âŒ¨ï¸ğŸ–±ï¸,2020-12-11 07:05:33+00:00
1334580281001566210,anastasialeea63,Anastasia,2020-12-03 19:28:45+00:00
1333588776208060416,Jessie96494063,Jessie,2020-12-01 01:48:47+00:00
1338864167789293577,AaluaMujuru,Aalua Mujuru,2020-12-15 15:11:28+00:00
1342321180536152073,MaturedHoneyBoy,Ğ“ĞµĞ¾Ñ€Ğ³Ğ¸Ğ¹,2020-12-25 04:08:12+00:00
1342266600888672257,weekndlover22,Rachel,2020-12-25 00:31:22+00:00
1334216709436305416,DumFyr,Dum_ FÃ½r | VEAN LOS FIJADOS,2020-12-02 19:24:07+00:00
1340296887648342016,travis20557444,travis,2020-12-19 14:04:44+00:00
1336647775493255170,Kerry07728096,Kerry Washington,2020-12-09 12:24:19+00:00
1337709853096218624,heyhoe_hey,Yikes,2020-12-12 10:44:28+00:00
1340134910296768517,nottodaytysm,ğŸŒˆ Lily âœ¨,2020-12-19 03:20:46+00:00
1337605776035241985,FrenchEwokKing,Big E Cheese,2020-12-12 03:50:49+00:00
1336104867442647040,Anthony90128055,Anthony,2020-12-08 00:27:02+00:00
1336790624247443461,SofiaCummings15,Sofia Cummings,2020-12-09 21:51:44+00:00
1342317976331157505,AbigailAvia8,Abigail AviÃ±a,2020-12-25 03:55:30+00:00
1336870191238504449,SwinserS,Swinser Sw,2020-12-10 03:07:57+00:00
1336461229959892995,DanteDemonkiler,Dante,2020-12-09 00:03:22+00:00
1334249271747600390,AlexisTheMain,Alexis,2020-12-02 21:33:18+00:00
1334491399291432960,MissFana1,MissFana,2020-12-03 13:35:45+00:00
1341594334530056192,EzioRivera,Ezio Rivera,2020-12-23 04:00:03+00:00
1336360057852882945,EvaHawkins_,Eva,2020-12-08 17:20:50+00:00
1341591297858125826,lindss_rose,Lindsey,2020-12-23 03:47:53+00:00
1337524280163184642,prettybotfazebo,fazebotboi,2020-12-11 22:27:04+00:00
1341134902117462018,Sophia74681502,Sophia,2020-12-21 21:35:31+00:00
1334834593401163777,LeeMolenaar1,Lee Molenaar,2020-12-04 12:19:19+00:00
1334687648280051715,nestornationn,Jackson,2020-12-04 02:36:35+00:00
1341410893540847620,AniyaJJ,Aniya,2020-12-22 15:51:09+00:00
1336279851267919872,karina90380418,karina,2020-12-08 12:02:08+00:00
1334233877355896832,MatthewLoring9,Clover (they/them),2020-12-02 20:32:07+00:00
1337003982879907842,peter23178629,peter,2020-12-10 11:59:56+00:00
1336776822550360075,LewisChain1,Lewis Chain,2020-12-09 20:56:55+00:00
1335325427418722304,Shebelongstot14,She belongs to the streets,2020-12-05 20:49:35+00:00
1335815518188695552,ZarlonH,Zarlon Harrell,2020-12-07 05:22:08+00:00
1334999581780799492,zooweemamama,lauren,2020-12-04 23:14:47+00:00
1337675017279197185,Idislikemislea1,Idislikemisleadingarticles,2020-12-12 08:26:12+00:00
1334957104860315648,RL_Grimes,ğ‘…ğ‘ğ‘â„ğ‘’ğ‘™ ğ¿ğ‘–ğ‘™ğ‘™ğ‘–ğ‘ğ‘› ğºğ‘Ÿğ‘–ğ‘šğ‘’ğ‘  {NEW ğŸ“Œ},2020-12-04 20:25:57+00:00
1341037246045011970,Estefan91769154,Estefania Morales Raya,2020-12-21 15:06:36+00:00
1340579035013918721,llavenderrayz,Grace,2020-12-20 08:45:32+00:00
1339581545556959232,Tabbicat1930,tabitha,2020-12-17 14:42:05+00:00
1338962116041183232,theblackpearl63,ryssa,2020-12-15 21:40:39+00:00
1341055902233862146,CarlosSaldao6,Carlos SaldaÃ±o,2020-12-21 16:20:34+00:00
1339978309720035332,JennipherNunez,Jennipher NuÃ±ez ğŸ’•ğŸ¥º,2020-12-18 16:58:33+00:00
1338513861729726465,Marugu9,Lanky_Englishman,2020-12-14 15:59:17+00:00
1339436646350110732,Tenebrousoulre1,Tenebrousoulreturns,2020-12-17 05:06:36+00:00
1339342078480961537,KarmaComesForU,Karma will come,2020-12-16 22:50:36+00:00
1334380450903707648,jane_leelee,LEELEE Jane Richards,2020-12-03 06:14:59+00:00
1337397087277813760,siriuslyOW,sirius,2020-12-11 14:01:34+00:00
1340877122450145281,judithg66,judith,2020-12-21 04:30:07+00:00
1337666118987567105,Adorabl90505471,Adorable_34,2020-12-12 07:50:40+00:00
1339771239481679872,Gerardo53409762,Gerardo Bautista,2020-12-18 03:15:40+00:00
1339556249168392192,fileswallpaper,daily wallpapers,2020-12-17 13:01:25+00:00
1337894005820907520,meerseamar,marlene,2020-12-12 22:56:40+00:00
1334464950375489545,Halfmoonwolf04,Brittney Stanford,2020-12-03 11:52:21+00:00
1338255084958986240,luna_jd,Luna JD,2020-12-13 22:51:01+00:00
1339700294201057282,mabe_valencia,Mabe Valencia,2020-12-17 22:33:44+00:00
1338513393125363712,Eu_JackSparrow,Jack Sparrow â™¡s AngÃ©lica Theach,2020-12-14 15:58:34+00:00
1334245406868467712,Cloud07623794,Cloud,2020-12-02 21:17:58+00:00
1335288376736550913,hoeforhogwarts,hoe for hogwarts,2020-12-05 18:22:24+00:00
1339694895989202945,lizzy_lunita,Lizzy Lunita,2020-12-17 22:12:22+00:00
1338853884836667394,teamdepphead,Alana,2020-12-15 14:30:24+00:00
1339876778895167491,AxA6D93PIJ1HrLp,âœ¨ ğ“¨ğ“®ğ“· ğ“ğ“±ğ“²âœ¨,2020-12-18 10:14:59+00:00
1339680443642257408,JonnyPara,Jhonny DeepğŸ‡²ğŸ‡½,2020-12-17 21:15:01+00:00
1337488676851421185,Sahar38499116,Sahar,2020-12-11 20:05:34+00:00
1337301178892361729,SimonSt67108633,Simon Stone,2020-12-11 07:40:39+00:00
1338565107949907969,HurrellDebbie,Debbie Hurrell,2020-12-14 19:22:59+00:00
1336720346792148992,JusticeForMen5,JusticeForMen,2020-12-09 17:12:44+00:00
1337995564139495425,wiccanbeheroes,"Billy á±¬ is binging movies and shows, brb",2020-12-13 05:39:49+00:00
1334302412622991362,basilthewise,Basil,2020-12-03 01:04:38+00:00
1339900372618534914,jibaluochst,ji baluochistan,2020-12-18 11:48:58+00:00
1335971937454092295,veidemargarita1,Veidemargarita1@gmail.com,2020-12-07 15:38:44+00:00
1338509464962535427,Jakefro44235661,Jake from State Farm,2020-12-14 15:41:47+00:00
1336953309916106752,huffleaddicted1,huffleaddictedtopuff,2020-12-10 08:38:31+00:00
1336948706214461441,JodieBa35850564,Jodie Barker,2020-12-10 08:19:56+00:00
1336434424901214208,SaschaMoon1,Sascha Moon,2020-12-08 22:16:34+00:00
1334226801422438404,yume_tarareba,Alle Tage ist kein Sonnetag,2020-12-02 20:04:14+00:00
1336831651213668353,SophiaT00910099,Sophia,2020-12-10 00:34:49+00:00
1336405581922492425,JeromeHitsHome,ğ˜‘ğ˜¦ğ˜³ğ˜°ğ˜®ğ˜¦ ğŸ¥Š,2020-12-08 20:21:41+00:00
1335984401176465409,QuirkyLover02,Juniper Rose,2020-12-07 16:28:06+00:00
1333667053379543046,SofiTheGoddess,Sofia Salazar,2020-12-01 06:59:58+00:00
1336822406598569984,Biden73904789,Biden,2020-12-09 23:58:15+00:00
1335784590842073090,evermorecavill,â™¥ï¸ ğ‘‰ğ‘’ğ‘Ÿğ‘  & ğ»ğ‘’ğ‘Ÿ ğ¿ğ‘œğ‘£ğ‘’ğ‘Ÿ â™¥ï¸,2020-12-07 03:14:09+00:00
1335683451400278017,sanders_jason40,Jason Sanders,2020-12-06 20:32:30+00:00
1335960172427022338,daryl7804,Daryl,2020-12-07 14:51:56+00:00
1336458030557274112,JAYMI70292712,JAYMI,2020-12-08 23:50:10+00:00
1336871271607529474,snow22228,MintyToast_Playz,2020-12-10 03:12:28+00:00
1337057541306675201,teamagazines,Teamagazines,2020-12-10 15:32:26+00:00
1337062602170642438,ElCaldo5,FASTEST SCOTSMAN ALIVE,2020-12-10 15:52:30+00:00
1333702034374209537,thissnazanagain,Nazanin,2020-12-01 09:18:55+00:00
1336767097783857159,4200_la,la weed 4200,2020-12-09 20:18:21+00:00
1338132035374882819,Thetruthofthem6,The_truth_of_the_matter,2020-12-13 14:42:08+00:00
1337952289181601796,crackeggenergy,mo,2020-12-13 02:48:38+00:00
1337195064016199680,Elric56034939,Elric,2020-12-11 00:38:50+00:00
1337533068165476353,n0thinkjustsad,dye-anna ğŸ¶â›“ğŸ¥€,2020-12-11 23:01:56+00:00
1338152507370053633,SystemDragonfly,DragonflySystem,2020-12-13 16:03:23+00:00
1335231246520229891,Ryan59931217,Ryan,2020-12-05 14:35:23+00:00
1337928940204269570,QsBrother1,Q's Brother,2020-12-13 01:15:07+00:00
1338225357510615044,Josue73278388,Josue,2020-12-13 20:52:56+00:00
1338564979977379840,Yazmin72071078,Yazmin,2020-12-14 19:22:28+00:00
1333739431233249281,AprilAhumada201,April Ahumada 2.0,2020-12-01 11:49:14+00:00
1338886401190850563,7evilkitten,Name here,2020-12-15 16:39:38+00:00
1336810397588983817,hotpizzarolls14,hotpizzarolls,2020-12-09 23:10:19+00:00
1334940635116298242,Olaa12476213,Olaa,2020-12-04 19:20:44+00:00
1337258622875734017,Classy__Garbage,Kiko,2020-12-11 04:51:27+00:00
1333597685547364355,sweetnihilism,Rachel,2020-12-01 02:24:08+00:00
1336040444631937033,AJAj00401397,AJ Aj,2020-12-07 20:10:50+00:00
1334864020692750339,thspm_,~dimdi~olha o fix,2020-12-04 14:16:08+00:00
1337442781401321475,StopTheLies2021,Truth Teller,2020-12-11 17:03:16+00:00
1336253605955833859,CARNAGENOVA1,CARNAGE,2020-12-08 10:17:50+00:00
1335254936758706179,Norton199030,Tom W J NortonğŸ‘¨â€ğŸ¨ğŸ‘¨â€ğŸ³,2020-12-05 16:09:33+00:00
1336654829683437568,car_d00r,carter,2020-12-09 12:52:16+00:00
1336026772664709122,PopUniverseoff,PopUniverseğŸ’«,2020-12-07 19:16:31+00:00
1335871699808608257,gustafson_ostin,Ostin Gustafson,2020-12-07 09:00:15+00:00
1335376954489327619,adriana_m01,Adriana Mercado,2020-12-06 00:14:19+00:00
1337547630918832128,SamPorQueSi,Oogi Boogie,2020-12-12 00:00:36+00:00
1339338772006141959,this_builder,This Character Is/Not A Master Builder,2020-12-16 22:37:15+00:00
1340232243923595264,Annabel24770650,Annabella,2020-12-19 09:47:53+00:00
1340221073317629953,RomeroYill,Yill Barbara Romero Chavez,2020-12-19 09:03:13+00:00
1337852732695261184,Felix79708226,Felix,2020-12-12 20:12:20+00:00
1335012527466557446,bunnytanktreads,ãƒ‹ãƒ³ãƒ•ã‚©ãƒãƒŸã‚³ãƒ³,2020-12-05 00:06:15+00:00
1340291248746336258,YamilethLima3,Yamileth Lima,2020-12-19 13:42:05+00:00
1336369834251137025,Greatorkevin,Kevin Sluijs,2020-12-08 17:59:51+00:00
1340167684936364032,PrideHerself,Star,2020-12-19 05:31:01+00:00
1339460867654598656,howie_the_cynic,Howard_the_Cynical_Duck,2020-12-17 06:42:21+00:00
1340131713276649472,FatiRuiz_23,FÃ¡tima RuÃ­z DÃ­az,2020-12-19 03:08:25+00:00
1338486521050095620,db_mean,kMeanDB,2020-12-14 14:10:35+00:00
1336025421809389574,GreciaE54540506,Grecia Esmeralda Lopez Salgado,2020-12-07 19:11:08+00:00
1334612072085254145,ishadowpeaches,ShadowPeaches,2020-12-03 21:35:38+00:00
1334390573038493699,vkss_ins,ğŸšğŸ¥¢,2020-12-03 06:54:48+00:00
1335536906730237953,MrNiceG76782690,Mr. NiceGuy,2020-12-06 10:50:03+00:00
1334200696422490112,Iluvmycat3,Iluvmycat,2020-12-02 18:20:17+00:00
1334174084163379201,Mikasa7265,Mikasa Ackerman,2020-12-02 16:34:32+00:00
1335242607488888836,Anonimus0093,Anonimus009,2020-12-05 15:21:16+00:00
1335257419702824962,LoLoimsorry,Lo Lo,2020-12-05 16:19:32+00:00
1335077632304623619,Philly11Go,GoPhilly11Eagles,2020-12-05 04:24:56+00:00
1335241236278616065,GoguenMark,Mark Goguen,2020-12-05 15:16:16+00:00
1334523720640196609,janneweasley,janne,2020-12-03 15:44:05+00:00
1339230708548644866,yassivty,Hot Depp,2020-12-16 15:27:48+00:00
1340525483608449024,Brenda42058648,Brenda,2020-12-20 05:12:52+00:00
1337580722370957313,ChrSingleDadSD,Chronicles of a Single Dad Living in San Diego,2020-12-12 02:11:25+00:00
1337794631883427840,Brenda09542338,Brenda,2020-12-12 16:24:25+00:00
1340513667004174337,BrittneeGilmor2,Brittnee Gilmore,2020-12-20 04:25:47+00:00
1338414863408902144,legalchronicle2,legal chronicles,2020-12-14 09:25:59+00:00
1339047860302729217,Chickeniscat1,Jade,2020-12-16 03:21:10+00:00
1338160667493163010,MRikki829,R.Larsen,2020-12-13 16:36:07+00:00
1340457314185261056,crmn14collings,Crmn14collings,2020-12-20 00:42:06+00:00
1340423091516784648,Sofia44706074,Sofia,2020-12-19 22:26:02+00:00
1335049247859863553,Team_Ceven,Ceven,2020-12-05 02:32:11+00:00
1340688283060285440,Jorin_Liu,Jorin,2020-12-20 15:59:42+00:00
1337922950973054977,NathCarrera6303,Nathalia Carrera,2020-12-13 00:51:25+00:00
1333769512185974787,chapullingq,chapullingq,2020-12-01 13:47:04+00:00
1340258141171294209,de4dn0ught,ĞĞ½Ğ´Ñ€ĞµĞ¹,2020-12-19 11:30:28+00:00
1336288157516574721,AshtonS78030074,Ashton Spencer,2020-12-08 12:35:07+00:00
1336923665405919233,Princess0fH_ll,Solo Wing Princess ğŸ³ï¸â€âš§ï¸âš§,2020-12-10 06:40:25+00:00
1337784148480552960,AccuFalse,False Accusations,2020-12-12 15:41:36+00:00
1337468684730818569,hennypipegod777,optimistic clippers fan,2020-12-11 18:46:10+00:00
1334916041189847040,RoseChickDuck,,2020-12-04 17:42:47+00:00
1333978385861677056,captainmiklobug,MMMMMMMMMMMMMM.YUMTOAST,2020-12-02 03:36:55+00:00
1334601798569619468,filmebilet,filmebiletğŸ„â„ï¸,2020-12-03 20:54:12+00:00
1341575639749554179,crimsontrxsh,crimsonâ™¡â™¡,2020-12-23 02:46:01+00:00
1337431644106579970,nikaversais,Nika ğŸ”,2020-12-11 16:18:57+00:00
1341533000237002753,K123Jamal,JamalK123,2020-12-22 23:56:40+00:00
1339034010979348482,Jazminh97664980,Jazâ¤wald-mignon,2020-12-16 02:28:15+00:00
1340167344795037701,Karitotp1,Karitotp,2020-12-19 05:29:39+00:00
1337320871313203200,Chintololo2,Chintololo,2020-12-11 08:58:46+00:00
1339743531645030401,TheRealNightOw3,â˜€ï¸ğŸŒ»TheRealNightOwlğŸŒ»â˜€ï¸,2020-12-18 01:26:28+00:00
1342160236799553538,Ari_babyXO,Ari L,2020-12-24 17:28:43+00:00
1339054122314715136,fuckinggcosmic,ğ‘¨ğ’šğ’ğ’Šğ’â˜•ï¸,2020-12-16 03:46:19+00:00
1339638596450611202,JolangfordUK,ğ½ğ‘’ğ‘ ğ‘  ã‚·,2020-12-17 18:28:34+00:00
1336168300573757441,castop666,ğ“†™Ğ›ĞµĞ½Ğ¸Ğ²ĞµÑ† Ğ´ÑƒÑˆĞ¸ Ğ¼Ğ¾ĞµĞ¹ğ“†™,2020-12-08 04:38:56+00:00
1339414576568274945,Zach16191918,Zach,2020-12-17 03:38:26+00:00
1340781477710196744,Jimmilyn8,Jimmilyn,2020-12-20 22:10:05+00:00
1342145772549246977,Eruem2,Eruem,2020-12-24 16:31:16+00:00
1339759043871555585,LilyFontaine7,Lily Fontaine,2020-12-18 02:27:28+00:00
1341118211832619011,Fany84252415,Fany,2020-12-21 20:28:13+00:00
1334987104938549251,dexdwxeight,avery â€âœª | DANTES GF (REAL!!!),2020-12-04 22:25:13+00:00
1341672852886568962,Claudia82969816,savvy depp!,2020-12-23 09:12:07+00:00
1343357884067934208,EwgimA,Ewgim Alemao,2020-12-28 00:48:02+00:00
1334967602670661635,Lavergacalient2,Lavergacaliente,2020-12-04 21:07:59+00:00
1339552104155910146,thebigthor33,MAhdi,2020-12-17 12:44:58+00:00
1342120123008749568,HARLOW38922545,HARLOW,2020-12-24 14:49:49+00:00
1342838124456648704,Noemi39737858,Noemi Ianni,2020-12-26 14:22:24+00:00
1336891879120637954,SofiaAr95302968,Sofia Arango,2020-12-10 04:34:44+00:00
1338176458909503489,damiesvoid,perditaãƒŸâ˜†,2020-12-13 17:38:32+00:00
1337711334646050817,Torobelo1,Torobelo,2020-12-12 10:50:27+00:00
1341853280029335552,PapaLatte9,PapaLatte,2020-12-23 21:08:53+00:00
1334009314806165505,OhNoGoGo1,OhNoGoGo,2020-12-02 05:39:49+00:00
1335549352685699077,AryanCamat,AryanğŸ¦‹,2020-12-06 11:40:20+00:00
1335425275773915137,cactikaktos,Friendly Cactus ğŸŒµ,2020-12-06 03:26:20+00:00
1340219425912467457,deadghia,Ghia,2020-12-19 08:56:41+00:00
1341014186768396293,Elina95662040,Elina,2020-12-21 13:34:44+00:00
1336858486437777414,alpha_wr,alpha_writer,2020-12-10 02:21:29+00:00
1335207689442488322,FabriccioBastos,FafÃ£o,2020-12-05 13:01:43+00:00
1337089083907006465,ZahraShojaei5,Zahra Shojaei,2020-12-10 17:38:28+00:00
1335628476611641345,Heardbuster,Vajaad,2020-12-06 16:53:55+00:00
1334203096172355584,PantsdeF,The Hermit,2020-12-02 18:29:52+00:00
1336466697000263684,MgtowRoamer,ROAMER MGTOW,2020-12-09 00:24:34+00:00
1341216235556659200,Nat70495921,Nat,2020-12-22 02:57:43+00:00
1341207439811571713,BN_R32,R.I Petrolhead,2020-12-22 02:22:57+00:00
1336283142043410435,WAccors,SAMMY THE PUNISHED FEMBOY,2020-12-08 12:15:18+00:00
1341025970099240965,DulceSolares13,Candy,2020-12-21 14:21:37+00:00
1336314861286957057,PajnooAbhishek,Abhishek Pajnoo,2020-12-08 14:21:15+00:00
1336705847276265475,taterings,ğ“ ğ€ ğ“ ğŸŒ™,2020-12-09 16:15:03+00:00
1337904121354067968,zaman_tevhid,Tevhid ZamanÄ±,2020-12-12 23:36:27+00:00
1337843179035516930,FANT4STICBR,Fantastic Four BR,2020-12-12 19:34:18+00:00
1339932414060191750,deppsromance,ğ—ºğ—¼ğ—»ğ—¶ğ—¸ğ—® â€,2020-12-18 13:56:07+00:00
1334659908428582915,HughGRe28778211,Hugh G Rection,2020-12-04 00:45:07+00:00
1341173116265967616,Rosa38217397,Rosa,2020-12-22 00:06:12+00:00
1339717119731249152,depp_daddy,ğŸ–¤Depp is DaddyğŸ–¤,2020-12-17 23:40:40+00:00
1341286862137274371,CharmanderParod,Charmander,2020-12-22 07:38:14+00:00
1339834430349692928,bogwalkerlvl40,Take Panicked Poop,2020-12-18 07:26:45+00:00
1338250209361600517,N3onRobot,Tyler Datta pronouns = Hail/Hydra,2020-12-13 22:32:01+00:00
1339982409232773121,MIRRORSVOL7,maria Â¹á´° is on mars ğŸª/ SHY AWAY,2020-12-18 17:15:09+00:00
1340191621544030208,depp_deppjohnny,Johnny Depp,2020-12-19 07:06:10+00:00
1339365846204829698,Odette39358282,dette,2020-12-17 00:25:05+00:00
1335908494826991616,Thatsenough0,That's Enough (Anti-war Coalition),2020-12-07 11:27:58+00:00
1337171136677863426,Gladys77717193,Gladys,2020-12-10 23:04:14+00:00
1335415458133000192,Mariana77925516,Mariana Gonzalez,2020-12-06 02:47:33+00:00
1341980490333626370,IslandMeatball,IslandMeatball,2020-12-24 05:34:42+00:00
1337974042045898754,ATrufano,Alma Trufano,2020-12-13 04:14:22+00:00
1336285301115920385,salescrown,Salescrown,2020-12-08 12:23:54+00:00
1340949584001032193,WeebAndKpopFan2,b0nbonche,2020-12-21 09:18:09+00:00
1342992201777864708,AshlaValentine,FallenInMadness,2020-12-27 00:34:36+00:00
1343214351294066689,AudreyDabi,Thatgirlwithrants,2020-12-27 15:17:22+00:00
1334941333383999488,Mitra99725842,8Mitra8,2020-12-04 19:23:21+00:00
1334567149361377280,RishabK10817409,Rishab Kashyap,2020-12-03 18:36:42+00:00
1339639273520324612,Artisto26989280,Merch by Mama,2020-12-17 18:31:16+00:00
1342810924550336512,Tacobel12080654,Taco.bell,2020-12-26 12:34:40+00:00
1338320561211117568,malachi57167867,malachi,2020-12-14 03:11:07+00:00
1337756752498978817,wildrbel,von doomâ“,2020-12-12 13:50:55+00:00
1341004152835514368,MollyRuki15,Molly Ruki,2020-12-21 12:55:06+00:00
1337978470765391872,IiPavez,Pavez Leo II,2020-12-13 04:32:36+00:00
1340150301899317248,Soledad15981419,Soledad,2020-12-19 04:22:48+00:00
1342170507031011329,Martina95892842,Martina,2020-12-24 18:09:33+00:00
1343056337819881473,matias2005pm,jorge,2020-12-27 04:49:27+00:00
1336346105676615681,AnitaWray7,Anita Wray,2020-12-08 16:25:46+00:00
1341392823510331399,lokipadmepedia,loki and padmÃ©â€™s bitch | TFATWS ERA!,2020-12-22 14:39:21+00:00
1339605323359821826,JanaeLacie,Lacie Janaeâ€™,2020-12-17 16:16:38+00:00
1339523894848458753,LiamHeard5,Liam Heard,2020-12-17 10:52:50+00:00
1334607793416966145,RoxanaBlaga5,Roxana Blaga,2020-12-03 21:18:03+00:00
1338526557250478082,Marcoslr16,Marcoslr,2020-12-14 16:49:46+00:00
1340865221972246528,is_satellite,Satellite_Iszy,2020-12-21 03:42:52+00:00
1338284156862738434,Lindseydepp3,Lindsey depp,2020-12-14 00:46:33+00:00
1338752932985102343,AnnieDeppHead1,@depp.dream_,2020-12-15 07:49:16+00:00
1339016543192162305,MaruJose5,Maru Jose,2020-12-16 01:17:16+00:00
1340399055172603904,Rebel_Rocker513,Alicia,2020-12-19 20:51:26+00:00
1338674600830504973,1919Hank,Hank191999,2020-12-15 02:38:12+00:00
1337398994515812352,m6ruyama,Tristan kisser ğŸ˜,2020-12-11 14:09:37+00:00
1340941106750611456,Bonap1Bonapart,Constanza Bonapart,2020-12-21 08:44:13+00:00
1343575243177275393,ALIANZAPIRATA1,ALIANZAPIRATA,2020-12-28 15:11:28+00:00
1343615032098246657,yeahessi,â˜„ğ“…¦,2020-12-28 17:49:58+00:00
1343781932207808513,DeputyShaun,Deputy Shaun,2020-12-29 04:52:42+00:00
1341104013677375491,johnnydepptime,johnnydepptime,2020-12-21 19:31:38+00:00
1341974694690320384,its_abbas_here,Asker,2020-12-24 05:11:38+00:00
1342744890212560898,Isabell97477286,Isabella,2020-12-26 08:12:13+00:00
1338906226403500032,Dalia81213973,Dalia Ù…ØµØ± ğŸ‡ªğŸ‡¬,2020-12-15 17:58:30+00:00
1343719166755418112,NoWhiteWomen21,No White Women 2021,2020-12-29 00:43:21+00:00
1338117483153199106,Gurvind23963618,à¨•à¨¿à¨¸à¨¾à¨¨ à¨¦à©‡ à¨¨à¨¾à¨²,2020-12-13 13:44:17+00:00
1338344014786027520,PamelaMcCaffer8,Pamela McCafferty,2020-12-14 04:44:21+00:00
1341087217113042945,armando19792431,armando reyes,2020-12-21 18:25:20+00:00
1341290138878550018,Potami6,Potami,2020-12-22 07:51:21+00:00
1334264695365259264,good0Gre3f,good0Gre3fğŸ´â€â˜ ï¸,2020-12-02 22:34:57+00:00
1334434744738701314,LasteNomie,Nomie,2020-12-03 09:50:22+00:00
1333913732443848705,JoseAra87947324,Jose Aragon,2020-12-01 23:20:09+00:00
1334000330292355077,fromcoolguy,john,2020-12-02 05:04:37+00:00
1334535880422412291,CatseyThe,caseydilla,2020-12-03 16:32:17+00:00
1333676376793128961,MyrahJ6,Myrah J,2020-12-01 07:36:58+00:00
1334495663338508294,uclyde_,sunburntğŸ¦‹,2020-12-03 13:52:30+00:00
1334029212383141889,Wed30188994,wed,2020-12-02 06:59:04+00:00
1334289278357168129,bdna_de,Corresponsal anÃ³nimo de BDNA,2020-12-03 00:12:34+00:00
1333840447387656193,NawarSa27836127,Nawar Sabah,2020-12-01 18:29:06+00:00
1338224815249952768,DiegoMangoTango,Diego WilliamsğŸ¹,2020-12-13 20:50:43+00:00
1333932260207149057,Wholelotta888,Wholelottacreativity,2020-12-02 00:33:40+00:00
1344477353561321474,PLem0na1d,Cottage-Corista,2020-12-31 02:56:07+00:00
1337571206845919232,Alma_rey9,Alma Rey,2020-12-12 01:33:32+00:00
1338181292001808392,kevlise07,ElisÃ¨,2020-12-13 17:57:53+00:00
1341075867443879955,blankblueberry,Blueberry,2020-12-21 17:40:16+00:00
1334930934525779969,HanneSommer2,Hanne Sommer Andersen,2020-12-04 18:42:07+00:00
1340520461642256386,akshaya_blue,Akshaya Blue,2020-12-20 04:52:54+00:00
1341897781292670976,WaznaSarafath,Wazna Sarafath,2020-12-24 00:06:00+00:00
1342167527108071424,MissCha46934238,Miss Chanandler Bong,2020-12-24 17:57:38+00:00
1338993342953172992,Hey_gemini247,Maurice,2020-12-15 23:44:41+00:00
1340843961791950857,deppheadsurtada,ï¼¤ï½…ï½ï½ï¼¨ï½…ï½ï½„ï½“ - ï¼¢ï½’ï½ï½“ï½‰ï½Œ,2020-12-21 02:18:26+00:00
1337088130000842752,PettyRuxpin83,Shitbird Bumtrinket,2020-12-10 17:33:54+00:00
1333933437321932801,JuanCar07684635,Juan Carlos,2020-12-02 00:38:31+00:00
1337761904463327233,LadyBibliophage,N,2020-12-12 14:11:27+00:00
1343346424239427584,Mothersofsons1,Mothers of sons,2020-12-28 00:02:18+00:00
1334136210453741569,rosesforsacha,YongğŸŒ¹,2020-12-02 14:04:03+00:00
1340080034032349189,CMctomney,Catherine Lynaghan-McTomney,2020-12-18 23:42:48+00:00
1344317836580315137,1Lyndsayrose,123_lyndsayrose,2020-12-30 16:22:17+00:00
1344403314583216128,belsants1,bel,2020-12-30 22:01:52+00:00
1341698349452423168,BruVergs,Bruno Marques,2020-12-23 10:53:27+00:00
1333780442508451848,o8Eight8o,8,2020-12-01 14:30:25+00:00
1343969472311422983,crybabyplss,â˜…botDoJohnnâ˜…ğŸ‡§ğŸ‡·ğŸ´â€â˜ ï¸ #JusticeForJohnnyDepp,2020-12-29 17:17:59+00:00
1337281520541835267,obliviatw,maite â˜†,2020-12-11 06:22:43+00:00
1344431120558010371,Deel38341610,Dj (:,2020-12-30 23:52:29+00:00
1342923279439433729,nilegreyslovex,nico.,2020-12-26 20:00:44+00:00
1340780267527671810,scamber_turd,scamber turd,2020-12-20 22:05:11+00:00
1344319258923294720,MaryFisher21,Mary,2020-12-30 16:27:59+00:00
1339271285914800129,SecretA32628163,Secret Agent,2020-12-16 18:09:09+00:00
1339536478448349185,LovingJohnnyD,Johnny DeppğŸ´â€â˜ ï¸ğŸ–¤,2020-12-17 11:42:48+00:00
1338845742493020162,HectorBarbossaW,Hector Barbossa,2020-12-15 13:58:15+00:00
1338967066469167105,JDsupportSurvey,JD's Supporters Survey ğŸ´â€â˜ ï¸,2020-12-15 22:00:21+00:00
1343790732805632002,dawn_didi_dawn,Dawn,2020-12-29 05:27:42+00:00
1343327109746462720,depphead2020,Justice for JD,2020-12-27 22:51:09+00:00
1344555561413529601,dodgechick2500,Dodgechick2500,2020-12-31 08:06:48+00:00
1340319448113274882,DeppMovieNight,Depp Movie Night,2020-12-19 15:34:32+00:00
1337093269034037248,playboi1365,Playboi1365,2020-12-10 17:55:19+00:00
1338530133108531206,cozzazycie,ğ“›ğ“®ğ“·ğ“ª,2020-12-14 17:04:02+00:00
1343204129892671488,Cityg1rlll,Citygirl,2020-12-27 14:36:54+00:00
1338771805654441985,StaceySkirving2,Stacey Skirving ğŸ´â€â˜ ï¸ğŸ´ó §ó ¢ó ³ó £ó ´ó ¿,2020-12-15 09:04:23+00:00
1343697665255727108,JusticeForSurv4,@JusticeForSurvivors2021Project,2020-12-28 23:18:05+00:00
1336905594175856645,JDADL1,Johnny Depp Alien Defense League,2020-12-10 05:28:32+00:00
1333640294416277505,ThisIsMe198535,Jessica,2020-12-01 05:13:29+00:00
1337824457688313858,katr67991687,katt,2020-12-12 18:20:03+00:00
1335160724012883968,yalnissizlar,ğŸ”´YalnÄ±ÅŸsÄ±zlar TopluluÄŸu âš«,2020-12-05 09:55:07+00:00
1333837206247649282,Lucifertweet1,Lucifertweet,2020-12-01 18:16:04+00:00
1338292314972753922,TheLogicalGame2,Grimm D.,2020-12-14 01:18:55+00:00
1337804899686428674,Mayrel52548295,â¤ï¸â¤ï¸mayâ¤ï¸â¤ï¸ Johnny Depp love,2020-12-12 17:02:07+00:00
1337594777412493313,tpwk_tommosway,FookingAvocados,2020-12-12 03:07:13+00:00
1335880000961130498,JunContrerasme2,JunContrerasmendez,2020-12-07 09:33:25+00:00
1337199828292444166,Doctor_Outlaw,Doctor_Outlaw,2020-12-11 00:57:48+00:00
1337044038839640067,jdeppjustice,mortdecai,2020-12-10 14:39:04+00:00
1335432542200205312,DeppUnited,United for Johnny Depp,2020-12-06 03:55:30+00:00
1337396019735252993,CherylB11617885,Cheryl B,2020-12-11 13:57:24+00:00
1333586250809413637,wisebrujaangel,â˜ƒï¸Mistletoe Marisol Jaimes-VelezğŸ„,2020-12-01 01:39:00+00:00
1335404371387944960,TheTrut90147740,The Truth,2020-12-06 02:03:15+00:00
1335435838298198016,aaliyahmonds,Aaliyah,2020-12-06 04:08:20+00:00
1335018510196629504,Green82684890,Green,2020-12-05 00:30:07+00:00
1333857637918793730,AyaFMuhammad1,just for JohnnyDeppâ¤ï¸,2020-12-01 19:38:02+00:00
1334117350900162562,notesdepp,ğ’ğ’ğ’•ğ’†ğ’” ğ’‡ğ’ğ’“ ğ‘«ğ’†ğ’‘ğ’‘ ÍÌ–-,2020-12-02 12:49:38+00:00
1335422321721487360,johnnydeppchic,johnnydeppchick,2020-12-06 03:14:40+00:00
1335587203909640198,DeppUruguay,Johnny Depp Uruguay ğŸ‡ºğŸ‡¾,2020-12-06 14:10:10+00:00
1334604013707390982,onlyjohnnydepp,marya,2020-12-03 21:03:04+00:00
1335208274405117952,johnnydepp_king,JOHNNY DEPP,2020-12-05 13:04:12+00:00
