text,lang,author_id,created_at,referenced_tweets,id,in_reply_to_user_id,source,public_metrics.retweet_count,public_metrics.reply_count,public_metrics.like_count,public_metrics.quote_count,entities.urls,entities.annotations,entities.mentions,replied_tweet.entities.hashtags,replied_tweet.entities.urls,replied_tweet.entities.annotations,replied_tweet.entities.mentions,replied_tweet.text,replied_tweet.lang,replied_tweet.public_metrics.retweet_count,replied_tweet.public_metrics.reply_count,replied_tweet.public_metrics.like_count,replied_tweet.public_metrics.quote_count,replied_tweet.author_id,replied_tweet.created_at,replied_tweet.id,replied_tweet.source,replied_tweet.author.url,replied_tweet.author.id,replied_tweet.author.public_metrics.followers_count,replied_tweet.author.public_metrics.following_count,replied_tweet.author.public_metrics.tweet_count,replied_tweet.author.public_metrics.listed_count,replied_tweet.author.created_at,replied_tweet.author.username,replied_tweet.author.description,replied_tweet.author.profile_image_url,replied_tweet.author.name,replied_tweet.author.location,author.url,author.id,author.public_metrics.followers_count,author.public_metrics.following_count,author.public_metrics.tweet_count,author.public_metrics.listed_count,author.created_at,author.username,author.description,author.profile_image_url,author.name,author.location,entities.hashtags
"@realamberheard @charitybuzz @PRIDELIVENATION Racist much, Amber? https://t.co/o1WX3LnOwL",en,865110961,2018-07-03T17:15:18.000Z,"[{'type': 'replied_to', 'id': '1004835735889940480'}]",1014195892855984130,807003567605227520,Twitter for Android,0,0,0,0,"[{'start': 66, 'end': 89, 'url': 'https://t.co/o1WX3LnOwL', 'expanded_url': 'https://twitter.com/RodrigKildysart/status/1014195892855984130/photo/1', 'display_url': 'pic.twitter.com/o1WX3LnOwL'}]","[{'start': 59, 'end': 63, 'probability': 0.9371, 'type': 'Person', 'normalized_text': 'Amber'}]","[{'start': 0, 'end': 15, 'username': 'realamberheard', 'id': '807003567605227520'}, {'start': 16, 'end': 28, 'username': 'charitybuzz', 'id': '17625522'}]","[{'start': 209, 'end': 233, 'tag': 'stonewallinnambassadors'}]","[{'start': 155, 'end': 178, 'url': 'https://t.co/bBzB8535l5', 'expanded_url': 'https://bit.ly/2J1ztNZ', 'display_url': 'bit.ly/2J1ztNZ'}]","[{'start': 38, 'end': 80, 'probability': 0.6441, 'type': 'Organization', 'normalized_text': 'Stonewall Inn Gives Back Initiative Auction'}, {'start': 97, 'end': 107, 'probability': 0.5368, 'type': 'Organization', 'normalized_text': 'Charitybuzz'}]","[{'start': 179, 'end': 191, 'username': 'charitybuzz', 'id': '17625522'}]",You can join me today and support the Stonewall Inn Gives Back Initiative Auction running now on Charitybuzz by bidding on amazing experiences and items : https://t.co/bBzB8535l5 @charitybuzz @pridelivenation #stonewallinnambassadors,en,36,10,180,0,807003567605227520,2018-06-07T21:21:23.000Z,1004835735889940480,Twitter for iPhone,https://t.co/Ze18Ek9SOI,807003567605227520,190464,220,1151,567,2016-12-08T23:26:58.000Z,realamberheard,"Actor and Activist, semi-professional disruptor, ice cream advocate and shameless teacup yorkie-lover",https://pbs.twimg.com/profile_images/1383196364792680448/N8CdupEu_normal.jpg,Amber Heard,"Los Angeles, CA",,865110961,1107,2368,47724,1,2012-10-06T18:29:28.000Z,RodrigKildysart,"- É melhor viver na luz da VERDADE do que na escuridão da ignorância.
  

        - It's better to live in the LIGHT of TRUTH than in the darkness of ignorance.",https://pbs.twimg.com/profile_images/1059930590953267201/tLAv4tkM_normal.jpg,Rodrigo Silva 🇧🇷🇮🇪🇺🇸🇵🇹🇻🇪🇨🇦🇬🇧🇩🇪,Brazil: Under New Management  ,
@realamberheard @charitybuzz @PRIDELIVENATION @realamberheard Were you born a man/male? Are you are transgender male that is now a woman? Did you have a complete sex change?  No can't join you sorry 😔 #transgender #SexChange #Psychic #AmberHeard,en,952578670975160320,2018-06-16T13:47:42.000Z,"[{'type': 'replied_to', 'id': '1004835735889940480'}]",1007983055515070467,807003567605227520,Twitter for Android,0,0,0,0,,,"[{'start': 0, 'end': 15, 'username': 'realamberheard', 'id': '807003567605227520'}, {'start': 16, 'end': 28, 'username': 'charitybuzz', 'id': '17625522'}, {'start': 46, 'end': 61, 'username': 'realamberheard', 'id': '807003567605227520'}]","[{'start': 209, 'end': 233, 'tag': 'stonewallinnambassadors'}]","[{'start': 155, 'end': 178, 'url': 'https://t.co/bBzB8535l5', 'expanded_url': 'https://bit.ly/2J1ztNZ', 'display_url': 'bit.ly/2J1ztNZ'}]","[{'start': 38, 'end': 80, 'probability': 0.6441, 'type': 'Organization', 'normalized_text': 'Stonewall Inn Gives Back Initiative Auction'}, {'start': 97, 'end': 107, 'probability': 0.5368, 'type': 'Organization', 'normalized_text': 'Charitybuzz'}]","[{'start': 179, 'end': 191, 'username': 'charitybuzz', 'id': '17625522'}]",You can join me today and support the Stonewall Inn Gives Back Initiative Auction running now on Charitybuzz by bidding on amazing experiences and items : https://t.co/bBzB8535l5 @charitybuzz @pridelivenation #stonewallinnambassadors,en,36,10,180,0,807003567605227520,2018-06-07T21:21:23.000Z,1004835735889940480,Twitter for iPhone,https://t.co/Ze18Ek9SOI,807003567605227520,190464,220,1151,567,2016-12-08T23:26:58.000Z,realamberheard,"Actor and Activist, semi-professional disruptor, ice cream advocate and shameless teacup yorkie-lover",https://pbs.twimg.com/profile_images/1383196364792680448/N8CdupEu_normal.jpg,Amber Heard,"Los Angeles, CA",https://t.co/myJihXATyI,952578670975160320,1843,1992,14616,5,2018-01-14T16:30:28.000Z,jane_flowers_,My Police Misconduct Civil Rights Case I am filing in Florida  https://t.co/WS6EYRwFgM  GoFundMe https://t.co/u7kw19AGV4,https://pbs.twimg.com/profile_images/1485677340919320576/KKfb9Z-z_normal.jpg,Jane Flowers,"Fort Lauderdale, FL","[{'start': 201, 'end': 213, 'tag': 'transgender'}, {'start': 214, 'end': 224, 'tag': 'SexChange'}, {'start': 225, 'end': 233, 'tag': 'Psychic'}, {'start': 234, 'end': 245, 'tag': 'AmberHeard'}]"
@realamberheard @charitybuzz @PRIDELIVENATION https://t.co/JTRCC0nmZD,und,962378172347092993,2018-06-08T15:21:40.000Z,"[{'type': 'replied_to', 'id': '1004835735889940480'}]",1005107600529215490,807003567605227520,Twitter Web Client,0,0,2,0,"[{'start': 46, 'end': 69, 'url': 'https://t.co/JTRCC0nmZD', 'expanded_url': 'http://www.tmz.com/2016/06/07/amber-heard-domestic-violence-arrest-partner-tasya-van-ree/', 'display_url': 'tmz.com/2016/06/07/amb…'}]",,"[{'start': 0, 'end': 15, 'username': 'realamberheard', 'id': '807003567605227520'}, {'start': 16, 'end': 28, 'username': 'charitybuzz', 'id': '17625522'}]","[{'start': 209, 'end': 233, 'tag': 'stonewallinnambassadors'}]","[{'start': 155, 'end': 178, 'url': 'https://t.co/bBzB8535l5', 'expanded_url': 'https://bit.ly/2J1ztNZ', 'display_url': 'bit.ly/2J1ztNZ'}]","[{'start': 38, 'end': 80, 'probability': 0.6441, 'type': 'Organization', 'normalized_text': 'Stonewall Inn Gives Back Initiative Auction'}, {'start': 97, 'end': 107, 'probability': 0.5368, 'type': 'Organization', 'normalized_text': 'Charitybuzz'}]","[{'start': 179, 'end': 191, 'username': 'charitybuzz', 'id': '17625522'}]",You can join me today and support the Stonewall Inn Gives Back Initiative Auction running now on Charitybuzz by bidding on amazing experiences and items : https://t.co/bBzB8535l5 @charitybuzz @pridelivenation #stonewallinnambassadors,en,36,10,180,0,807003567605227520,2018-06-07T21:21:23.000Z,1004835735889940480,Twitter for iPhone,https://t.co/Ze18Ek9SOI,807003567605227520,190464,220,1151,567,2016-12-08T23:26:58.000Z,realamberheard,"Actor and Activist, semi-professional disruptor, ice cream advocate and shameless teacup yorkie-lover",https://pbs.twimg.com/profile_images/1383196364792680448/N8CdupEu_normal.jpg,Amber Heard,"Los Angeles, CA",,962378172347092993,110,1166,5227,0,2018-02-10T17:30:11.000Z,bulmasolo1221,,https://pbs.twimg.com/profile_images/1017439735478878210/loDtBDF8_normal.jpg,ブルマトランクス,"China-cho, Kagoshima",
@realamberheard @charitybuzz @PRIDELIVENATION I love you amber❤️,en,1580376511,2018-06-08T08:51:58.000Z,"[{'type': 'replied_to', 'id': '1004835735889940480'}]",1005009530047131654,807003567605227520,Twitter for iPhone,0,0,0,0,,"[{'start': 57, 'end': 61, 'probability': 0.7067, 'type': 'Person', 'normalized_text': 'amber'}]","[{'start': 0, 'end': 15, 'username': 'realamberheard', 'id': '807003567605227520'}, {'start': 16, 'end': 28, 'username': 'charitybuzz', 'id': '17625522'}]","[{'start': 209, 'end': 233, 'tag': 'stonewallinnambassadors'}]","[{'start': 155, 'end': 178, 'url': 'https://t.co/bBzB8535l5', 'expanded_url': 'https://bit.ly/2J1ztNZ', 'display_url': 'bit.ly/2J1ztNZ'}]","[{'start': 38, 'end': 80, 'probability': 0.6441, 'type': 'Organization', 'normalized_text': 'Stonewall Inn Gives Back Initiative Auction'}, {'start': 97, 'end': 107, 'probability': 0.5368, 'type': 'Organization', 'normalized_text': 'Charitybuzz'}]","[{'start': 179, 'end': 191, 'username': 'charitybuzz', 'id': '17625522'}]",You can join me today and support the Stonewall Inn Gives Back Initiative Auction running now on Charitybuzz by bidding on amazing experiences and items : https://t.co/bBzB8535l5 @charitybuzz @pridelivenation #stonewallinnambassadors,en,36,10,180,0,807003567605227520,2018-06-07T21:21:23.000Z,1004835735889940480,Twitter for iPhone,https://t.co/Ze18Ek9SOI,807003567605227520,190464,220,1151,567,2016-12-08T23:26:58.000Z,realamberheard,"Actor and Activist, semi-professional disruptor, ice cream advocate and shameless teacup yorkie-lover",https://pbs.twimg.com/profile_images/1383196364792680448/N8CdupEu_normal.jpg,Amber Heard,"Los Angeles, CA",https://t.co/2iPW9Mw33K,1580376511,1045,104,23619,0,2013-07-09T13:16:01.000Z,Its_AngelicQue,"En busca de la felicidad, la salud y la excelencia Snap : angiely.sharma | FB : Angelique Sharmah @DavidZepeda1 El Hombre De Mi Alma Y Vida ♥",https://pbs.twimg.com/profile_images/893884992136282113/tPbJEcWX_normal.jpg,Angelicque_Official,Where The Universe Takes Me,
@realamberheard @charitybuzz @PRIDELIVENATION Always  the best,en,898356553366986752,2018-06-08T08:47:06.000Z,"[{'type': 'replied_to', 'id': '1004835735889940480'}]",1005008304504860672,807003567605227520,Twitter for Android,0,0,0,0,,,"[{'start': 0, 'end': 15, 'username': 'realamberheard', 'id': '807003567605227520'}, {'start': 16, 'end': 28, 'username': 'charitybuzz', 'id': '17625522'}]","[{'start': 209, 'end': 233, 'tag': 'stonewallinnambassadors'}]","[{'start': 155, 'end': 178, 'url': 'https://t.co/bBzB8535l5', 'expanded_url': 'https://bit.ly/2J1ztNZ', 'display_url': 'bit.ly/2J1ztNZ'}]","[{'start': 38, 'end': 80, 'probability': 0.6441, 'type': 'Organization', 'normalized_text': 'Stonewall Inn Gives Back Initiative Auction'}, {'start': 97, 'end': 107, 'probability': 0.5368, 'type': 'Organization', 'normalized_text': 'Charitybuzz'}]","[{'start': 179, 'end': 191, 'username': 'charitybuzz', 'id': '17625522'}]",You can join me today and support the Stonewall Inn Gives Back Initiative Auction running now on Charitybuzz by bidding on amazing experiences and items : https://t.co/bBzB8535l5 @charitybuzz @pridelivenation #stonewallinnambassadors,en,36,10,180,0,807003567605227520,2018-06-07T21:21:23.000Z,1004835735889940480,Twitter for iPhone,https://t.co/Ze18Ek9SOI,807003567605227520,190464,220,1151,567,2016-12-08T23:26:58.000Z,realamberheard,"Actor and Activist, semi-professional disruptor, ice cream advocate and shameless teacup yorkie-lover",https://pbs.twimg.com/profile_images/1383196364792680448/N8CdupEu_normal.jpg,Amber Heard,"Los Angeles, CA",,898356553366986752,32,37,1457,0,2017-08-18T01:31:07.000Z,RajeshP25315406,,https://pbs.twimg.com/profile_images/1353236339848847360/rK4XT3Yl_normal.jpg,Rajesh Pandey,"New Delhi, India",
@realamberheard @charitybuzz @PRIDELIVENATION NOUS TE SUIVONS TU MERITE BEAUCOUPS DE CHOSES TU FAIT DES MERVEILLES ET FIER D ETRE TON FANS ON T AIME AMBER,fr,827604575465197573,2018-06-07T23:44:03.000Z,"[{'type': 'replied_to', 'id': '1004835735889940480'}]",1004871642257018881,807003567605227520,Twitter Web Client,0,0,0,0,,,"[{'start': 0, 'end': 15, 'username': 'realamberheard', 'id': '807003567605227520'}, {'start': 16, 'end': 28, 'username': 'charitybuzz', 'id': '17625522'}]","[{'start': 209, 'end': 233, 'tag': 'stonewallinnambassadors'}]","[{'start': 155, 'end': 178, 'url': 'https://t.co/bBzB8535l5', 'expanded_url': 'https://bit.ly/2J1ztNZ', 'display_url': 'bit.ly/2J1ztNZ'}]","[{'start': 38, 'end': 80, 'probability': 0.6441, 'type': 'Organization', 'normalized_text': 'Stonewall Inn Gives Back Initiative Auction'}, {'start': 97, 'end': 107, 'probability': 0.5368, 'type': 'Organization', 'normalized_text': 'Charitybuzz'}]","[{'start': 179, 'end': 191, 'username': 'charitybuzz', 'id': '17625522'}]",You can join me today and support the Stonewall Inn Gives Back Initiative Auction running now on Charitybuzz by bidding on amazing experiences and items : https://t.co/bBzB8535l5 @charitybuzz @pridelivenation #stonewallinnambassadors,en,36,10,180,0,807003567605227520,2018-06-07T21:21:23.000Z,1004835735889940480,Twitter for iPhone,https://t.co/Ze18Ek9SOI,807003567605227520,190464,220,1151,567,2016-12-08T23:26:58.000Z,realamberheard,"Actor and Activist, semi-professional disruptor, ice cream advocate and shameless teacup yorkie-lover",https://pbs.twimg.com/profile_images/1383196364792680448/N8CdupEu_normal.jpg,Amber Heard,"Los Angeles, CA",,827604575465197573,30,85,9606,0,2017-02-03T19:48:01.000Z,TayabNacer,,https://abs.twimg.com/sticky/default_profile_images/default_profile_normal.png,tayab nacer eddine,,
"@realamberheard @charitybuzz @PRIDELIVENATION Thank you Amber for always using your fame &amp; your voice to support such a cause that advocates values as simple as love, tolerance and equality. Each human being, whoever he may be, is entitled to have at his disposal the same rights... So proud of you and congrats! ❤",en,785148392498421760,2018-06-07T23:41:39.000Z,"[{'type': 'replied_to', 'id': '1004835735889940480'}]",1004871037505425408,807003567605227520,Twitter for Android,0,0,1,0,,"[{'start': 56, 'end': 60, 'probability': 0.9889, 'type': 'Person', 'normalized_text': 'Amber'}]","[{'start': 0, 'end': 15, 'username': 'realamberheard', 'id': '807003567605227520'}, {'start': 16, 'end': 28, 'username': 'charitybuzz', 'id': '17625522'}]","[{'start': 209, 'end': 233, 'tag': 'stonewallinnambassadors'}]","[{'start': 155, 'end': 178, 'url': 'https://t.co/bBzB8535l5', 'expanded_url': 'https://bit.ly/2J1ztNZ', 'display_url': 'bit.ly/2J1ztNZ'}]","[{'start': 38, 'end': 80, 'probability': 0.6441, 'type': 'Organization', 'normalized_text': 'Stonewall Inn Gives Back Initiative Auction'}, {'start': 97, 'end': 107, 'probability': 0.5368, 'type': 'Organization', 'normalized_text': 'Charitybuzz'}]","[{'start': 179, 'end': 191, 'username': 'charitybuzz', 'id': '17625522'}]",You can join me today and support the Stonewall Inn Gives Back Initiative Auction running now on Charitybuzz by bidding on amazing experiences and items : https://t.co/bBzB8535l5 @charitybuzz @pridelivenation #stonewallinnambassadors,en,36,10,180,0,807003567605227520,2018-06-07T21:21:23.000Z,1004835735889940480,Twitter for iPhone,https://t.co/Ze18Ek9SOI,807003567605227520,190464,220,1151,567,2016-12-08T23:26:58.000Z,realamberheard,"Actor and Activist, semi-professional disruptor, ice cream advocate and shameless teacup yorkie-lover",https://pbs.twimg.com/profile_images/1383196364792680448/N8CdupEu_normal.jpg,Amber Heard,"Los Angeles, CA",,785148392498421760,738,720,49396,28,2016-10-09T16:02:18.000Z,CoraMelodie,"Actress/Producer & UNHCR Special Envoy #AngelinaJolie | Actress, Activist & Human Rights Champion @realamberheard | @JeniferOfficiel 

#IStandWithYouAmberHeard",https://pbs.twimg.com/profile_images/1138826096386936837/71Iwj2dh_normal.jpg,Cora Melodie,"Bordeaux, France",
@realamberheard @charitybuzz @PRIDELIVENATION You are amazing! Love you ❤,en,875884874535718912,2018-06-07T21:24:39.000Z,"[{'type': 'replied_to', 'id': '1004835735889940480'}]",1004836557948321792,807003567605227520,Twitter for Android,0,0,0,0,,,"[{'start': 0, 'end': 15, 'username': 'realamberheard', 'id': '807003567605227520'}, {'start': 16, 'end': 28, 'username': 'charitybuzz', 'id': '17625522'}]","[{'start': 209, 'end': 233, 'tag': 'stonewallinnambassadors'}]","[{'start': 155, 'end': 178, 'url': 'https://t.co/bBzB8535l5', 'expanded_url': 'https://bit.ly/2J1ztNZ', 'display_url': 'bit.ly/2J1ztNZ'}]","[{'start': 38, 'end': 80, 'probability': 0.6441, 'type': 'Organization', 'normalized_text': 'Stonewall Inn Gives Back Initiative Auction'}, {'start': 97, 'end': 107, 'probability': 0.5368, 'type': 'Organization', 'normalized_text': 'Charitybuzz'}]","[{'start': 179, 'end': 191, 'username': 'charitybuzz', 'id': '17625522'}]",You can join me today and support the Stonewall Inn Gives Back Initiative Auction running now on Charitybuzz by bidding on amazing experiences and items : https://t.co/bBzB8535l5 @charitybuzz @pridelivenation #stonewallinnambassadors,en,36,10,180,0,807003567605227520,2018-06-07T21:21:23.000Z,1004835735889940480,Twitter for iPhone,https://t.co/Ze18Ek9SOI,807003567605227520,190464,220,1151,567,2016-12-08T23:26:58.000Z,realamberheard,"Actor and Activist, semi-professional disruptor, ice cream advocate and shameless teacup yorkie-lover",https://pbs.twimg.com/profile_images/1383196364792680448/N8CdupEu_normal.jpg,Amber Heard,"Los Angeles, CA",,875884874535718912,423,398,9999,3,2017-06-17T01:16:42.000Z,evanrachxlswood,what would evan rachel wood do?,https://pbs.twimg.com/profile_images/1386355649324457987/OaHmgKFY_normal.jpg,lucille sharpe,ela/dela,
"@realamberheard @charitybuzz @PRIDELIVENATION Amber, thank you for using your platform to do amazing things... We are so proud of you and congrats... we keep following all your paths 💕💪",en,79199888,2018-06-07T21:22:58.000Z,"[{'type': 'replied_to', 'id': '1004835735889940480'}]",1004836134411616256,807003567605227520,Twitter for Android,1,0,9,0,,"[{'start': 46, 'end': 50, 'probability': 0.803, 'type': 'Person', 'normalized_text': 'Amber'}]","[{'start': 0, 'end': 15, 'username': 'realamberheard', 'id': '807003567605227520'}, {'start': 16, 'end': 28, 'username': 'charitybuzz', 'id': '17625522'}]","[{'start': 209, 'end': 233, 'tag': 'stonewallinnambassadors'}]","[{'start': 155, 'end': 178, 'url': 'https://t.co/bBzB8535l5', 'expanded_url': 'https://bit.ly/2J1ztNZ', 'display_url': 'bit.ly/2J1ztNZ'}]","[{'start': 38, 'end': 80, 'probability': 0.6441, 'type': 'Organization', 'normalized_text': 'Stonewall Inn Gives Back Initiative Auction'}, {'start': 97, 'end': 107, 'probability': 0.5368, 'type': 'Organization', 'normalized_text': 'Charitybuzz'}]","[{'start': 179, 'end': 191, 'username': 'charitybuzz', 'id': '17625522'}]",You can join me today and support the Stonewall Inn Gives Back Initiative Auction running now on Charitybuzz by bidding on amazing experiences and items : https://t.co/bBzB8535l5 @charitybuzz @pridelivenation #stonewallinnambassadors,en,36,10,180,0,807003567605227520,2018-06-07T21:21:23.000Z,1004835735889940480,Twitter for iPhone,https://t.co/Ze18Ek9SOI,807003567605227520,190464,220,1151,567,2016-12-08T23:26:58.000Z,realamberheard,"Actor and Activist, semi-professional disruptor, ice cream advocate and shameless teacup yorkie-lover",https://pbs.twimg.com/profile_images/1383196364792680448/N8CdupEu_normal.jpg,Amber Heard,"Los Angeles, CA",https://t.co/w3BraCgc4s,79199888,7234,344,39219,34,2009-10-02T14:50:54.000Z,AmberHeardIT,"First  Italian FANPAGE dedicated to @realamberheard. Follow us for the latest updates, pictures and news! On Amber Heard Italia, u HEARD it first 🇮🇹",https://pbs.twimg.com/profile_images/1412490122365374481/EAftEZpa_normal.jpg,Amber Heard Italia Fans,Since 2009,
