author_id,created_at,referenced_tweets,source,in_reply_to_user_id,text,id,lang,entities.mentions,public_metrics.retweet_count,public_metrics.reply_count,public_metrics.like_count,public_metrics.quote_count,replied_tweet.author_id,replied_tweet.entities.mentions,replied_tweet.entities.urls,replied_tweet.created_at,replied_tweet.referenced_tweets,replied_tweet.source,replied_tweet.text,replied_tweet.id,replied_tweet.public_metrics.retweet_count,replied_tweet.public_metrics.reply_count,replied_tweet.public_metrics.like_count,replied_tweet.public_metrics.quote_count,replied_tweet.lang,replied_tweet.author.created_at,replied_tweet.author.name,replied_tweet.author.id,replied_tweet.author.description,replied_tweet.author.profile_image_url,replied_tweet.author.url,replied_tweet.author.location,replied_tweet.author.public_metrics.followers_count,replied_tweet.author.public_metrics.following_count,replied_tweet.author.public_metrics.tweet_count,replied_tweet.author.public_metrics.listed_count,replied_tweet.author.username,author.created_at,author.name,author.id,author.description,author.profile_image_url,author.url,author.location,author.public_metrics.followers_count,author.public_metrics.following_count,author.public_metrics.tweet_count,author.public_metrics.listed_count,author.username,entities.annotations,entities.urls
757446816870830080,2018-07-04T13:42:56.000Z,"[{'type': 'replied_to', 'id': '1010385911081627648'}]",Twitter for Android,807003567605227520,"@realamberheard @BetoORourke If you suspect ILLEGALS:
🚨Call 📞
866-DHS-2ICE
Press option 2
Then option 1 🚨",1014504836379889665,en,"[{'start': 0, 'end': 15, 'username': 'realamberheard', 'id': '807003567605227520'}, {'start': 16, 'end': 28, 'username': 'BetoORourke', 'id': '342863309'}]",0,0,0,0,807003567605227520,"[{'start': 116, 'end': 128, 'username': 'BetoORourke', 'id': '342863309'}]","[{'start': 129, 'end': 152, 'url': 'https://t.co/nmm66Pq1Kv', 'expanded_url': 'https://twitter.com/betoorourke/status/1010250740391120896', 'display_url': 'twitter.com/betoorourke/st…'}]",2018-06-23T04:55:47.000Z,"[{'type': 'quoted', 'id': '1010250740391120896'}]",Twitter for iPhone,Apoye los representantes quien representa los principios de este país  y la gente quien lo hacen tan estupendo como @BetoORourke https://t.co/nmm66Pq1Kv,1010385911081627648,56,19,282,6,es,2016-12-08T23:26:58.000Z,Amber Heard,807003567605227520,"Actor and Activist, semi-professional disruptor, ice cream advocate and shameless teacup yorkie-lover",https://pbs.twimg.com/profile_images/1383196364792680448/N8CdupEu_normal.jpg,https://t.co/Ze18Ek9SOI,"Los Angeles, CA",190464,220,1151,567,realamberheard,2016-07-25T05:26:08.000Z,💎👌🐸🇺🇸Deplorabus Côvféfèüs Infidelus Rex 👑,757446816870830080,"🍿💥👌🐸🇺🇸Golden Rule✝💕(🚫 pendejos)🦂|#ALM |Snarky, Non-PC Humor|Truth Seeker|Opinionated|Realist|1A-2A🇺🇸#AmericaFirst 🇺🇸  🚫. 🚂❄️.🚫 ||🖖✝🌈👨",https://pbs.twimg.com/profile_images/1472650657622548489/7aHcezO0_normal.jpg,https://t.co/UM1PYWhh0x,"TRUMPville, Texas, USA",3124,3838,210345,1,infidelus_rex,,
865110961,2018-07-03T17:13:48.000Z,"[{'type': 'replied_to', 'id': '1010385911081627648'}]",Twitter for Android,807003567605227520,"@realamberheard @BetoORourke Racist much, Amber? https://t.co/CHM6aBFAQc",1014195517998424075,en,"[{'start': 0, 'end': 15, 'username': 'realamberheard', 'id': '807003567605227520'}, {'start': 16, 'end': 28, 'username': 'BetoORourke', 'id': '342863309'}]",0,0,0,0,807003567605227520,"[{'start': 116, 'end': 128, 'username': 'BetoORourke', 'id': '342863309'}]","[{'start': 129, 'end': 152, 'url': 'https://t.co/nmm66Pq1Kv', 'expanded_url': 'https://twitter.com/betoorourke/status/1010250740391120896', 'display_url': 'twitter.com/betoorourke/st…'}]",2018-06-23T04:55:47.000Z,"[{'type': 'quoted', 'id': '1010250740391120896'}]",Twitter for iPhone,Apoye los representantes quien representa los principios de este país  y la gente quien lo hacen tan estupendo como @BetoORourke https://t.co/nmm66Pq1Kv,1010385911081627648,56,19,282,6,es,2016-12-08T23:26:58.000Z,Amber Heard,807003567605227520,"Actor and Activist, semi-professional disruptor, ice cream advocate and shameless teacup yorkie-lover",https://pbs.twimg.com/profile_images/1383196364792680448/N8CdupEu_normal.jpg,https://t.co/Ze18Ek9SOI,"Los Angeles, CA",190464,220,1151,567,realamberheard,2012-10-06T18:29:28.000Z,Rodrigo Silva 🇧🇷🇮🇪🇺🇸🇵🇹🇻🇪🇨🇦🇬🇧🇩🇪,865110961,"- É melhor viver na luz da VERDADE do que na escuridão da ignorância.
  

        - It's better to live in the LIGHT of TRUTH than in the darkness of ignorance.",https://pbs.twimg.com/profile_images/1059930590953267201/tLAv4tkM_normal.jpg,,Brazil: Under New Management  ,1107,2368,47724,1,RodrigKildysart,"[{'start': 42, 'end': 46, 'probability': 0.9394, 'type': 'Person', 'normalized_text': 'Amber'}]","[{'start': 49, 'end': 72, 'url': 'https://t.co/CHM6aBFAQc', 'expanded_url': 'https://twitter.com/RodrigKildysart/status/1014195517998424075/photo/1', 'display_url': 'pic.twitter.com/CHM6aBFAQc'}]"
827604575465197573,2018-06-23T16:42:31.000Z,"[{'type': 'replied_to', 'id': '1010385911081627648'}]",Twitter for Android,807003567605227520,"@realamberheard @BetoORourke Nous t aimons Amber ,tu défend toute l humanité.",1010563766029836289,fr,"[{'start': 0, 'end': 15, 'username': 'realamberheard', 'id': '807003567605227520'}, {'start': 16, 'end': 28, 'username': 'BetoORourke', 'id': '342863309'}]",0,0,1,0,807003567605227520,"[{'start': 116, 'end': 128, 'username': 'BetoORourke', 'id': '342863309'}]","[{'start': 129, 'end': 152, 'url': 'https://t.co/nmm66Pq1Kv', 'expanded_url': 'https://twitter.com/betoorourke/status/1010250740391120896', 'display_url': 'twitter.com/betoorourke/st…'}]",2018-06-23T04:55:47.000Z,"[{'type': 'quoted', 'id': '1010250740391120896'}]",Twitter for iPhone,Apoye los representantes quien representa los principios de este país  y la gente quien lo hacen tan estupendo como @BetoORourke https://t.co/nmm66Pq1Kv,1010385911081627648,56,19,282,6,es,2016-12-08T23:26:58.000Z,Amber Heard,807003567605227520,"Actor and Activist, semi-professional disruptor, ice cream advocate and shameless teacup yorkie-lover",https://pbs.twimg.com/profile_images/1383196364792680448/N8CdupEu_normal.jpg,https://t.co/Ze18Ek9SOI,"Los Angeles, CA",190464,220,1151,567,realamberheard,2017-02-03T19:48:01.000Z,tayab nacer eddine,827604575465197573,,https://abs.twimg.com/sticky/default_profile_images/default_profile_normal.png,,,30,85,9606,0,TayabNacer,,
16393905,2018-06-23T05:22:59.000Z,"[{'type': 'replied_to', 'id': '1010385911081627648'}]",Twitter for iPad,807003567605227520,@realamberheard @BetoORourke reina hermosa 😍,1010392755938291712,es,"[{'start': 0, 'end': 15, 'username': 'realamberheard', 'id': '807003567605227520'}, {'start': 16, 'end': 28, 'username': 'BetoORourke', 'id': '342863309'}]",0,0,1,0,807003567605227520,"[{'start': 116, 'end': 128, 'username': 'BetoORourke', 'id': '342863309'}]","[{'start': 129, 'end': 152, 'url': 'https://t.co/nmm66Pq1Kv', 'expanded_url': 'https://twitter.com/betoorourke/status/1010250740391120896', 'display_url': 'twitter.com/betoorourke/st…'}]",2018-06-23T04:55:47.000Z,"[{'type': 'quoted', 'id': '1010250740391120896'}]",Twitter for iPhone,Apoye los representantes quien representa los principios de este país  y la gente quien lo hacen tan estupendo como @BetoORourke https://t.co/nmm66Pq1Kv,1010385911081627648,56,19,282,6,es,2016-12-08T23:26:58.000Z,Amber Heard,807003567605227520,"Actor and Activist, semi-professional disruptor, ice cream advocate and shameless teacup yorkie-lover",https://pbs.twimg.com/profile_images/1383196364792680448/N8CdupEu_normal.jpg,https://t.co/Ze18Ek9SOI,"Los Angeles, CA",190464,220,1151,567,realamberheard,2008-09-21T19:04:43.000Z,sergio-el,16393905,"Gaming, films & Pop Culture | Henry Cavill | Chris Evans | Britney Spears |  #PS5 #XboxSeriesX  | he/him",https://pbs.twimg.com/profile_images/1506418106133999618/Zoaprnni_normal.jpg,https://t.co/JHRhelkUoA,,15256,3461,116057,90,sergioees,,
4396120342,2018-06-23T05:18:33.000Z,"[{'type': 'replied_to', 'id': '1010385911081627648'}]",Twitter for Android,807003567605227520,"@realamberheard @BetoORourke You're awesome in every language 👍

Good luck to Beto",1010391638965878785,en,"[{'start': 0, 'end': 15, 'username': 'realamberheard', 'id': '807003567605227520'}, {'start': 16, 'end': 28, 'username': 'BetoORourke', 'id': '342863309'}]",0,0,4,0,807003567605227520,"[{'start': 116, 'end': 128, 'username': 'BetoORourke', 'id': '342863309'}]","[{'start': 129, 'end': 152, 'url': 'https://t.co/nmm66Pq1Kv', 'expanded_url': 'https://twitter.com/betoorourke/status/1010250740391120896', 'display_url': 'twitter.com/betoorourke/st…'}]",2018-06-23T04:55:47.000Z,"[{'type': 'quoted', 'id': '1010250740391120896'}]",Twitter for iPhone,Apoye los representantes quien representa los principios de este país  y la gente quien lo hacen tan estupendo como @BetoORourke https://t.co/nmm66Pq1Kv,1010385911081627648,56,19,282,6,es,2016-12-08T23:26:58.000Z,Amber Heard,807003567605227520,"Actor and Activist, semi-professional disruptor, ice cream advocate and shameless teacup yorkie-lover",https://pbs.twimg.com/profile_images/1383196364792680448/N8CdupEu_normal.jpg,https://t.co/Ze18Ek9SOI,"Los Angeles, CA",190464,220,1151,567,realamberheard,2015-12-06T17:21:06.000Z,STIRGUS SACCHETTI,4396120342,"Only two things are infinite, the universe and human stupidity, and I'm not sure about the former. - Albert Einstein and Me!",https://pbs.twimg.com/profile_images/1378175478478082050/UKLiQPuk_normal.jpg,,,678,296,58624,26,stirgussa,"[{'start': 79, 'end': 82, 'probability': 0.8563, 'type': 'Person', 'normalized_text': 'Beto'}]",
2284900040,2018-06-23T05:12:56.000Z,"[{'type': 'replied_to', 'id': '1010385911081627648'}]",Twitter for Android,807003567605227520,"@realamberheard Te quiero asi de mucho, Amber",1010390223820226562,es,"[{'start': 0, 'end': 15, 'username': 'realamberheard', 'id': '807003567605227520'}]",0,0,1,0,807003567605227520,"[{'start': 116, 'end': 128, 'username': 'BetoORourke', 'id': '342863309'}]","[{'start': 129, 'end': 152, 'url': 'https://t.co/nmm66Pq1Kv', 'expanded_url': 'https://twitter.com/betoorourke/status/1010250740391120896', 'display_url': 'twitter.com/betoorourke/st…'}]",2018-06-23T04:55:47.000Z,"[{'type': 'quoted', 'id': '1010250740391120896'}]",Twitter for iPhone,Apoye los representantes quien representa los principios de este país  y la gente quien lo hacen tan estupendo como @BetoORourke https://t.co/nmm66Pq1Kv,1010385911081627648,56,19,282,6,es,2016-12-08T23:26:58.000Z,Amber Heard,807003567605227520,"Actor and Activist, semi-professional disruptor, ice cream advocate and shameless teacup yorkie-lover",https://pbs.twimg.com/profile_images/1383196364792680448/N8CdupEu_normal.jpg,https://t.co/Ze18Ek9SOI,"Los Angeles, CA",190464,220,1151,567,realamberheard,2014-01-10T10:48:52.000Z,k.,2284900040,"bi. peculiar. nihilism.
uno x mingming ❤",https://pbs.twimg.com/profile_images/1460300333369143296/9Xp17M5r_normal.jpg,,🌈 Filipinas,823,337,81018,17,thykimdom,"[{'start': 40, 'end': 44, 'probability': 0.9509, 'type': 'Person', 'normalized_text': 'Amber'}]",
160762996,2018-06-23T05:12:42.000Z,"[{'type': 'replied_to', 'id': '1010385911081627648'}]",Twitter for Android,807003567605227520,@realamberheard Necesitamos más personas como vos en el mundo. Te amo y te admiro mucho. ❤,1010390167910277120,es,"[{'start': 0, 'end': 15, 'username': 'realamberheard', 'id': '807003567605227520'}]",0,0,0,0,807003567605227520,"[{'start': 116, 'end': 128, 'username': 'BetoORourke', 'id': '342863309'}]","[{'start': 129, 'end': 152, 'url': 'https://t.co/nmm66Pq1Kv', 'expanded_url': 'https://twitter.com/betoorourke/status/1010250740391120896', 'display_url': 'twitter.com/betoorourke/st…'}]",2018-06-23T04:55:47.000Z,"[{'type': 'quoted', 'id': '1010250740391120896'}]",Twitter for iPhone,Apoye los representantes quien representa los principios de este país  y la gente quien lo hacen tan estupendo como @BetoORourke https://t.co/nmm66Pq1Kv,1010385911081627648,56,19,282,6,es,2016-12-08T23:26:58.000Z,Amber Heard,807003567605227520,"Actor and Activist, semi-professional disruptor, ice cream advocate and shameless teacup yorkie-lover",https://pbs.twimg.com/profile_images/1383196364792680448/N8CdupEu_normal.jpg,https://t.co/Ze18Ek9SOI,"Los Angeles, CA",190464,220,1151,567,realamberheard,2010-06-29T02:12:33.000Z,Pepi 🌙 ᱬ,160762996,I got two fists but I'm a pacifist. ‧ 28 ‧ ♊🏳️‍🌈🏋🏻‍♀️🎶✏🎬,https://pbs.twimg.com/profile_images/1490517002766761986/GFlgK2Dr_normal.jpg,https://t.co/3l8tBbBe0x,Buenos Aires ,3424,3359,67724,40,xKarinaAndrea,,
247439143,2018-06-23T05:05:44.000Z,"[{'type': 'replied_to', 'id': '1010385911081627648'}]",Twitter for iPhone,807003567605227520,"@realamberheard @BetoORourke amber you’re a angel, the most badass woman in world, i am so proud of you, please notice me, i’m a brazilian fan and i love you so much",1010388411490893824,en,"[{'start': 0, 'end': 15, 'username': 'realamberheard', 'id': '807003567605227520'}, {'start': 16, 'end': 28, 'username': 'BetoORourke', 'id': '342863309'}]",0,0,0,0,807003567605227520,"[{'start': 116, 'end': 128, 'username': 'BetoORourke', 'id': '342863309'}]","[{'start': 129, 'end': 152, 'url': 'https://t.co/nmm66Pq1Kv', 'expanded_url': 'https://twitter.com/betoorourke/status/1010250740391120896', 'display_url': 'twitter.com/betoorourke/st…'}]",2018-06-23T04:55:47.000Z,"[{'type': 'quoted', 'id': '1010250740391120896'}]",Twitter for iPhone,Apoye los representantes quien representa los principios de este país  y la gente quien lo hacen tan estupendo como @BetoORourke https://t.co/nmm66Pq1Kv,1010385911081627648,56,19,282,6,es,2016-12-08T23:26:58.000Z,Amber Heard,807003567605227520,"Actor and Activist, semi-professional disruptor, ice cream advocate and shameless teacup yorkie-lover",https://pbs.twimg.com/profile_images/1383196364792680448/N8CdupEu_normal.jpg,https://t.co/Ze18Ek9SOI,"Los Angeles, CA",190464,220,1151,567,realamberheard,2011-02-04T20:09:55.000Z,elle,247439143,agust d’s girlfriend.,https://pbs.twimg.com/profile_images/1505323548390404099/4QGungIF_normal.jpg,,bangkids itzy mamamoo txt nct,6196,3052,166566,28,jungkoovr,"[{'start': 29, 'end': 33, 'probability': 0.5687, 'type': 'Person', 'normalized_text': 'amber'}]",
2497054393,2018-06-23T05:01:39.000Z,"[{'type': 'replied_to', 'id': '1010385911081627648'}]",Twitter for iPhone,807003567605227520,"@realamberheard @BetoORourke Thank you, Amber! 💕",1010387384859594752,en,"[{'start': 0, 'end': 15, 'username': 'realamberheard', 'id': '807003567605227520'}, {'start': 16, 'end': 28, 'username': 'BetoORourke', 'id': '342863309'}]",0,0,0,0,807003567605227520,"[{'start': 116, 'end': 128, 'username': 'BetoORourke', 'id': '342863309'}]","[{'start': 129, 'end': 152, 'url': 'https://t.co/nmm66Pq1Kv', 'expanded_url': 'https://twitter.com/betoorourke/status/1010250740391120896', 'display_url': 'twitter.com/betoorourke/st…'}]",2018-06-23T04:55:47.000Z,"[{'type': 'quoted', 'id': '1010250740391120896'}]",Twitter for iPhone,Apoye los representantes quien representa los principios de este país  y la gente quien lo hacen tan estupendo como @BetoORourke https://t.co/nmm66Pq1Kv,1010385911081627648,56,19,282,6,es,2016-12-08T23:26:58.000Z,Amber Heard,807003567605227520,"Actor and Activist, semi-professional disruptor, ice cream advocate and shameless teacup yorkie-lover",https://pbs.twimg.com/profile_images/1383196364792680448/N8CdupEu_normal.jpg,https://t.co/Ze18Ek9SOI,"Los Angeles, CA",190464,220,1151,567,realamberheard,2014-05-15T19:50:24.000Z,danna ✨,2497054393,"“Sharon Carter’s back!” — EVC, 2019 / Comic Book Elitist™ / Feminist / “That doesn’t mean anything — @capsharons.”",https://pbs.twimg.com/profile_images/1503765520713191427/3k5Yor2A_normal.jpg,,she/her,823,650,30298,35,commanderburger,"[{'start': 40, 'end': 44, 'probability': 0.9774, 'type': 'Person', 'normalized_text': 'Amber'}]",
1104021870,2018-06-23T05:01:15.000Z,"[{'type': 'replied_to', 'id': '1010385911081627648'}]",Twitter for Android,807003567605227520,"@realamberheard @BetoORourke Ah no más perfecta no podías ser, ahora en español😍💘",1010387284955418624,es,"[{'start': 0, 'end': 15, 'username': 'realamberheard', 'id': '807003567605227520'}, {'start': 16, 'end': 28, 'username': 'BetoORourke', 'id': '342863309'}]",0,0,0,0,807003567605227520,"[{'start': 116, 'end': 128, 'username': 'BetoORourke', 'id': '342863309'}]","[{'start': 129, 'end': 152, 'url': 'https://t.co/nmm66Pq1Kv', 'expanded_url': 'https://twitter.com/betoorourke/status/1010250740391120896', 'display_url': 'twitter.com/betoorourke/st…'}]",2018-06-23T04:55:47.000Z,"[{'type': 'quoted', 'id': '1010250740391120896'}]",Twitter for iPhone,Apoye los representantes quien representa los principios de este país  y la gente quien lo hacen tan estupendo como @BetoORourke https://t.co/nmm66Pq1Kv,1010385911081627648,56,19,282,6,es,2016-12-08T23:26:58.000Z,Amber Heard,807003567605227520,"Actor and Activist, semi-professional disruptor, ice cream advocate and shameless teacup yorkie-lover",https://pbs.twimg.com/profile_images/1383196364792680448/N8CdupEu_normal.jpg,https://t.co/Ze18Ek9SOI,"Los Angeles, CA",190464,220,1151,567,realamberheard,2013-01-19T16:02:58.000Z,Juan Camilo🇨🇴,1104021870,"ATLÉTICO NACIONAL,
Messista
#GoHawks",https://pbs.twimg.com/profile_images/865343497217482752/AAiTdd4u_normal.jpg,,,296,428,17696,10,_JuanMarulanda,,
3051920590,2018-06-23T04:56:43.000Z,"[{'type': 'replied_to', 'id': '1010385911081627648'}]",Twitter for iPhone,807003567605227520,@realamberheard @BetoORourke 🙌🏻,1010386143785955328,und,"[{'start': 0, 'end': 15, 'username': 'realamberheard', 'id': '807003567605227520'}, {'start': 16, 'end': 28, 'username': 'BetoORourke', 'id': '342863309'}]",0,0,0,0,807003567605227520,"[{'start': 116, 'end': 128, 'username': 'BetoORourke', 'id': '342863309'}]","[{'start': 129, 'end': 152, 'url': 'https://t.co/nmm66Pq1Kv', 'expanded_url': 'https://twitter.com/betoorourke/status/1010250740391120896', 'display_url': 'twitter.com/betoorourke/st…'}]",2018-06-23T04:55:47.000Z,"[{'type': 'quoted', 'id': '1010250740391120896'}]",Twitter for iPhone,Apoye los representantes quien representa los principios de este país  y la gente quien lo hacen tan estupendo como @BetoORourke https://t.co/nmm66Pq1Kv,1010385911081627648,56,19,282,6,es,2016-12-08T23:26:58.000Z,Amber Heard,807003567605227520,"Actor and Activist, semi-professional disruptor, ice cream advocate and shameless teacup yorkie-lover",https://pbs.twimg.com/profile_images/1383196364792680448/N8CdupEu_normal.jpg,https://t.co/Ze18Ek9SOI,"Los Angeles, CA",190464,220,1151,567,realamberheard,2015-02-22T05:24:49.000Z,Alan Trejo,3051920590,Geek 🤓 | Batman🦇 | Alguien afortunado 🍀 | #ChorizoPower| Co-Creador de @Cinentificate | Contacto: cinentificate@gmail.com 🎞🍿,https://pbs.twimg.com/profile_images/1186046933854572545/HAcAbmuz_normal.jpg,,,345,266,8393,0,YoSoyElGolfo,,
