lang,id,text,created_at,author_id,in_reply_to_user_id,source,referenced_tweets,entities.mentions,entities.hashtags,public_metrics.retweet_count,public_metrics.reply_count,public_metrics.like_count,public_metrics.quote_count,replied_tweet.entities.urls,replied_tweet.lang,replied_tweet.id,replied_tweet.text,replied_tweet.created_at,replied_tweet.public_metrics.retweet_count,replied_tweet.public_metrics.reply_count,replied_tweet.public_metrics.like_count,replied_tweet.public_metrics.quote_count,replied_tweet.author_id,replied_tweet.source,replied_tweet.author.location,replied_tweet.author.profile_image_url,replied_tweet.author.id,replied_tweet.author.name,replied_tweet.author.created_at,replied_tweet.author.username,replied_tweet.author.url,replied_tweet.author.description,replied_tweet.author.public_metrics.followers_count,replied_tweet.author.public_metrics.following_count,replied_tweet.author.public_metrics.tweet_count,replied_tweet.author.public_metrics.listed_count,author.profile_image_url,author.id,author.name,author.created_at,author.username,author.url,author.description,author.public_metrics.followers_count,author.public_metrics.following_count,author.public_metrics.tweet_count,author.public_metrics.listed_count,author.location,entities.urls,entities.annotations
und,1287588284953243648,@realamberheard @AmberHeardMX_ Lol. #AmberHeardIsAnAbuser,2020-07-27T03:19:04.000Z,1242245771950505985,807003567605227520,Twitter Web App,"[{'type': 'replied_to', 'id': '1010899541044973569'}]","[{'start': 0, 'end': 15, 'username': 'realamberheard', 'id': '807003567605227520'}, {'start': 16, 'end': 30, 'username': 'AmberHeardMX_', 'id': '991864767567613953'}]","[{'start': 36, 'end': 57, 'tag': 'AmberHeardIsAnAbuser'}]",0,0,1,0,"[{'start': 70, 'end': 93, 'url': 'https://t.co/8U9gxHJLRL', 'expanded_url': 'https://www.vice.com/en_us/article/nekkgx/new-trump-policy-means-domestic-violence-victim-will-likely-be-deported', 'display_url': 'vice.com/en_us/article/…', 'status': 200, 'unwound_url': 'https://www.vice.com/en/article/nekkgx/new-trump-policy-means-domestic-violence-victim-will-likely-be-deported'}]",en,1010899541044973569,Woman Considered 'Property' Faces Deportation After 40 Years of Abuse https://t.co/8U9gxHJLRL,2018-06-24T14:56:46.000Z,41,14,141,2,807003567605227520,Twitter for iPhone,"Los Angeles, CA",https://pbs.twimg.com/profile_images/1383196364792680448/N8CdupEu_normal.jpg,807003567605227520,Amber Heard,2016-12-08T23:26:58.000Z,realamberheard,https://t.co/Ze18Ek9SOI,"Actor and Activist, semi-professional disruptor, ice cream advocate and shameless teacup yorkie-lover",190464,220,1151,567,https://pbs.twimg.com/profile_images/1289623023558041602/b4RFrKsC_normal.jpg,1242245771950505985,Alex Roope,2020-03-24T00:24:20.000Z,AlexRoope1,,Equality doesn’t exist.,1,3,97,0,,,
en,1014504666368012291,"@realamberheard 🚨Call 📞
866-DHS-2ICE
Press option 2
Then option 1 🚨
🇺🇸🇺🇸🇺🇸🇺🇸🇺🇸🇺🇸🇺🇸
If you suspect ILLEGALS:
🚨Call 📞
866-DHS-2ICE
Press option 2
Then option 1 🚨",2018-07-04T13:42:15.000Z,757446816870830080,807003567605227520,Twitter for Android,"[{'type': 'replied_to', 'id': '1010899541044973569'}]","[{'start': 0, 'end': 15, 'username': 'realamberheard', 'id': '807003567605227520'}]",,0,0,0,0,"[{'start': 70, 'end': 93, 'url': 'https://t.co/8U9gxHJLRL', 'expanded_url': 'https://www.vice.com/en_us/article/nekkgx/new-trump-policy-means-domestic-violence-victim-will-likely-be-deported', 'display_url': 'vice.com/en_us/article/…', 'status': 200, 'unwound_url': 'https://www.vice.com/en/article/nekkgx/new-trump-policy-means-domestic-violence-victim-will-likely-be-deported'}]",en,1010899541044973569,Woman Considered 'Property' Faces Deportation After 40 Years of Abuse https://t.co/8U9gxHJLRL,2018-06-24T14:56:46.000Z,41,14,141,2,807003567605227520,Twitter for iPhone,"Los Angeles, CA",https://pbs.twimg.com/profile_images/1383196364792680448/N8CdupEu_normal.jpg,807003567605227520,Amber Heard,2016-12-08T23:26:58.000Z,realamberheard,https://t.co/Ze18Ek9SOI,"Actor and Activist, semi-professional disruptor, ice cream advocate and shameless teacup yorkie-lover",190464,220,1151,567,https://pbs.twimg.com/profile_images/1472650657622548489/7aHcezO0_normal.jpg,757446816870830080,💎👌🐸🇺🇸Deplorabus Côvféfèüs Infidelus Rex 👑,2016-07-25T05:26:08.000Z,infidelus_rex,https://t.co/UM1PYWhh0x,"🍿💥👌🐸🇺🇸Golden Rule✝💕(🚫 pendejos)🦂|#ALM |Snarky, Non-PC Humor|Truth Seeker|Opinionated|Realist|1A-2A🇺🇸#AmericaFirst 🇺🇸  🚫. 🚂❄️.🚫 ||🖖✝🌈👨",3124,3838,210345,1,"TRUMPville, Texas, USA",,
en,1014195336120885248,"@realamberheard Racist much, Amber? https://t.co/rfVX075wIv",2018-07-03T17:13:05.000Z,865110961,807003567605227520,Twitter for Android,"[{'type': 'replied_to', 'id': '1010899541044973569'}]","[{'start': 0, 'end': 15, 'username': 'realamberheard', 'id': '807003567605227520'}]",,0,0,0,0,"[{'start': 70, 'end': 93, 'url': 'https://t.co/8U9gxHJLRL', 'expanded_url': 'https://www.vice.com/en_us/article/nekkgx/new-trump-policy-means-domestic-violence-victim-will-likely-be-deported', 'display_url': 'vice.com/en_us/article/…', 'status': 200, 'unwound_url': 'https://www.vice.com/en/article/nekkgx/new-trump-policy-means-domestic-violence-victim-will-likely-be-deported'}]",en,1010899541044973569,Woman Considered 'Property' Faces Deportation After 40 Years of Abuse https://t.co/8U9gxHJLRL,2018-06-24T14:56:46.000Z,41,14,141,2,807003567605227520,Twitter for iPhone,"Los Angeles, CA",https://pbs.twimg.com/profile_images/1383196364792680448/N8CdupEu_normal.jpg,807003567605227520,Amber Heard,2016-12-08T23:26:58.000Z,realamberheard,https://t.co/Ze18Ek9SOI,"Actor and Activist, semi-professional disruptor, ice cream advocate and shameless teacup yorkie-lover",190464,220,1151,567,https://pbs.twimg.com/profile_images/1059930590953267201/tLAv4tkM_normal.jpg,865110961,Rodrigo Silva 🇧🇷🇮🇪🇺🇸🇵🇹🇻🇪🇨🇦🇬🇧🇩🇪,2012-10-06T18:29:28.000Z,RodrigKildysart,,"- É melhor viver na luz da VERDADE do que na escuridão da ignorância.
  

        - It's better to live in the LIGHT of TRUTH than in the darkness of ignorance.",1107,2368,47724,1,Brazil: Under New Management  ,"[{'start': 36, 'end': 59, 'url': 'https://t.co/rfVX075wIv', 'expanded_url': 'https://twitter.com/RodrigKildysart/status/1014195336120885248/photo/1', 'display_url': 'pic.twitter.com/rfVX075wIv'}]","[{'start': 29, 'end': 33, 'probability': 0.94, 'type': 'Person', 'normalized_text': 'Amber'}]"
en,1011015506738982912,@Fen1xMonk3y @realamberheard Hope the help comes to you soon! 😘 😘 😘 😘 😘 😘 😘 😘 😘 😘 😘 😘 😘,2018-06-24T22:37:35.000Z,114825419,3366987723,Twitter Web App,"[{'type': 'replied_to', 'id': '1010992953391796226'}]","[{'start': 13, 'end': 28, 'username': 'realamberheard', 'id': '807003567605227520'}]",,0,0,0,0,"[{'start': 70, 'end': 93, 'url': 'https://t.co/8U9gxHJLRL', 'expanded_url': 'https://www.vice.com/en_us/article/nekkgx/new-trump-policy-means-domestic-violence-victim-will-likely-be-deported', 'display_url': 'vice.com/en_us/article/…', 'status': 200, 'unwound_url': 'https://www.vice.com/en/article/nekkgx/new-trump-policy-means-domestic-violence-victim-will-likely-be-deported'}]",en,1010899541044973569,Woman Considered 'Property' Faces Deportation After 40 Years of Abuse https://t.co/8U9gxHJLRL,2018-06-24T14:56:46.000Z,41,14,141,2,807003567605227520,Twitter for iPhone,"Los Angeles, CA",https://pbs.twimg.com/profile_images/1383196364792680448/N8CdupEu_normal.jpg,807003567605227520,Amber Heard,2016-12-08T23:26:58.000Z,realamberheard,https://t.co/Ze18Ek9SOI,"Actor and Activist, semi-professional disruptor, ice cream advocate and shameless teacup yorkie-lover",190464,220,1151,567,https://pbs.twimg.com/profile_images/1466920707032506379/CrH6m-xS_normal.jpg,114825419,LetiLagertha,2010-02-16T18:43:48.000Z,LetiLagertha,,"Artist
Biochemistry and biology science student.
Ketogenic diet
Science.",200,97,3124,2,"Montevideo, Uruguay ",,
en,1010907219976695808,@realamberheard America fails to protect their own victims of domestic violence (we know!) Why I'm not surprised they have zero interest to be the asylum to DV victims from other countries? 😢,2018-06-24T15:27:17.000Z,4396120342,807003567605227520,Twitter for Android,"[{'type': 'replied_to', 'id': '1010899541044973569'}]","[{'start': 0, 'end': 15, 'username': 'realamberheard', 'id': '807003567605227520'}]",,0,0,3,0,"[{'start': 70, 'end': 93, 'url': 'https://t.co/8U9gxHJLRL', 'expanded_url': 'https://www.vice.com/en_us/article/nekkgx/new-trump-policy-means-domestic-violence-victim-will-likely-be-deported', 'display_url': 'vice.com/en_us/article/…', 'status': 200, 'unwound_url': 'https://www.vice.com/en/article/nekkgx/new-trump-policy-means-domestic-violence-victim-will-likely-be-deported'}]",en,1010899541044973569,Woman Considered 'Property' Faces Deportation After 40 Years of Abuse https://t.co/8U9gxHJLRL,2018-06-24T14:56:46.000Z,41,14,141,2,807003567605227520,Twitter for iPhone,"Los Angeles, CA",https://pbs.twimg.com/profile_images/1383196364792680448/N8CdupEu_normal.jpg,807003567605227520,Amber Heard,2016-12-08T23:26:58.000Z,realamberheard,https://t.co/Ze18Ek9SOI,"Actor and Activist, semi-professional disruptor, ice cream advocate and shameless teacup yorkie-lover",190464,220,1151,567,https://pbs.twimg.com/profile_images/1378175478478082050/UKLiQPuk_normal.jpg,4396120342,STIRGUS SACCHETTI,2015-12-06T17:21:06.000Z,stirgussa,,"Only two things are infinite, the universe and human stupidity, and I'm not sure about the former. - Albert Einstein and Me!",678,296,58624,26,,,"[{'start': 16, 'end': 22, 'probability': 0.99, 'type': 'Place', 'normalized_text': 'America'}]"
en,1010900534105079808,"@realamberheard Amber, this is terrible! If you can help someone who has faced the most terrible things and needs help to stop abuse please read the story of @Fen1xMonk3y. She and her children's needs help now! Read her story! 💞 😘 😘 😘 😘. Thank you so much!",2018-06-24T15:00:43.000Z,114825419,807003567605227520,Twitter Web App,"[{'type': 'replied_to', 'id': '1010899541044973569'}]","[{'start': 0, 'end': 15, 'username': 'realamberheard', 'id': '807003567605227520'}]",,0,0,0,0,"[{'start': 70, 'end': 93, 'url': 'https://t.co/8U9gxHJLRL', 'expanded_url': 'https://www.vice.com/en_us/article/nekkgx/new-trump-policy-means-domestic-violence-victim-will-likely-be-deported', 'display_url': 'vice.com/en_us/article/…', 'status': 200, 'unwound_url': 'https://www.vice.com/en/article/nekkgx/new-trump-policy-means-domestic-violence-victim-will-likely-be-deported'}]",en,1010899541044973569,Woman Considered 'Property' Faces Deportation After 40 Years of Abuse https://t.co/8U9gxHJLRL,2018-06-24T14:56:46.000Z,41,14,141,2,807003567605227520,Twitter for iPhone,"Los Angeles, CA",https://pbs.twimg.com/profile_images/1383196364792680448/N8CdupEu_normal.jpg,807003567605227520,Amber Heard,2016-12-08T23:26:58.000Z,realamberheard,https://t.co/Ze18Ek9SOI,"Actor and Activist, semi-professional disruptor, ice cream advocate and shameless teacup yorkie-lover",190464,220,1151,567,https://pbs.twimg.com/profile_images/1466920707032506379/CrH6m-xS_normal.jpg,114825419,LetiLagertha,2010-02-16T18:43:48.000Z,LetiLagertha,,"Artist
Biochemistry and biology science student.
Ketogenic diet
Science.",200,97,3124,2,"Montevideo, Uruguay ",,"[{'start': 16, 'end': 20, 'probability': 0.9185, 'type': 'Person', 'normalized_text': 'Amber'}]"
en,1010899928665743361,@realamberheard What the heck is wrong with this world ._.,2018-06-24T14:58:19.000Z,2431923445,807003567605227520,Twitter for Android,"[{'type': 'replied_to', 'id': '1010899541044973569'}]","[{'start': 0, 'end': 15, 'username': 'realamberheard', 'id': '807003567605227520'}]",,0,1,0,0,"[{'start': 70, 'end': 93, 'url': 'https://t.co/8U9gxHJLRL', 'expanded_url': 'https://www.vice.com/en_us/article/nekkgx/new-trump-policy-means-domestic-violence-victim-will-likely-be-deported', 'display_url': 'vice.com/en_us/article/…', 'status': 200, 'unwound_url': 'https://www.vice.com/en/article/nekkgx/new-trump-policy-means-domestic-violence-victim-will-likely-be-deported'}]",en,1010899541044973569,Woman Considered 'Property' Faces Deportation After 40 Years of Abuse https://t.co/8U9gxHJLRL,2018-06-24T14:56:46.000Z,41,14,141,2,807003567605227520,Twitter for iPhone,"Los Angeles, CA",https://pbs.twimg.com/profile_images/1383196364792680448/N8CdupEu_normal.jpg,807003567605227520,Amber Heard,2016-12-08T23:26:58.000Z,realamberheard,https://t.co/Ze18Ek9SOI,"Actor and Activist, semi-professional disruptor, ice cream advocate and shameless teacup yorkie-lover",190464,220,1151,567,https://pbs.twimg.com/profile_images/1204164296340574211/bAbb1Br8_normal.jpg,2431923445,‍ ‍‍‍ ‍‍ ‍‍‍ ‍ ‍𝐌𝐄𝐑𝐀.,2014-04-07T11:43:53.000Z,notaquawxman,https://t.co/fqiALGxeOE,❰ ＭＥＲＡ ＯＦ ＸＥＢＥＬ❱ ➢ ғᴏʀᴍᴇʀ ᴘʀɪɴᴄᴇss ⤿ ϙᴜᴇᴇɴ ᴏғ ᴀᴛʟᴀɴᴛɪs ❫ ᴅᴇғɪɴɪᴛᴇʟʏ ɴᴏᴛ ᴀϙᴜᴀᴡᴏᴍᴀɴ ᴏʀ ᴀ ᴍᴇʀᴍᴀɪᴅ ⋮ ❛ You don't know me at all. None of you do. ❜ㅤ━━ㅤɪ sᴀɪᴅ ᴅᴏɴ'ᴛ﹗,928,354,41444,0,#ᴡᴏɴᴅᴇʀᴍᴇʀᴀ ; #ᴘᴏᴊᴋᴇɴ,,
