referenced_tweets,id,lang,text,created_at,source,author_id,in_reply_to_user_id,entities.mentions,public_metrics.retweet_count,public_metrics.reply_count,public_metrics.like_count,public_metrics.quote_count,replied_tweet.id,replied_tweet.lang,replied_tweet.text,replied_tweet.created_at,replied_tweet.source,replied_tweet.author_id,replied_tweet.entities.urls,replied_tweet.public_metrics.retweet_count,replied_tweet.public_metrics.reply_count,replied_tweet.public_metrics.like_count,replied_tweet.public_metrics.quote_count,replied_tweet.author.public_metrics.followers_count,replied_tweet.author.public_metrics.following_count,replied_tweet.author.public_metrics.tweet_count,replied_tweet.author.public_metrics.listed_count,replied_tweet.author.created_at,replied_tweet.author.id,replied_tweet.author.location,replied_tweet.author.name,replied_tweet.author.profile_image_url,replied_tweet.author.username,replied_tweet.author.url,replied_tweet.author.description,author.public_metrics.followers_count,author.public_metrics.following_count,author.public_metrics.tweet_count,author.public_metrics.listed_count,author.created_at,author.id,author.name,author.profile_image_url,author.username,author.url,author.description,entities.urls,entities.annotations,author.location
"[{'type': 'replied_to', 'id': '1017053317707395072'}]",1018929808464666626,en,@realamberheard I will be happy to have you and you're beautiful I liked you're movies and I want you,2018-07-16T18:46:11.000Z,Twitter Web App,986265855662198784,807003567605227520,"[{'start': 0, 'end': 15, 'username': 'realamberheard', 'id': '807003567605227520'}]",0,0,0,0,1017053317707395072,en,This is humanitarian crisis. Please help now:  https://t.co/PBOCgYeDsS /,2018-07-11T14:29:41.000Z,Twitter for iPhone,807003567605227520,"[{'start': 47, 'end': 70, 'url': 'https://t.co/PBOCgYeDsS', 'expanded_url': 'http://igfn.us/vf/SendAidNow', 'display_url': 'igfn.us/vf/SendAidNow', 'status': 200, 'unwound_url': 'https://app.mobilecause.com/vf/SendAidNow'}]",39,19,168,2,190464,220,1151,567,2016-12-08T23:26:58.000Z,807003567605227520,"Los Angeles, CA",Amber Heard,https://pbs.twimg.com/profile_images/1383196364792680448/N8CdupEu_normal.jpg,realamberheard,https://t.co/Ze18Ek9SOI,"Actor and Activist, semi-professional disruptor, ice cream advocate and shameless teacup yorkie-lover",4,256,735,0,2018-04-17T15:31:18.000Z,986265855662198784,kamranjahangir,https://abs.twimg.com/sticky/default_profile_images/default_profile_normal.png,kamranj67376567,,,,,
"[{'type': 'replied_to', 'id': '1017053317707395072'}]",1018929561583669249,en,@realamberheard You're the only on I love I had a dream me you together on the beach you with you're bikini and panty on and on our yart,2018-07-16T18:45:12.000Z,Twitter Web App,986265855662198784,807003567605227520,"[{'start': 0, 'end': 15, 'username': 'realamberheard', 'id': '807003567605227520'}]",0,0,0,0,1017053317707395072,en,This is humanitarian crisis. Please help now:  https://t.co/PBOCgYeDsS /,2018-07-11T14:29:41.000Z,Twitter for iPhone,807003567605227520,"[{'start': 47, 'end': 70, 'url': 'https://t.co/PBOCgYeDsS', 'expanded_url': 'http://igfn.us/vf/SendAidNow', 'display_url': 'igfn.us/vf/SendAidNow', 'status': 200, 'unwound_url': 'https://app.mobilecause.com/vf/SendAidNow'}]",39,19,168,2,190464,220,1151,567,2016-12-08T23:26:58.000Z,807003567605227520,"Los Angeles, CA",Amber Heard,https://pbs.twimg.com/profile_images/1383196364792680448/N8CdupEu_normal.jpg,realamberheard,https://t.co/Ze18Ek9SOI,"Actor and Activist, semi-professional disruptor, ice cream advocate and shameless teacup yorkie-lover",4,256,735,0,2018-04-17T15:31:18.000Z,986265855662198784,kamranjahangir,https://abs.twimg.com/sticky/default_profile_images/default_profile_normal.png,kamranj67376567,,,,,
"[{'type': 'replied_to', 'id': '1017053317707395072'}]",1018929263267983361,en,@realamberheard Amber I 💘 u and I still want to 💍 u and I want you and you're my true love and I will be Happy to have you as a life partner and here is my and you're photos together https://t.co/ExQGWOzRVb,2018-07-16T18:44:01.000Z,Twitter Web App,986265855662198784,807003567605227520,"[{'start': 0, 'end': 15, 'username': 'realamberheard', 'id': '807003567605227520'}]",0,0,0,0,1017053317707395072,en,This is humanitarian crisis. Please help now:  https://t.co/PBOCgYeDsS /,2018-07-11T14:29:41.000Z,Twitter for iPhone,807003567605227520,"[{'start': 47, 'end': 70, 'url': 'https://t.co/PBOCgYeDsS', 'expanded_url': 'http://igfn.us/vf/SendAidNow', 'display_url': 'igfn.us/vf/SendAidNow', 'status': 200, 'unwound_url': 'https://app.mobilecause.com/vf/SendAidNow'}]",39,19,168,2,190464,220,1151,567,2016-12-08T23:26:58.000Z,807003567605227520,"Los Angeles, CA",Amber Heard,https://pbs.twimg.com/profile_images/1383196364792680448/N8CdupEu_normal.jpg,realamberheard,https://t.co/Ze18Ek9SOI,"Actor and Activist, semi-professional disruptor, ice cream advocate and shameless teacup yorkie-lover",4,256,735,0,2018-04-17T15:31:18.000Z,986265855662198784,kamranjahangir,https://abs.twimg.com/sticky/default_profile_images/default_profile_normal.png,kamranj67376567,,,"[{'start': 183, 'end': 206, 'url': 'https://t.co/ExQGWOzRVb', 'expanded_url': 'https://twitter.com/kamranj67376567/status/1018929263267983361/photo/1', 'display_url': 'pic.twitter.com/ExQGWOzRVb'}, {'start': 183, 'end': 206, 'url': 'https://t.co/ExQGWOzRVb', 'expanded_url': 'https://twitter.com/kamranj67376567/status/1018929263267983361/photo/1', 'display_url': 'pic.twitter.com/ExQGWOzRVb'}]","[{'start': 16, 'end': 20, 'probability': 0.8876, 'type': 'Person', 'normalized_text': 'Amber'}]",
"[{'type': 'replied_to', 'id': '1017053317707395072'}]",1018551737853063169,en,"@realamberheard Why on God’s earth would you have made this post? Such a LIBTARD!
 
Your Stupid post:
Just heard there’s an ICE checkpoint in hollywood, a few blocks from where I live. Everyone better give their housekeepers, nannies and landscapers a ride home tonight…",2018-07-15T17:43:52.000Z,Twitter for iPhone,320770048,807003567605227520,"[{'start': 0, 'end': 15, 'username': 'realamberheard', 'id': '807003567605227520'}]",0,0,0,0,1017053317707395072,en,This is humanitarian crisis. Please help now:  https://t.co/PBOCgYeDsS /,2018-07-11T14:29:41.000Z,Twitter for iPhone,807003567605227520,"[{'start': 47, 'end': 70, 'url': 'https://t.co/PBOCgYeDsS', 'expanded_url': 'http://igfn.us/vf/SendAidNow', 'display_url': 'igfn.us/vf/SendAidNow', 'status': 200, 'unwound_url': 'https://app.mobilecause.com/vf/SendAidNow'}]",39,19,168,2,190464,220,1151,567,2016-12-08T23:26:58.000Z,807003567605227520,"Los Angeles, CA",Amber Heard,https://pbs.twimg.com/profile_images/1383196364792680448/N8CdupEu_normal.jpg,realamberheard,https://t.co/Ze18Ek9SOI,"Actor and Activist, semi-professional disruptor, ice cream advocate and shameless teacup yorkie-lover",843,1536,7622,0,2011-06-20T14:07:07.000Z,320770048,rodger Dee,https://pbs.twimg.com/profile_images/1055980804709511169/Gb5_H5kZ_normal.jpg,2233113,,#PatriotsEffectingChange. Extreme left will take down the Democrat Party.  I refuse to become a comrade.  #Walkaway #NoMandates #🇺🇸,,"[{'start': 23, 'end': 25, 'probability': 0.9641, 'type': 'Other', 'normalized_text': 'God'}, {'start': 142, 'end': 150, 'probability': 0.8967, 'type': 'Place', 'normalized_text': 'hollywood'}]","Lakewood, OH"
"[{'type': 'replied_to', 'id': '1017053317707395072'}]",1018218851023179777,en,"@realamberheard Dear amber,have a nice weekend my freind I appreciate you always!!",2018-07-14T19:41:06.000Z,Twitter for Android,989633741114003456,807003567605227520,"[{'start': 0, 'end': 15, 'username': 'realamberheard', 'id': '807003567605227520'}]",0,0,1,0,1017053317707395072,en,This is humanitarian crisis. Please help now:  https://t.co/PBOCgYeDsS /,2018-07-11T14:29:41.000Z,Twitter for iPhone,807003567605227520,"[{'start': 47, 'end': 70, 'url': 'https://t.co/PBOCgYeDsS', 'expanded_url': 'http://igfn.us/vf/SendAidNow', 'display_url': 'igfn.us/vf/SendAidNow', 'status': 200, 'unwound_url': 'https://app.mobilecause.com/vf/SendAidNow'}]",39,19,168,2,190464,220,1151,567,2016-12-08T23:26:58.000Z,807003567605227520,"Los Angeles, CA",Amber Heard,https://pbs.twimg.com/profile_images/1383196364792680448/N8CdupEu_normal.jpg,realamberheard,https://t.co/Ze18Ek9SOI,"Actor and Activist, semi-professional disruptor, ice cream advocate and shameless teacup yorkie-lover",39,269,44974,0,2018-04-26T22:34:05.000Z,989633741114003456,Paulwalwanis,https://abs.twimg.com/sticky/default_profile_images/default_profile_normal.png,Paulwalwanis7,,"Comedy,counselor",,"[{'start': 21, 'end': 25, 'probability': 0.9309, 'type': 'Person', 'normalized_text': 'amber'}]","Long Island,new York"
"[{'type': 'replied_to', 'id': '1017053317707395072'}]",1017927773967605760,en,"@realamberheard Dear Amber, I appreciate your human rights fight my freind always here for you,ok!!",2018-07-14T00:24:28.000Z,Twitter for Android,989633741114003456,807003567605227520,"[{'start': 0, 'end': 15, 'username': 'realamberheard', 'id': '807003567605227520'}]",0,0,1,0,1017053317707395072,en,This is humanitarian crisis. Please help now:  https://t.co/PBOCgYeDsS /,2018-07-11T14:29:41.000Z,Twitter for iPhone,807003567605227520,"[{'start': 47, 'end': 70, 'url': 'https://t.co/PBOCgYeDsS', 'expanded_url': 'http://igfn.us/vf/SendAidNow', 'display_url': 'igfn.us/vf/SendAidNow', 'status': 200, 'unwound_url': 'https://app.mobilecause.com/vf/SendAidNow'}]",39,19,168,2,190464,220,1151,567,2016-12-08T23:26:58.000Z,807003567605227520,"Los Angeles, CA",Amber Heard,https://pbs.twimg.com/profile_images/1383196364792680448/N8CdupEu_normal.jpg,realamberheard,https://t.co/Ze18Ek9SOI,"Actor and Activist, semi-professional disruptor, ice cream advocate and shameless teacup yorkie-lover",39,269,44974,0,2018-04-26T22:34:05.000Z,989633741114003456,Paulwalwanis,https://abs.twimg.com/sticky/default_profile_images/default_profile_normal.png,Paulwalwanis7,,"Comedy,counselor",,"[{'start': 21, 'end': 25, 'probability': 0.9806, 'type': 'Person', 'normalized_text': 'Amber'}]","Long Island,new York"
"[{'type': 'replied_to', 'id': '1017053317707395072'}]",1017274803668029441,da,@realamberheard Virtue Signaling Alert!,2018-07-12T05:09:47.000Z,Twitter Web App,3135562367,807003567605227520,"[{'start': 0, 'end': 15, 'username': 'realamberheard', 'id': '807003567605227520'}]",0,0,0,0,1017053317707395072,en,This is humanitarian crisis. Please help now:  https://t.co/PBOCgYeDsS /,2018-07-11T14:29:41.000Z,Twitter for iPhone,807003567605227520,"[{'start': 47, 'end': 70, 'url': 'https://t.co/PBOCgYeDsS', 'expanded_url': 'http://igfn.us/vf/SendAidNow', 'display_url': 'igfn.us/vf/SendAidNow', 'status': 200, 'unwound_url': 'https://app.mobilecause.com/vf/SendAidNow'}]",39,19,168,2,190464,220,1151,567,2016-12-08T23:26:58.000Z,807003567605227520,"Los Angeles, CA",Amber Heard,https://pbs.twimg.com/profile_images/1383196364792680448/N8CdupEu_normal.jpg,realamberheard,https://t.co/Ze18Ek9SOI,"Actor and Activist, semi-professional disruptor, ice cream advocate and shameless teacup yorkie-lover",5027,2291,165237,17,2015-04-05T01:59:56.000Z,3135562367,SilverThread IsStrongerThanYouThink,https://pbs.twimg.com/profile_images/1090100062095585280/T1bq85yX_normal.jpg,leslie_hileslie,,Brutally honest. PATRIOT. Intuitive Empath. Spiritual Warrior. Scotland-Russell Clan. Blocked by LynnDeRothschild.,,,The MATRIX. Take the Red Pill. Always Follow the $.
"[{'type': 'replied_to', 'id': '1017053317707395072'}]",1017163899940921344,en,@realamberheard Your pathetic!!!!!!!,2018-07-11T21:49:06.000Z,Twitter for iPhone,714671138706747393,807003567605227520,"[{'start': 0, 'end': 15, 'username': 'realamberheard', 'id': '807003567605227520'}]",0,0,1,0,1017053317707395072,en,This is humanitarian crisis. Please help now:  https://t.co/PBOCgYeDsS /,2018-07-11T14:29:41.000Z,Twitter for iPhone,807003567605227520,"[{'start': 47, 'end': 70, 'url': 'https://t.co/PBOCgYeDsS', 'expanded_url': 'http://igfn.us/vf/SendAidNow', 'display_url': 'igfn.us/vf/SendAidNow', 'status': 200, 'unwound_url': 'https://app.mobilecause.com/vf/SendAidNow'}]",39,19,168,2,190464,220,1151,567,2016-12-08T23:26:58.000Z,807003567605227520,"Los Angeles, CA",Amber Heard,https://pbs.twimg.com/profile_images/1383196364792680448/N8CdupEu_normal.jpg,realamberheard,https://t.co/Ze18Ek9SOI,"Actor and Activist, semi-professional disruptor, ice cream advocate and shameless teacup yorkie-lover",3,10,60,0,2016-03-29T04:30:52.000Z,714671138706747393,Rhonna,https://pbs.twimg.com/profile_images/715281492658692096/KhjhPfAE_normal.jpg,rjhollis63,,Traveling Operating Room Register Nurse,,,"Texas, USA"
"[{'type': 'replied_to', 'id': '1017053317707395072'}]",1017153982417002496,fr,@realamberheard OH MA CHERE AMBER TU ES LA PLUS FORMIDABLE,2018-07-11T21:09:41.000Z,Twitter Web Client,827604575465197573,807003567605227520,"[{'start': 0, 'end': 15, 'username': 'realamberheard', 'id': '807003567605227520'}]",0,0,0,0,1017053317707395072,en,This is humanitarian crisis. Please help now:  https://t.co/PBOCgYeDsS /,2018-07-11T14:29:41.000Z,Twitter for iPhone,807003567605227520,"[{'start': 47, 'end': 70, 'url': 'https://t.co/PBOCgYeDsS', 'expanded_url': 'http://igfn.us/vf/SendAidNow', 'display_url': 'igfn.us/vf/SendAidNow', 'status': 200, 'unwound_url': 'https://app.mobilecause.com/vf/SendAidNow'}]",39,19,168,2,190464,220,1151,567,2016-12-08T23:26:58.000Z,807003567605227520,"Los Angeles, CA",Amber Heard,https://pbs.twimg.com/profile_images/1383196364792680448/N8CdupEu_normal.jpg,realamberheard,https://t.co/Ze18Ek9SOI,"Actor and Activist, semi-professional disruptor, ice cream advocate and shameless teacup yorkie-lover",30,85,9606,0,2017-02-03T19:48:01.000Z,827604575465197573,tayab nacer eddine,https://abs.twimg.com/sticky/default_profile_images/default_profile_normal.png,TayabNacer,,,,,
"[{'type': 'replied_to', 'id': '1017053317707395072'}]",1017075298897186822,en,@realamberheard Glad to see people helping out on this situation! We need to get food and water for Yemen as well as already 8.4 million people are starving to death and 10 million more are expected to join😢,2018-07-11T15:57:02.000Z,Twitter for iPhone,1358149957,807003567605227520,"[{'start': 0, 'end': 15, 'username': 'realamberheard', 'id': '807003567605227520'}]",0,0,1,0,1017053317707395072,en,This is humanitarian crisis. Please help now:  https://t.co/PBOCgYeDsS /,2018-07-11T14:29:41.000Z,Twitter for iPhone,807003567605227520,"[{'start': 47, 'end': 70, 'url': 'https://t.co/PBOCgYeDsS', 'expanded_url': 'http://igfn.us/vf/SendAidNow', 'display_url': 'igfn.us/vf/SendAidNow', 'status': 200, 'unwound_url': 'https://app.mobilecause.com/vf/SendAidNow'}]",39,19,168,2,190464,220,1151,567,2016-12-08T23:26:58.000Z,807003567605227520,"Los Angeles, CA",Amber Heard,https://pbs.twimg.com/profile_images/1383196364792680448/N8CdupEu_normal.jpg,realamberheard,https://t.co/Ze18Ek9SOI,"Actor and Activist, semi-professional disruptor, ice cream advocate and shameless teacup yorkie-lover",119,596,1878,2,2013-04-16T23:58:05.000Z,1358149957,Bieller!🌋🎶🗡🎬,https://pbs.twimg.com/profile_images/1490707878474309633/Q-F1VHVB_normal.jpg,BiellerMatthew,,"Musician, Writer, Actor, Director, Paladin, Bartender, Space Captain, Jedi Master, Hiker, Superhero, Ghost Fighter, Adventurer and Father.",,"[{'start': 100, 'end': 104, 'probability': 0.9588, 'type': 'Place', 'normalized_text': 'Yemen'}]",
"[{'type': 'replied_to', 'id': '1017053317707395072'}]",1017054028755292160,en,@realamberheard love you 💕,2018-07-11T14:32:31.000Z,Twitter for Android,875884874535718912,807003567605227520,"[{'start': 0, 'end': 15, 'username': 'realamberheard', 'id': '807003567605227520'}]",0,0,2,0,1017053317707395072,en,This is humanitarian crisis. Please help now:  https://t.co/PBOCgYeDsS /,2018-07-11T14:29:41.000Z,Twitter for iPhone,807003567605227520,"[{'start': 47, 'end': 70, 'url': 'https://t.co/PBOCgYeDsS', 'expanded_url': 'http://igfn.us/vf/SendAidNow', 'display_url': 'igfn.us/vf/SendAidNow', 'status': 200, 'unwound_url': 'https://app.mobilecause.com/vf/SendAidNow'}]",39,19,168,2,190464,220,1151,567,2016-12-08T23:26:58.000Z,807003567605227520,"Los Angeles, CA",Amber Heard,https://pbs.twimg.com/profile_images/1383196364792680448/N8CdupEu_normal.jpg,realamberheard,https://t.co/Ze18Ek9SOI,"Actor and Activist, semi-professional disruptor, ice cream advocate and shameless teacup yorkie-lover",423,398,9999,3,2017-06-17T01:16:42.000Z,875884874535718912,lucille sharpe,https://pbs.twimg.com/profile_images/1386355649324457987/OaHmgKFY_normal.jpg,evanrachxlswood,,what would evan rachel wood do?,,,ela/dela
"[{'type': 'replied_to', 'id': '1017053317707395072'}]",1017053914825416704,und,@realamberheard 😍😍😍😍,2018-07-11T14:32:03.000Z,Twitter for Android,4204211255,807003567605227520,"[{'start': 0, 'end': 15, 'username': 'realamberheard', 'id': '807003567605227520'}]",0,0,2,0,1017053317707395072,en,This is humanitarian crisis. Please help now:  https://t.co/PBOCgYeDsS /,2018-07-11T14:29:41.000Z,Twitter for iPhone,807003567605227520,"[{'start': 47, 'end': 70, 'url': 'https://t.co/PBOCgYeDsS', 'expanded_url': 'http://igfn.us/vf/SendAidNow', 'display_url': 'igfn.us/vf/SendAidNow', 'status': 200, 'unwound_url': 'https://app.mobilecause.com/vf/SendAidNow'}]",39,19,168,2,190464,220,1151,567,2016-12-08T23:26:58.000Z,807003567605227520,"Los Angeles, CA",Amber Heard,https://pbs.twimg.com/profile_images/1383196364792680448/N8CdupEu_normal.jpg,realamberheard,https://t.co/Ze18Ek9SOI,"Actor and Activist, semi-professional disruptor, ice cream advocate and shameless teacup yorkie-lover",2501,935,137354,22,2015-11-16T19:47:59.000Z,4204211255,mi,https://pbs.twimg.com/profile_images/1507128865436614668/pBGJYljr_normal.jpg,dakotarias,,𝚋𝚎 𝚜𝚝𝚛𝚘𝚗𝚐 𝚊𝚗𝚍 𝚋𝚛𝚊𝚟𝚎 †,,,"actores, books, ecv."
"[{'type': 'replied_to', 'id': '1017053317707395072'}]",1017053897310068736,en,@realamberheard I LOVE YOU,2018-07-11T14:31:59.000Z,Twitter for Android,4204211255,807003567605227520,"[{'start': 0, 'end': 15, 'username': 'realamberheard', 'id': '807003567605227520'}]",0,0,1,0,1017053317707395072,en,This is humanitarian crisis. Please help now:  https://t.co/PBOCgYeDsS /,2018-07-11T14:29:41.000Z,Twitter for iPhone,807003567605227520,"[{'start': 47, 'end': 70, 'url': 'https://t.co/PBOCgYeDsS', 'expanded_url': 'http://igfn.us/vf/SendAidNow', 'display_url': 'igfn.us/vf/SendAidNow', 'status': 200, 'unwound_url': 'https://app.mobilecause.com/vf/SendAidNow'}]",39,19,168,2,190464,220,1151,567,2016-12-08T23:26:58.000Z,807003567605227520,"Los Angeles, CA",Amber Heard,https://pbs.twimg.com/profile_images/1383196364792680448/N8CdupEu_normal.jpg,realamberheard,https://t.co/Ze18Ek9SOI,"Actor and Activist, semi-professional disruptor, ice cream advocate and shameless teacup yorkie-lover",2501,935,137354,22,2015-11-16T19:47:59.000Z,4204211255,mi,https://pbs.twimg.com/profile_images/1507128865436614668/pBGJYljr_normal.jpg,dakotarias,,𝚋𝚎 𝚜𝚝𝚛𝚘𝚗𝚐 𝚊𝚗𝚍 𝚋𝚛𝚊𝚟𝚎 †,,,"actores, books, ecv."
