referenced_tweets,id,author_id,in_reply_to_user_id,created_at,text,source,lang,entities.mentions,public_metrics.retweet_count,public_metrics.reply_count,public_metrics.like_count,public_metrics.quote_count,replied_tweet.id,replied_tweet.entities.urls,replied_tweet.author_id,replied_tweet.created_at,replied_tweet.text,replied_tweet.public_metrics.retweet_count,replied_tweet.public_metrics.reply_count,replied_tweet.public_metrics.like_count,replied_tweet.public_metrics.quote_count,replied_tweet.source,replied_tweet.lang,replied_tweet.author.location,replied_tweet.author.created_at,replied_tweet.author.profile_image_url,replied_tweet.author.public_metrics.followers_count,replied_tweet.author.public_metrics.following_count,replied_tweet.author.public_metrics.tweet_count,replied_tweet.author.public_metrics.listed_count,replied_tweet.author.url,replied_tweet.author.id,replied_tweet.author.name,replied_tweet.author.username,replied_tweet.author.description,author.location,author.created_at,author.profile_image_url,author.public_metrics.followers_count,author.public_metrics.following_count,author.public_metrics.tweet_count,author.public_metrics.listed_count,author.url,author.id,author.name,author.username,author.description,entities.annotations,entities.urls,entities.hashtags
"[{'type': 'replied_to', 'id': '1020493498032664576'}]",1046215388898439169,1342464260,807003567605227520,2018-09-30T01:49:21.000Z,@realamberheard I bet that baby purrs good and loud she's a beauty. As are u of course always,Twitter for Android,en,"[{'start': 0, 'end': 15, 'username': 'realamberheard', 'id': '807003567605227520'}]",0,0,0,0,1020493498032664576,"[{'start': 29, 'end': 52, 'url': 'https://t.co/71jfv9oqT4', 'expanded_url': 'https://twitter.com/realamberheard/status/1020493498032664576/photo/1', 'display_url': 'pic.twitter.com/71jfv9oqT4'}]",807003567605227520,2018-07-21T02:19:44.000Z,So glad to have my baby back https://t.co/71jfv9oqT4,230,45,1908,16,Twitter for iPhone,en,"Los Angeles, CA",2016-12-08T23:26:58.000Z,https://pbs.twimg.com/profile_images/1383196364792680448/N8CdupEu_normal.jpg,190464,220,1151,567,https://t.co/Ze18Ek9SOI,807003567605227520,Amber Heard,realamberheard,"Actor and Activist, semi-professional disruptor, ice cream advocate and shameless teacup yorkie-lover","Orlando, FL",2013-04-10T17:37:26.000Z,https://pbs.twimg.com/profile_images/1343216487323082752/-vyTvGB7_normal.jpg,254,3099,5537,1,,1342464260,Christian Paugh #IBelieveinuandloveu #JohnnyDepp,DoGood86,35. Loves #JohnnyDepp  #Dolphins. #CarrieFisher #PaulWalkerMyHero .#JonBonJovi.#MeghanMarkle #Diana #AliciaVikander.#CarrieFisher.,,,
"[{'type': 'replied_to', 'id': '1020493498032664576'}]",1045851064568819712,1342464260,807003567605227520,2018-09-29T01:41:39.000Z,@realamberheard Two bad asses reunited,Twitter for Android,en,"[{'start': 0, 'end': 15, 'username': 'realamberheard', 'id': '807003567605227520'}]",0,0,0,0,1020493498032664576,"[{'start': 29, 'end': 52, 'url': 'https://t.co/71jfv9oqT4', 'expanded_url': 'https://twitter.com/realamberheard/status/1020493498032664576/photo/1', 'display_url': 'pic.twitter.com/71jfv9oqT4'}]",807003567605227520,2018-07-21T02:19:44.000Z,So glad to have my baby back https://t.co/71jfv9oqT4,230,45,1908,16,Twitter for iPhone,en,"Los Angeles, CA",2016-12-08T23:26:58.000Z,https://pbs.twimg.com/profile_images/1383196364792680448/N8CdupEu_normal.jpg,190464,220,1151,567,https://t.co/Ze18Ek9SOI,807003567605227520,Amber Heard,realamberheard,"Actor and Activist, semi-professional disruptor, ice cream advocate and shameless teacup yorkie-lover","Orlando, FL",2013-04-10T17:37:26.000Z,https://pbs.twimg.com/profile_images/1343216487323082752/-vyTvGB7_normal.jpg,254,3099,5537,1,,1342464260,Christian Paugh #IBelieveinuandloveu #JohnnyDepp,DoGood86,35. Loves #JohnnyDepp  #Dolphins. #CarrieFisher #PaulWalkerMyHero .#JonBonJovi.#MeghanMarkle #Diana #AliciaVikander.#CarrieFisher.,,,
"[{'type': 'replied_to', 'id': '1020493498032664576'}]",1030796925065420800,4664873735,807003567605227520,2018-08-18T12:41:52.000Z,@realamberheard The Depp divorce went well... https://t.co/m5DaS9qKTw,Twitter for iPad,en,"[{'start': 0, 'end': 15, 'username': 'realamberheard', 'id': '807003567605227520'}]",0,0,0,0,1020493498032664576,"[{'start': 29, 'end': 52, 'url': 'https://t.co/71jfv9oqT4', 'expanded_url': 'https://twitter.com/realamberheard/status/1020493498032664576/photo/1', 'display_url': 'pic.twitter.com/71jfv9oqT4'}]",807003567605227520,2018-07-21T02:19:44.000Z,So glad to have my baby back https://t.co/71jfv9oqT4,230,45,1908,16,Twitter for iPhone,en,"Los Angeles, CA",2016-12-08T23:26:58.000Z,https://pbs.twimg.com/profile_images/1383196364792680448/N8CdupEu_normal.jpg,190464,220,1151,567,https://t.co/Ze18Ek9SOI,807003567605227520,Amber Heard,realamberheard,"Actor and Activist, semi-professional disruptor, ice cream advocate and shameless teacup yorkie-lover",Boston MA,2015-12-31T13:19:11.000Z,https://pbs.twimg.com/profile_images/1193421944814784512/UF4xhffu_normal.jpg,549,513,10902,0,,4664873735,Athens,athens_films,,"[{'start': 20, 'end': 23, 'probability': 0.4525, 'type': 'Person', 'normalized_text': 'Depp'}]","[{'start': 46, 'end': 69, 'url': 'https://t.co/m5DaS9qKTw', 'expanded_url': 'https://twitter.com/athens_films/status/1030796925065420800/photo/1', 'display_url': 'pic.twitter.com/m5DaS9qKTw'}]",
"[{'type': 'replied_to', 'id': '1020493498032664576'}]",1027888556621094912,85276451,807003567605227520,2018-08-10T12:05:03.000Z,"@realamberheard Style | Amber Heard ✔️  
v/ @realamberheard 
https://t.co/FfXVi4upJ8",Twitter Web Client,en,"[{'start': 0, 'end': 15, 'username': 'realamberheard', 'id': '807003567605227520'}, {'start': 44, 'end': 59, 'username': 'realamberheard', 'id': '807003567605227520'}]",1,0,1,0,1020493498032664576,"[{'start': 29, 'end': 52, 'url': 'https://t.co/71jfv9oqT4', 'expanded_url': 'https://twitter.com/realamberheard/status/1020493498032664576/photo/1', 'display_url': 'pic.twitter.com/71jfv9oqT4'}]",807003567605227520,2018-07-21T02:19:44.000Z,So glad to have my baby back https://t.co/71jfv9oqT4,230,45,1908,16,Twitter for iPhone,en,"Los Angeles, CA",2016-12-08T23:26:58.000Z,https://pbs.twimg.com/profile_images/1383196364792680448/N8CdupEu_normal.jpg,190464,220,1151,567,https://t.co/Ze18Ek9SOI,807003567605227520,Amber Heard,realamberheard,"Actor and Activist, semi-professional disruptor, ice cream advocate and shameless teacup yorkie-lover",Istanbul,2009-10-26T09:23:28.000Z,https://pbs.twimg.com/profile_images/1113100338939285504/5AkIPU4y_normal.png,1280,860,174095,25,,85276451,Ciddiyet XL,CiddiyetXL,Bozuk değilse tamir etme!,,"[{'start': 61, 'end': 84, 'url': 'https://t.co/FfXVi4upJ8', 'expanded_url': 'https://twitter.com/realamberheard/status/1020493498032664576/photo/1', 'display_url': 'pic.twitter.com/FfXVi4upJ8'}]",
"[{'type': 'replied_to', 'id': '1020493498032664576'}]",1027308234607144964,963520735368175616,807003567605227520,2018-08-08T21:39:04.000Z,@realamberheard #JohnnyDepp did an amazing job surprising you didn’t he. What a vicious nastiest basturd MY ASS!!!!!!,Twitter for iPhone,en,"[{'start': 0, 'end': 15, 'username': 'realamberheard', 'id': '807003567605227520'}]",0,0,1,0,1020493498032664576,"[{'start': 29, 'end': 52, 'url': 'https://t.co/71jfv9oqT4', 'expanded_url': 'https://twitter.com/realamberheard/status/1020493498032664576/photo/1', 'display_url': 'pic.twitter.com/71jfv9oqT4'}]",807003567605227520,2018-07-21T02:19:44.000Z,So glad to have my baby back https://t.co/71jfv9oqT4,230,45,1908,16,Twitter for iPhone,en,"Los Angeles, CA",2016-12-08T23:26:58.000Z,https://pbs.twimg.com/profile_images/1383196364792680448/N8CdupEu_normal.jpg,190464,220,1151,567,https://t.co/Ze18Ek9SOI,807003567605227520,Amber Heard,realamberheard,"Actor and Activist, semi-professional disruptor, ice cream advocate and shameless teacup yorkie-lover","Ohio, USA",2018-02-13T21:10:19.000Z,https://pbs.twimg.com/profile_images/1059470557874454528/5CTvOHY9_normal.jpg,103,290,3184,0,,963520735368175616,allison #justlovejohnnydepp,allison87626526,mom..Art..a crazy sense of humor..laughter..tattoos..loving..empath..Johnny Depp..all kinds of music..helping children..animal lover..positive..spiritual,,,"[{'start': 16, 'end': 27, 'tag': 'JohnnyDepp'}]"
"[{'type': 'replied_to', 'id': '1020558438529630209'}]",1024492690841300992,1000114035126190081,483800519,2018-08-01T03:11:06.000Z,"@fahad_alshahrni @realamberheard @NawafOsaimi Ha, ha,ha.",Twitter for Android,tl,"[{'start': 0, 'end': 16, 'username': 'fahad_alshahrni', 'id': '483800519'}, {'start': 17, 'end': 32, 'username': 'realamberheard', 'id': '807003567605227520'}, {'start': 33, 'end': 45, 'username': 'NawafOsaimi', 'id': '293845484'}]",0,0,0,0,1020493498032664576,"[{'start': 29, 'end': 52, 'url': 'https://t.co/71jfv9oqT4', 'expanded_url': 'https://twitter.com/realamberheard/status/1020493498032664576/photo/1', 'display_url': 'pic.twitter.com/71jfv9oqT4'}]",807003567605227520,2018-07-21T02:19:44.000Z,So glad to have my baby back https://t.co/71jfv9oqT4,230,45,1908,16,Twitter for iPhone,en,"Los Angeles, CA",2016-12-08T23:26:58.000Z,https://pbs.twimg.com/profile_images/1383196364792680448/N8CdupEu_normal.jpg,190464,220,1151,567,https://t.co/Ze18Ek9SOI,807003567605227520,Amber Heard,realamberheard,"Actor and Activist, semi-professional disruptor, ice cream advocate and shameless teacup yorkie-lover","California, USA",2018-05-25T20:39:01.000Z,https://pbs.twimg.com/profile_images/1000460820726235136/BpohFdgT_normal.jpg,3,21,281,0,,1000114035126190081,Joyce E 1535,1535Joyce,Depp lover for over 35 years,,,
"[{'type': 'replied_to', 'id': '1020493498032664576'}]",1022195426882142209,783335060770398208,807003567605227520,2018-07-25T19:02:35.000Z,@realamberheard Well That amazing mixtures a beautiful car and a beautiful girl,Twitter Web Client,en,"[{'start': 0, 'end': 15, 'username': 'realamberheard', 'id': '807003567605227520'}]",0,0,0,0,1020493498032664576,"[{'start': 29, 'end': 52, 'url': 'https://t.co/71jfv9oqT4', 'expanded_url': 'https://twitter.com/realamberheard/status/1020493498032664576/photo/1', 'display_url': 'pic.twitter.com/71jfv9oqT4'}]",807003567605227520,2018-07-21T02:19:44.000Z,So glad to have my baby back https://t.co/71jfv9oqT4,230,45,1908,16,Twitter for iPhone,en,"Los Angeles, CA",2016-12-08T23:26:58.000Z,https://pbs.twimg.com/profile_images/1383196364792680448/N8CdupEu_normal.jpg,190464,220,1151,567,https://t.co/Ze18Ek9SOI,807003567605227520,Amber Heard,realamberheard,"Actor and Activist, semi-professional disruptor, ice cream advocate and shameless teacup yorkie-lover","Ghaziabad, India",2016-10-04T15:56:47.000Z,https://abs.twimg.com/sticky/default_profile_images/default_profile_normal.png,1,48,20,0,,783335060770398208,vaibhav kumar,vaibhav30542964,,,,
"[{'type': 'replied_to', 'id': '1020493498032664576'}]",1021755780666671104,889508051123941376,807003567605227520,2018-07-24T13:55:36.000Z,@realamberheard @realamberheard Pure beauty!!! 💖💖💖https://t.co/BENiEtoN6J,Twitter Web Client,en,"[{'start': 0, 'end': 15, 'username': 'realamberheard', 'id': '807003567605227520'}, {'start': 16, 'end': 31, 'username': 'realamberheard', 'id': '807003567605227520'}]",0,0,0,0,1020493498032664576,"[{'start': 29, 'end': 52, 'url': 'https://t.co/71jfv9oqT4', 'expanded_url': 'https://twitter.com/realamberheard/status/1020493498032664576/photo/1', 'display_url': 'pic.twitter.com/71jfv9oqT4'}]",807003567605227520,2018-07-21T02:19:44.000Z,So glad to have my baby back https://t.co/71jfv9oqT4,230,45,1908,16,Twitter for iPhone,en,"Los Angeles, CA",2016-12-08T23:26:58.000Z,https://pbs.twimg.com/profile_images/1383196364792680448/N8CdupEu_normal.jpg,190464,220,1151,567,https://t.co/Ze18Ek9SOI,807003567605227520,Amber Heard,realamberheard,"Actor and Activist, semi-professional disruptor, ice cream advocate and shameless teacup yorkie-lover",,2017-07-24T15:30:20.000Z,https://pbs.twimg.com/profile_images/889516653213515777/adv7N1F9_normal.jpg,5,210,12367,0,,889508051123941376,Mario Marquez,Maritouy,,,"[{'start': 50, 'end': 73, 'url': 'https://t.co/BENiEtoN6J', 'expanded_url': 'https://twitter.com/realamberheard/status/1020493498032664576/photo/1', 'display_url': 'pic.twitter.com/BENiEtoN6J'}]",
"[{'type': 'replied_to', 'id': '1020493498032664576'}]",1021213631952846848,220493385,807003567605227520,2018-07-23T02:01:17.000Z,@realamberheard That is a gorgeous car!! Do you have more pics? My wife loves old muscle cars.  I can’t say I’m surprised you have an old muscle car lol,Tweetbot for iΟS,en,"[{'start': 0, 'end': 15, 'username': 'realamberheard', 'id': '807003567605227520'}]",0,0,0,0,1020493498032664576,"[{'start': 29, 'end': 52, 'url': 'https://t.co/71jfv9oqT4', 'expanded_url': 'https://twitter.com/realamberheard/status/1020493498032664576/photo/1', 'display_url': 'pic.twitter.com/71jfv9oqT4'}]",807003567605227520,2018-07-21T02:19:44.000Z,So glad to have my baby back https://t.co/71jfv9oqT4,230,45,1908,16,Twitter for iPhone,en,"Los Angeles, CA",2016-12-08T23:26:58.000Z,https://pbs.twimg.com/profile_images/1383196364792680448/N8CdupEu_normal.jpg,190464,220,1151,567,https://t.co/Ze18Ek9SOI,807003567605227520,Amber Heard,realamberheard,"Actor and Activist, semi-professional disruptor, ice cream advocate and shameless teacup yorkie-lover",TN,2010-11-27T23:34:12.000Z,https://pbs.twimg.com/profile_images/667444544884097024/LmtnYLwU_normal.jpg,175,209,5642,41,https://t.co/70pDySB16q,220493385,Jason - Cranky Coder,crankycoderblog,https://t.co/T7BEbtgKSv …  Patreon: https://t.co/g89kBRcJGs Website: https://t.co/Zo54xKe7dm,,,
"[{'type': 'replied_to', 'id': '1020493498032664576'}]",1021168878066401280,30660316,807003567605227520,2018-07-22T23:03:27.000Z,@realamberheard Sweet ride....,Twitter for iPad,en,"[{'start': 0, 'end': 15, 'username': 'realamberheard', 'id': '807003567605227520'}]",0,0,0,0,1020493498032664576,"[{'start': 29, 'end': 52, 'url': 'https://t.co/71jfv9oqT4', 'expanded_url': 'https://twitter.com/realamberheard/status/1020493498032664576/photo/1', 'display_url': 'pic.twitter.com/71jfv9oqT4'}]",807003567605227520,2018-07-21T02:19:44.000Z,So glad to have my baby back https://t.co/71jfv9oqT4,230,45,1908,16,Twitter for iPhone,en,"Los Angeles, CA",2016-12-08T23:26:58.000Z,https://pbs.twimg.com/profile_images/1383196364792680448/N8CdupEu_normal.jpg,190464,220,1151,567,https://t.co/Ze18Ek9SOI,807003567605227520,Amber Heard,realamberheard,"Actor and Activist, semi-professional disruptor, ice cream advocate and shameless teacup yorkie-lover",,2009-04-12T14:51:33.000Z,https://pbs.twimg.com/profile_images/1243338982714265606/3go3V8rV_normal.jpg,9,135,644,0,,30660316,Jerry Slango,nomelmk,,,,
"[{'type': 'replied_to', 'id': '1020493498032664576'}]",1020997680670027778,939759340348567552,807003567605227520,2018-07-22T11:43:10.000Z,"@realamberheard i just want FK u,call me",Twitter Web Client,en,"[{'start': 0, 'end': 15, 'username': 'realamberheard', 'id': '807003567605227520'}]",0,0,0,0,1020493498032664576,"[{'start': 29, 'end': 52, 'url': 'https://t.co/71jfv9oqT4', 'expanded_url': 'https://twitter.com/realamberheard/status/1020493498032664576/photo/1', 'display_url': 'pic.twitter.com/71jfv9oqT4'}]",807003567605227520,2018-07-21T02:19:44.000Z,So glad to have my baby back https://t.co/71jfv9oqT4,230,45,1908,16,Twitter for iPhone,en,"Los Angeles, CA",2016-12-08T23:26:58.000Z,https://pbs.twimg.com/profile_images/1383196364792680448/N8CdupEu_normal.jpg,190464,220,1151,567,https://t.co/Ze18Ek9SOI,807003567605227520,Amber Heard,realamberheard,"Actor and Activist, semi-professional disruptor, ice cream advocate and shameless teacup yorkie-lover",,2017-12-10T07:31:01.000Z,https://abs.twimg.com/sticky/default_profile_images/default_profile_normal.png,1,11,17,0,,939759340348567552,suzumer@zero LU,suzumerzeroLU,,,,
"[{'type': 'replied_to', 'id': '1020939766307721217'}]",1020971211881435136,579134372,924794035587436550,2018-07-22T09:58:00.000Z,@19Noura98 @realamberheard حتى انا,Twitter for iPhone,ar,"[{'start': 11, 'end': 26, 'username': 'realamberheard', 'id': '807003567605227520'}]",0,0,0,0,1020493498032664576,"[{'start': 29, 'end': 52, 'url': 'https://t.co/71jfv9oqT4', 'expanded_url': 'https://twitter.com/realamberheard/status/1020493498032664576/photo/1', 'display_url': 'pic.twitter.com/71jfv9oqT4'}]",807003567605227520,2018-07-21T02:19:44.000Z,So glad to have my baby back https://t.co/71jfv9oqT4,230,45,1908,16,Twitter for iPhone,en,"Los Angeles, CA",2016-12-08T23:26:58.000Z,https://pbs.twimg.com/profile_images/1383196364792680448/N8CdupEu_normal.jpg,190464,220,1151,567,https://t.co/Ze18Ek9SOI,807003567605227520,Amber Heard,realamberheard,"Actor and Activist, semi-professional disruptor, ice cream advocate and shameless teacup yorkie-lover",,2012-05-13T17:31:58.000Z,https://pbs.twimg.com/profile_images/1478492228016349186/R8jiXK5L_normal.jpg,213,194,9108,0,,579134372,A,iSinFrank,,,,
"[{'type': 'replied_to', 'id': '1020932399595687937'}]",1020939766307721217,924794035587436550,579134372,2018-07-22T07:53:03.000Z,@iSinFrank @realamberheard تراني ما احبها مرة بس ججميلة,Twitter for iPhone,ar,"[{'start': 0, 'end': 10, 'username': 'iSinFrank', 'id': '579134372'}, {'start': 11, 'end': 26, 'username': 'realamberheard', 'id': '807003567605227520'}]",0,1,0,0,1020493498032664576,"[{'start': 29, 'end': 52, 'url': 'https://t.co/71jfv9oqT4', 'expanded_url': 'https://twitter.com/realamberheard/status/1020493498032664576/photo/1', 'display_url': 'pic.twitter.com/71jfv9oqT4'}]",807003567605227520,2018-07-21T02:19:44.000Z,So glad to have my baby back https://t.co/71jfv9oqT4,230,45,1908,16,Twitter for iPhone,en,"Los Angeles, CA",2016-12-08T23:26:58.000Z,https://pbs.twimg.com/profile_images/1383196364792680448/N8CdupEu_normal.jpg,190464,220,1151,567,https://t.co/Ze18Ek9SOI,807003567605227520,Amber Heard,realamberheard,"Actor and Activist, semi-professional disruptor, ice cream advocate and shameless teacup yorkie-lover",,2017-10-30T00:24:14.000Z,https://pbs.twimg.com/profile_images/1331926606944858138/oDgUZIbo_normal.jpg,250,108,10450,0,,924794035587436550,noura,llcouchpotato,𝐈 𝐚𝐦 𝐬𝐮𝐫𝐫𝐨𝐮𝐧𝐝𝐞𝐝 𝐛𝐲 𝐭𝐡𝐞𝐬𝐞 𝐫𝐞𝐥𝐢𝐜𝐬 𝐨𝐟 𝐚 𝐥𝐢𝐟𝐞 𝐭𝐡𝐚𝐭 𝐧𝐨 𝐥𝐨𝐧𝐠𝐞𝐫 𝐞𝐱𝐢𝐬𝐭𝐬,,,
"[{'type': 'replied_to', 'id': '1020493498032664576'}]",1020932399595687937,579134372,807003567605227520,2018-07-22T07:23:46.000Z,@realamberheard @19Noura98,Twitter for iPhone,und,"[{'start': 0, 'end': 15, 'username': 'realamberheard', 'id': '807003567605227520'}]",0,1,0,0,1020493498032664576,"[{'start': 29, 'end': 52, 'url': 'https://t.co/71jfv9oqT4', 'expanded_url': 'https://twitter.com/realamberheard/status/1020493498032664576/photo/1', 'display_url': 'pic.twitter.com/71jfv9oqT4'}]",807003567605227520,2018-07-21T02:19:44.000Z,So glad to have my baby back https://t.co/71jfv9oqT4,230,45,1908,16,Twitter for iPhone,en,"Los Angeles, CA",2016-12-08T23:26:58.000Z,https://pbs.twimg.com/profile_images/1383196364792680448/N8CdupEu_normal.jpg,190464,220,1151,567,https://t.co/Ze18Ek9SOI,807003567605227520,Amber Heard,realamberheard,"Actor and Activist, semi-professional disruptor, ice cream advocate and shameless teacup yorkie-lover",,2012-05-13T17:31:58.000Z,https://pbs.twimg.com/profile_images/1478492228016349186/R8jiXK5L_normal.jpg,213,194,9108,0,,579134372,A,iSinFrank,,,,
"[{'type': 'replied_to', 'id': '1020493498032664576'}]",1020906542793666560,2256890550,807003567605227520,2018-07-22T05:41:01.000Z,@realamberheard i thought I would open the photo and it would be a pic of you walking around with your son,Twitter for Android,en,"[{'start': 0, 'end': 15, 'username': 'realamberheard', 'id': '807003567605227520'}]",0,0,0,0,1020493498032664576,"[{'start': 29, 'end': 52, 'url': 'https://t.co/71jfv9oqT4', 'expanded_url': 'https://twitter.com/realamberheard/status/1020493498032664576/photo/1', 'display_url': 'pic.twitter.com/71jfv9oqT4'}]",807003567605227520,2018-07-21T02:19:44.000Z,So glad to have my baby back https://t.co/71jfv9oqT4,230,45,1908,16,Twitter for iPhone,en,"Los Angeles, CA",2016-12-08T23:26:58.000Z,https://pbs.twimg.com/profile_images/1383196364792680448/N8CdupEu_normal.jpg,190464,220,1151,567,https://t.co/Ze18Ek9SOI,807003567605227520,Amber Heard,realamberheard,"Actor and Activist, semi-professional disruptor, ice cream advocate and shameless teacup yorkie-lover",,2013-12-21T20:12:25.000Z,https://pbs.twimg.com/profile_images/1477731632987660301/FNKk4mtn_normal.jpg,1561,329,128419,10,https://t.co/qLglHB15l4,2256890550,dina,heathledxer,"+ | welcome to the losers club, asshole",,,
"[{'type': 'replied_to', 'id': '1020493498032664576'}]",1020860332426899457,391019405,807003567605227520,2018-07-22T02:37:24.000Z,@realamberheard glad you got the car back that Johnny got re-done for you 💁🏻‍♀️ lol lol lol,Twitter for iPhone,en,"[{'start': 0, 'end': 15, 'username': 'realamberheard', 'id': '807003567605227520'}]",0,0,6,0,1020493498032664576,"[{'start': 29, 'end': 52, 'url': 'https://t.co/71jfv9oqT4', 'expanded_url': 'https://twitter.com/realamberheard/status/1020493498032664576/photo/1', 'display_url': 'pic.twitter.com/71jfv9oqT4'}]",807003567605227520,2018-07-21T02:19:44.000Z,So glad to have my baby back https://t.co/71jfv9oqT4,230,45,1908,16,Twitter for iPhone,en,"Los Angeles, CA",2016-12-08T23:26:58.000Z,https://pbs.twimg.com/profile_images/1383196364792680448/N8CdupEu_normal.jpg,190464,220,1151,567,https://t.co/Ze18Ek9SOI,807003567605227520,Amber Heard,realamberheard,"Actor and Activist, semi-professional disruptor, ice cream advocate and shameless teacup yorkie-lover",,2011-10-14T22:38:00.000Z,https://pbs.twimg.com/profile_images/1128054675629117442/WkvKuMu8_normal.jpg,276,361,16709,3,,391019405,bailey,bailey_marn,•minnesotan - johnny depp is bae - saw/talked to JD on 7.14.16 - met Johnny Depp on 5.10.19 - photographer - 6.4.12 •,"[{'start': 47, 'end': 52, 'probability': 0.9877, 'type': 'Person', 'normalized_text': 'Johnny'}]",,
"[{'type': 'replied_to', 'id': '1020493498032664576'}]",1020736108752236544,2772639704,807003567605227520,2018-07-21T18:23:47.000Z,@realamberheard beautiful❤️,Twitter for iPhone,en,"[{'start': 0, 'end': 15, 'username': 'realamberheard', 'id': '807003567605227520'}]",0,0,0,0,1020493498032664576,"[{'start': 29, 'end': 52, 'url': 'https://t.co/71jfv9oqT4', 'expanded_url': 'https://twitter.com/realamberheard/status/1020493498032664576/photo/1', 'display_url': 'pic.twitter.com/71jfv9oqT4'}]",807003567605227520,2018-07-21T02:19:44.000Z,So glad to have my baby back https://t.co/71jfv9oqT4,230,45,1908,16,Twitter for iPhone,en,"Los Angeles, CA",2016-12-08T23:26:58.000Z,https://pbs.twimg.com/profile_images/1383196364792680448/N8CdupEu_normal.jpg,190464,220,1151,567,https://t.co/Ze18Ek9SOI,807003567605227520,Amber Heard,realamberheard,"Actor and Activist, semi-professional disruptor, ice cream advocate and shameless teacup yorkie-lover",,2014-08-27T07:47:47.000Z,https://pbs.twimg.com/profile_images/877998086148288512/7wtQyUx2_normal.jpg,28,594,197,0,,2772639704,Lay,QRPP10,,,,
"[{'type': 'replied_to', 'id': '1020493498032664576'}]",1020719021807886339,2340063893,807003567605227520,2018-07-21T17:15:53.000Z,@realamberheard Now that’s a sweeeeeeeeeet ride.... 👍🏽😄x,Twitter for iPhone,en,"[{'start': 0, 'end': 15, 'username': 'realamberheard', 'id': '807003567605227520'}]",0,0,0,0,1020493498032664576,"[{'start': 29, 'end': 52, 'url': 'https://t.co/71jfv9oqT4', 'expanded_url': 'https://twitter.com/realamberheard/status/1020493498032664576/photo/1', 'display_url': 'pic.twitter.com/71jfv9oqT4'}]",807003567605227520,2018-07-21T02:19:44.000Z,So glad to have my baby back https://t.co/71jfv9oqT4,230,45,1908,16,Twitter for iPhone,en,"Los Angeles, CA",2016-12-08T23:26:58.000Z,https://pbs.twimg.com/profile_images/1383196364792680448/N8CdupEu_normal.jpg,190464,220,1151,567,https://t.co/Ze18Ek9SOI,807003567605227520,Amber Heard,realamberheard,"Actor and Activist, semi-professional disruptor, ice cream advocate and shameless teacup yorkie-lover",,2014-02-12T21:30:35.000Z,https://pbs.twimg.com/profile_images/433729672770490368/w1CAFAvJ_normal.jpeg,57,629,216,0,,2340063893,Sir P,DJESCE,,,,
"[{'type': 'replied_to', 'id': '1020493498032664576'}]",1020692345002397697,211230008,807003567605227520,2018-07-21T15:29:53.000Z,@realamberheard Amber &amp; The Red hot car ❤😍🔥,Twitter Web Client,en,"[{'start': 0, 'end': 15, 'username': 'realamberheard', 'id': '807003567605227520'}]",0,0,1,0,1020493498032664576,"[{'start': 29, 'end': 52, 'url': 'https://t.co/71jfv9oqT4', 'expanded_url': 'https://twitter.com/realamberheard/status/1020493498032664576/photo/1', 'display_url': 'pic.twitter.com/71jfv9oqT4'}]",807003567605227520,2018-07-21T02:19:44.000Z,So glad to have my baby back https://t.co/71jfv9oqT4,230,45,1908,16,Twitter for iPhone,en,"Los Angeles, CA",2016-12-08T23:26:58.000Z,https://pbs.twimg.com/profile_images/1383196364792680448/N8CdupEu_normal.jpg,190464,220,1151,567,https://t.co/Ze18Ek9SOI,807003567605227520,Amber Heard,realamberheard,"Actor and Activist, semi-professional disruptor, ice cream advocate and shameless teacup yorkie-lover",,2010-11-02T17:49:37.000Z,https://pbs.twimg.com/profile_images/1478980501868216323/K2nRLdwm_normal.jpg,5292,759,75880,0,,211230008,Kush ❤️,iBollyKush,Fan Account I Dreamer. #SpreadLove ❤️,"[{'start': 16, 'end': 20, 'probability': 0.6413, 'type': 'Person', 'normalized_text': 'Amber'}]",,
"[{'type': 'replied_to', 'id': '1020493498032664576'}]",1020665032647086080,1855781299,807003567605227520,2018-07-21T13:41:21.000Z,"@realamberheard Your hat, car, shoes, bicycle or motorcycle? 😀",Twitter for iPhone,en,"[{'start': 0, 'end': 15, 'username': 'realamberheard', 'id': '807003567605227520'}]",0,0,1,0,1020493498032664576,"[{'start': 29, 'end': 52, 'url': 'https://t.co/71jfv9oqT4', 'expanded_url': 'https://twitter.com/realamberheard/status/1020493498032664576/photo/1', 'display_url': 'pic.twitter.com/71jfv9oqT4'}]",807003567605227520,2018-07-21T02:19:44.000Z,So glad to have my baby back https://t.co/71jfv9oqT4,230,45,1908,16,Twitter for iPhone,en,"Los Angeles, CA",2016-12-08T23:26:58.000Z,https://pbs.twimg.com/profile_images/1383196364792680448/N8CdupEu_normal.jpg,190464,220,1151,567,https://t.co/Ze18Ek9SOI,807003567605227520,Amber Heard,realamberheard,"Actor and Activist, semi-professional disruptor, ice cream advocate and shameless teacup yorkie-lover","Budapest, Hungary",2013-09-11T23:50:17.000Z,https://pbs.twimg.com/profile_images/504593549543751681/GTPzh1w8_normal.png,303,2,5630,71,https://t.co/gSLnNB3WJi,1855781299,"Kiss, György",kissgyorgy,"A perfectionist who believes in fixing things. Tweets about #programming, hacking and #Linux #sysadmin stuff.
My first name is György.",,,
"[{'type': 'replied_to', 'id': '1020493498032664576'}]",1020619816019865600,896980333199052801,807003567605227520,2018-07-21T10:41:40.000Z,@realamberheard I love you 🇧🇷♥️,Twitter for Android,en,"[{'start': 0, 'end': 15, 'username': 'realamberheard', 'id': '807003567605227520'}]",0,0,1,0,1020493498032664576,"[{'start': 29, 'end': 52, 'url': 'https://t.co/71jfv9oqT4', 'expanded_url': 'https://twitter.com/realamberheard/status/1020493498032664576/photo/1', 'display_url': 'pic.twitter.com/71jfv9oqT4'}]",807003567605227520,2018-07-21T02:19:44.000Z,So glad to have my baby back https://t.co/71jfv9oqT4,230,45,1908,16,Twitter for iPhone,en,"Los Angeles, CA",2016-12-08T23:26:58.000Z,https://pbs.twimg.com/profile_images/1383196364792680448/N8CdupEu_normal.jpg,190464,220,1151,567,https://t.co/Ze18Ek9SOI,807003567605227520,Amber Heard,realamberheard,"Actor and Activist, semi-professional disruptor, ice cream advocate and shameless teacup yorkie-lover",,2017-08-14T06:22:31.000Z,https://pbs.twimg.com/profile_images/1413285651496247298/H-yg9hsP_normal.jpg,99,194,19425,1,,896980333199052801,gettingcrazy,gettiingcrazy,,,,
"[{'type': 'replied_to', 'id': '1020493498032664576'}]",1020571051858776064,855471198905536512,807003567605227520,2018-07-21T07:27:54.000Z,@realamberheard your baby is superb 😎,Twitter Web Client,en,"[{'start': 0, 'end': 15, 'username': 'realamberheard', 'id': '807003567605227520'}]",0,0,1,0,1020493498032664576,"[{'start': 29, 'end': 52, 'url': 'https://t.co/71jfv9oqT4', 'expanded_url': 'https://twitter.com/realamberheard/status/1020493498032664576/photo/1', 'display_url': 'pic.twitter.com/71jfv9oqT4'}]",807003567605227520,2018-07-21T02:19:44.000Z,So glad to have my baby back https://t.co/71jfv9oqT4,230,45,1908,16,Twitter for iPhone,en,"Los Angeles, CA",2016-12-08T23:26:58.000Z,https://pbs.twimg.com/profile_images/1383196364792680448/N8CdupEu_normal.jpg,190464,220,1151,567,https://t.co/Ze18Ek9SOI,807003567605227520,Amber Heard,realamberheard,"Actor and Activist, semi-professional disruptor, ice cream advocate and shameless teacup yorkie-lover",Atlantis  ,2017-04-21T17:20:02.000Z,https://pbs.twimg.com/profile_images/1503082598930735108/a1v51xt6_normal.jpg,68,75,5673,0,,855471198905536512,PlanetEmerald,planet_emeraude,"Don't worry about what others think. Most people are always negative,don't let it bother you🌸🌿🏳️‍🌈Talking about feelings can and does help people to feel better",,,
"[{'type': 'replied_to', 'id': '1020566840496533504'}]",1020567893694697472,79199888,4396120342,2018-07-21T07:15:21.000Z,@stirgussa @realamberheard So we'll 😎... 😂,Twitter for Android,en,"[{'start': 0, 'end': 10, 'username': 'stirgussa', 'id': '4396120342'}, {'start': 11, 'end': 26, 'username': 'realamberheard', 'id': '807003567605227520'}]",0,0,2,0,1020493498032664576,"[{'start': 29, 'end': 52, 'url': 'https://t.co/71jfv9oqT4', 'expanded_url': 'https://twitter.com/realamberheard/status/1020493498032664576/photo/1', 'display_url': 'pic.twitter.com/71jfv9oqT4'}]",807003567605227520,2018-07-21T02:19:44.000Z,So glad to have my baby back https://t.co/71jfv9oqT4,230,45,1908,16,Twitter for iPhone,en,"Los Angeles, CA",2016-12-08T23:26:58.000Z,https://pbs.twimg.com/profile_images/1383196364792680448/N8CdupEu_normal.jpg,190464,220,1151,567,https://t.co/Ze18Ek9SOI,807003567605227520,Amber Heard,realamberheard,"Actor and Activist, semi-professional disruptor, ice cream advocate and shameless teacup yorkie-lover",Since 2009,2009-10-02T14:50:54.000Z,https://pbs.twimg.com/profile_images/1412490122365374481/EAftEZpa_normal.jpg,7234,344,39219,34,https://t.co/w3BraCgc4s,79199888,Amber Heard Italia Fans,AmberHeardIT,"First  Italian FANPAGE dedicated to @realamberheard. Follow us for the latest updates, pictures and news! On Amber Heard Italia, u HEARD it first 🇮🇹",,,
"[{'type': 'replied_to', 'id': '1020564395460648960'}]",1020566840496533504,4396120342,79199888,2018-07-21T07:11:10.000Z,"@AmberHeardIT @realamberheard You know me 😎

😅",Twitter for Android,en,"[{'start': 0, 'end': 13, 'username': 'AmberHeardIT', 'id': '79199888'}, {'start': 14, 'end': 29, 'username': 'realamberheard', 'id': '807003567605227520'}]",0,1,3,0,1020493498032664576,"[{'start': 29, 'end': 52, 'url': 'https://t.co/71jfv9oqT4', 'expanded_url': 'https://twitter.com/realamberheard/status/1020493498032664576/photo/1', 'display_url': 'pic.twitter.com/71jfv9oqT4'}]",807003567605227520,2018-07-21T02:19:44.000Z,So glad to have my baby back https://t.co/71jfv9oqT4,230,45,1908,16,Twitter for iPhone,en,"Los Angeles, CA",2016-12-08T23:26:58.000Z,https://pbs.twimg.com/profile_images/1383196364792680448/N8CdupEu_normal.jpg,190464,220,1151,567,https://t.co/Ze18Ek9SOI,807003567605227520,Amber Heard,realamberheard,"Actor and Activist, semi-professional disruptor, ice cream advocate and shameless teacup yorkie-lover",,2015-12-06T17:21:06.000Z,https://pbs.twimg.com/profile_images/1378175478478082050/UKLiQPuk_normal.jpg,678,296,58624,26,,4396120342,STIRGUS SACCHETTI,stirgussa,"Only two things are infinite, the universe and human stupidity, and I'm not sure about the former. - Albert Einstein and Me!",,,
"[{'type': 'replied_to', 'id': '1020493498032664576'}]",1020564821178273792,49303675,807003567605227520,2018-07-21T07:03:09.000Z,@realamberheard Where has she been?? Dream car..,Twitter for iPhone,en,"[{'start': 0, 'end': 15, 'username': 'realamberheard', 'id': '807003567605227520'}]",0,0,1,0,1020493498032664576,"[{'start': 29, 'end': 52, 'url': 'https://t.co/71jfv9oqT4', 'expanded_url': 'https://twitter.com/realamberheard/status/1020493498032664576/photo/1', 'display_url': 'pic.twitter.com/71jfv9oqT4'}]",807003567605227520,2018-07-21T02:19:44.000Z,So glad to have my baby back https://t.co/71jfv9oqT4,230,45,1908,16,Twitter for iPhone,en,"Los Angeles, CA",2016-12-08T23:26:58.000Z,https://pbs.twimg.com/profile_images/1383196364792680448/N8CdupEu_normal.jpg,190464,220,1151,567,https://t.co/Ze18Ek9SOI,807003567605227520,Amber Heard,realamberheard,"Actor and Activist, semi-professional disruptor, ice cream advocate and shameless teacup yorkie-lover",Sweden,2009-06-21T12:28:44.000Z,https://pbs.twimg.com/profile_images/1495740552364670980/JFFPLq6P_normal.jpg,445,146,44808,18,,49303675,May🐊💞,maybonnevier,"“out. for. a. walk. bitch 🤙🏻” -Spike, Buffy s5e5. Catmom x 2 and fangirl x a lot",,,
"[{'type': 'replied_to', 'id': '1020500152241573888'}]",1020564395460648960,79199888,4396120342,2018-07-21T07:01:27.000Z,@stirgussa @realamberheard As always 😂,Twitter for Android,en,"[{'start': 0, 'end': 10, 'username': 'stirgussa', 'id': '4396120342'}, {'start': 11, 'end': 26, 'username': 'realamberheard', 'id': '807003567605227520'}]",0,1,5,0,1020493498032664576,"[{'start': 29, 'end': 52, 'url': 'https://t.co/71jfv9oqT4', 'expanded_url': 'https://twitter.com/realamberheard/status/1020493498032664576/photo/1', 'display_url': 'pic.twitter.com/71jfv9oqT4'}]",807003567605227520,2018-07-21T02:19:44.000Z,So glad to have my baby back https://t.co/71jfv9oqT4,230,45,1908,16,Twitter for iPhone,en,"Los Angeles, CA",2016-12-08T23:26:58.000Z,https://pbs.twimg.com/profile_images/1383196364792680448/N8CdupEu_normal.jpg,190464,220,1151,567,https://t.co/Ze18Ek9SOI,807003567605227520,Amber Heard,realamberheard,"Actor and Activist, semi-professional disruptor, ice cream advocate and shameless teacup yorkie-lover",Since 2009,2009-10-02T14:50:54.000Z,https://pbs.twimg.com/profile_images/1412490122365374481/EAftEZpa_normal.jpg,7234,344,39219,34,https://t.co/w3BraCgc4s,79199888,Amber Heard Italia Fans,AmberHeardIT,"First  Italian FANPAGE dedicated to @realamberheard. Follow us for the latest updates, pictures and news! On Amber Heard Italia, u HEARD it first 🇮🇹",,,
"[{'type': 'replied_to', 'id': '1020493498032664576'}]",1020556969751371776,315721057,807003567605227520,2018-07-21T06:31:57.000Z,@realamberheard Awesome😊👍👌,Twitter for Android,en,"[{'start': 0, 'end': 15, 'username': 'realamberheard', 'id': '807003567605227520'}]",0,0,1,0,1020493498032664576,"[{'start': 29, 'end': 52, 'url': 'https://t.co/71jfv9oqT4', 'expanded_url': 'https://twitter.com/realamberheard/status/1020493498032664576/photo/1', 'display_url': 'pic.twitter.com/71jfv9oqT4'}]",807003567605227520,2018-07-21T02:19:44.000Z,So glad to have my baby back https://t.co/71jfv9oqT4,230,45,1908,16,Twitter for iPhone,en,"Los Angeles, CA",2016-12-08T23:26:58.000Z,https://pbs.twimg.com/profile_images/1383196364792680448/N8CdupEu_normal.jpg,190464,220,1151,567,https://t.co/Ze18Ek9SOI,807003567605227520,Amber Heard,realamberheard,"Actor and Activist, semi-professional disruptor, ice cream advocate and shameless teacup yorkie-lover","Akluj,maharastra - india",2011-06-12T10:12:17.000Z,https://pbs.twimg.com/profile_images/1443843343897686019/p6MmM0w3_normal.jpg,63,150,808,0,,315721057,shivaji patil,shivajipatil222,"राष्ट्र प्रथम, 
देशभक्त",,,
"[{'type': 'replied_to', 'id': '1020495726613319680'}]",1020553592770646017,483800519,4396120342,2018-07-21T06:18:32.000Z,@stirgussa @realamberheard u welcome,Twitter for iPhone,en,"[{'start': 0, 'end': 10, 'username': 'stirgussa', 'id': '4396120342'}, {'start': 11, 'end': 26, 'username': 'realamberheard', 'id': '807003567605227520'}]",0,0,0,0,1020493498032664576,"[{'start': 29, 'end': 52, 'url': 'https://t.co/71jfv9oqT4', 'expanded_url': 'https://twitter.com/realamberheard/status/1020493498032664576/photo/1', 'display_url': 'pic.twitter.com/71jfv9oqT4'}]",807003567605227520,2018-07-21T02:19:44.000Z,So glad to have my baby back https://t.co/71jfv9oqT4,230,45,1908,16,Twitter for iPhone,en,"Los Angeles, CA",2016-12-08T23:26:58.000Z,https://pbs.twimg.com/profile_images/1383196364792680448/N8CdupEu_normal.jpg,190464,220,1151,567,https://t.co/Ze18Ek9SOI,807003567605227520,Amber Heard,realamberheard,"Actor and Activist, semi-professional disruptor, ice cream advocate and shameless teacup yorkie-lover",يابلادي قد علا شانش ,2012-02-05T12:04:30.000Z,https://pbs.twimg.com/profile_images/1483403252909719553/5XAxfvCa_normal.jpg,143,328,6090,1,,483800519,فهد الشهراني,fahad_alshahrni,,,,
"[{'type': 'replied_to', 'id': '1020493498032664576'}]",1020509091448250369,197938019,807003567605227520,2018-07-21T03:21:42.000Z,@realamberheard Stunning! Enjoy.,Twitter for iPhone,en,"[{'start': 0, 'end': 15, 'username': 'realamberheard', 'id': '807003567605227520'}]",0,0,0,0,1020493498032664576,"[{'start': 29, 'end': 52, 'url': 'https://t.co/71jfv9oqT4', 'expanded_url': 'https://twitter.com/realamberheard/status/1020493498032664576/photo/1', 'display_url': 'pic.twitter.com/71jfv9oqT4'}]",807003567605227520,2018-07-21T02:19:44.000Z,So glad to have my baby back https://t.co/71jfv9oqT4,230,45,1908,16,Twitter for iPhone,en,"Los Angeles, CA",2016-12-08T23:26:58.000Z,https://pbs.twimg.com/profile_images/1383196364792680448/N8CdupEu_normal.jpg,190464,220,1151,567,https://t.co/Ze18Ek9SOI,807003567605227520,Amber Heard,realamberheard,"Actor and Activist, semi-professional disruptor, ice cream advocate and shameless teacup yorkie-lover","SF Bay, CA",2010-10-02T22:02:32.000Z,https://pbs.twimg.com/profile_images/1047712766558003200/Nb5Xfh5k_normal.jpg,331,596,26207,17,,197938019,Kal-El  (Luis )❤️⚾️,SupermanisdaMan,"I love my kiddos. SF Giants, Niners, GSW and the SJ Sharks fan. Superman is the Man! ARMY VET/DAV I support Life, Liberty and the pursuit of Happiness. #BeatLA",,,
"[{'type': 'replied_to', 'id': '1020493498032664576'}]",1020506935940935681,3305047543,807003567605227520,2018-07-21T03:13:08.000Z,@realamberheard niiiiccee,Twitter for iPhone,en,"[{'start': 0, 'end': 15, 'username': 'realamberheard', 'id': '807003567605227520'}]",0,0,0,0,1020493498032664576,"[{'start': 29, 'end': 52, 'url': 'https://t.co/71jfv9oqT4', 'expanded_url': 'https://twitter.com/realamberheard/status/1020493498032664576/photo/1', 'display_url': 'pic.twitter.com/71jfv9oqT4'}]",807003567605227520,2018-07-21T02:19:44.000Z,So glad to have my baby back https://t.co/71jfv9oqT4,230,45,1908,16,Twitter for iPhone,en,"Los Angeles, CA",2016-12-08T23:26:58.000Z,https://pbs.twimg.com/profile_images/1383196364792680448/N8CdupEu_normal.jpg,190464,220,1151,567,https://t.co/Ze18Ek9SOI,807003567605227520,Amber Heard,realamberheard,"Actor and Activist, semi-professional disruptor, ice cream advocate and shameless teacup yorkie-lover","Sydney, New South Wales",2015-08-03T09:49:02.000Z,https://pbs.twimg.com/profile_images/1367705979899449346/_8aaPbzi_normal.jpg,72,442,3173,0,,3305047543,Predrag Kragulj,djape_boss,,,,
"[{'type': 'replied_to', 'id': '1020493498032664576'}]",1020505208709758978,964651283809427457,807003567605227520,2018-07-21T03:06:16.000Z,@realamberheard That was one of my favorite episodes of #Overhaulin. Loved your reaction to your Tang getting parted out. Your Dad fit right in with @chipfoose and team. It is a beautiful Mustang.,Twitter Web Client,en,"[{'start': 0, 'end': 15, 'username': 'realamberheard', 'id': '807003567605227520'}, {'start': 149, 'end': 159, 'username': 'chipfoose', 'id': '234857990'}]",0,0,5,0,1020493498032664576,"[{'start': 29, 'end': 52, 'url': 'https://t.co/71jfv9oqT4', 'expanded_url': 'https://twitter.com/realamberheard/status/1020493498032664576/photo/1', 'display_url': 'pic.twitter.com/71jfv9oqT4'}]",807003567605227520,2018-07-21T02:19:44.000Z,So glad to have my baby back https://t.co/71jfv9oqT4,230,45,1908,16,Twitter for iPhone,en,"Los Angeles, CA",2016-12-08T23:26:58.000Z,https://pbs.twimg.com/profile_images/1383196364792680448/N8CdupEu_normal.jpg,190464,220,1151,567,https://t.co/Ze18Ek9SOI,807003567605227520,Amber Heard,realamberheard,"Actor and Activist, semi-professional disruptor, ice cream advocate and shameless teacup yorkie-lover","British Columbia, Canada",2018-02-17T00:02:43.000Z,https://pbs.twimg.com/profile_images/964655479791140864/7VKzcrYX_normal.jpg,323,4570,24617,0,,964651283809427457,RJ Spear,SpearitofgfBC,"Being a kind, caring, helpful human being! Hope Trump is gone in 2020 or before.",,,"[{'start': 56, 'end': 67, 'tag': 'Overhaulin'}]"
"[{'type': 'replied_to', 'id': '1020493498032664576'}]",1020503900170752005,162789166,807003567605227520,2018-07-21T03:01:04.000Z,@realamberheard You and a Mustang! Two of my Favorite Things! https://t.co/jfbrVdFNaq,Twitter Web Client,en,"[{'start': 0, 'end': 15, 'username': 'realamberheard', 'id': '807003567605227520'}]",0,0,0,0,1020493498032664576,"[{'start': 29, 'end': 52, 'url': 'https://t.co/71jfv9oqT4', 'expanded_url': 'https://twitter.com/realamberheard/status/1020493498032664576/photo/1', 'display_url': 'pic.twitter.com/71jfv9oqT4'}]",807003567605227520,2018-07-21T02:19:44.000Z,So glad to have my baby back https://t.co/71jfv9oqT4,230,45,1908,16,Twitter for iPhone,en,"Los Angeles, CA",2016-12-08T23:26:58.000Z,https://pbs.twimg.com/profile_images/1383196364792680448/N8CdupEu_normal.jpg,190464,220,1151,567,https://t.co/Ze18Ek9SOI,807003567605227520,Amber Heard,realamberheard,"Actor and Activist, semi-professional disruptor, ice cream advocate and shameless teacup yorkie-lover","New York, New York",2010-07-04T17:48:57.000Z,https://pbs.twimg.com/profile_images/1219753497547214850/BZ4xToSb_normal.jpg,591,478,84385,0,,162789166,Anthony Bourne,AnthonyBourne11,Action Figure Collector. Art Drawer and Computer Scientist who is looking for a girlfriend to be my companion for real.,"[{'start': 26, 'end': 32, 'probability': 0.427, 'type': 'Product', 'normalized_text': 'Mustang'}]","[{'start': 62, 'end': 85, 'url': 'https://t.co/jfbrVdFNaq', 'expanded_url': 'https://twitter.com/AnthonyBourne11/status/1020503900170752005/photo/1', 'display_url': 'pic.twitter.com/jfbrVdFNaq'}]",
"[{'type': 'replied_to', 'id': '1020493498032664576'}]",1020501998293192705,874984340,807003567605227520,2018-07-21T02:53:31.000Z,@realamberheard Such a good mama! 👏🏻🙌🏻,Twitter for iPhone,en,"[{'start': 0, 'end': 15, 'username': 'realamberheard', 'id': '807003567605227520'}]",0,0,2,0,1020493498032664576,"[{'start': 29, 'end': 52, 'url': 'https://t.co/71jfv9oqT4', 'expanded_url': 'https://twitter.com/realamberheard/status/1020493498032664576/photo/1', 'display_url': 'pic.twitter.com/71jfv9oqT4'}]",807003567605227520,2018-07-21T02:19:44.000Z,So glad to have my baby back https://t.co/71jfv9oqT4,230,45,1908,16,Twitter for iPhone,en,"Los Angeles, CA",2016-12-08T23:26:58.000Z,https://pbs.twimg.com/profile_images/1383196364792680448/N8CdupEu_normal.jpg,190464,220,1151,567,https://t.co/Ze18Ek9SOI,807003567605227520,Amber Heard,realamberheard,"Actor and Activist, semi-professional disruptor, ice cream advocate and shameless teacup yorkie-lover",,2012-10-12T05:22:26.000Z,https://pbs.twimg.com/profile_images/1451763808968523777/qJNzYCWU_normal.jpg,338,315,26825,15,,874984340,Lexi,animalhugger91,Here to fangirl about fangirl things. I also retweet a lot of animal stuff and posts to raise social awareness. Beware my page. Pronouns: she/her,,,
"[{'type': 'replied_to', 'id': '1020498338142040064'}]",1020500152241573888,4396120342,807003567605227520,2018-07-21T02:46:10.000Z,"@realamberheard 😅
I have ""sources"" 😎 https://t.co/YUeUf8baM1",Twitter for Android,en,"[{'start': 0, 'end': 15, 'username': 'realamberheard', 'id': '807003567605227520'}]",0,1,10,0,1020493498032664576,"[{'start': 29, 'end': 52, 'url': 'https://t.co/71jfv9oqT4', 'expanded_url': 'https://twitter.com/realamberheard/status/1020493498032664576/photo/1', 'display_url': 'pic.twitter.com/71jfv9oqT4'}]",807003567605227520,2018-07-21T02:19:44.000Z,So glad to have my baby back https://t.co/71jfv9oqT4,230,45,1908,16,Twitter for iPhone,en,"Los Angeles, CA",2016-12-08T23:26:58.000Z,https://pbs.twimg.com/profile_images/1383196364792680448/N8CdupEu_normal.jpg,190464,220,1151,567,https://t.co/Ze18Ek9SOI,807003567605227520,Amber Heard,realamberheard,"Actor and Activist, semi-professional disruptor, ice cream advocate and shameless teacup yorkie-lover",,2015-12-06T17:21:06.000Z,https://pbs.twimg.com/profile_images/1378175478478082050/UKLiQPuk_normal.jpg,678,296,58624,26,,4396120342,STIRGUS SACCHETTI,stirgussa,"Only two things are infinite, the universe and human stupidity, and I'm not sure about the former. - Albert Einstein and Me!",,"[{'start': 37, 'end': 60, 'url': 'https://t.co/YUeUf8baM1', 'expanded_url': 'https://twitter.com/stirgussa/status/1020500152241573888/photo/1', 'display_url': 'pic.twitter.com/YUeUf8baM1'}]",
"[{'type': 'replied_to', 'id': '1020495726613319680'}]",1020498338142040064,807003567605227520,4396120342,2018-07-21T02:38:58.000Z,@stirgussa howd you get my home movies?,Twitter Web Client,en,"[{'start': 0, 'end': 10, 'username': 'stirgussa', 'id': '4396120342'}]",5,1,42,0,1020493498032664576,"[{'start': 29, 'end': 52, 'url': 'https://t.co/71jfv9oqT4', 'expanded_url': 'https://twitter.com/realamberheard/status/1020493498032664576/photo/1', 'display_url': 'pic.twitter.com/71jfv9oqT4'}]",807003567605227520,2018-07-21T02:19:44.000Z,So glad to have my baby back https://t.co/71jfv9oqT4,230,45,1908,16,Twitter for iPhone,en,"Los Angeles, CA",2016-12-08T23:26:58.000Z,https://pbs.twimg.com/profile_images/1383196364792680448/N8CdupEu_normal.jpg,190464,220,1151,567,https://t.co/Ze18Ek9SOI,807003567605227520,Amber Heard,realamberheard,"Actor and Activist, semi-professional disruptor, ice cream advocate and shameless teacup yorkie-lover","Los Angeles, CA",2016-12-08T23:26:58.000Z,https://pbs.twimg.com/profile_images/1383196364792680448/N8CdupEu_normal.jpg,190464,220,1151,567,https://t.co/Ze18Ek9SOI,807003567605227520,Amber Heard,realamberheard,"Actor and Activist, semi-professional disruptor, ice cream advocate and shameless teacup yorkie-lover",,,
"[{'type': 'replied_to', 'id': '1020493498032664576'}]",1020497540595290112,634196329,807003567605227520,2018-07-21T02:35:48.000Z,"@realamberheard Eres famosa en el mundo entero, pero para mi no existe modelo, actriz, o famosa que te gane en belleza, dulzura, femineidad y esa simpatía única..",Twitter Web Client,es,"[{'start': 0, 'end': 15, 'username': 'realamberheard', 'id': '807003567605227520'}]",0,0,0,0,1020493498032664576,"[{'start': 29, 'end': 52, 'url': 'https://t.co/71jfv9oqT4', 'expanded_url': 'https://twitter.com/realamberheard/status/1020493498032664576/photo/1', 'display_url': 'pic.twitter.com/71jfv9oqT4'}]",807003567605227520,2018-07-21T02:19:44.000Z,So glad to have my baby back https://t.co/71jfv9oqT4,230,45,1908,16,Twitter for iPhone,en,"Los Angeles, CA",2016-12-08T23:26:58.000Z,https://pbs.twimg.com/profile_images/1383196364792680448/N8CdupEu_normal.jpg,190464,220,1151,567,https://t.co/Ze18Ek9SOI,807003567605227520,Amber Heard,realamberheard,"Actor and Activist, semi-professional disruptor, ice cream advocate and shameless teacup yorkie-lover",Buenos Aires,2012-07-13T01:28:19.000Z,https://pbs.twimg.com/profile_images/1386052322191630341/1GczMHNL_normal.jpg,136,360,12364,0,,634196329,Alejo Mendizábal (Soy del 59% NO amarillo),AMendizbal,"Anti macrista a ultranza, si no te gusta lo que posteo simplemente bloqueame!
Yo bloqueo, no gasto pólvora en chimangos",,,
"[{'type': 'replied_to', 'id': '1020493498032664576'}]",1020497340438757377,41126083,807003567605227520,2018-07-21T02:35:00.000Z,@realamberheard Your life story can't be told without the telling of your mighty Mustang Code!,Twitter for Android,en,"[{'start': 0, 'end': 15, 'username': 'realamberheard', 'id': '807003567605227520'}]",0,0,1,0,1020493498032664576,"[{'start': 29, 'end': 52, 'url': 'https://t.co/71jfv9oqT4', 'expanded_url': 'https://twitter.com/realamberheard/status/1020493498032664576/photo/1', 'display_url': 'pic.twitter.com/71jfv9oqT4'}]",807003567605227520,2018-07-21T02:19:44.000Z,So glad to have my baby back https://t.co/71jfv9oqT4,230,45,1908,16,Twitter for iPhone,en,"Los Angeles, CA",2016-12-08T23:26:58.000Z,https://pbs.twimg.com/profile_images/1383196364792680448/N8CdupEu_normal.jpg,190464,220,1151,567,https://t.co/Ze18Ek9SOI,807003567605227520,Amber Heard,realamberheard,"Actor and Activist, semi-professional disruptor, ice cream advocate and shameless teacup yorkie-lover",Places Underrated ,2009-05-19T14:31:17.000Z,https://pbs.twimg.com/profile_images/839631118630449152/z_VmzGQ7_normal.jpg,203,1884,10247,12,http://t.co/fMJ6asZdOo,41126083,Nick Astrinakis,SalvationWriter,Writing my heart out to show what's in my heart. In it for the glory.,"[{'start': 81, 'end': 92, 'probability': 0.5012, 'type': 'Product', 'normalized_text': 'Mustang Code'}]",,
"[{'type': 'replied_to', 'id': '1020493498032664576'}]",1020496127932731392,2458315074,807003567605227520,2018-07-21T02:30:11.000Z,@realamberheard I want! Wait year is it @realamberheard,Twitter for Android,en,"[{'start': 0, 'end': 15, 'username': 'realamberheard', 'id': '807003567605227520'}, {'start': 40, 'end': 55, 'username': 'realamberheard', 'id': '807003567605227520'}]",0,0,0,0,1020493498032664576,"[{'start': 29, 'end': 52, 'url': 'https://t.co/71jfv9oqT4', 'expanded_url': 'https://twitter.com/realamberheard/status/1020493498032664576/photo/1', 'display_url': 'pic.twitter.com/71jfv9oqT4'}]",807003567605227520,2018-07-21T02:19:44.000Z,So glad to have my baby back https://t.co/71jfv9oqT4,230,45,1908,16,Twitter for iPhone,en,"Los Angeles, CA",2016-12-08T23:26:58.000Z,https://pbs.twimg.com/profile_images/1383196364792680448/N8CdupEu_normal.jpg,190464,220,1151,567,https://t.co/Ze18Ek9SOI,807003567605227520,Amber Heard,realamberheard,"Actor and Activist, semi-professional disruptor, ice cream advocate and shameless teacup yorkie-lover",Mechanicsville Virginia ,2014-04-22T15:28:21.000Z,https://pbs.twimg.com/profile_images/1506266726903730182/WhU9kCaG_normal.jpg,6376,861,80937,28,https://t.co/hX8vqsgYmX,2458315074,The Moonlight Warrior 🌙,BlackMajikMan90,"Giant Horror, Gaming and DC Comics Fan. Former Freelance Contributor to @The_GWW",,,
"[{'type': 'replied_to', 'id': '1020493498032664576'}]",1020496115274338311,4204211255,807003567605227520,2018-07-21T02:30:08.000Z,@realamberheard  https://t.co/HfWAYEWBun,Twitter for Android,und,"[{'start': 0, 'end': 15, 'username': 'realamberheard', 'id': '807003567605227520'}]",0,0,0,0,1020493498032664576,"[{'start': 29, 'end': 52, 'url': 'https://t.co/71jfv9oqT4', 'expanded_url': 'https://twitter.com/realamberheard/status/1020493498032664576/photo/1', 'display_url': 'pic.twitter.com/71jfv9oqT4'}]",807003567605227520,2018-07-21T02:19:44.000Z,So glad to have my baby back https://t.co/71jfv9oqT4,230,45,1908,16,Twitter for iPhone,en,"Los Angeles, CA",2016-12-08T23:26:58.000Z,https://pbs.twimg.com/profile_images/1383196364792680448/N8CdupEu_normal.jpg,190464,220,1151,567,https://t.co/Ze18Ek9SOI,807003567605227520,Amber Heard,realamberheard,"Actor and Activist, semi-professional disruptor, ice cream advocate and shameless teacup yorkie-lover","actores, books, ecv.",2015-11-16T19:47:59.000Z,https://pbs.twimg.com/profile_images/1507128865436614668/pBGJYljr_normal.jpg,2501,935,137354,22,,4204211255,mi,dakotarias,𝚋𝚎 𝚜𝚝𝚛𝚘𝚗𝚐 𝚊𝚗𝚍 𝚋𝚛𝚊𝚟𝚎 †,,"[{'start': 17, 'end': 40, 'url': 'https://t.co/HfWAYEWBun', 'expanded_url': 'https://twitter.com/dakotarias/status/1020496115274338311/photo/1', 'display_url': 'pic.twitter.com/HfWAYEWBun'}]",
"[{'type': 'replied_to', 'id': '1020493498032664576'}]",1020495726613319680,4396120342,807003567605227520,2018-07-21T02:28:35.000Z,"@realamberheard Rock on, Queen! https://t.co/ZLa8kV42Cf",Twitter for Android,en,"[{'start': 0, 'end': 15, 'username': 'realamberheard', 'id': '807003567605227520'}]",0,2,22,0,1020493498032664576,"[{'start': 29, 'end': 52, 'url': 'https://t.co/71jfv9oqT4', 'expanded_url': 'https://twitter.com/realamberheard/status/1020493498032664576/photo/1', 'display_url': 'pic.twitter.com/71jfv9oqT4'}]",807003567605227520,2018-07-21T02:19:44.000Z,So glad to have my baby back https://t.co/71jfv9oqT4,230,45,1908,16,Twitter for iPhone,en,"Los Angeles, CA",2016-12-08T23:26:58.000Z,https://pbs.twimg.com/profile_images/1383196364792680448/N8CdupEu_normal.jpg,190464,220,1151,567,https://t.co/Ze18Ek9SOI,807003567605227520,Amber Heard,realamberheard,"Actor and Activist, semi-professional disruptor, ice cream advocate and shameless teacup yorkie-lover",,2015-12-06T17:21:06.000Z,https://pbs.twimg.com/profile_images/1378175478478082050/UKLiQPuk_normal.jpg,678,296,58624,26,,4396120342,STIRGUS SACCHETTI,stirgussa,"Only two things are infinite, the universe and human stupidity, and I'm not sure about the former. - Albert Einstein and Me!",,"[{'start': 32, 'end': 55, 'url': 'https://t.co/ZLa8kV42Cf', 'expanded_url': 'https://twitter.com/stirgussa/status/1020495726613319680/photo/1', 'display_url': 'pic.twitter.com/ZLa8kV42Cf'}]",
"[{'type': 'replied_to', 'id': '1020493498032664576'}]",1020494450391363584,949978737218543616,807003567605227520,2018-07-21T02:23:31.000Z,@realamberheard Nice car nice boots nice hat 😊,Twitter Web App,en,"[{'start': 0, 'end': 15, 'username': 'realamberheard', 'id': '807003567605227520'}]",0,0,2,0,1020493498032664576,"[{'start': 29, 'end': 52, 'url': 'https://t.co/71jfv9oqT4', 'expanded_url': 'https://twitter.com/realamberheard/status/1020493498032664576/photo/1', 'display_url': 'pic.twitter.com/71jfv9oqT4'}]",807003567605227520,2018-07-21T02:19:44.000Z,So glad to have my baby back https://t.co/71jfv9oqT4,230,45,1908,16,Twitter for iPhone,en,"Los Angeles, CA",2016-12-08T23:26:58.000Z,https://pbs.twimg.com/profile_images/1383196364792680448/N8CdupEu_normal.jpg,190464,220,1151,567,https://t.co/Ze18Ek9SOI,807003567605227520,Amber Heard,realamberheard,"Actor and Activist, semi-professional disruptor, ice cream advocate and shameless teacup yorkie-lover",,2018-01-07T12:19:15.000Z,https://pbs.twimg.com/profile_images/1348214861667307520/KQ8EZ0MS_normal.jpg,79,54,3305,0,,949978737218543616,Mel🇭🇲🍍🍉,Pineapplefruitz,,,,
"[{'type': 'replied_to', 'id': '1020493498032664576'}]",1020493950325600256,989633741114003456,807003567605227520,2018-07-21T02:21:32.000Z,"@realamberheard Dear amber,a very sharp looking mustang my freind you look nice ,dear!!",Twitter for Android,en,"[{'start': 0, 'end': 15, 'username': 'realamberheard', 'id': '807003567605227520'}]",0,0,1,0,1020493498032664576,"[{'start': 29, 'end': 52, 'url': 'https://t.co/71jfv9oqT4', 'expanded_url': 'https://twitter.com/realamberheard/status/1020493498032664576/photo/1', 'display_url': 'pic.twitter.com/71jfv9oqT4'}]",807003567605227520,2018-07-21T02:19:44.000Z,So glad to have my baby back https://t.co/71jfv9oqT4,230,45,1908,16,Twitter for iPhone,en,"Los Angeles, CA",2016-12-08T23:26:58.000Z,https://pbs.twimg.com/profile_images/1383196364792680448/N8CdupEu_normal.jpg,190464,220,1151,567,https://t.co/Ze18Ek9SOI,807003567605227520,Amber Heard,realamberheard,"Actor and Activist, semi-professional disruptor, ice cream advocate and shameless teacup yorkie-lover","Long Island,new York",2018-04-26T22:34:05.000Z,https://abs.twimg.com/sticky/default_profile_images/default_profile_normal.png,39,269,44974,0,,989633741114003456,Paulwalwanis,Paulwalwanis7,"Comedy,counselor","[{'start': 21, 'end': 25, 'probability': 0.917, 'type': 'Person', 'normalized_text': 'amber'}]",,
"[{'type': 'replied_to', 'id': '1020493498032664576'}]",1020493871875207168,558226459,807003567605227520,2018-07-21T02:21:13.000Z,"@realamberheard I’ll be glad to see mine when I get back home. Hope to see you tomorrow before/after Conan. I’ll be the respectful one is the crowd of annoying, screaming men 🤮😠 https://t.co/6o1JgZmILA",Twitter for iPhone,en,"[{'start': 0, 'end': 15, 'username': 'realamberheard', 'id': '807003567605227520'}]",0,0,0,0,1020493498032664576,"[{'start': 29, 'end': 52, 'url': 'https://t.co/71jfv9oqT4', 'expanded_url': 'https://twitter.com/realamberheard/status/1020493498032664576/photo/1', 'display_url': 'pic.twitter.com/71jfv9oqT4'}]",807003567605227520,2018-07-21T02:19:44.000Z,So glad to have my baby back https://t.co/71jfv9oqT4,230,45,1908,16,Twitter for iPhone,en,"Los Angeles, CA",2016-12-08T23:26:58.000Z,https://pbs.twimg.com/profile_images/1383196364792680448/N8CdupEu_normal.jpg,190464,220,1151,567,https://t.co/Ze18Ek9SOI,807003567605227520,Amber Heard,realamberheard,"Actor and Activist, semi-professional disruptor, ice cream advocate and shameless teacup yorkie-lover",,2012-04-20T01:43:24.000Z,https://pbs.twimg.com/profile_images/1364809431943434240/v8lqRb6s_normal.jpg,161,401,5167,3,,558226459,Kali ✨🏳️‍🌈🔮,mother_flerken,"26, I tweet/retweet a lot of gay and feminist stuff, I’ve got a lot of plants, and I love my ‘68 Mustang more than most people. She/her","[{'start': 101, 'end': 105, 'probability': 0.5524, 'type': 'Person', 'normalized_text': 'Conan'}]","[{'start': 178, 'end': 201, 'url': 'https://t.co/6o1JgZmILA', 'expanded_url': 'https://twitter.com/kali_sunde/status/1020493871875207168/photo/1', 'display_url': 'pic.twitter.com/6o1JgZmILA'}]",
