author_id,created_at,text,source,referenced_tweets,lang,in_reply_to_user_id,id,entities.mentions,public_metrics.retweet_count,public_metrics.reply_count,public_metrics.like_count,public_metrics.quote_count,replied_tweet.author_id,replied_tweet.entities.mentions,replied_tweet.entities.urls,replied_tweet.entities.hashtags,replied_tweet.created_at,replied_tweet.public_metrics.retweet_count,replied_tweet.public_metrics.reply_count,replied_tweet.public_metrics.like_count,replied_tweet.public_metrics.quote_count,replied_tweet.text,replied_tweet.source,replied_tweet.lang,replied_tweet.id,replied_tweet.author.username,replied_tweet.author.id,replied_tweet.author.profile_image_url,replied_tweet.author.name,replied_tweet.author.created_at,replied_tweet.author.public_metrics.followers_count,replied_tweet.author.public_metrics.following_count,replied_tweet.author.public_metrics.tweet_count,replied_tweet.author.public_metrics.listed_count,replied_tweet.author.location,replied_tweet.author.description,replied_tweet.author.url,author.username,author.id,author.profile_image_url,author.name,author.created_at,author.public_metrics.followers_count,author.public_metrics.following_count,author.public_metrics.tweet_count,author.public_metrics.listed_count,author.location,author.description,author.url,entities.urls,entities.annotations
1327706562,2018-08-23T22:21:12.000Z,"@realamberheard @sams_usa My heart can’t take ur eyes charming, how about if urs are filling!
💔",Twitter for iPhone,"[{'type': 'replied_to', 'id': '1032405242426490880'}]",en,807003567605227520,1032754657083502593,"[{'start': 0, 'end': 15, 'username': 'realamberheard', 'id': '807003567605227520'}, {'start': 16, 'end': 25, 'username': 'sams_usa', 'id': '471737223'}]",0,0,0,0,807003567605227520,"[{'start': 109, 'end': 118, 'username': 'sams_usa', 'id': '471737223'}]","[{'start': 189, 'end': 212, 'url': 'https://t.co/JjPggHYEfV', 'expanded_url': 'https://www.instagram.com/p/BmzIl1bl5wC/?utm_source=ig_twitter_share&igshid=1c81we0df18tf', 'display_url': 'instagram.com/p/BmzIl1bl5wC/…', 'status': 429, 'title': 'Login • Instagram', 'description': 'Welcome back to Instagram. Sign in to check out what your friends, family & interests have been capturing & sharing around the world.', 'unwound_url': 'https://www.instagram.com/accounts/login/'}]","[{'start': 101, 'end': 108, 'tag': 'Repost'}, {'start': 161, 'end': 168, 'tag': 'Jordan'}]",2018-08-22T23:12:45.000Z,39,10,182,1,"This fills my heart (and eyes). What an amazing thing to see. Please continue to support Weam!! ❤️ 

#Repost @sams_usa 
・・・
During a our July medical mission in #Jordan with SAMS Goodwill… https://t.co/JjPggHYEfV",Instagram,en,1032405242426490880,realamberheard,807003567605227520,https://pbs.twimg.com/profile_images/1383196364792680448/N8CdupEu_normal.jpg,Amber Heard,2016-12-08T23:26:58.000Z,190464,220,1151,567,"Los Angeles, CA","Actor and Activist, semi-professional disruptor, ice cream advocate and shameless teacup yorkie-lover",https://t.co/Ze18Ek9SOI,_ssaqer,1327706562,https://pbs.twimg.com/profile_images/1207829802088091654/wIBwTGux_normal.jpg,salem,2013-04-04T20:08:42.000Z,352,49,50897,15,trailer in middle of nowhere!,i proudly been in TX and can’t resist the bbq sauce,,,
967064246755495936,2018-08-23T21:55:49.000Z,@Piss_andVinegar @realamberheard @sams_usa FUCK OFF,Twitter for iPhone,"[{'type': 'replied_to', 'id': '1032714506638643200'}]",en,865753621199294464,1032748267824721920,"[{'start': 17, 'end': 32, 'username': 'realamberheard', 'id': '807003567605227520'}, {'start': 33, 'end': 42, 'username': 'sams_usa', 'id': '471737223'}]",0,0,1,0,807003567605227520,"[{'start': 109, 'end': 118, 'username': 'sams_usa', 'id': '471737223'}]","[{'start': 189, 'end': 212, 'url': 'https://t.co/JjPggHYEfV', 'expanded_url': 'https://www.instagram.com/p/BmzIl1bl5wC/?utm_source=ig_twitter_share&igshid=1c81we0df18tf', 'display_url': 'instagram.com/p/BmzIl1bl5wC/…', 'status': 429, 'title': 'Login • Instagram', 'description': 'Welcome back to Instagram. Sign in to check out what your friends, family & interests have been capturing & sharing around the world.', 'unwound_url': 'https://www.instagram.com/accounts/login/'}]","[{'start': 101, 'end': 108, 'tag': 'Repost'}, {'start': 161, 'end': 168, 'tag': 'Jordan'}]",2018-08-22T23:12:45.000Z,39,10,182,1,"This fills my heart (and eyes). What an amazing thing to see. Please continue to support Weam!! ❤️ 

#Repost @sams_usa 
・・・
During a our July medical mission in #Jordan with SAMS Goodwill… https://t.co/JjPggHYEfV",Instagram,en,1032405242426490880,realamberheard,807003567605227520,https://pbs.twimg.com/profile_images/1383196364792680448/N8CdupEu_normal.jpg,Amber Heard,2016-12-08T23:26:58.000Z,190464,220,1151,567,"Los Angeles, CA","Actor and Activist, semi-professional disruptor, ice cream advocate and shameless teacup yorkie-lover",https://t.co/Ze18Ek9SOI,urlilharlot,967064246755495936,https://pbs.twimg.com/profile_images/1501955904043995143/VtSTNf7u_normal.jpg,Ale,2018-02-23T15:50:58.000Z,268,259,7124,5,,dreaming away your life,,,
967064246755495936,2018-08-23T03:33:07.000Z,@realamberheard @sams_usa you are an angel i love u❤️❤️❤️❤️❤️,Twitter for iPhone,"[{'type': 'replied_to', 'id': '1032405242426490880'}]",en,807003567605227520,1032470763352334337,"[{'start': 0, 'end': 15, 'username': 'realamberheard', 'id': '807003567605227520'}, {'start': 16, 'end': 25, 'username': 'sams_usa', 'id': '471737223'}]",0,0,0,0,807003567605227520,"[{'start': 109, 'end': 118, 'username': 'sams_usa', 'id': '471737223'}]","[{'start': 189, 'end': 212, 'url': 'https://t.co/JjPggHYEfV', 'expanded_url': 'https://www.instagram.com/p/BmzIl1bl5wC/?utm_source=ig_twitter_share&igshid=1c81we0df18tf', 'display_url': 'instagram.com/p/BmzIl1bl5wC/…', 'status': 429, 'title': 'Login • Instagram', 'description': 'Welcome back to Instagram. Sign in to check out what your friends, family & interests have been capturing & sharing around the world.', 'unwound_url': 'https://www.instagram.com/accounts/login/'}]","[{'start': 101, 'end': 108, 'tag': 'Repost'}, {'start': 161, 'end': 168, 'tag': 'Jordan'}]",2018-08-22T23:12:45.000Z,39,10,182,1,"This fills my heart (and eyes). What an amazing thing to see. Please continue to support Weam!! ❤️ 

#Repost @sams_usa 
・・・
During a our July medical mission in #Jordan with SAMS Goodwill… https://t.co/JjPggHYEfV",Instagram,en,1032405242426490880,realamberheard,807003567605227520,https://pbs.twimg.com/profile_images/1383196364792680448/N8CdupEu_normal.jpg,Amber Heard,2016-12-08T23:26:58.000Z,190464,220,1151,567,"Los Angeles, CA","Actor and Activist, semi-professional disruptor, ice cream advocate and shameless teacup yorkie-lover",https://t.co/Ze18Ek9SOI,urlilharlot,967064246755495936,https://pbs.twimg.com/profile_images/1501955904043995143/VtSTNf7u_normal.jpg,Ale,2018-02-23T15:50:58.000Z,268,259,7124,5,,dreaming away your life,,,
4396120342,2018-08-22T23:51:19.000Z,"@realamberheard @sams_usa Awww!!

That cutie feels better 😊

So happy for her and for you and all the people supporting your campaign and Weam 👍 https://t.co/nfD7GeX6Nl",Twitter for Android,"[{'type': 'replied_to', 'id': '1032405242426490880'}]",en,807003567605227520,1032414946452070400,"[{'start': 0, 'end': 15, 'username': 'realamberheard', 'id': '807003567605227520'}, {'start': 16, 'end': 25, 'username': 'sams_usa', 'id': '471737223'}]",0,0,1,0,807003567605227520,"[{'start': 109, 'end': 118, 'username': 'sams_usa', 'id': '471737223'}]","[{'start': 189, 'end': 212, 'url': 'https://t.co/JjPggHYEfV', 'expanded_url': 'https://www.instagram.com/p/BmzIl1bl5wC/?utm_source=ig_twitter_share&igshid=1c81we0df18tf', 'display_url': 'instagram.com/p/BmzIl1bl5wC/…', 'status': 429, 'title': 'Login • Instagram', 'description': 'Welcome back to Instagram. Sign in to check out what your friends, family & interests have been capturing & sharing around the world.', 'unwound_url': 'https://www.instagram.com/accounts/login/'}]","[{'start': 101, 'end': 108, 'tag': 'Repost'}, {'start': 161, 'end': 168, 'tag': 'Jordan'}]",2018-08-22T23:12:45.000Z,39,10,182,1,"This fills my heart (and eyes). What an amazing thing to see. Please continue to support Weam!! ❤️ 

#Repost @sams_usa 
・・・
During a our July medical mission in #Jordan with SAMS Goodwill… https://t.co/JjPggHYEfV",Instagram,en,1032405242426490880,realamberheard,807003567605227520,https://pbs.twimg.com/profile_images/1383196364792680448/N8CdupEu_normal.jpg,Amber Heard,2016-12-08T23:26:58.000Z,190464,220,1151,567,"Los Angeles, CA","Actor and Activist, semi-professional disruptor, ice cream advocate and shameless teacup yorkie-lover",https://t.co/Ze18Ek9SOI,stirgussa,4396120342,https://pbs.twimg.com/profile_images/1378175478478082050/UKLiQPuk_normal.jpg,STIRGUS SACCHETTI,2015-12-06T17:21:06.000Z,678,296,58624,26,,"Only two things are infinite, the universe and human stupidity, and I'm not sure about the former. - Albert Einstein and Me!",,"[{'start': 145, 'end': 168, 'url': 'https://t.co/nfD7GeX6Nl', 'expanded_url': 'https://twitter.com/stirgussa/status/1032414946452070400/photo/1', 'display_url': 'pic.twitter.com/nfD7GeX6Nl'}]",
558226459,2018-08-22T23:17:29.000Z,@realamberheard @sams_usa Y’all are doing amazing work!,Twitter for iPhone,"[{'type': 'replied_to', 'id': '1032405242426490880'}]",en,807003567605227520,1032406433919377409,"[{'start': 0, 'end': 15, 'username': 'realamberheard', 'id': '807003567605227520'}, {'start': 16, 'end': 25, 'username': 'sams_usa', 'id': '471737223'}]",0,0,0,0,807003567605227520,"[{'start': 109, 'end': 118, 'username': 'sams_usa', 'id': '471737223'}]","[{'start': 189, 'end': 212, 'url': 'https://t.co/JjPggHYEfV', 'expanded_url': 'https://www.instagram.com/p/BmzIl1bl5wC/?utm_source=ig_twitter_share&igshid=1c81we0df18tf', 'display_url': 'instagram.com/p/BmzIl1bl5wC/…', 'status': 429, 'title': 'Login • Instagram', 'description': 'Welcome back to Instagram. Sign in to check out what your friends, family & interests have been capturing & sharing around the world.', 'unwound_url': 'https://www.instagram.com/accounts/login/'}]","[{'start': 101, 'end': 108, 'tag': 'Repost'}, {'start': 161, 'end': 168, 'tag': 'Jordan'}]",2018-08-22T23:12:45.000Z,39,10,182,1,"This fills my heart (and eyes). What an amazing thing to see. Please continue to support Weam!! ❤️ 

#Repost @sams_usa 
・・・
During a our July medical mission in #Jordan with SAMS Goodwill… https://t.co/JjPggHYEfV",Instagram,en,1032405242426490880,realamberheard,807003567605227520,https://pbs.twimg.com/profile_images/1383196364792680448/N8CdupEu_normal.jpg,Amber Heard,2016-12-08T23:26:58.000Z,190464,220,1151,567,"Los Angeles, CA","Actor and Activist, semi-professional disruptor, ice cream advocate and shameless teacup yorkie-lover",https://t.co/Ze18Ek9SOI,mother_flerken,558226459,https://pbs.twimg.com/profile_images/1364809431943434240/v8lqRb6s_normal.jpg,Kali ✨🏳️‍🌈🔮,2012-04-20T01:43:24.000Z,161,401,5167,3,,"26, I tweet/retweet a lot of gay and feminist stuff, I’ve got a lot of plants, and I love my ‘68 Mustang more than most people. She/her",,,
989633741114003456,2018-08-22T23:16:42.000Z,"@realamberheard @sams_usa Dear Amber, I spent my military career overseas we provided,foods,meds,housing, recovery missions,it was a privledge,dear!!",Twitter for Android,"[{'type': 'replied_to', 'id': '1032405242426490880'}]",en,807003567605227520,1032406237302927360,"[{'start': 0, 'end': 15, 'username': 'realamberheard', 'id': '807003567605227520'}, {'start': 16, 'end': 25, 'username': 'sams_usa', 'id': '471737223'}]",0,0,1,0,807003567605227520,"[{'start': 109, 'end': 118, 'username': 'sams_usa', 'id': '471737223'}]","[{'start': 189, 'end': 212, 'url': 'https://t.co/JjPggHYEfV', 'expanded_url': 'https://www.instagram.com/p/BmzIl1bl5wC/?utm_source=ig_twitter_share&igshid=1c81we0df18tf', 'display_url': 'instagram.com/p/BmzIl1bl5wC/…', 'status': 429, 'title': 'Login • Instagram', 'description': 'Welcome back to Instagram. Sign in to check out what your friends, family & interests have been capturing & sharing around the world.', 'unwound_url': 'https://www.instagram.com/accounts/login/'}]","[{'start': 101, 'end': 108, 'tag': 'Repost'}, {'start': 161, 'end': 168, 'tag': 'Jordan'}]",2018-08-22T23:12:45.000Z,39,10,182,1,"This fills my heart (and eyes). What an amazing thing to see. Please continue to support Weam!! ❤️ 

#Repost @sams_usa 
・・・
During a our July medical mission in #Jordan with SAMS Goodwill… https://t.co/JjPggHYEfV",Instagram,en,1032405242426490880,realamberheard,807003567605227520,https://pbs.twimg.com/profile_images/1383196364792680448/N8CdupEu_normal.jpg,Amber Heard,2016-12-08T23:26:58.000Z,190464,220,1151,567,"Los Angeles, CA","Actor and Activist, semi-professional disruptor, ice cream advocate and shameless teacup yorkie-lover",https://t.co/Ze18Ek9SOI,Paulwalwanis7,989633741114003456,https://abs.twimg.com/sticky/default_profile_images/default_profile_normal.png,Paulwalwanis,2018-04-26T22:34:05.000Z,39,269,44974,0,"Long Island,new York","Comedy,counselor",,,"[{'start': 31, 'end': 35, 'probability': 0.9013, 'type': 'Person', 'normalized_text': 'Amber'}]"
3064671053,2018-08-22T23:15:32.000Z,@realamberheard @sams_usa Awesome!,Twitter Web Client,"[{'type': 'replied_to', 'id': '1032405242426490880'}]",en,807003567605227520,1032405941579329537,"[{'start': 0, 'end': 15, 'username': 'realamberheard', 'id': '807003567605227520'}, {'start': 16, 'end': 25, 'username': 'sams_usa', 'id': '471737223'}]",0,0,0,0,807003567605227520,"[{'start': 109, 'end': 118, 'username': 'sams_usa', 'id': '471737223'}]","[{'start': 189, 'end': 212, 'url': 'https://t.co/JjPggHYEfV', 'expanded_url': 'https://www.instagram.com/p/BmzIl1bl5wC/?utm_source=ig_twitter_share&igshid=1c81we0df18tf', 'display_url': 'instagram.com/p/BmzIl1bl5wC/…', 'status': 429, 'title': 'Login • Instagram', 'description': 'Welcome back to Instagram. Sign in to check out what your friends, family & interests have been capturing & sharing around the world.', 'unwound_url': 'https://www.instagram.com/accounts/login/'}]","[{'start': 101, 'end': 108, 'tag': 'Repost'}, {'start': 161, 'end': 168, 'tag': 'Jordan'}]",2018-08-22T23:12:45.000Z,39,10,182,1,"This fills my heart (and eyes). What an amazing thing to see. Please continue to support Weam!! ❤️ 

#Repost @sams_usa 
・・・
During a our July medical mission in #Jordan with SAMS Goodwill… https://t.co/JjPggHYEfV",Instagram,en,1032405242426490880,realamberheard,807003567605227520,https://pbs.twimg.com/profile_images/1383196364792680448/N8CdupEu_normal.jpg,Amber Heard,2016-12-08T23:26:58.000Z,190464,220,1151,567,"Los Angeles, CA","Actor and Activist, semi-professional disruptor, ice cream advocate and shameless teacup yorkie-lover",https://t.co/Ze18Ek9SOI,1570_landa,3064671053,https://pbs.twimg.com/profile_images/742949121938575361/2gdO8v7e_normal.jpg,Luis Landa,2015-02-28T02:54:54.000Z,697,1826,79065,18,"Maryland, USA","I'm a huge fan of the Washington Commanders , I also like the soap DOOL and Amber Heard fan too.",,,
