referenced_tweets,id,source,lang,created_at,text,author_id,in_reply_to_user_id,public_metrics.retweet_count,public_metrics.reply_count,public_metrics.like_count,public_metrics.quote_count,entities.mentions,entities.annotations,replied_tweet.public_metrics.retweet_count,replied_tweet.public_metrics.reply_count,replied_tweet.public_metrics.like_count,replied_tweet.public_metrics.quote_count,replied_tweet.id,replied_tweet.source,replied_tweet.lang,replied_tweet.entities.hashtags,replied_tweet.entities.annotations,replied_tweet.created_at,replied_tweet.text,replied_tweet.author_id,replied_tweet.author.description,replied_tweet.author.profile_image_url,replied_tweet.author.id,replied_tweet.author.name,replied_tweet.author.public_metrics.followers_count,replied_tweet.author.public_metrics.following_count,replied_tweet.author.public_metrics.tweet_count,replied_tweet.author.public_metrics.listed_count,replied_tweet.author.username,replied_tweet.author.created_at,replied_tweet.author.location,replied_tweet.author.url,author.description,author.profile_image_url,author.id,author.name,author.public_metrics.followers_count,author.public_metrics.following_count,author.public_metrics.tweet_count,author.public_metrics.listed_count,author.username,author.created_at,author.location,author.url,entities.hashtags,entities.urls
"[{'type': 'replied_to', 'id': '1033456668485382145'}]",1033639489451778049,Twitter for iPhone,en,2018-08-26T08:57:13.000Z,@realamberheard Then you should read the Argonauts (always Maggie nelson) 😉,61505713,807003567605227520,0,0,0,0,"[{'start': 0, 'end': 15, 'username': 'realamberheard', 'id': '807003567605227520'}]","[{'start': 41, 'end': 49, 'probability': 0.4963, 'type': 'Organization', 'normalized_text': 'Argonauts'}, {'start': 59, 'end': 71, 'probability': 0.9426, 'type': 'Person', 'normalized_text': 'Maggie nelson'}]",31,11,250,0,1033456668485382145,Twitter for iPhone,en,"[{'start': 140, 'end': 153, 'tag': 'maggienelson'}, {'start': 154, 'end': 161, 'tag': 'bluets'}]","[{'start': 10, 'end': 22, 'probability': 0.9941, 'type': 'Person', 'normalized_text': 'Maggie Nelson'}, {'start': 78, 'end': 83, 'probability': 0.568, 'type': 'Person', 'normalized_text': 'Seneca'}]",2018-08-25T20:50:45.000Z,Just read Maggie Nelson’s heartbreakingly beautiful Bluets. Reminds me of how Seneca writes about grief.  Breathtaking sincerity &amp; soul #maggienelson #bluets,807003567605227520,"Actor and Activist, semi-professional disruptor, ice cream advocate and shameless teacup yorkie-lover",https://pbs.twimg.com/profile_images/1383196364792680448/N8CdupEu_normal.jpg,807003567605227520,Amber Heard,190464,220,1151,567,realamberheard,2016-12-08T23:26:58.000Z,"Los Angeles, CA",https://t.co/Ze18Ek9SOI,young & naive,https://pbs.twimg.com/profile_images/3396334222/fc46beb48338614a0e7066f75dc677e1_normal.jpeg,61505713,youngeagle,12,115,248,1,eLLe_pAv,2009-07-30T14:48:20.000Z,everywhere,,,
"[{'type': 'replied_to', 'id': '1033456668485382145'}]",1033469677308182530,Twitter Web Client,en,2018-08-25T21:42:26.000Z,@realamberheard I am a Cicero kinda guy.,489996363,807003567605227520,0,0,0,0,"[{'start': 0, 'end': 15, 'username': 'realamberheard', 'id': '807003567605227520'}]","[{'start': 23, 'end': 28, 'probability': 0.6775, 'type': 'Person', 'normalized_text': 'Cicero'}]",31,11,250,0,1033456668485382145,Twitter for iPhone,en,"[{'start': 140, 'end': 153, 'tag': 'maggienelson'}, {'start': 154, 'end': 161, 'tag': 'bluets'}]","[{'start': 10, 'end': 22, 'probability': 0.9941, 'type': 'Person', 'normalized_text': 'Maggie Nelson'}, {'start': 78, 'end': 83, 'probability': 0.568, 'type': 'Person', 'normalized_text': 'Seneca'}]",2018-08-25T20:50:45.000Z,Just read Maggie Nelson’s heartbreakingly beautiful Bluets. Reminds me of how Seneca writes about grief.  Breathtaking sincerity &amp; soul #maggienelson #bluets,807003567605227520,"Actor and Activist, semi-professional disruptor, ice cream advocate and shameless teacup yorkie-lover",https://pbs.twimg.com/profile_images/1383196364792680448/N8CdupEu_normal.jpg,807003567605227520,Amber Heard,190464,220,1151,567,realamberheard,2016-12-08T23:26:58.000Z,"Los Angeles, CA",https://t.co/Ze18Ek9SOI,"Observation killed imagination. 
Winter of Death survivor.
#SilentMajority #FreeAssange #FuckSocialism
#FuckBigPharma #FuckBigTech",https://pbs.twimg.com/profile_images/879970135355908096/4S4-p5Yz_normal.jpg,489996363,L. Таразона Г.💥,85,516,9909,0,electro_chino,2012-02-12T03:45:07.000Z,"Miami, FL",,,
"[{'type': 'replied_to', 'id': '1033456668485382145'}]",1033463527678402562,Twitter Web Client,tl,2018-08-25T21:18:00.000Z,@realamberheard WAW AMBER,827604575465197573,807003567605227520,0,0,1,0,"[{'start': 0, 'end': 15, 'username': 'realamberheard', 'id': '807003567605227520'}]",,31,11,250,0,1033456668485382145,Twitter for iPhone,en,"[{'start': 140, 'end': 153, 'tag': 'maggienelson'}, {'start': 154, 'end': 161, 'tag': 'bluets'}]","[{'start': 10, 'end': 22, 'probability': 0.9941, 'type': 'Person', 'normalized_text': 'Maggie Nelson'}, {'start': 78, 'end': 83, 'probability': 0.568, 'type': 'Person', 'normalized_text': 'Seneca'}]",2018-08-25T20:50:45.000Z,Just read Maggie Nelson’s heartbreakingly beautiful Bluets. Reminds me of how Seneca writes about grief.  Breathtaking sincerity &amp; soul #maggienelson #bluets,807003567605227520,"Actor and Activist, semi-professional disruptor, ice cream advocate and shameless teacup yorkie-lover",https://pbs.twimg.com/profile_images/1383196364792680448/N8CdupEu_normal.jpg,807003567605227520,Amber Heard,190464,220,1151,567,realamberheard,2016-12-08T23:26:58.000Z,"Los Angeles, CA",https://t.co/Ze18Ek9SOI,,https://abs.twimg.com/sticky/default_profile_images/default_profile_normal.png,827604575465197573,tayab nacer eddine,30,85,9606,0,TayabNacer,2017-02-03T19:48:01.000Z,,,,
"[{'type': 'replied_to', 'id': '1033456668485382145'}]",1033463508690710528,Twitter for Android,en,2018-08-25T21:17:55.000Z,"@realamberheard “All your sorrows have been wasted on you if you have not yet learned how to be wretched.” 🙏

I gotta love an intelligent, well read and sensitive queen #bookworm https://t.co/okAWUTh81n",4396120342,807003567605227520,0,0,4,0,"[{'start': 0, 'end': 15, 'username': 'realamberheard', 'id': '807003567605227520'}]",,31,11,250,0,1033456668485382145,Twitter for iPhone,en,"[{'start': 140, 'end': 153, 'tag': 'maggienelson'}, {'start': 154, 'end': 161, 'tag': 'bluets'}]","[{'start': 10, 'end': 22, 'probability': 0.9941, 'type': 'Person', 'normalized_text': 'Maggie Nelson'}, {'start': 78, 'end': 83, 'probability': 0.568, 'type': 'Person', 'normalized_text': 'Seneca'}]",2018-08-25T20:50:45.000Z,Just read Maggie Nelson’s heartbreakingly beautiful Bluets. Reminds me of how Seneca writes about grief.  Breathtaking sincerity &amp; soul #maggienelson #bluets,807003567605227520,"Actor and Activist, semi-professional disruptor, ice cream advocate and shameless teacup yorkie-lover",https://pbs.twimg.com/profile_images/1383196364792680448/N8CdupEu_normal.jpg,807003567605227520,Amber Heard,190464,220,1151,567,realamberheard,2016-12-08T23:26:58.000Z,"Los Angeles, CA",https://t.co/Ze18Ek9SOI,"Only two things are infinite, the universe and human stupidity, and I'm not sure about the former. - Albert Einstein and Me!",https://pbs.twimg.com/profile_images/1378175478478082050/UKLiQPuk_normal.jpg,4396120342,STIRGUS SACCHETTI,678,296,58624,26,stirgussa,2015-12-06T17:21:06.000Z,,,"[{'start': 169, 'end': 178, 'tag': 'bookworm'}]","[{'start': 179, 'end': 202, 'url': 'https://t.co/okAWUTh81n', 'expanded_url': 'https://twitter.com/stirgussa/status/1033463508690710528/photo/1', 'display_url': 'pic.twitter.com/okAWUTh81n'}]"
"[{'type': 'replied_to', 'id': '1033456668485382145'}]",1033461893950652416,Twitter for Android,en,2018-08-25T21:11:30.000Z,@realamberheard i love u angel,3146650072,807003567605227520,0,0,1,0,"[{'start': 0, 'end': 15, 'username': 'realamberheard', 'id': '807003567605227520'}]",,31,11,250,0,1033456668485382145,Twitter for iPhone,en,"[{'start': 140, 'end': 153, 'tag': 'maggienelson'}, {'start': 154, 'end': 161, 'tag': 'bluets'}]","[{'start': 10, 'end': 22, 'probability': 0.9941, 'type': 'Person', 'normalized_text': 'Maggie Nelson'}, {'start': 78, 'end': 83, 'probability': 0.568, 'type': 'Person', 'normalized_text': 'Seneca'}]",2018-08-25T20:50:45.000Z,Just read Maggie Nelson’s heartbreakingly beautiful Bluets. Reminds me of how Seneca writes about grief.  Breathtaking sincerity &amp; soul #maggienelson #bluets,807003567605227520,"Actor and Activist, semi-professional disruptor, ice cream advocate and shameless teacup yorkie-lover",https://pbs.twimg.com/profile_images/1383196364792680448/N8CdupEu_normal.jpg,807003567605227520,Amber Heard,190464,220,1151,567,realamberheard,2016-12-08T23:26:58.000Z,"Los Angeles, CA",https://t.co/Ze18Ek9SOI,“love you kay!!” - emily vancamp // sharon carter and barbara gordon enjoyer @bestofsharons,https://pbs.twimg.com/profile_images/1503441316050395136/G7rwHlhC_normal.jpg,3146650072,"kay, ceo of evc",7773,957,131604,63,emilyvaucamp,2015-04-08T05:08:46.000Z,25┊she/her┊comics,https://t.co/bB4XCwWEnS,,
"[{'type': 'replied_to', 'id': '1033456668485382145'}]",1033457650896261120,Twitter for Android,en,2018-08-25T20:54:39.000Z,@realamberheard 🙏Amber,4126128018,807003567605227520,0,0,1,0,"[{'start': 0, 'end': 15, 'username': 'realamberheard', 'id': '807003567605227520'}]","[{'start': 18, 'end': 22, 'probability': 0.9018, 'type': 'Person', 'normalized_text': 'Amber'}]",31,11,250,0,1033456668485382145,Twitter for iPhone,en,"[{'start': 140, 'end': 153, 'tag': 'maggienelson'}, {'start': 154, 'end': 161, 'tag': 'bluets'}]","[{'start': 10, 'end': 22, 'probability': 0.9941, 'type': 'Person', 'normalized_text': 'Maggie Nelson'}, {'start': 78, 'end': 83, 'probability': 0.568, 'type': 'Person', 'normalized_text': 'Seneca'}]",2018-08-25T20:50:45.000Z,Just read Maggie Nelson’s heartbreakingly beautiful Bluets. Reminds me of how Seneca writes about grief.  Breathtaking sincerity &amp; soul #maggienelson #bluets,807003567605227520,"Actor and Activist, semi-professional disruptor, ice cream advocate and shameless teacup yorkie-lover",https://pbs.twimg.com/profile_images/1383196364792680448/N8CdupEu_normal.jpg,807003567605227520,Amber Heard,190464,220,1151,567,realamberheard,2016-12-08T23:26:58.000Z,"Los Angeles, CA",https://t.co/Ze18Ek9SOI,रिसर्च जारी है |,https://pbs.twimg.com/profile_images/1503616598480867330/e1EpAhax_normal.jpg,4126128018,वयवहार अगरवाल,6062,73,115638,0,VyavharAgarwal,2015-11-04T17:33:21.000Z,भारत,,,
"[{'type': 'replied_to', 'id': '1033456668485382145'}]",1033457573666713602,Twitter for Android,en,2018-08-25T20:54:20.000Z,"@realamberheard Dear Amber, have a happy weekend with funny comedy shows my freind!! 😄😄😁😁",989633741114003456,807003567605227520,0,0,1,0,"[{'start': 0, 'end': 15, 'username': 'realamberheard', 'id': '807003567605227520'}]","[{'start': 21, 'end': 25, 'probability': 0.9835, 'type': 'Person', 'normalized_text': 'Amber'}]",31,11,250,0,1033456668485382145,Twitter for iPhone,en,"[{'start': 140, 'end': 153, 'tag': 'maggienelson'}, {'start': 154, 'end': 161, 'tag': 'bluets'}]","[{'start': 10, 'end': 22, 'probability': 0.9941, 'type': 'Person', 'normalized_text': 'Maggie Nelson'}, {'start': 78, 'end': 83, 'probability': 0.568, 'type': 'Person', 'normalized_text': 'Seneca'}]",2018-08-25T20:50:45.000Z,Just read Maggie Nelson’s heartbreakingly beautiful Bluets. Reminds me of how Seneca writes about grief.  Breathtaking sincerity &amp; soul #maggienelson #bluets,807003567605227520,"Actor and Activist, semi-professional disruptor, ice cream advocate and shameless teacup yorkie-lover",https://pbs.twimg.com/profile_images/1383196364792680448/N8CdupEu_normal.jpg,807003567605227520,Amber Heard,190464,220,1151,567,realamberheard,2016-12-08T23:26:58.000Z,"Los Angeles, CA",https://t.co/Ze18Ek9SOI,"Comedy,counselor",https://abs.twimg.com/sticky/default_profile_images/default_profile_normal.png,989633741114003456,Paulwalwanis,39,269,44974,0,Paulwalwanis7,2018-04-26T22:34:05.000Z,"Long Island,new York",,,
"[{'type': 'replied_to', 'id': '1033456668485382145'}]",1033457415130370048,Twitter for Android,en,2018-08-25T20:53:43.000Z,@realamberheard I'm watching the titans preseason game,392436963,807003567605227520,0,0,0,0,"[{'start': 0, 'end': 15, 'username': 'realamberheard', 'id': '807003567605227520'}]",,31,11,250,0,1033456668485382145,Twitter for iPhone,en,"[{'start': 140, 'end': 153, 'tag': 'maggienelson'}, {'start': 154, 'end': 161, 'tag': 'bluets'}]","[{'start': 10, 'end': 22, 'probability': 0.9941, 'type': 'Person', 'normalized_text': 'Maggie Nelson'}, {'start': 78, 'end': 83, 'probability': 0.568, 'type': 'Person', 'normalized_text': 'Seneca'}]",2018-08-25T20:50:45.000Z,Just read Maggie Nelson’s heartbreakingly beautiful Bluets. Reminds me of how Seneca writes about grief.  Breathtaking sincerity &amp; soul #maggienelson #bluets,807003567605227520,"Actor and Activist, semi-professional disruptor, ice cream advocate and shameless teacup yorkie-lover",https://pbs.twimg.com/profile_images/1383196364792680448/N8CdupEu_normal.jpg,807003567605227520,Amber Heard,190464,220,1151,567,realamberheard,2016-12-08T23:26:58.000Z,"Los Angeles, CA",https://t.co/Ze18Ek9SOI,published writer,https://pbs.twimg.com/profile_images/1261563124144054272/UspmXeLz_normal.jpg,392436963,Happiness pie,249,891,96758,0,cheesehat53,2011-10-17T01:34:07.000Z,,,,
"[{'type': 'replied_to', 'id': '1033456668485382145'}]",1033457053346476032,Twitter for iPhone,en,2018-08-25T20:52:16.000Z,@realamberheard I’ll definitely check this out! Sounds incredible! ❤️,874984340,807003567605227520,0,0,3,0,"[{'start': 0, 'end': 15, 'username': 'realamberheard', 'id': '807003567605227520'}]",,31,11,250,0,1033456668485382145,Twitter for iPhone,en,"[{'start': 140, 'end': 153, 'tag': 'maggienelson'}, {'start': 154, 'end': 161, 'tag': 'bluets'}]","[{'start': 10, 'end': 22, 'probability': 0.9941, 'type': 'Person', 'normalized_text': 'Maggie Nelson'}, {'start': 78, 'end': 83, 'probability': 0.568, 'type': 'Person', 'normalized_text': 'Seneca'}]",2018-08-25T20:50:45.000Z,Just read Maggie Nelson’s heartbreakingly beautiful Bluets. Reminds me of how Seneca writes about grief.  Breathtaking sincerity &amp; soul #maggienelson #bluets,807003567605227520,"Actor and Activist, semi-professional disruptor, ice cream advocate and shameless teacup yorkie-lover",https://pbs.twimg.com/profile_images/1383196364792680448/N8CdupEu_normal.jpg,807003567605227520,Amber Heard,190464,220,1151,567,realamberheard,2016-12-08T23:26:58.000Z,"Los Angeles, CA",https://t.co/Ze18Ek9SOI,Here to fangirl about fangirl things. I also retweet a lot of animal stuff and posts to raise social awareness. Beware my page. Pronouns: she/her,https://pbs.twimg.com/profile_images/1451763808968523777/qJNzYCWU_normal.jpg,874984340,Lexi,338,315,26825,15,animalhugger91,2012-10-12T05:22:26.000Z,,,,
"[{'type': 'replied_to', 'id': '1033456668485382145'}]",1033456752711409665,Twitter for iPhone,en,2018-08-25T20:51:05.000Z,@realamberheard hope you are having an awesome day,3425027579,807003567605227520,0,0,1,0,"[{'start': 0, 'end': 15, 'username': 'realamberheard', 'id': '807003567605227520'}]",,31,11,250,0,1033456668485382145,Twitter for iPhone,en,"[{'start': 140, 'end': 153, 'tag': 'maggienelson'}, {'start': 154, 'end': 161, 'tag': 'bluets'}]","[{'start': 10, 'end': 22, 'probability': 0.9941, 'type': 'Person', 'normalized_text': 'Maggie Nelson'}, {'start': 78, 'end': 83, 'probability': 0.568, 'type': 'Person', 'normalized_text': 'Seneca'}]",2018-08-25T20:50:45.000Z,Just read Maggie Nelson’s heartbreakingly beautiful Bluets. Reminds me of how Seneca writes about grief.  Breathtaking sincerity &amp; soul #maggienelson #bluets,807003567605227520,"Actor and Activist, semi-professional disruptor, ice cream advocate and shameless teacup yorkie-lover",https://pbs.twimg.com/profile_images/1383196364792680448/N8CdupEu_normal.jpg,807003567605227520,Amber Heard,190464,220,1151,567,realamberheard,2016-12-08T23:26:58.000Z,"Los Angeles, CA",https://t.co/Ze18Ek9SOI,cinema enthusiast △ constantly thinking about @bastilledan △ comic book geek,https://pbs.twimg.com/profile_images/1205894946630328320/h0gj8QEM_normal.jpg,3425027579,cansu,725,557,16504,4,divadhaller,2015-08-16T00:53:48.000Z,bastille / movies / comics.,https://t.co/ZOtH1nWw34,,
