in_reply_to_user_id,id,lang,author_id,referenced_tweets,text,created_at,source,entities.mentions,public_metrics.retweet_count,public_metrics.reply_count,public_metrics.like_count,public_metrics.quote_count,replied_tweet.id,replied_tweet.entities.urls,replied_tweet.entities.annotations,replied_tweet.lang,replied_tweet.author_id,replied_tweet.public_metrics.retweet_count,replied_tweet.public_metrics.reply_count,replied_tweet.public_metrics.like_count,replied_tweet.public_metrics.quote_count,replied_tweet.text,replied_tweet.created_at,replied_tweet.source,replied_tweet.author.url,replied_tweet.author.username,replied_tweet.author.description,replied_tweet.author.name,replied_tweet.author.location,replied_tweet.author.created_at,replied_tweet.author.profile_image_url,replied_tweet.author.public_metrics.followers_count,replied_tweet.author.public_metrics.following_count,replied_tweet.author.public_metrics.tweet_count,replied_tweet.author.public_metrics.listed_count,replied_tweet.author.id,author.url,author.username,author.description,author.name,author.location,author.created_at,author.profile_image_url,author.public_metrics.followers_count,author.public_metrics.following_count,author.public_metrics.tweet_count,author.public_metrics.listed_count,author.id,entities.annotations,entities.urls,entities.hashtags
807003567605227520,1373761168196653057,en,1371754301903802373,"[{'type': 'replied_to', 'id': '1039634206744141824'}]",@realamberheard Fuck meee ❤️,2021-03-21T22:19:20.000Z,Twitter for iPhone,"[{'start': 0, 'end': 15, 'username': 'realamberheard', 'id': '807003567605227520'}]",0,0,0,0,1039634206744141824,"[{'start': 244, 'end': 267, 'url': 'https://t.co/NEjB1KveZp', 'expanded_url': 'https://twitter.com/realamberheard/status/1039634206744141824/photo/1', 'display_url': 'pic.twitter.com/NEjB1KveZp'}]","[{'start': 33, 'end': 73, 'probability': 0.7604, 'type': 'Other', 'normalized_text': '16th Annual Cantor Fitzgerald Charity Day'}, {'start': 88, 'end': 104, 'probability': 0.9715, 'type': 'Person', 'normalized_text': 'Cantor Fitzgerald'}]",en,807003567605227520,200,61,2085,19,Honored to be taking part in the 16th Annual Cantor Fitzgerald Charity Day.  Every year Cantor Fitzgerald commemorates the anniversary of 9/11 by donating 100% of global revenue to charity. Today I visited their office and lent a helping hand. https://t.co/NEjB1KveZp,2018-09-11T21:58:05.000Z,Twitter for Android,https://t.co/Ze18Ek9SOI,realamberheard,"Actor and Activist, semi-professional disruptor, ice cream advocate and shameless teacup yorkie-lover",Amber Heard,"Los Angeles, CA",2016-12-08T23:26:58.000Z,https://pbs.twimg.com/profile_images/1383196364792680448/N8CdupEu_normal.jpg,190464,220,1151,567,807003567605227520,,ThatDamnKidTDK,,ThatDamnKid TDK,"Ohio, USA",2021-03-16T09:25:10.000Z,https://pbs.twimg.com/profile_images/1506001879628664843/7tME_nIj_normal.jpg,4,117,247,0,1371754301903802373,,,
1098759626,1050783821694681094,pt,1049636609715527680,"[{'type': 'replied_to', 'id': '1050783717554352128'}]",@AlexcunhaDa @realamberheard Ooooi nenê,2018-10-12T16:22:40.000Z,Twitter for Android,"[{'start': 0, 'end': 12, 'username': 'AlexcunhaDa', 'id': '1098759626'}, {'start': 13, 'end': 28, 'username': 'realamberheard', 'id': '807003567605227520'}]",0,0,1,0,1039634206744141824,"[{'start': 244, 'end': 267, 'url': 'https://t.co/NEjB1KveZp', 'expanded_url': 'https://twitter.com/realamberheard/status/1039634206744141824/photo/1', 'display_url': 'pic.twitter.com/NEjB1KveZp'}]","[{'start': 33, 'end': 73, 'probability': 0.7604, 'type': 'Other', 'normalized_text': '16th Annual Cantor Fitzgerald Charity Day'}, {'start': 88, 'end': 104, 'probability': 0.9715, 'type': 'Person', 'normalized_text': 'Cantor Fitzgerald'}]",en,807003567605227520,200,61,2085,19,Honored to be taking part in the 16th Annual Cantor Fitzgerald Charity Day.  Every year Cantor Fitzgerald commemorates the anniversary of 9/11 by donating 100% of global revenue to charity. Today I visited their office and lent a helping hand. https://t.co/NEjB1KveZp,2018-09-11T21:58:05.000Z,Twitter for Android,https://t.co/Ze18Ek9SOI,realamberheard,"Actor and Activist, semi-professional disruptor, ice cream advocate and shameless teacup yorkie-lover",Amber Heard,"Los Angeles, CA",2016-12-08T23:26:58.000Z,https://pbs.twimg.com/profile_images/1383196364792680448/N8CdupEu_normal.jpg,190464,220,1151,567,807003567605227520,,Brunowq2,"O único sobrevivente, do caos que existe em mim.
       
 Escritor no Instagram @_remetente_ 📮",Lobo,,2018-10-09T12:24:03.000Z,https://pbs.twimg.com/profile_images/1194640595966451713/4cGA4OPT_normal.jpg,51,169,241,0,1049636609715527680,,,
807003567605227520,1050783717554352128,pt,1098759626,"[{'type': 'replied_to', 'id': '1039634206744141824'}]",@realamberheard alô bb @Brunowq2,2018-10-12T16:22:15.000Z,Twitter Web Client,"[{'start': 0, 'end': 15, 'username': 'realamberheard', 'id': '807003567605227520'}, {'start': 23, 'end': 32, 'username': 'Brunowq2', 'id': '1049636609715527680'}]",0,1,1,0,1039634206744141824,"[{'start': 244, 'end': 267, 'url': 'https://t.co/NEjB1KveZp', 'expanded_url': 'https://twitter.com/realamberheard/status/1039634206744141824/photo/1', 'display_url': 'pic.twitter.com/NEjB1KveZp'}]","[{'start': 33, 'end': 73, 'probability': 0.7604, 'type': 'Other', 'normalized_text': '16th Annual Cantor Fitzgerald Charity Day'}, {'start': 88, 'end': 104, 'probability': 0.9715, 'type': 'Person', 'normalized_text': 'Cantor Fitzgerald'}]",en,807003567605227520,200,61,2085,19,Honored to be taking part in the 16th Annual Cantor Fitzgerald Charity Day.  Every year Cantor Fitzgerald commemorates the anniversary of 9/11 by donating 100% of global revenue to charity. Today I visited their office and lent a helping hand. https://t.co/NEjB1KveZp,2018-09-11T21:58:05.000Z,Twitter for Android,https://t.co/Ze18Ek9SOI,realamberheard,"Actor and Activist, semi-professional disruptor, ice cream advocate and shameless teacup yorkie-lover",Amber Heard,"Los Angeles, CA",2016-12-08T23:26:58.000Z,https://pbs.twimg.com/profile_images/1383196364792680448/N8CdupEu_normal.jpg,190464,220,1151,567,807003567605227520,,AlexcunhaDa,"🐺☕️📚🏋️
Maranhense ❤️🤍🖤",Alex Aleatório,,2013-01-17T17:17:46.000Z,https://pbs.twimg.com/profile_images/1457403132158398469/BOK8uyMq_normal.jpg,235,313,9132,1,1098759626,,,
807003567605227520,1043954523918782465,en,989633741114003456,"[{'type': 'replied_to', 'id': '1039634206744141824'}]","@realamberheard Dear amber,have a happy day my freind your appreciated always!!",2018-09-23T20:05:28.000Z,Twitter for Android,"[{'start': 0, 'end': 15, 'username': 'realamberheard', 'id': '807003567605227520'}]",0,0,1,0,1039634206744141824,"[{'start': 244, 'end': 267, 'url': 'https://t.co/NEjB1KveZp', 'expanded_url': 'https://twitter.com/realamberheard/status/1039634206744141824/photo/1', 'display_url': 'pic.twitter.com/NEjB1KveZp'}]","[{'start': 33, 'end': 73, 'probability': 0.7604, 'type': 'Other', 'normalized_text': '16th Annual Cantor Fitzgerald Charity Day'}, {'start': 88, 'end': 104, 'probability': 0.9715, 'type': 'Person', 'normalized_text': 'Cantor Fitzgerald'}]",en,807003567605227520,200,61,2085,19,Honored to be taking part in the 16th Annual Cantor Fitzgerald Charity Day.  Every year Cantor Fitzgerald commemorates the anniversary of 9/11 by donating 100% of global revenue to charity. Today I visited their office and lent a helping hand. https://t.co/NEjB1KveZp,2018-09-11T21:58:05.000Z,Twitter for Android,https://t.co/Ze18Ek9SOI,realamberheard,"Actor and Activist, semi-professional disruptor, ice cream advocate and shameless teacup yorkie-lover",Amber Heard,"Los Angeles, CA",2016-12-08T23:26:58.000Z,https://pbs.twimg.com/profile_images/1383196364792680448/N8CdupEu_normal.jpg,190464,220,1151,567,807003567605227520,,Paulwalwanis7,"Comedy,counselor",Paulwalwanis,"Long Island,new York",2018-04-26T22:34:05.000Z,https://abs.twimg.com/sticky/default_profile_images/default_profile_normal.png,39,269,44974,0,989633741114003456,"[{'start': 21, 'end': 25, 'probability': 0.9181, 'type': 'Person', 'normalized_text': 'amber'}]",,
807003567605227520,1043952018405183488,en,1043834614643609600,"[{'type': 'replied_to', 'id': '1039634206744141824'}]",@realamberheard Please reply i realy love you from the depth of heart and want to live with you end of life,2018-09-23T19:55:31.000Z,Twitter for Android,"[{'start': 0, 'end': 15, 'username': 'realamberheard', 'id': '807003567605227520'}]",0,0,1,0,1039634206744141824,"[{'start': 244, 'end': 267, 'url': 'https://t.co/NEjB1KveZp', 'expanded_url': 'https://twitter.com/realamberheard/status/1039634206744141824/photo/1', 'display_url': 'pic.twitter.com/NEjB1KveZp'}]","[{'start': 33, 'end': 73, 'probability': 0.7604, 'type': 'Other', 'normalized_text': '16th Annual Cantor Fitzgerald Charity Day'}, {'start': 88, 'end': 104, 'probability': 0.9715, 'type': 'Person', 'normalized_text': 'Cantor Fitzgerald'}]",en,807003567605227520,200,61,2085,19,Honored to be taking part in the 16th Annual Cantor Fitzgerald Charity Day.  Every year Cantor Fitzgerald commemorates the anniversary of 9/11 by donating 100% of global revenue to charity. Today I visited their office and lent a helping hand. https://t.co/NEjB1KveZp,2018-09-11T21:58:05.000Z,Twitter for Android,https://t.co/Ze18Ek9SOI,realamberheard,"Actor and Activist, semi-professional disruptor, ice cream advocate and shameless teacup yorkie-lover",Amber Heard,"Los Angeles, CA",2016-12-08T23:26:58.000Z,https://pbs.twimg.com/profile_images/1383196364792680448/N8CdupEu_normal.jpg,190464,220,1151,567,807003567605227520,,Mubashi12545881,I love pakistan,Mubashir jutt,"Lahore, Pakistan",2018-09-23T12:09:00.000Z,https://pbs.twimg.com/profile_images/1043949592855957505/lvjGNM_3_normal.jpg,2,1,28,0,1043834614643609600,,,
807003567605227520,1041536793777266693,en,821168151262011394,"[{'type': 'replied_to', 'id': '1039634206744141824'}]",@realamberheard Just don’t poo there and blame the dog,2018-09-17T03:58:17.000Z,Twitter for iPhone,"[{'start': 0, 'end': 15, 'username': 'realamberheard', 'id': '807003567605227520'}]",1,0,7,0,1039634206744141824,"[{'start': 244, 'end': 267, 'url': 'https://t.co/NEjB1KveZp', 'expanded_url': 'https://twitter.com/realamberheard/status/1039634206744141824/photo/1', 'display_url': 'pic.twitter.com/NEjB1KveZp'}]","[{'start': 33, 'end': 73, 'probability': 0.7604, 'type': 'Other', 'normalized_text': '16th Annual Cantor Fitzgerald Charity Day'}, {'start': 88, 'end': 104, 'probability': 0.9715, 'type': 'Person', 'normalized_text': 'Cantor Fitzgerald'}]",en,807003567605227520,200,61,2085,19,Honored to be taking part in the 16th Annual Cantor Fitzgerald Charity Day.  Every year Cantor Fitzgerald commemorates the anniversary of 9/11 by donating 100% of global revenue to charity. Today I visited their office and lent a helping hand. https://t.co/NEjB1KveZp,2018-09-11T21:58:05.000Z,Twitter for Android,https://t.co/Ze18Ek9SOI,realamberheard,"Actor and Activist, semi-professional disruptor, ice cream advocate and shameless teacup yorkie-lover",Amber Heard,"Los Angeles, CA",2016-12-08T23:26:58.000Z,https://pbs.twimg.com/profile_images/1383196364792680448/N8CdupEu_normal.jpg,190464,220,1151,567,807003567605227520,,peanutsmooth130,advocate for truth and justice #justiceforjohnnydepp,Peanut,England,2017-01-17T01:31:58.000Z,https://pbs.twimg.com/profile_images/1375280134102556673/z30TgPUL_normal.jpg,75,31,2340,1,821168151262011394,,,
807003567605227520,1041163711644352512,en,989633741114003456,"[{'type': 'replied_to', 'id': '1039634206744141824'}]","@realamberheard Dear amber,have a very happy weekend my freind it's very nice in new York like summer!!good nite!!",2018-09-16T03:15:47.000Z,Twitter for Android,"[{'start': 0, 'end': 15, 'username': 'realamberheard', 'id': '807003567605227520'}]",0,0,1,0,1039634206744141824,"[{'start': 244, 'end': 267, 'url': 'https://t.co/NEjB1KveZp', 'expanded_url': 'https://twitter.com/realamberheard/status/1039634206744141824/photo/1', 'display_url': 'pic.twitter.com/NEjB1KveZp'}]","[{'start': 33, 'end': 73, 'probability': 0.7604, 'type': 'Other', 'normalized_text': '16th Annual Cantor Fitzgerald Charity Day'}, {'start': 88, 'end': 104, 'probability': 0.9715, 'type': 'Person', 'normalized_text': 'Cantor Fitzgerald'}]",en,807003567605227520,200,61,2085,19,Honored to be taking part in the 16th Annual Cantor Fitzgerald Charity Day.  Every year Cantor Fitzgerald commemorates the anniversary of 9/11 by donating 100% of global revenue to charity. Today I visited their office and lent a helping hand. https://t.co/NEjB1KveZp,2018-09-11T21:58:05.000Z,Twitter for Android,https://t.co/Ze18Ek9SOI,realamberheard,"Actor and Activist, semi-professional disruptor, ice cream advocate and shameless teacup yorkie-lover",Amber Heard,"Los Angeles, CA",2016-12-08T23:26:58.000Z,https://pbs.twimg.com/profile_images/1383196364792680448/N8CdupEu_normal.jpg,190464,220,1151,567,807003567605227520,,Paulwalwanis7,"Comedy,counselor",Paulwalwanis,"Long Island,new York",2018-04-26T22:34:05.000Z,https://abs.twimg.com/sticky/default_profile_images/default_profile_normal.png,39,269,44974,0,989633741114003456,"[{'start': 21, 'end': 25, 'probability': 0.9165, 'type': 'Person', 'normalized_text': 'amber'}, {'start': 81, 'end': 88, 'probability': 0.9065, 'type': 'Place', 'normalized_text': 'new York'}]",,
481600053,1040793478911983616,en,98775331,"[{'type': 'replied_to', 'id': '1039639868945719296'}]",@EuFernandoBr @realamberheard Where's this from?,2018-09-15T02:44:37.000Z,Twitter for Android,"[{'start': 14, 'end': 29, 'username': 'realamberheard', 'id': '807003567605227520'}]",0,0,0,0,1039634206744141824,"[{'start': 244, 'end': 267, 'url': 'https://t.co/NEjB1KveZp', 'expanded_url': 'https://twitter.com/realamberheard/status/1039634206744141824/photo/1', 'display_url': 'pic.twitter.com/NEjB1KveZp'}]","[{'start': 33, 'end': 73, 'probability': 0.7604, 'type': 'Other', 'normalized_text': '16th Annual Cantor Fitzgerald Charity Day'}, {'start': 88, 'end': 104, 'probability': 0.9715, 'type': 'Person', 'normalized_text': 'Cantor Fitzgerald'}]",en,807003567605227520,200,61,2085,19,Honored to be taking part in the 16th Annual Cantor Fitzgerald Charity Day.  Every year Cantor Fitzgerald commemorates the anniversary of 9/11 by donating 100% of global revenue to charity. Today I visited their office and lent a helping hand. https://t.co/NEjB1KveZp,2018-09-11T21:58:05.000Z,Twitter for Android,https://t.co/Ze18Ek9SOI,realamberheard,"Actor and Activist, semi-professional disruptor, ice cream advocate and shameless teacup yorkie-lover",Amber Heard,"Los Angeles, CA",2016-12-08T23:26:58.000Z,https://pbs.twimg.com/profile_images/1383196364792680448/N8CdupEu_normal.jpg,190464,220,1151,567,807003567605227520,https://t.co/w21eB5IZQa,bclee__,What is this Twitter Thang,Barry Lee,"New York, NY",2009-12-23T02:40:00.000Z,https://pbs.twimg.com/profile_images/821734968028106755/8J0qjin1_normal.jpg,155,271,1380,3,98775331,,,
807003567605227520,1040790083052425217,en,989633741114003456,"[{'type': 'replied_to', 'id': '1039634206744141824'}]","@realamberheard Dear amber,have a happy weekend my freind your appreciated always!!",2018-09-15T02:31:07.000Z,Twitter for Android,"[{'start': 0, 'end': 15, 'username': 'realamberheard', 'id': '807003567605227520'}]",0,0,1,0,1039634206744141824,"[{'start': 244, 'end': 267, 'url': 'https://t.co/NEjB1KveZp', 'expanded_url': 'https://twitter.com/realamberheard/status/1039634206744141824/photo/1', 'display_url': 'pic.twitter.com/NEjB1KveZp'}]","[{'start': 33, 'end': 73, 'probability': 0.7604, 'type': 'Other', 'normalized_text': '16th Annual Cantor Fitzgerald Charity Day'}, {'start': 88, 'end': 104, 'probability': 0.9715, 'type': 'Person', 'normalized_text': 'Cantor Fitzgerald'}]",en,807003567605227520,200,61,2085,19,Honored to be taking part in the 16th Annual Cantor Fitzgerald Charity Day.  Every year Cantor Fitzgerald commemorates the anniversary of 9/11 by donating 100% of global revenue to charity. Today I visited their office and lent a helping hand. https://t.co/NEjB1KveZp,2018-09-11T21:58:05.000Z,Twitter for Android,https://t.co/Ze18Ek9SOI,realamberheard,"Actor and Activist, semi-professional disruptor, ice cream advocate and shameless teacup yorkie-lover",Amber Heard,"Los Angeles, CA",2016-12-08T23:26:58.000Z,https://pbs.twimg.com/profile_images/1383196364792680448/N8CdupEu_normal.jpg,190464,220,1151,567,807003567605227520,,Paulwalwanis7,"Comedy,counselor",Paulwalwanis,"Long Island,new York",2018-04-26T22:34:05.000Z,https://abs.twimg.com/sticky/default_profile_images/default_profile_normal.png,39,269,44974,0,989633741114003456,"[{'start': 21, 'end': 25, 'probability': 0.923, 'type': 'Person', 'normalized_text': 'amber'}]",,
807003567605227520,1040714597727121413,en,1013741358832668672,"[{'type': 'replied_to', 'id': '1039634206744141824'}]",@realamberheard Such a beautiful woman inside and out! Doing the meaningful things off screen counts so much. I was excited to see you in Justice league and even more so on your bigger role in @aquamanmovie You worked hard and deserve it! You were heart inspiration for my novel. All the best!🤩,2018-09-14T21:31:10.000Z,Twitter Web Client,"[{'start': 0, 'end': 15, 'username': 'realamberheard', 'id': '807003567605227520'}, {'start': 193, 'end': 206, 'username': 'aquamanmovie', 'id': '859174864220938241'}]",0,1,1,0,1039634206744141824,"[{'start': 244, 'end': 267, 'url': 'https://t.co/NEjB1KveZp', 'expanded_url': 'https://twitter.com/realamberheard/status/1039634206744141824/photo/1', 'display_url': 'pic.twitter.com/NEjB1KveZp'}]","[{'start': 33, 'end': 73, 'probability': 0.7604, 'type': 'Other', 'normalized_text': '16th Annual Cantor Fitzgerald Charity Day'}, {'start': 88, 'end': 104, 'probability': 0.9715, 'type': 'Person', 'normalized_text': 'Cantor Fitzgerald'}]",en,807003567605227520,200,61,2085,19,Honored to be taking part in the 16th Annual Cantor Fitzgerald Charity Day.  Every year Cantor Fitzgerald commemorates the anniversary of 9/11 by donating 100% of global revenue to charity. Today I visited their office and lent a helping hand. https://t.co/NEjB1KveZp,2018-09-11T21:58:05.000Z,Twitter for Android,https://t.co/Ze18Ek9SOI,realamberheard,"Actor and Activist, semi-professional disruptor, ice cream advocate and shameless teacup yorkie-lover",Amber Heard,"Los Angeles, CA",2016-12-08T23:26:58.000Z,https://pbs.twimg.com/profile_images/1383196364792680448/N8CdupEu_normal.jpg,190464,220,1151,567,807003567605227520,https://t.co/dTh3tBXEnj,TAugustGreen1,"Husband, father, gearhead, writer and a life-long dreamer that loves nothing better than road trip with my wife",T. August Green,"Virginia, USA",2018-07-02T11:09:09.000Z,https://pbs.twimg.com/profile_images/1013752255973953536/e88VA-7m_normal.jpg,91,83,6683,0,1013741358832668672,,,
807003567605227520,1040525766914723841,en,852209025576030212,"[{'type': 'replied_to', 'id': '1039634206744141824'}]",@realamberheard Good luck lady,2018-09-14T09:00:49.000Z,Twitter for Android,"[{'start': 0, 'end': 15, 'username': 'realamberheard', 'id': '807003567605227520'}]",0,0,1,0,1039634206744141824,"[{'start': 244, 'end': 267, 'url': 'https://t.co/NEjB1KveZp', 'expanded_url': 'https://twitter.com/realamberheard/status/1039634206744141824/photo/1', 'display_url': 'pic.twitter.com/NEjB1KveZp'}]","[{'start': 33, 'end': 73, 'probability': 0.7604, 'type': 'Other', 'normalized_text': '16th Annual Cantor Fitzgerald Charity Day'}, {'start': 88, 'end': 104, 'probability': 0.9715, 'type': 'Person', 'normalized_text': 'Cantor Fitzgerald'}]",en,807003567605227520,200,61,2085,19,Honored to be taking part in the 16th Annual Cantor Fitzgerald Charity Day.  Every year Cantor Fitzgerald commemorates the anniversary of 9/11 by donating 100% of global revenue to charity. Today I visited their office and lent a helping hand. https://t.co/NEjB1KveZp,2018-09-11T21:58:05.000Z,Twitter for Android,https://t.co/Ze18Ek9SOI,realamberheard,"Actor and Activist, semi-professional disruptor, ice cream advocate and shameless teacup yorkie-lover",Amber Heard,"Los Angeles, CA",2016-12-08T23:26:58.000Z,https://pbs.twimg.com/profile_images/1383196364792680448/N8CdupEu_normal.jpg,190464,220,1151,567,807003567605227520,,AsgharRayegani,"‏ما زنده از آنیم که آرام نگیریم
موجیم که خاموشی ما عدم ماست",Asghar Rayegani,Keramanshah_Mazandaran_IRAN,2017-04-12T17:17:19.000Z,https://pbs.twimg.com/profile_images/1383633395612143629/04edTkbq_normal.jpg,16,16,237,0,852209025576030212,,,
807003567605227520,1040358892528648194,en,728274848754110464,"[{'type': 'replied_to', 'id': '1039634206744141824'}]","@realamberheard @AmberHeardBRA Hallo Amber,,Job for me,,Investor-Startup..Thank.",2018-09-13T21:57:43.000Z,Twitter Web Client,"[{'start': 0, 'end': 15, 'username': 'realamberheard', 'id': '807003567605227520'}, {'start': 16, 'end': 30, 'username': 'AmberHeardBRA', 'id': '1904830838'}]",0,1,1,0,1039634206744141824,"[{'start': 244, 'end': 267, 'url': 'https://t.co/NEjB1KveZp', 'expanded_url': 'https://twitter.com/realamberheard/status/1039634206744141824/photo/1', 'display_url': 'pic.twitter.com/NEjB1KveZp'}]","[{'start': 33, 'end': 73, 'probability': 0.7604, 'type': 'Other', 'normalized_text': '16th Annual Cantor Fitzgerald Charity Day'}, {'start': 88, 'end': 104, 'probability': 0.9715, 'type': 'Person', 'normalized_text': 'Cantor Fitzgerald'}]",en,807003567605227520,200,61,2085,19,Honored to be taking part in the 16th Annual Cantor Fitzgerald Charity Day.  Every year Cantor Fitzgerald commemorates the anniversary of 9/11 by donating 100% of global revenue to charity. Today I visited their office and lent a helping hand. https://t.co/NEjB1KveZp,2018-09-11T21:58:05.000Z,Twitter for Android,https://t.co/Ze18Ek9SOI,realamberheard,"Actor and Activist, semi-professional disruptor, ice cream advocate and shameless teacup yorkie-lover",Amber Heard,"Los Angeles, CA",2016-12-08T23:26:58.000Z,https://pbs.twimg.com/profile_images/1383196364792680448/N8CdupEu_normal.jpg,190464,220,1151,567,807003567605227520,,norbert_kukla,"Who lives my dream?.Sto cercando,,Who borrow money?,-""Startup-Application""-5.000.-80.000.€. SK14 8330 0000 0027 0199 3526./SWIFT-FIOZSKBAXXX.,Grazie,Thank.",Norbert,Bratislava,2016-05-05T17:27:09.000Z,https://pbs.twimg.com/profile_images/1499739852870492171/pCwXQNgW_normal.jpg,734,5007,23200,50,728274848754110464,"[{'start': 37, 'end': 41, 'probability': 0.4598, 'type': 'Person', 'normalized_text': 'Amber'}]",,
807003567605227520,1040184062416048128,en,211230008,"[{'type': 'replied_to', 'id': '1039634206744141824'}]",@realamberheard Amazingly gorgeous Amber! 💙😍😘,2018-09-13T10:23:00.000Z,Twitter Web Client,"[{'start': 0, 'end': 15, 'username': 'realamberheard', 'id': '807003567605227520'}]",0,0,2,0,1039634206744141824,"[{'start': 244, 'end': 267, 'url': 'https://t.co/NEjB1KveZp', 'expanded_url': 'https://twitter.com/realamberheard/status/1039634206744141824/photo/1', 'display_url': 'pic.twitter.com/NEjB1KveZp'}]","[{'start': 33, 'end': 73, 'probability': 0.7604, 'type': 'Other', 'normalized_text': '16th Annual Cantor Fitzgerald Charity Day'}, {'start': 88, 'end': 104, 'probability': 0.9715, 'type': 'Person', 'normalized_text': 'Cantor Fitzgerald'}]",en,807003567605227520,200,61,2085,19,Honored to be taking part in the 16th Annual Cantor Fitzgerald Charity Day.  Every year Cantor Fitzgerald commemorates the anniversary of 9/11 by donating 100% of global revenue to charity. Today I visited their office and lent a helping hand. https://t.co/NEjB1KveZp,2018-09-11T21:58:05.000Z,Twitter for Android,https://t.co/Ze18Ek9SOI,realamberheard,"Actor and Activist, semi-professional disruptor, ice cream advocate and shameless teacup yorkie-lover",Amber Heard,"Los Angeles, CA",2016-12-08T23:26:58.000Z,https://pbs.twimg.com/profile_images/1383196364792680448/N8CdupEu_normal.jpg,190464,220,1151,567,807003567605227520,,iBollyKush,Fan Account I Dreamer. #SpreadLove ❤️,Kush ❤️,,2010-11-02T17:49:37.000Z,https://pbs.twimg.com/profile_images/1478980501868216323/K2nRLdwm_normal.jpg,5292,759,75880,0,211230008,"[{'start': 35, 'end': 39, 'probability': 0.961, 'type': 'Person', 'normalized_text': 'Amber'}]",,
807003567605227520,1040074363645710341,es,3219747716,"[{'type': 'replied_to', 'id': '1039634206744141824'}]",@realamberheard Eres una belleza superior!  Bravo! 😊👍,2018-09-13T03:07:06.000Z,Twitter for Android,"[{'start': 0, 'end': 15, 'username': 'realamberheard', 'id': '807003567605227520'}]",0,0,2,0,1039634206744141824,"[{'start': 244, 'end': 267, 'url': 'https://t.co/NEjB1KveZp', 'expanded_url': 'https://twitter.com/realamberheard/status/1039634206744141824/photo/1', 'display_url': 'pic.twitter.com/NEjB1KveZp'}]","[{'start': 33, 'end': 73, 'probability': 0.7604, 'type': 'Other', 'normalized_text': '16th Annual Cantor Fitzgerald Charity Day'}, {'start': 88, 'end': 104, 'probability': 0.9715, 'type': 'Person', 'normalized_text': 'Cantor Fitzgerald'}]",en,807003567605227520,200,61,2085,19,Honored to be taking part in the 16th Annual Cantor Fitzgerald Charity Day.  Every year Cantor Fitzgerald commemorates the anniversary of 9/11 by donating 100% of global revenue to charity. Today I visited their office and lent a helping hand. https://t.co/NEjB1KveZp,2018-09-11T21:58:05.000Z,Twitter for Android,https://t.co/Ze18Ek9SOI,realamberheard,"Actor and Activist, semi-professional disruptor, ice cream advocate and shameless teacup yorkie-lover",Amber Heard,"Los Angeles, CA",2016-12-08T23:26:58.000Z,https://pbs.twimg.com/profile_images/1383196364792680448/N8CdupEu_normal.jpg,190464,220,1151,567,807003567605227520,,apostoldeeros,All you need is love  🎶🎵💗 Instagram : Mil_JimCas 🌟👍😊,Lord Bird,North America 🇲🇽🇺🇸🇨🇦,2015-05-18T21:48:52.000Z,https://pbs.twimg.com/profile_images/1483710074476535810/E9z2Nwuk_normal.jpg,257,125,91667,108,3219747716,,,
807003567605227520,1040064075101863937,en,633958808,"[{'type': 'replied_to', 'id': '1039634206744141824'}]",@realamberheard What beauty Wow!!,2018-09-13T02:26:13.000Z,Twitter for Android,"[{'start': 0, 'end': 15, 'username': 'realamberheard', 'id': '807003567605227520'}]",0,1,2,0,1039634206744141824,"[{'start': 244, 'end': 267, 'url': 'https://t.co/NEjB1KveZp', 'expanded_url': 'https://twitter.com/realamberheard/status/1039634206744141824/photo/1', 'display_url': 'pic.twitter.com/NEjB1KveZp'}]","[{'start': 33, 'end': 73, 'probability': 0.7604, 'type': 'Other', 'normalized_text': '16th Annual Cantor Fitzgerald Charity Day'}, {'start': 88, 'end': 104, 'probability': 0.9715, 'type': 'Person', 'normalized_text': 'Cantor Fitzgerald'}]",en,807003567605227520,200,61,2085,19,Honored to be taking part in the 16th Annual Cantor Fitzgerald Charity Day.  Every year Cantor Fitzgerald commemorates the anniversary of 9/11 by donating 100% of global revenue to charity. Today I visited their office and lent a helping hand. https://t.co/NEjB1KveZp,2018-09-11T21:58:05.000Z,Twitter for Android,https://t.co/Ze18Ek9SOI,realamberheard,"Actor and Activist, semi-professional disruptor, ice cream advocate and shameless teacup yorkie-lover",Amber Heard,"Los Angeles, CA",2016-12-08T23:26:58.000Z,https://pbs.twimg.com/profile_images/1383196364792680448/N8CdupEu_normal.jpg,190464,220,1151,567,807003567605227520,,dancast247,my joyful personality,Daniel Castillo,,2012-07-12T18:53:03.000Z,https://pbs.twimg.com/profile_images/676478932384894976/nqq9YvZy_normal.jpg,70,1063,332,0,633958808,,,
807003567605227520,1040009983818178560,en,802472225270022144,"[{'type': 'replied_to', 'id': '1039634206744141824'}]","@realamberheard I believe you accidentally posted this photo for this important ocasion. As this photo should be for some of your crush or for some sexy magazine. For sure you've been deliberately disrespectful.Would not you be so selfish and cruel like that, would you?",2018-09-12T22:51:17.000Z,Twitter Web App,"[{'start': 0, 'end': 15, 'username': 'realamberheard', 'id': '807003567605227520'}]",1,0,3,0,1039634206744141824,"[{'start': 244, 'end': 267, 'url': 'https://t.co/NEjB1KveZp', 'expanded_url': 'https://twitter.com/realamberheard/status/1039634206744141824/photo/1', 'display_url': 'pic.twitter.com/NEjB1KveZp'}]","[{'start': 33, 'end': 73, 'probability': 0.7604, 'type': 'Other', 'normalized_text': '16th Annual Cantor Fitzgerald Charity Day'}, {'start': 88, 'end': 104, 'probability': 0.9715, 'type': 'Person', 'normalized_text': 'Cantor Fitzgerald'}]",en,807003567605227520,200,61,2085,19,Honored to be taking part in the 16th Annual Cantor Fitzgerald Charity Day.  Every year Cantor Fitzgerald commemorates the anniversary of 9/11 by donating 100% of global revenue to charity. Today I visited their office and lent a helping hand. https://t.co/NEjB1KveZp,2018-09-11T21:58:05.000Z,Twitter for Android,https://t.co/Ze18Ek9SOI,realamberheard,"Actor and Activist, semi-professional disruptor, ice cream advocate and shameless teacup yorkie-lover",Amber Heard,"Los Angeles, CA",2016-12-08T23:26:58.000Z,https://pbs.twimg.com/profile_images/1383196364792680448/N8CdupEu_normal.jpg,190464,220,1151,567,807003567605227520,,nz688,,Nicole sztin,,2016-11-26T11:21:02.000Z,https://pbs.twimg.com/profile_images/1323376204984971265/UBx-HbKj_normal.png,362,651,23722,2,802472225270022144,,,
807003567605227520,1040005507375919104,en,171258652,"[{'type': 'replied_to', 'id': '1039634206744141824'}]",@realamberheard look beautiful and 🔥🔥🙂🔥,2018-09-12T22:33:29.000Z,Twitter Web Client,"[{'start': 0, 'end': 15, 'username': 'realamberheard', 'id': '807003567605227520'}]",0,1,3,0,1039634206744141824,"[{'start': 244, 'end': 267, 'url': 'https://t.co/NEjB1KveZp', 'expanded_url': 'https://twitter.com/realamberheard/status/1039634206744141824/photo/1', 'display_url': 'pic.twitter.com/NEjB1KveZp'}]","[{'start': 33, 'end': 73, 'probability': 0.7604, 'type': 'Other', 'normalized_text': '16th Annual Cantor Fitzgerald Charity Day'}, {'start': 88, 'end': 104, 'probability': 0.9715, 'type': 'Person', 'normalized_text': 'Cantor Fitzgerald'}]",en,807003567605227520,200,61,2085,19,Honored to be taking part in the 16th Annual Cantor Fitzgerald Charity Day.  Every year Cantor Fitzgerald commemorates the anniversary of 9/11 by donating 100% of global revenue to charity. Today I visited their office and lent a helping hand. https://t.co/NEjB1KveZp,2018-09-11T21:58:05.000Z,Twitter for Android,https://t.co/Ze18Ek9SOI,realamberheard,"Actor and Activist, semi-professional disruptor, ice cream advocate and shameless teacup yorkie-lover",Amber Heard,"Los Angeles, CA",2016-12-08T23:26:58.000Z,https://pbs.twimg.com/profile_images/1383196364792680448/N8CdupEu_normal.jpg,190464,220,1151,567,807003567605227520,,TFR2006,funny and Artist.,Tyler,Norfolk/ Virginia beach va,2010-07-26T23:14:07.000Z,https://pbs.twimg.com/profile_images/1326264893847330817/oHG7D2Vz_normal.jpg,356,3941,17072,3,171258652,,,
807003567605227520,1039973790573363200,fr,827604575465197573,"[{'type': 'replied_to', 'id': '1039634206744141824'}]",@realamberheard @ambergorgeous3 NOUS SOMME TOUJOURS FIER ET HONNORES DE TE  VOIR DANS LES GRANDES MANIFISTATIONS ET D AUTRE MERCI AMBER,2018-09-12T20:27:28.000Z,Twitter Web Client,"[{'start': 0, 'end': 15, 'username': 'realamberheard', 'id': '807003567605227520'}]",0,0,1,0,1039634206744141824,"[{'start': 244, 'end': 267, 'url': 'https://t.co/NEjB1KveZp', 'expanded_url': 'https://twitter.com/realamberheard/status/1039634206744141824/photo/1', 'display_url': 'pic.twitter.com/NEjB1KveZp'}]","[{'start': 33, 'end': 73, 'probability': 0.7604, 'type': 'Other', 'normalized_text': '16th Annual Cantor Fitzgerald Charity Day'}, {'start': 88, 'end': 104, 'probability': 0.9715, 'type': 'Person', 'normalized_text': 'Cantor Fitzgerald'}]",en,807003567605227520,200,61,2085,19,Honored to be taking part in the 16th Annual Cantor Fitzgerald Charity Day.  Every year Cantor Fitzgerald commemorates the anniversary of 9/11 by donating 100% of global revenue to charity. Today I visited their office and lent a helping hand. https://t.co/NEjB1KveZp,2018-09-11T21:58:05.000Z,Twitter for Android,https://t.co/Ze18Ek9SOI,realamberheard,"Actor and Activist, semi-professional disruptor, ice cream advocate and shameless teacup yorkie-lover",Amber Heard,"Los Angeles, CA",2016-12-08T23:26:58.000Z,https://pbs.twimg.com/profile_images/1383196364792680448/N8CdupEu_normal.jpg,190464,220,1151,567,807003567605227520,,TayabNacer,,tayab nacer eddine,,2017-02-03T19:48:01.000Z,https://abs.twimg.com/sticky/default_profile_images/default_profile_normal.png,30,85,9606,0,827604575465197573,,,
807003567605227520,1039831441507606529,und,161089054,"[{'type': 'replied_to', 'id': '1039634206744141824'}]",@realamberheard 😘😍😍😍😍😍,2018-09-12T11:01:49.000Z,Twitter for Android,"[{'start': 0, 'end': 15, 'username': 'realamberheard', 'id': '807003567605227520'}]",0,1,2,0,1039634206744141824,"[{'start': 244, 'end': 267, 'url': 'https://t.co/NEjB1KveZp', 'expanded_url': 'https://twitter.com/realamberheard/status/1039634206744141824/photo/1', 'display_url': 'pic.twitter.com/NEjB1KveZp'}]","[{'start': 33, 'end': 73, 'probability': 0.7604, 'type': 'Other', 'normalized_text': '16th Annual Cantor Fitzgerald Charity Day'}, {'start': 88, 'end': 104, 'probability': 0.9715, 'type': 'Person', 'normalized_text': 'Cantor Fitzgerald'}]",en,807003567605227520,200,61,2085,19,Honored to be taking part in the 16th Annual Cantor Fitzgerald Charity Day.  Every year Cantor Fitzgerald commemorates the anniversary of 9/11 by donating 100% of global revenue to charity. Today I visited their office and lent a helping hand. https://t.co/NEjB1KveZp,2018-09-11T21:58:05.000Z,Twitter for Android,https://t.co/Ze18Ek9SOI,realamberheard,"Actor and Activist, semi-professional disruptor, ice cream advocate and shameless teacup yorkie-lover",Amber Heard,"Los Angeles, CA",2016-12-08T23:26:58.000Z,https://pbs.twimg.com/profile_images/1383196364792680448/N8CdupEu_normal.jpg,190464,220,1151,567,807003567605227520,,elDJ3000,Radiofónista,Martín Hernán de Baquero (MHdB),el país de las maravillas ,2010-06-29T23:41:03.000Z,https://pbs.twimg.com/profile_images/1494850066611380225/jeiWpmse_normal.jpg,1134,4992,54004,6,161089054,,,
807003567605227520,1039735339093512192,en,1029570404669693952,"[{'type': 'replied_to', 'id': '1039634206744141824'}]",@realamberheard Happy to know this,2018-09-12T04:39:56.000Z,Twitter for Android,"[{'start': 0, 'end': 15, 'username': 'realamberheard', 'id': '807003567605227520'}]",0,0,1,0,1039634206744141824,"[{'start': 244, 'end': 267, 'url': 'https://t.co/NEjB1KveZp', 'expanded_url': 'https://twitter.com/realamberheard/status/1039634206744141824/photo/1', 'display_url': 'pic.twitter.com/NEjB1KveZp'}]","[{'start': 33, 'end': 73, 'probability': 0.7604, 'type': 'Other', 'normalized_text': '16th Annual Cantor Fitzgerald Charity Day'}, {'start': 88, 'end': 104, 'probability': 0.9715, 'type': 'Person', 'normalized_text': 'Cantor Fitzgerald'}]",en,807003567605227520,200,61,2085,19,Honored to be taking part in the 16th Annual Cantor Fitzgerald Charity Day.  Every year Cantor Fitzgerald commemorates the anniversary of 9/11 by donating 100% of global revenue to charity. Today I visited their office and lent a helping hand. https://t.co/NEjB1KveZp,2018-09-11T21:58:05.000Z,Twitter for Android,https://t.co/Ze18Ek9SOI,realamberheard,"Actor and Activist, semi-professional disruptor, ice cream advocate and shameless teacup yorkie-lover",Amber Heard,"Los Angeles, CA",2016-12-08T23:26:58.000Z,https://pbs.twimg.com/profile_images/1383196364792680448/N8CdupEu_normal.jpg,190464,220,1151,567,807003567605227520,,MuneebYounas13,I'm Student of Theology.,Muneeb Younas,Pakistan ,2018-08-15T03:28:07.000Z,https://pbs.twimg.com/profile_images/1049930728249671681/H0_2gTD6_normal.jpg,20,11,308,0,1029570404669693952,,,
807003567605227520,1039731720269045761,en,1036837367259136000,"[{'type': 'replied_to', 'id': '1039634206744141824'}]",@realamberheard Wow so beautiful,2018-09-12T04:25:34.000Z,Twitter for Android,"[{'start': 0, 'end': 15, 'username': 'realamberheard', 'id': '807003567605227520'}]",0,0,3,0,1039634206744141824,"[{'start': 244, 'end': 267, 'url': 'https://t.co/NEjB1KveZp', 'expanded_url': 'https://twitter.com/realamberheard/status/1039634206744141824/photo/1', 'display_url': 'pic.twitter.com/NEjB1KveZp'}]","[{'start': 33, 'end': 73, 'probability': 0.7604, 'type': 'Other', 'normalized_text': '16th Annual Cantor Fitzgerald Charity Day'}, {'start': 88, 'end': 104, 'probability': 0.9715, 'type': 'Person', 'normalized_text': 'Cantor Fitzgerald'}]",en,807003567605227520,200,61,2085,19,Honored to be taking part in the 16th Annual Cantor Fitzgerald Charity Day.  Every year Cantor Fitzgerald commemorates the anniversary of 9/11 by donating 100% of global revenue to charity. Today I visited their office and lent a helping hand. https://t.co/NEjB1KveZp,2018-09-11T21:58:05.000Z,Twitter for Android,https://t.co/Ze18Ek9SOI,realamberheard,"Actor and Activist, semi-professional disruptor, ice cream advocate and shameless teacup yorkie-lover",Amber Heard,"Los Angeles, CA",2016-12-08T23:26:58.000Z,https://pbs.twimg.com/profile_images/1383196364792680448/N8CdupEu_normal.jpg,190464,220,1151,567,807003567605227520,,COMICLOVERZ,frnds are best guide after parents and teacher,DC and Marvel fan base,"Vijayawada, India",2018-09-04T04:44:26.000Z,https://pbs.twimg.com/profile_images/1348009206293565443/MyPCt8zM_normal.jpg,6,81,396,0,1036837367259136000,,,
807003567605227520,1039711702487650304,en,161368964,"[{'type': 'replied_to', 'id': '1039634206744141824'}]","@realamberheard VERY NICE BABY @realamberheard 
AND GOD BLESS YOU....¡¡¡ https://t.co/u9ceuqXbuL",2018-09-12T03:06:01.000Z,Twitter Web Client,"[{'start': 0, 'end': 15, 'username': 'realamberheard', 'id': '807003567605227520'}, {'start': 31, 'end': 46, 'username': 'realamberheard', 'id': '807003567605227520'}]",0,1,3,0,1039634206744141824,"[{'start': 244, 'end': 267, 'url': 'https://t.co/NEjB1KveZp', 'expanded_url': 'https://twitter.com/realamberheard/status/1039634206744141824/photo/1', 'display_url': 'pic.twitter.com/NEjB1KveZp'}]","[{'start': 33, 'end': 73, 'probability': 0.7604, 'type': 'Other', 'normalized_text': '16th Annual Cantor Fitzgerald Charity Day'}, {'start': 88, 'end': 104, 'probability': 0.9715, 'type': 'Person', 'normalized_text': 'Cantor Fitzgerald'}]",en,807003567605227520,200,61,2085,19,Honored to be taking part in the 16th Annual Cantor Fitzgerald Charity Day.  Every year Cantor Fitzgerald commemorates the anniversary of 9/11 by donating 100% of global revenue to charity. Today I visited their office and lent a helping hand. https://t.co/NEjB1KveZp,2018-09-11T21:58:05.000Z,Twitter for Android,https://t.co/Ze18Ek9SOI,realamberheard,"Actor and Activist, semi-professional disruptor, ice cream advocate and shameless teacup yorkie-lover",Amber Heard,"Los Angeles, CA",2016-12-08T23:26:58.000Z,https://pbs.twimg.com/profile_images/1383196364792680448/N8CdupEu_normal.jpg,190464,220,1151,567,807003567605227520,,MANOLITHIS,[   YO  SOY   LA  VOZ  DEL PUEBLO ],MANOLO  ANDRADE,CUENCA - ECUADOR,2010-06-30T17:34:20.000Z,https://pbs.twimg.com/profile_images/687978323134296064/4P9vN9Wk_normal.png,245,157,11104,2,161368964,,"[{'start': 73, 'end': 96, 'url': 'https://t.co/u9ceuqXbuL', 'expanded_url': 'https://twitter.com/MANOLITHIS/status/1039711702487650304/photo/1', 'display_url': 'pic.twitter.com/u9ceuqXbuL'}]",
807003567605227520,1039702688710049792,vi,711917271149469696,"[{'type': 'replied_to', 'id': '1039634206744141824'}]",@realamberheard tuyêt/,2018-09-12T02:30:12.000Z,Twitter for iPhone,"[{'start': 0, 'end': 15, 'username': 'realamberheard', 'id': '807003567605227520'}]",0,0,1,0,1039634206744141824,"[{'start': 244, 'end': 267, 'url': 'https://t.co/NEjB1KveZp', 'expanded_url': 'https://twitter.com/realamberheard/status/1039634206744141824/photo/1', 'display_url': 'pic.twitter.com/NEjB1KveZp'}]","[{'start': 33, 'end': 73, 'probability': 0.7604, 'type': 'Other', 'normalized_text': '16th Annual Cantor Fitzgerald Charity Day'}, {'start': 88, 'end': 104, 'probability': 0.9715, 'type': 'Person', 'normalized_text': 'Cantor Fitzgerald'}]",en,807003567605227520,200,61,2085,19,Honored to be taking part in the 16th Annual Cantor Fitzgerald Charity Day.  Every year Cantor Fitzgerald commemorates the anniversary of 9/11 by donating 100% of global revenue to charity. Today I visited their office and lent a helping hand. https://t.co/NEjB1KveZp,2018-09-11T21:58:05.000Z,Twitter for Android,https://t.co/Ze18Ek9SOI,realamberheard,"Actor and Activist, semi-professional disruptor, ice cream advocate and shameless teacup yorkie-lover",Amber Heard,"Los Angeles, CA",2016-12-08T23:26:58.000Z,https://pbs.twimg.com/profile_images/1383196364792680448/N8CdupEu_normal.jpg,190464,220,1151,567,807003567605227520,,KT53951142,mọi thứ đều có hai mặt- nhưng tôi CM se thanh môt mặt😀!,KT,Việt Nam,2016-03-21T14:07:59.000Z,https://pbs.twimg.com/profile_images/1283954141543317505/py_dIiRk_normal.jpg,95,47,1180,0,711917271149469696,,,
807003567605227520,1039691705195343877,en,518954029,"[{'type': 'replied_to', 'id': '1039634206744141824'}]",@realamberheard Goddess...,2018-09-12T01:46:33.000Z,Twitter Web Client,"[{'start': 0, 'end': 15, 'username': 'realamberheard', 'id': '807003567605227520'}]",0,0,0,0,1039634206744141824,"[{'start': 244, 'end': 267, 'url': 'https://t.co/NEjB1KveZp', 'expanded_url': 'https://twitter.com/realamberheard/status/1039634206744141824/photo/1', 'display_url': 'pic.twitter.com/NEjB1KveZp'}]","[{'start': 33, 'end': 73, 'probability': 0.7604, 'type': 'Other', 'normalized_text': '16th Annual Cantor Fitzgerald Charity Day'}, {'start': 88, 'end': 104, 'probability': 0.9715, 'type': 'Person', 'normalized_text': 'Cantor Fitzgerald'}]",en,807003567605227520,200,61,2085,19,Honored to be taking part in the 16th Annual Cantor Fitzgerald Charity Day.  Every year Cantor Fitzgerald commemorates the anniversary of 9/11 by donating 100% of global revenue to charity. Today I visited their office and lent a helping hand. https://t.co/NEjB1KveZp,2018-09-11T21:58:05.000Z,Twitter for Android,https://t.co/Ze18Ek9SOI,realamberheard,"Actor and Activist, semi-professional disruptor, ice cream advocate and shameless teacup yorkie-lover",Amber Heard,"Los Angeles, CA",2016-12-08T23:26:58.000Z,https://pbs.twimg.com/profile_images/1383196364792680448/N8CdupEu_normal.jpg,190464,220,1151,567,807003567605227520,https://t.co/xLtJYXa6MS,StephenWNix,32. Human. Gamer. Sports fan. Life is short.,Stephen Nix,OH,2012-03-08T22:41:41.000Z,https://pbs.twimg.com/profile_images/1507452170647621632/_a-t3iqJ_normal.jpg,3107,5001,566351,43,518954029,,,
807003567605227520,1039691677768863744,en,518954029,"[{'type': 'replied_to', 'id': '1039634206744141824'}]",@realamberheard Beautiful woman...,2018-09-12T01:46:27.000Z,Twitter Web Client,"[{'start': 0, 'end': 15, 'username': 'realamberheard', 'id': '807003567605227520'}]",0,0,0,0,1039634206744141824,"[{'start': 244, 'end': 267, 'url': 'https://t.co/NEjB1KveZp', 'expanded_url': 'https://twitter.com/realamberheard/status/1039634206744141824/photo/1', 'display_url': 'pic.twitter.com/NEjB1KveZp'}]","[{'start': 33, 'end': 73, 'probability': 0.7604, 'type': 'Other', 'normalized_text': '16th Annual Cantor Fitzgerald Charity Day'}, {'start': 88, 'end': 104, 'probability': 0.9715, 'type': 'Person', 'normalized_text': 'Cantor Fitzgerald'}]",en,807003567605227520,200,61,2085,19,Honored to be taking part in the 16th Annual Cantor Fitzgerald Charity Day.  Every year Cantor Fitzgerald commemorates the anniversary of 9/11 by donating 100% of global revenue to charity. Today I visited their office and lent a helping hand. https://t.co/NEjB1KveZp,2018-09-11T21:58:05.000Z,Twitter for Android,https://t.co/Ze18Ek9SOI,realamberheard,"Actor and Activist, semi-professional disruptor, ice cream advocate and shameless teacup yorkie-lover",Amber Heard,"Los Angeles, CA",2016-12-08T23:26:58.000Z,https://pbs.twimg.com/profile_images/1383196364792680448/N8CdupEu_normal.jpg,190464,220,1151,567,807003567605227520,https://t.co/xLtJYXa6MS,StephenWNix,32. Human. Gamer. Sports fan. Life is short.,Stephen Nix,OH,2012-03-08T22:41:41.000Z,https://pbs.twimg.com/profile_images/1507452170647621632/_a-t3iqJ_normal.jpg,3107,5001,566351,43,518954029,,,
807003567605227520,1039691620524994560,en,518954029,"[{'type': 'replied_to', 'id': '1039634206744141824'}]",@realamberheard I love you! :) You're beautiful! :),2018-09-12T01:46:13.000Z,Twitter Web Client,"[{'start': 0, 'end': 15, 'username': 'realamberheard', 'id': '807003567605227520'}]",0,0,0,0,1039634206744141824,"[{'start': 244, 'end': 267, 'url': 'https://t.co/NEjB1KveZp', 'expanded_url': 'https://twitter.com/realamberheard/status/1039634206744141824/photo/1', 'display_url': 'pic.twitter.com/NEjB1KveZp'}]","[{'start': 33, 'end': 73, 'probability': 0.7604, 'type': 'Other', 'normalized_text': '16th Annual Cantor Fitzgerald Charity Day'}, {'start': 88, 'end': 104, 'probability': 0.9715, 'type': 'Person', 'normalized_text': 'Cantor Fitzgerald'}]",en,807003567605227520,200,61,2085,19,Honored to be taking part in the 16th Annual Cantor Fitzgerald Charity Day.  Every year Cantor Fitzgerald commemorates the anniversary of 9/11 by donating 100% of global revenue to charity. Today I visited their office and lent a helping hand. https://t.co/NEjB1KveZp,2018-09-11T21:58:05.000Z,Twitter for Android,https://t.co/Ze18Ek9SOI,realamberheard,"Actor and Activist, semi-professional disruptor, ice cream advocate and shameless teacup yorkie-lover",Amber Heard,"Los Angeles, CA",2016-12-08T23:26:58.000Z,https://pbs.twimg.com/profile_images/1383196364792680448/N8CdupEu_normal.jpg,190464,220,1151,567,807003567605227520,https://t.co/xLtJYXa6MS,StephenWNix,32. Human. Gamer. Sports fan. Life is short.,Stephen Nix,OH,2012-03-08T22:41:41.000Z,https://pbs.twimg.com/profile_images/1507452170647621632/_a-t3iqJ_normal.jpg,3107,5001,566351,43,518954029,,,
807003567605227520,1039678536049614848,und,1040884454,"[{'type': 'replied_to', 'id': '1039634206744141824'}]",@realamberheard 😍,2018-09-12T00:54:13.000Z,Twitter for Android,"[{'start': 0, 'end': 15, 'username': 'realamberheard', 'id': '807003567605227520'}]",0,0,2,0,1039634206744141824,"[{'start': 244, 'end': 267, 'url': 'https://t.co/NEjB1KveZp', 'expanded_url': 'https://twitter.com/realamberheard/status/1039634206744141824/photo/1', 'display_url': 'pic.twitter.com/NEjB1KveZp'}]","[{'start': 33, 'end': 73, 'probability': 0.7604, 'type': 'Other', 'normalized_text': '16th Annual Cantor Fitzgerald Charity Day'}, {'start': 88, 'end': 104, 'probability': 0.9715, 'type': 'Person', 'normalized_text': 'Cantor Fitzgerald'}]",en,807003567605227520,200,61,2085,19,Honored to be taking part in the 16th Annual Cantor Fitzgerald Charity Day.  Every year Cantor Fitzgerald commemorates the anniversary of 9/11 by donating 100% of global revenue to charity. Today I visited their office and lent a helping hand. https://t.co/NEjB1KveZp,2018-09-11T21:58:05.000Z,Twitter for Android,https://t.co/Ze18Ek9SOI,realamberheard,"Actor and Activist, semi-professional disruptor, ice cream advocate and shameless teacup yorkie-lover",Amber Heard,"Los Angeles, CA",2016-12-08T23:26:58.000Z,https://pbs.twimg.com/profile_images/1383196364792680448/N8CdupEu_normal.jpg,190464,220,1151,567,807003567605227520,,JluisSnchez,"CDMX, 🇲🇽. LAE, FCA, UNAM. Buen bailarín jejeje.",Luis Sánchez,,2012-12-27T23:50:27.000Z,https://pbs.twimg.com/profile_images/1457175511977897985/G3Cji3R2_normal.jpg,37,366,2153,0,1040884454,,,
807003567605227520,1039669480052457473,en,404674059,"[{'type': 'replied_to', 'id': '1039634206744141824'}]","@realamberheard Mera!!!!!!!!!
All DC-fans Loves you!!

#Aquaman #Mera #dccomics",2018-09-12T00:18:14.000Z,Twitter Web App,"[{'start': 0, 'end': 15, 'username': 'realamberheard', 'id': '807003567605227520'}]",0,0,7,0,1039634206744141824,"[{'start': 244, 'end': 267, 'url': 'https://t.co/NEjB1KveZp', 'expanded_url': 'https://twitter.com/realamberheard/status/1039634206744141824/photo/1', 'display_url': 'pic.twitter.com/NEjB1KveZp'}]","[{'start': 33, 'end': 73, 'probability': 0.7604, 'type': 'Other', 'normalized_text': '16th Annual Cantor Fitzgerald Charity Day'}, {'start': 88, 'end': 104, 'probability': 0.9715, 'type': 'Person', 'normalized_text': 'Cantor Fitzgerald'}]",en,807003567605227520,200,61,2085,19,Honored to be taking part in the 16th Annual Cantor Fitzgerald Charity Day.  Every year Cantor Fitzgerald commemorates the anniversary of 9/11 by donating 100% of global revenue to charity. Today I visited their office and lent a helping hand. https://t.co/NEjB1KveZp,2018-09-11T21:58:05.000Z,Twitter for Android,https://t.co/Ze18Ek9SOI,realamberheard,"Actor and Activist, semi-professional disruptor, ice cream advocate and shameless teacup yorkie-lover",Amber Heard,"Los Angeles, CA",2016-12-08T23:26:58.000Z,https://pbs.twimg.com/profile_images/1383196364792680448/N8CdupEu_normal.jpg,190464,220,1151,567,807003567605227520,,MoyAriasMEXICO,"Science📚🔭🔬Lover👨‍🔬❤, Metallurgical Eng,♡DCFan,🖤HeavyMetal, Hard Rock&Cool✌Music!
CF Monterrey, Bayern München & VanCity Whitecaps*

❤Mom(+), Dad(+) & Sis",Moises Arias (Moy Jr),Mexico🇲🇽,2011-11-04T07:52:11.000Z,https://pbs.twimg.com/profile_images/1320204384375132162/7SOJE4iC_normal.jpg,666,3465,74611,7,404674059,,,"[{'start': 55, 'end': 63, 'tag': 'Aquaman'}, {'start': 64, 'end': 69, 'tag': 'Mera'}, {'start': 70, 'end': 79, 'tag': 'dccomics'}]"
807003567605227520,1039662689717497857,en,944709059009236995,"[{'type': 'replied_to', 'id': '1039634206744141824'}]","@realamberheard Very nice of you, Amber! Great photo of you. I like your dress! May God bless you. 🙏",2018-09-11T23:51:15.000Z,Twitter Web Client,"[{'start': 0, 'end': 15, 'username': 'realamberheard', 'id': '807003567605227520'}]",0,1,2,0,1039634206744141824,"[{'start': 244, 'end': 267, 'url': 'https://t.co/NEjB1KveZp', 'expanded_url': 'https://twitter.com/realamberheard/status/1039634206744141824/photo/1', 'display_url': 'pic.twitter.com/NEjB1KveZp'}]","[{'start': 33, 'end': 73, 'probability': 0.7604, 'type': 'Other', 'normalized_text': '16th Annual Cantor Fitzgerald Charity Day'}, {'start': 88, 'end': 104, 'probability': 0.9715, 'type': 'Person', 'normalized_text': 'Cantor Fitzgerald'}]",en,807003567605227520,200,61,2085,19,Honored to be taking part in the 16th Annual Cantor Fitzgerald Charity Day.  Every year Cantor Fitzgerald commemorates the anniversary of 9/11 by donating 100% of global revenue to charity. Today I visited their office and lent a helping hand. https://t.co/NEjB1KveZp,2018-09-11T21:58:05.000Z,Twitter for Android,https://t.co/Ze18Ek9SOI,realamberheard,"Actor and Activist, semi-professional disruptor, ice cream advocate and shameless teacup yorkie-lover",Amber Heard,"Los Angeles, CA",2016-12-08T23:26:58.000Z,https://pbs.twimg.com/profile_images/1383196364792680448/N8CdupEu_normal.jpg,190464,220,1151,567,807003567605227520,,Patrick_USofA,"Kentucky native, voracious reader, mathematician. Believer, music lover.",Patrick,America,2017-12-23T23:19:26.000Z,https://pbs.twimg.com/profile_images/944714163955277824/fojDhz5H_normal.jpg,189,1276,20039,0,944709059009236995,"[{'start': 34, 'end': 38, 'probability': 0.8705, 'type': 'Person', 'normalized_text': 'Amber'}, {'start': 84, 'end': 86, 'probability': 0.959, 'type': 'Other', 'normalized_text': 'God'}]",,
807003567605227520,1039659054791106561,es,334867449,"[{'type': 'replied_to', 'id': '1039634206744141824'}]",@realamberheard Que adorable 😭😍👏,2018-09-11T23:36:49.000Z,Twitter for Android,"[{'start': 0, 'end': 15, 'username': 'realamberheard', 'id': '807003567605227520'}]",0,0,4,0,1039634206744141824,"[{'start': 244, 'end': 267, 'url': 'https://t.co/NEjB1KveZp', 'expanded_url': 'https://twitter.com/realamberheard/status/1039634206744141824/photo/1', 'display_url': 'pic.twitter.com/NEjB1KveZp'}]","[{'start': 33, 'end': 73, 'probability': 0.7604, 'type': 'Other', 'normalized_text': '16th Annual Cantor Fitzgerald Charity Day'}, {'start': 88, 'end': 104, 'probability': 0.9715, 'type': 'Person', 'normalized_text': 'Cantor Fitzgerald'}]",en,807003567605227520,200,61,2085,19,Honored to be taking part in the 16th Annual Cantor Fitzgerald Charity Day.  Every year Cantor Fitzgerald commemorates the anniversary of 9/11 by donating 100% of global revenue to charity. Today I visited their office and lent a helping hand. https://t.co/NEjB1KveZp,2018-09-11T21:58:05.000Z,Twitter for Android,https://t.co/Ze18Ek9SOI,realamberheard,"Actor and Activist, semi-professional disruptor, ice cream advocate and shameless teacup yorkie-lover",Amber Heard,"Los Angeles, CA",2016-12-08T23:26:58.000Z,https://pbs.twimg.com/profile_images/1383196364792680448/N8CdupEu_normal.jpg,190464,220,1151,567,807003567605227520,https://t.co/q9c5fFkasm,jhonpf1,Criminólogo| cinéfilo| músico| Grafólogo en proceso,Jhon Cinéfilo,"Tlaxcala, Mexico",2011-07-13T19:56:57.000Z,https://pbs.twimg.com/profile_images/1262813769761263617/_9sGJDls_normal.jpg,823,967,43252,22,334867449,,,
807003567605227520,1039657801939906560,en,795486453094617088,"[{'type': 'replied_to', 'id': '1039634206744141824'}]",@realamberheard You are 'the one'!,2018-09-11T23:31:50.000Z,Twitter for Android,"[{'start': 0, 'end': 15, 'username': 'realamberheard', 'id': '807003567605227520'}]",0,0,1,0,1039634206744141824,"[{'start': 244, 'end': 267, 'url': 'https://t.co/NEjB1KveZp', 'expanded_url': 'https://twitter.com/realamberheard/status/1039634206744141824/photo/1', 'display_url': 'pic.twitter.com/NEjB1KveZp'}]","[{'start': 33, 'end': 73, 'probability': 0.7604, 'type': 'Other', 'normalized_text': '16th Annual Cantor Fitzgerald Charity Day'}, {'start': 88, 'end': 104, 'probability': 0.9715, 'type': 'Person', 'normalized_text': 'Cantor Fitzgerald'}]",en,807003567605227520,200,61,2085,19,Honored to be taking part in the 16th Annual Cantor Fitzgerald Charity Day.  Every year Cantor Fitzgerald commemorates the anniversary of 9/11 by donating 100% of global revenue to charity. Today I visited their office and lent a helping hand. https://t.co/NEjB1KveZp,2018-09-11T21:58:05.000Z,Twitter for Android,https://t.co/Ze18Ek9SOI,realamberheard,"Actor and Activist, semi-professional disruptor, ice cream advocate and shameless teacup yorkie-lover",Amber Heard,"Los Angeles, CA",2016-12-08T23:26:58.000Z,https://pbs.twimg.com/profile_images/1383196364792680448/N8CdupEu_normal.jpg,190464,220,1151,567,807003567605227520,,19Meridian77,"1 Kilo of steak demolished! Best 28.50€ ever spent!❤YNWA❤Benidorm❤The Sopranos❤don'tbuytheS*n❤
❤Boycott Ubisoft games❤Money Heist❤TFC❤Fuck the Tories💙",⭐⭐Nathan⭐⭐B🔫own⭐⭐,Tamworth,2016-11-07T04:42:04.000Z,https://pbs.twimg.com/profile_images/1497647692452966408/V5wDygE3_normal.jpg,298,1251,18810,3,795486453094617088,,,
807003567605227520,1039656990090379269,en,765475224968171520,"[{'type': 'replied_to', 'id': '1039634206744141824'}]",@realamberheard OMG girl u look amazing babe!!!! it would be a dream to take u out on a date it really would,2018-09-11T23:28:36.000Z,Twitter Web Client,"[{'start': 0, 'end': 15, 'username': 'realamberheard', 'id': '807003567605227520'}]",0,0,4,0,1039634206744141824,"[{'start': 244, 'end': 267, 'url': 'https://t.co/NEjB1KveZp', 'expanded_url': 'https://twitter.com/realamberheard/status/1039634206744141824/photo/1', 'display_url': 'pic.twitter.com/NEjB1KveZp'}]","[{'start': 33, 'end': 73, 'probability': 0.7604, 'type': 'Other', 'normalized_text': '16th Annual Cantor Fitzgerald Charity Day'}, {'start': 88, 'end': 104, 'probability': 0.9715, 'type': 'Person', 'normalized_text': 'Cantor Fitzgerald'}]",en,807003567605227520,200,61,2085,19,Honored to be taking part in the 16th Annual Cantor Fitzgerald Charity Day.  Every year Cantor Fitzgerald commemorates the anniversary of 9/11 by donating 100% of global revenue to charity. Today I visited their office and lent a helping hand. https://t.co/NEjB1KveZp,2018-09-11T21:58:05.000Z,Twitter for Android,https://t.co/Ze18Ek9SOI,realamberheard,"Actor and Activist, semi-professional disruptor, ice cream advocate and shameless teacup yorkie-lover",Amber Heard,"Los Angeles, CA",2016-12-08T23:26:58.000Z,https://pbs.twimg.com/profile_images/1383196364792680448/N8CdupEu_normal.jpg,190464,220,1151,567,807003567605227520,https://t.co/C0OwkJMfFd,shanellerw98,"Shanelle (21), I have suffered and survived MANY TIMES! My main girls are @AlexaBliss_WWE, @TayConti_ and @AnnaJay___ FOREVER A FIREFLY",Shanelle Morgan,Born in Havana Cuba    🇨🇺,2016-08-16T09:08:10.000Z,https://pbs.twimg.com/profile_images/1498099903175798790/hl22ljlc_normal.jpg,2122,4988,24113,4,765475224968171520,,,
807003567605227520,1039643803257393152,en,4396120342,"[{'type': 'replied_to', 'id': '1039634206744141824'}]","@realamberheard You're always trying to do good, that's so inspiring for your fans 

Also bless Cantor Fitzgerald and the families of the many victims of the 9/11 #NeverForget https://t.co/9MrOUj5TuT",2018-09-11T22:36:13.000Z,Twitter for Android,"[{'start': 0, 'end': 15, 'username': 'realamberheard', 'id': '807003567605227520'}]",1,0,3,0,1039634206744141824,"[{'start': 244, 'end': 267, 'url': 'https://t.co/NEjB1KveZp', 'expanded_url': 'https://twitter.com/realamberheard/status/1039634206744141824/photo/1', 'display_url': 'pic.twitter.com/NEjB1KveZp'}]","[{'start': 33, 'end': 73, 'probability': 0.7604, 'type': 'Other', 'normalized_text': '16th Annual Cantor Fitzgerald Charity Day'}, {'start': 88, 'end': 104, 'probability': 0.9715, 'type': 'Person', 'normalized_text': 'Cantor Fitzgerald'}]",en,807003567605227520,200,61,2085,19,Honored to be taking part in the 16th Annual Cantor Fitzgerald Charity Day.  Every year Cantor Fitzgerald commemorates the anniversary of 9/11 by donating 100% of global revenue to charity. Today I visited their office and lent a helping hand. https://t.co/NEjB1KveZp,2018-09-11T21:58:05.000Z,Twitter for Android,https://t.co/Ze18Ek9SOI,realamberheard,"Actor and Activist, semi-professional disruptor, ice cream advocate and shameless teacup yorkie-lover",Amber Heard,"Los Angeles, CA",2016-12-08T23:26:58.000Z,https://pbs.twimg.com/profile_images/1383196364792680448/N8CdupEu_normal.jpg,190464,220,1151,567,807003567605227520,,stirgussa,"Only two things are infinite, the universe and human stupidity, and I'm not sure about the former. - Albert Einstein and Me!",STIRGUS SACCHETTI,,2015-12-06T17:21:06.000Z,https://pbs.twimg.com/profile_images/1378175478478082050/UKLiQPuk_normal.jpg,678,296,58624,26,4396120342,"[{'start': 96, 'end': 112, 'probability': 0.9946, 'type': 'Person', 'normalized_text': 'Cantor Fitzgerald'}]","[{'start': 176, 'end': 199, 'url': 'https://t.co/9MrOUj5TuT', 'expanded_url': 'https://twitter.com/stirgussa/status/1039643803257393152/photo/1', 'display_url': 'pic.twitter.com/9MrOUj5TuT'}]","[{'start': 163, 'end': 175, 'tag': 'NeverForget'}]"
807003567605227520,1039640577585889282,en,2724444422,"[{'type': 'replied_to', 'id': '1039634206744141824'}]","@realamberheard Angel 💘
You are a amazing woman. I love you",2018-09-11T22:23:23.000Z,Twitter for Android,"[{'start': 0, 'end': 15, 'username': 'realamberheard', 'id': '807003567605227520'}]",0,0,3,0,1039634206744141824,"[{'start': 244, 'end': 267, 'url': 'https://t.co/NEjB1KveZp', 'expanded_url': 'https://twitter.com/realamberheard/status/1039634206744141824/photo/1', 'display_url': 'pic.twitter.com/NEjB1KveZp'}]","[{'start': 33, 'end': 73, 'probability': 0.7604, 'type': 'Other', 'normalized_text': '16th Annual Cantor Fitzgerald Charity Day'}, {'start': 88, 'end': 104, 'probability': 0.9715, 'type': 'Person', 'normalized_text': 'Cantor Fitzgerald'}]",en,807003567605227520,200,61,2085,19,Honored to be taking part in the 16th Annual Cantor Fitzgerald Charity Day.  Every year Cantor Fitzgerald commemorates the anniversary of 9/11 by donating 100% of global revenue to charity. Today I visited their office and lent a helping hand. https://t.co/NEjB1KveZp,2018-09-11T21:58:05.000Z,Twitter for Android,https://t.co/Ze18Ek9SOI,realamberheard,"Actor and Activist, semi-professional disruptor, ice cream advocate and shameless teacup yorkie-lover",Amber Heard,"Los Angeles, CA",2016-12-08T23:26:58.000Z,https://pbs.twimg.com/profile_images/1383196364792680448/N8CdupEu_normal.jpg,190464,220,1151,567,807003567605227520,,fkatwyez,all r&b and hip hop culture,sasa,,2014-08-11T18:27:47.000Z,https://pbs.twimg.com/profile_images/1505214911051440135/SZpWBAtg_normal.jpg,1230,583,61217,11,2724444422,,,
807003567605227520,1039638765134901248,en,822760184,"[{'type': 'replied_to', 'id': '1039634206744141824'}]",@realamberheard You're so fucking beautiful,2018-09-11T22:16:11.000Z,Twitter for Android,"[{'start': 0, 'end': 15, 'username': 'realamberheard', 'id': '807003567605227520'}]",0,0,2,0,1039634206744141824,"[{'start': 244, 'end': 267, 'url': 'https://t.co/NEjB1KveZp', 'expanded_url': 'https://twitter.com/realamberheard/status/1039634206744141824/photo/1', 'display_url': 'pic.twitter.com/NEjB1KveZp'}]","[{'start': 33, 'end': 73, 'probability': 0.7604, 'type': 'Other', 'normalized_text': '16th Annual Cantor Fitzgerald Charity Day'}, {'start': 88, 'end': 104, 'probability': 0.9715, 'type': 'Person', 'normalized_text': 'Cantor Fitzgerald'}]",en,807003567605227520,200,61,2085,19,Honored to be taking part in the 16th Annual Cantor Fitzgerald Charity Day.  Every year Cantor Fitzgerald commemorates the anniversary of 9/11 by donating 100% of global revenue to charity. Today I visited their office and lent a helping hand. https://t.co/NEjB1KveZp,2018-09-11T21:58:05.000Z,Twitter for Android,https://t.co/Ze18Ek9SOI,realamberheard,"Actor and Activist, semi-professional disruptor, ice cream advocate and shameless teacup yorkie-lover",Amber Heard,"Los Angeles, CA",2016-12-08T23:26:58.000Z,https://pbs.twimg.com/profile_images/1383196364792680448/N8CdupEu_normal.jpg,190464,220,1151,567,807003567605227520,,Alanpaulmoreno,,alan,,2012-09-14T05:50:48.000Z,https://pbs.twimg.com/profile_images/981187120193785856/rf1_7UHp_normal.jpg,24,767,1260,0,822760184,,,
807003567605227520,1039638479032934400,en,995355280333463552,"[{'type': 'replied_to', 'id': '1039634206744141824'}]",@realamberheard QUEEN 🌊,2018-09-11T22:15:03.000Z,Twitter for iPhone,"[{'start': 0, 'end': 15, 'username': 'realamberheard', 'id': '807003567605227520'}]",0,0,3,0,1039634206744141824,"[{'start': 244, 'end': 267, 'url': 'https://t.co/NEjB1KveZp', 'expanded_url': 'https://twitter.com/realamberheard/status/1039634206744141824/photo/1', 'display_url': 'pic.twitter.com/NEjB1KveZp'}]","[{'start': 33, 'end': 73, 'probability': 0.7604, 'type': 'Other', 'normalized_text': '16th Annual Cantor Fitzgerald Charity Day'}, {'start': 88, 'end': 104, 'probability': 0.9715, 'type': 'Person', 'normalized_text': 'Cantor Fitzgerald'}]",en,807003567605227520,200,61,2085,19,Honored to be taking part in the 16th Annual Cantor Fitzgerald Charity Day.  Every year Cantor Fitzgerald commemorates the anniversary of 9/11 by donating 100% of global revenue to charity. Today I visited their office and lent a helping hand. https://t.co/NEjB1KveZp,2018-09-11T21:58:05.000Z,Twitter for Android,https://t.co/Ze18Ek9SOI,realamberheard,"Actor and Activist, semi-professional disruptor, ice cream advocate and shameless teacup yorkie-lover",Amber Heard,"Los Angeles, CA",2016-12-08T23:26:58.000Z,https://pbs.twimg.com/profile_images/1383196364792680448/N8CdupEu_normal.jpg,190464,220,1151,567,807003567605227520,,ivyphanieee,DC // MARGOT,oilie,,2018-05-12T17:29:26.000Z,https://pbs.twimg.com/profile_images/1505547522533900295/W4l3WHjW_normal.jpg,170,549,2367,0,995355280333463552,,,
807003567605227520,1039637133315563520,en,2328116906,"[{'type': 'replied_to', 'id': '1039634206744141824'}]",@realamberheard Gorgeous 😍😍😍😍,2018-09-11T22:09:42.000Z,Twitter Web App,"[{'start': 0, 'end': 15, 'username': 'realamberheard', 'id': '807003567605227520'}]",0,0,3,0,1039634206744141824,"[{'start': 244, 'end': 267, 'url': 'https://t.co/NEjB1KveZp', 'expanded_url': 'https://twitter.com/realamberheard/status/1039634206744141824/photo/1', 'display_url': 'pic.twitter.com/NEjB1KveZp'}]","[{'start': 33, 'end': 73, 'probability': 0.7604, 'type': 'Other', 'normalized_text': '16th Annual Cantor Fitzgerald Charity Day'}, {'start': 88, 'end': 104, 'probability': 0.9715, 'type': 'Person', 'normalized_text': 'Cantor Fitzgerald'}]",en,807003567605227520,200,61,2085,19,Honored to be taking part in the 16th Annual Cantor Fitzgerald Charity Day.  Every year Cantor Fitzgerald commemorates the anniversary of 9/11 by donating 100% of global revenue to charity. Today I visited their office and lent a helping hand. https://t.co/NEjB1KveZp,2018-09-11T21:58:05.000Z,Twitter for Android,https://t.co/Ze18Ek9SOI,realamberheard,"Actor and Activist, semi-professional disruptor, ice cream advocate and shameless teacup yorkie-lover",Amber Heard,"Los Angeles, CA",2016-12-08T23:26:58.000Z,https://pbs.twimg.com/profile_images/1383196364792680448/N8CdupEu_normal.jpg,190464,220,1151,567,807003567605227520,,TAVOLEDE,,OCTAVIO LEDESMA,,2014-02-05T03:16:57.000Z,https://abs.twimg.com/sticky/default_profile_images/default_profile_normal.png,333,104,10035,0,2328116906,,,
807003567605227520,1039636471777558528,en,875884874535718912,"[{'type': 'replied_to', 'id': '1039634206744141824'}]",@realamberheard You ALWAYS make me proud! Love you 💕,2018-09-11T22:07:05.000Z,Twitter for Android,"[{'start': 0, 'end': 15, 'username': 'realamberheard', 'id': '807003567605227520'}]",0,0,2,0,1039634206744141824,"[{'start': 244, 'end': 267, 'url': 'https://t.co/NEjB1KveZp', 'expanded_url': 'https://twitter.com/realamberheard/status/1039634206744141824/photo/1', 'display_url': 'pic.twitter.com/NEjB1KveZp'}]","[{'start': 33, 'end': 73, 'probability': 0.7604, 'type': 'Other', 'normalized_text': '16th Annual Cantor Fitzgerald Charity Day'}, {'start': 88, 'end': 104, 'probability': 0.9715, 'type': 'Person', 'normalized_text': 'Cantor Fitzgerald'}]",en,807003567605227520,200,61,2085,19,Honored to be taking part in the 16th Annual Cantor Fitzgerald Charity Day.  Every year Cantor Fitzgerald commemorates the anniversary of 9/11 by donating 100% of global revenue to charity. Today I visited their office and lent a helping hand. https://t.co/NEjB1KveZp,2018-09-11T21:58:05.000Z,Twitter for Android,https://t.co/Ze18Ek9SOI,realamberheard,"Actor and Activist, semi-professional disruptor, ice cream advocate and shameless teacup yorkie-lover",Amber Heard,"Los Angeles, CA",2016-12-08T23:26:58.000Z,https://pbs.twimg.com/profile_images/1383196364792680448/N8CdupEu_normal.jpg,190464,220,1151,567,807003567605227520,,evanrachxlswood,what would evan rachel wood do?,lucille sharpe,ela/dela,2017-06-17T01:16:42.000Z,https://pbs.twimg.com/profile_images/1386355649324457987/OaHmgKFY_normal.jpg,423,398,9999,3,875884874535718912,,,
807003567605227520,1039635410715062273,en,200826976,"[{'type': 'replied_to', 'id': '1039634206744141824'}]","@realamberheard Seventeen Years After 9/11, Fear and Extremism Are Stronger Than Ever In America

By Karl Simanonok, Ph.D.

https://t.co/mKIxk4WKZ3",2018-09-11T22:02:52.000Z,Twitter Web Client,"[{'start': 0, 'end': 15, 'username': 'realamberheard', 'id': '807003567605227520'}]",0,0,0,0,1039634206744141824,"[{'start': 244, 'end': 267, 'url': 'https://t.co/NEjB1KveZp', 'expanded_url': 'https://twitter.com/realamberheard/status/1039634206744141824/photo/1', 'display_url': 'pic.twitter.com/NEjB1KveZp'}]","[{'start': 33, 'end': 73, 'probability': 0.7604, 'type': 'Other', 'normalized_text': '16th Annual Cantor Fitzgerald Charity Day'}, {'start': 88, 'end': 104, 'probability': 0.9715, 'type': 'Person', 'normalized_text': 'Cantor Fitzgerald'}]",en,807003567605227520,200,61,2085,19,Honored to be taking part in the 16th Annual Cantor Fitzgerald Charity Day.  Every year Cantor Fitzgerald commemorates the anniversary of 9/11 by donating 100% of global revenue to charity. Today I visited their office and lent a helping hand. https://t.co/NEjB1KveZp,2018-09-11T21:58:05.000Z,Twitter for Android,https://t.co/Ze18Ek9SOI,realamberheard,"Actor and Activist, semi-professional disruptor, ice cream advocate and shameless teacup yorkie-lover",Amber Heard,"Los Angeles, CA",2016-12-08T23:26:58.000Z,https://pbs.twimg.com/profile_images/1383196364792680448/N8CdupEu_normal.jpg,190464,220,1151,567,807003567605227520,http://t.co/XLF0DNTQEt,dancesWfascists,Longtime humanitarian and exposer of social psychopaths running various rightwing bad memes,Dances With Fascists,USA,2010-10-10T11:13:24.000Z,https://pbs.twimg.com/profile_images/1141394399/AOLicon_normal.jpg,308,644,19018,19,200826976,"[{'start': 89, 'end': 95, 'probability': 0.8551, 'type': 'Place', 'normalized_text': 'America'}, {'start': 101, 'end': 114, 'probability': 0.9791, 'type': 'Person', 'normalized_text': 'Karl Simanonok'}]","[{'start': 124, 'end': 147, 'url': 'https://t.co/mKIxk4WKZ3', 'expanded_url': 'https://www.facebook.com/groups/AvenattiFanClub/permalink/1137654386372816/', 'display_url': 'facebook.com/groups/Avenatt…', 'status': 200, 'unwound_url': 'https://www.facebook.com/groups/AvenattiFanClub/permalink/1137654386372816/'}]",
807003567605227520,1039635060717223938,en,2194667917,"[{'type': 'replied_to', 'id': '1039634206744141824'}]",@realamberheard WONDERFUL,2018-09-11T22:01:28.000Z,Twitter for iPhone,"[{'start': 0, 'end': 15, 'username': 'realamberheard', 'id': '807003567605227520'}]",0,0,3,0,1039634206744141824,"[{'start': 244, 'end': 267, 'url': 'https://t.co/NEjB1KveZp', 'expanded_url': 'https://twitter.com/realamberheard/status/1039634206744141824/photo/1', 'display_url': 'pic.twitter.com/NEjB1KveZp'}]","[{'start': 33, 'end': 73, 'probability': 0.7604, 'type': 'Other', 'normalized_text': '16th Annual Cantor Fitzgerald Charity Day'}, {'start': 88, 'end': 104, 'probability': 0.9715, 'type': 'Person', 'normalized_text': 'Cantor Fitzgerald'}]",en,807003567605227520,200,61,2085,19,Honored to be taking part in the 16th Annual Cantor Fitzgerald Charity Day.  Every year Cantor Fitzgerald commemorates the anniversary of 9/11 by donating 100% of global revenue to charity. Today I visited their office and lent a helping hand. https://t.co/NEjB1KveZp,2018-09-11T21:58:05.000Z,Twitter for Android,https://t.co/Ze18Ek9SOI,realamberheard,"Actor and Activist, semi-professional disruptor, ice cream advocate and shameless teacup yorkie-lover",Amber Heard,"Los Angeles, CA",2016-12-08T23:26:58.000Z,https://pbs.twimg.com/profile_images/1383196364792680448/N8CdupEu_normal.jpg,190464,220,1151,567,807003567605227520,https://t.co/VUD8FLZsSj,mafterlife_,• librianja • cevans • sapiofobica • workaholic • sonserina • doidinha •,Doja Khaith,"São Paulo, Brasil",2013-11-14T18:32:34.000Z,https://pbs.twimg.com/profile_images/1447233423148523520/0xLiM4vU_normal.jpg,1652,1424,33950,0,2194667917,,,
807003567605227520,1039634868047695873,en,989633741114003456,"[{'type': 'replied_to', 'id': '1039634206744141824'}]","@realamberheard Dear amber,your a very loving person my freind your appreciated honey!! 😙😚😙😚",2018-09-11T22:00:42.000Z,Twitter for Android,"[{'start': 0, 'end': 15, 'username': 'realamberheard', 'id': '807003567605227520'}]",0,0,1,0,1039634206744141824,"[{'start': 244, 'end': 267, 'url': 'https://t.co/NEjB1KveZp', 'expanded_url': 'https://twitter.com/realamberheard/status/1039634206744141824/photo/1', 'display_url': 'pic.twitter.com/NEjB1KveZp'}]","[{'start': 33, 'end': 73, 'probability': 0.7604, 'type': 'Other', 'normalized_text': '16th Annual Cantor Fitzgerald Charity Day'}, {'start': 88, 'end': 104, 'probability': 0.9715, 'type': 'Person', 'normalized_text': 'Cantor Fitzgerald'}]",en,807003567605227520,200,61,2085,19,Honored to be taking part in the 16th Annual Cantor Fitzgerald Charity Day.  Every year Cantor Fitzgerald commemorates the anniversary of 9/11 by donating 100% of global revenue to charity. Today I visited their office and lent a helping hand. https://t.co/NEjB1KveZp,2018-09-11T21:58:05.000Z,Twitter for Android,https://t.co/Ze18Ek9SOI,realamberheard,"Actor and Activist, semi-professional disruptor, ice cream advocate and shameless teacup yorkie-lover",Amber Heard,"Los Angeles, CA",2016-12-08T23:26:58.000Z,https://pbs.twimg.com/profile_images/1383196364792680448/N8CdupEu_normal.jpg,190464,220,1151,567,807003567605227520,,Paulwalwanis7,"Comedy,counselor",Paulwalwanis,"Long Island,new York",2018-04-26T22:34:05.000Z,https://abs.twimg.com/sticky/default_profile_images/default_profile_normal.png,39,269,44974,0,989633741114003456,"[{'start': 21, 'end': 25, 'probability': 0.9333, 'type': 'Person', 'normalized_text': 'amber'}]",,
807003567605227520,1039634615370215424,en,874984340,"[{'type': 'replied_to', 'id': '1039634206744141824'}]",@realamberheard Honored being your fan seeing you taking the time to do this! I’m forever inspired by how much you give back.,2018-09-11T21:59:42.000Z,Twitter for iPhone,"[{'start': 0, 'end': 15, 'username': 'realamberheard', 'id': '807003567605227520'}]",0,0,5,0,1039634206744141824,"[{'start': 244, 'end': 267, 'url': 'https://t.co/NEjB1KveZp', 'expanded_url': 'https://twitter.com/realamberheard/status/1039634206744141824/photo/1', 'display_url': 'pic.twitter.com/NEjB1KveZp'}]","[{'start': 33, 'end': 73, 'probability': 0.7604, 'type': 'Other', 'normalized_text': '16th Annual Cantor Fitzgerald Charity Day'}, {'start': 88, 'end': 104, 'probability': 0.9715, 'type': 'Person', 'normalized_text': 'Cantor Fitzgerald'}]",en,807003567605227520,200,61,2085,19,Honored to be taking part in the 16th Annual Cantor Fitzgerald Charity Day.  Every year Cantor Fitzgerald commemorates the anniversary of 9/11 by donating 100% of global revenue to charity. Today I visited their office and lent a helping hand. https://t.co/NEjB1KveZp,2018-09-11T21:58:05.000Z,Twitter for Android,https://t.co/Ze18Ek9SOI,realamberheard,"Actor and Activist, semi-professional disruptor, ice cream advocate and shameless teacup yorkie-lover",Amber Heard,"Los Angeles, CA",2016-12-08T23:26:58.000Z,https://pbs.twimg.com/profile_images/1383196364792680448/N8CdupEu_normal.jpg,190464,220,1151,567,807003567605227520,,animalhugger91,Here to fangirl about fangirl things. I also retweet a lot of animal stuff and posts to raise social awareness. Beware my page. Pronouns: she/her,Lexi,,2012-10-12T05:22:26.000Z,https://pbs.twimg.com/profile_images/1451763808968523777/qJNzYCWU_normal.jpg,338,315,26825,15,874984340,,,
807003567605227520,1039634456963887104,en,2885552583,"[{'type': 'replied_to', 'id': '1039634206744141824'}]",@realamberheard Your mum.,2018-09-11T21:59:04.000Z,Twitter for Android,"[{'start': 0, 'end': 15, 'username': 'realamberheard', 'id': '807003567605227520'}]",0,0,1,0,1039634206744141824,"[{'start': 244, 'end': 267, 'url': 'https://t.co/NEjB1KveZp', 'expanded_url': 'https://twitter.com/realamberheard/status/1039634206744141824/photo/1', 'display_url': 'pic.twitter.com/NEjB1KveZp'}]","[{'start': 33, 'end': 73, 'probability': 0.7604, 'type': 'Other', 'normalized_text': '16th Annual Cantor Fitzgerald Charity Day'}, {'start': 88, 'end': 104, 'probability': 0.9715, 'type': 'Person', 'normalized_text': 'Cantor Fitzgerald'}]",en,807003567605227520,200,61,2085,19,Honored to be taking part in the 16th Annual Cantor Fitzgerald Charity Day.  Every year Cantor Fitzgerald commemorates the anniversary of 9/11 by donating 100% of global revenue to charity. Today I visited their office and lent a helping hand. https://t.co/NEjB1KveZp,2018-09-11T21:58:05.000Z,Twitter for Android,https://t.co/Ze18Ek9SOI,realamberheard,"Actor and Activist, semi-professional disruptor, ice cream advocate and shameless teacup yorkie-lover",Amber Heard,"Los Angeles, CA",2016-12-08T23:26:58.000Z,https://pbs.twimg.com/profile_images/1383196364792680448/N8CdupEu_normal.jpg,190464,220,1151,567,807003567605227520,,leonasdad,"Eye2brain_Listen!
Just&honour, men,women&children, _ _ _ _near miss_ _ _hav ur say! alcohol&NHS Drug's,Abuse, Negligence,Trauma,RDA&
Incompetence,VTE,Purpose 🐄",😇Conviction👼🇭🇰🇨🇳🇺🇳🇬🇧💔💓💞💖💬🐂🐔🐍,Yorkshire & London 👉 SW1A ,2014-11-20T12:56:35.000Z,https://pbs.twimg.com/profile_images/1458289825996546053/h6c1PP3N_normal.jpg,198,476,50028,11,2885552583,,,
807003567605227520,1039634310133772289,und,2509426836,"[{'type': 'replied_to', 'id': '1039634206744141824'}]",@realamberheard mom,2018-09-11T21:58:29.000Z,Twitter for iPhone,"[{'start': 0, 'end': 15, 'username': 'realamberheard', 'id': '807003567605227520'}]",0,0,1,0,1039634206744141824,"[{'start': 244, 'end': 267, 'url': 'https://t.co/NEjB1KveZp', 'expanded_url': 'https://twitter.com/realamberheard/status/1039634206744141824/photo/1', 'display_url': 'pic.twitter.com/NEjB1KveZp'}]","[{'start': 33, 'end': 73, 'probability': 0.7604, 'type': 'Other', 'normalized_text': '16th Annual Cantor Fitzgerald Charity Day'}, {'start': 88, 'end': 104, 'probability': 0.9715, 'type': 'Person', 'normalized_text': 'Cantor Fitzgerald'}]",en,807003567605227520,200,61,2085,19,Honored to be taking part in the 16th Annual Cantor Fitzgerald Charity Day.  Every year Cantor Fitzgerald commemorates the anniversary of 9/11 by donating 100% of global revenue to charity. Today I visited their office and lent a helping hand. https://t.co/NEjB1KveZp,2018-09-11T21:58:05.000Z,Twitter for Android,https://t.co/Ze18Ek9SOI,realamberheard,"Actor and Activist, semi-professional disruptor, ice cream advocate and shameless teacup yorkie-lover",Amber Heard,"Los Angeles, CA",2016-12-08T23:26:58.000Z,https://pbs.twimg.com/profile_images/1383196364792680448/N8CdupEu_normal.jpg,190464,220,1151,567,807003567605227520,,666fiers,you don't have to pretend around me | buddie canon,ً. teddy,18+ preferably ,2014-05-20T06:01:16.000Z,https://pbs.twimg.com/profile_images/1506398006295339010/oztN0TLu_normal.jpg,4098,417,80545,36,2509426836,,,
