author_id,lang,source,created_at,referenced_tweets,id,in_reply_to_user_id,text,entities.mentions,public_metrics.retweet_count,public_metrics.reply_count,public_metrics.like_count,public_metrics.quote_count,replied_tweet.public_metrics.retweet_count,replied_tweet.public_metrics.reply_count,replied_tweet.public_metrics.like_count,replied_tweet.public_metrics.quote_count,replied_tweet.author_id,replied_tweet.lang,replied_tweet.source,replied_tweet.created_at,replied_tweet.id,replied_tweet.entities.urls,replied_tweet.text,replied_tweet.author.name,replied_tweet.author.profile_image_url,replied_tweet.author.created_at,replied_tweet.author.description,replied_tweet.author.public_metrics.followers_count,replied_tweet.author.public_metrics.following_count,replied_tweet.author.public_metrics.tweet_count,replied_tweet.author.public_metrics.listed_count,replied_tweet.author.location,replied_tweet.author.id,replied_tweet.author.username,replied_tweet.author.url,author.name,author.profile_image_url,author.created_at,author.description,author.public_metrics.followers_count,author.public_metrics.following_count,author.public_metrics.tweet_count,author.public_metrics.listed_count,author.location,author.id,author.username,author.url,entities.hashtags,entities.urls
898356553366986752,en,Twitter for Android,2018-10-07T05:04:10.000Z,"[{'type': 'replied_to', 'id': '1048726756197326849'}]",1048801132389310468,807003567605227520,@realamberheard Great,"[{'start': 0, 'end': 15, 'username': 'realamberheard', 'id': '807003567605227520'}]",0,0,0,0,25,10,186,1,807003567605227520,en,Instagram,2018-10-07T00:08:37.000Z,1048726756197326849,"[{'start': 188, 'end': 211, 'url': 'https://t.co/b4DE2f6z19', 'expanded_url': 'https://www.instagram.com/p/BonHkQJgvBV/?utm_source=ig_twitter_share&igshid=1fnj9kuj1b4am', 'display_url': 'instagram.com/p/BonHkQJgvBV/…'}]",I am so proud to I have the privilege of living in a country where I can participate in the civil discourse and collective conversation..... especially with so many people who truly care… https://t.co/b4DE2f6z19,Amber Heard,https://pbs.twimg.com/profile_images/1383196364792680448/N8CdupEu_normal.jpg,2016-12-08T23:26:58.000Z,"Actor and Activist, semi-professional disruptor, ice cream advocate and shameless teacup yorkie-lover",190463,220,1151,567,"Los Angeles, CA",807003567605227520,realamberheard,https://t.co/Ze18Ek9SOI,Rajesh Pandey,https://pbs.twimg.com/profile_images/1353236339848847360/rK4XT3Yl_normal.jpg,2017-08-18T01:31:07.000Z,,32,37,1457,0,"New Delhi, India",898356553366986752,RajeshP25315406,,,
316775459,en,Twitter Web Client,2018-10-07T00:46:45.000Z,"[{'type': 'replied_to', 'id': '1048726756197326849'}]",1048736353406603265,807003567605227520,"@realamberheard Your protests and comments have been okay.  But you're siding with some truly, dare I say evil, people.  To lie and smear and label an innocent man as a rapist is very very bad.  You're not doing that.  But you're associating with people who are.","[{'start': 0, 'end': 15, 'username': 'realamberheard', 'id': '807003567605227520'}]",0,0,0,0,25,10,186,1,807003567605227520,en,Instagram,2018-10-07T00:08:37.000Z,1048726756197326849,"[{'start': 188, 'end': 211, 'url': 'https://t.co/b4DE2f6z19', 'expanded_url': 'https://www.instagram.com/p/BonHkQJgvBV/?utm_source=ig_twitter_share&igshid=1fnj9kuj1b4am', 'display_url': 'instagram.com/p/BonHkQJgvBV/…'}]",I am so proud to I have the privilege of living in a country where I can participate in the civil discourse and collective conversation..... especially with so many people who truly care… https://t.co/b4DE2f6z19,Amber Heard,https://pbs.twimg.com/profile_images/1383196364792680448/N8CdupEu_normal.jpg,2016-12-08T23:26:58.000Z,"Actor and Activist, semi-professional disruptor, ice cream advocate and shameless teacup yorkie-lover",190463,220,1151,567,"Los Angeles, CA",807003567605227520,realamberheard,https://t.co/Ze18Ek9SOI,Jason Michael,https://pbs.twimg.com/profile_images/1100851027475976194/KsQk52Nm_normal.jpg,2011-06-13T23:22:34.000Z,"You know me...I do WHAT I want, WHEN I want.",25,80,2292,0,"Champlin, MN",316775459,jasonmichael4,,,
4396120342,en,Twitter for Android,2018-10-07T00:38:14.000Z,"[{'type': 'replied_to', 'id': '1048726756197326849'}]",1048734208410173440,807003567605227520,"@realamberheard You all did all what you can...It's a shame that didn't worked this time 

Now everyone should do their part and vote 👍","[{'start': 0, 'end': 15, 'username': 'realamberheard', 'id': '807003567605227520'}]",0,0,3,0,25,10,186,1,807003567605227520,en,Instagram,2018-10-07T00:08:37.000Z,1048726756197326849,"[{'start': 188, 'end': 211, 'url': 'https://t.co/b4DE2f6z19', 'expanded_url': 'https://www.instagram.com/p/BonHkQJgvBV/?utm_source=ig_twitter_share&igshid=1fnj9kuj1b4am', 'display_url': 'instagram.com/p/BonHkQJgvBV/…'}]",I am so proud to I have the privilege of living in a country where I can participate in the civil discourse and collective conversation..... especially with so many people who truly care… https://t.co/b4DE2f6z19,Amber Heard,https://pbs.twimg.com/profile_images/1383196364792680448/N8CdupEu_normal.jpg,2016-12-08T23:26:58.000Z,"Actor and Activist, semi-professional disruptor, ice cream advocate and shameless teacup yorkie-lover",190463,220,1151,567,"Los Angeles, CA",807003567605227520,realamberheard,https://t.co/Ze18Ek9SOI,STIRGUS SACCHETTI,https://pbs.twimg.com/profile_images/1378175478478082050/UKLiQPuk_normal.jpg,2015-12-06T17:21:06.000Z,"Only two things are infinite, the universe and human stupidity, and I'm not sure about the former. - Albert Einstein and Me!",678,296,58624,26,,4396120342,stirgussa,,,
372930691,en,Twitter Web Client,2018-10-07T00:17:34.000Z,"[{'type': 'replied_to', 'id': '1048726756197326849'}]",1048729006625849344,807003567605227520,@realamberheard Thank you for protesting.  Now urge everyone to vote in November.  No excuses. #VoteThemOut,"[{'start': 0, 'end': 15, 'username': 'realamberheard', 'id': '807003567605227520'}]",0,0,1,0,25,10,186,1,807003567605227520,en,Instagram,2018-10-07T00:08:37.000Z,1048726756197326849,"[{'start': 188, 'end': 211, 'url': 'https://t.co/b4DE2f6z19', 'expanded_url': 'https://www.instagram.com/p/BonHkQJgvBV/?utm_source=ig_twitter_share&igshid=1fnj9kuj1b4am', 'display_url': 'instagram.com/p/BonHkQJgvBV/…'}]",I am so proud to I have the privilege of living in a country where I can participate in the civil discourse and collective conversation..... especially with so many people who truly care… https://t.co/b4DE2f6z19,Amber Heard,https://pbs.twimg.com/profile_images/1383196364792680448/N8CdupEu_normal.jpg,2016-12-08T23:26:58.000Z,"Actor and Activist, semi-professional disruptor, ice cream advocate and shameless teacup yorkie-lover",190463,220,1151,567,"Los Angeles, CA",807003567605227520,realamberheard,https://t.co/Ze18Ek9SOI,Joseph Fontamillas,https://pbs.twimg.com/profile_images/3191174980/ac3e2500e7da834d48e51023d36ed071_normal.jpeg,2011-09-13T17:47:20.000Z,"Husband, father and proud Trump resister.  Former Republican, now a proud liberal.",127,568,5304,0,"California, USA",372930691,bottleshock1969,,"[{'start': 95, 'end': 107, 'tag': 'VoteThemOut'}]",
260898190,en,Twitter for Android,2018-10-07T00:10:25.000Z,"[{'type': 'replied_to', 'id': '1048726756197326849'}]",1048727207751962631,807003567605227520,@realamberheard I love you💗 https://t.co/Kyzvxx4Arf,"[{'start': 0, 'end': 15, 'username': 'realamberheard', 'id': '807003567605227520'}]",0,0,2,0,25,10,186,1,807003567605227520,en,Instagram,2018-10-07T00:08:37.000Z,1048726756197326849,"[{'start': 188, 'end': 211, 'url': 'https://t.co/b4DE2f6z19', 'expanded_url': 'https://www.instagram.com/p/BonHkQJgvBV/?utm_source=ig_twitter_share&igshid=1fnj9kuj1b4am', 'display_url': 'instagram.com/p/BonHkQJgvBV/…'}]",I am so proud to I have the privilege of living in a country where I can participate in the civil discourse and collective conversation..... especially with so many people who truly care… https://t.co/b4DE2f6z19,Amber Heard,https://pbs.twimg.com/profile_images/1383196364792680448/N8CdupEu_normal.jpg,2016-12-08T23:26:58.000Z,"Actor and Activist, semi-professional disruptor, ice cream advocate and shameless teacup yorkie-lover",190463,220,1151,567,"Los Angeles, CA",807003567605227520,realamberheard,https://t.co/Ze18Ek9SOI,Mah| on happy hour🍹,https://pbs.twimg.com/profile_images/1506781718124150787/o62NMaS4_normal.jpg,2011-03-04T20:57:45.000Z,"De pé diante do mundo. De joelhos diante de: Sílvia/León Navarro,Amber Heard,Bia Arantes,Katy Perry,Melanie Zanetti,Giulio Berruti,Selton M e Mariana Ximenes❤",1568,398,129919,15,"Macapá, Brasil",260898190,MarleneB_,,,"[{'start': 28, 'end': 51, 'url': 'https://t.co/Kyzvxx4Arf', 'expanded_url': 'https://twitter.com/MarleneB_/status/1048727207751962631/photo/1', 'display_url': 'pic.twitter.com/Kyzvxx4Arf'}]"
