author_id,created_at,referenced_tweets,source,in_reply_to_user_id,text,id,lang,entities.mentions,public_metrics.retweet_count,public_metrics.reply_count,public_metrics.like_count,public_metrics.quote_count,replied_tweet.author_id,replied_tweet.entities.mentions,replied_tweet.entities.urls,replied_tweet.created_at,replied_tweet.source,replied_tweet.in_reply_to_user_id,replied_tweet.text,replied_tweet.id,replied_tweet.public_metrics.retweet_count,replied_tweet.public_metrics.reply_count,replied_tweet.public_metrics.like_count,replied_tweet.public_metrics.quote_count,replied_tweet.lang,replied_tweet.author.created_at,replied_tweet.author.name,replied_tweet.author.id,replied_tweet.author.description,replied_tweet.author.profile_image_url,replied_tweet.author.url,replied_tweet.author.location,replied_tweet.author.public_metrics.followers_count,replied_tweet.author.public_metrics.following_count,replied_tweet.author.public_metrics.tweet_count,replied_tweet.author.public_metrics.listed_count,replied_tweet.author.username,author.created_at,author.name,author.id,author.description,author.profile_image_url,author.url,author.location,author.public_metrics.followers_count,author.public_metrics.following_count,author.public_metrics.tweet_count,author.public_metrics.listed_count,author.username,entities.urls,entities.annotations
1164240046855086081,2022-02-14T02:17:59.000Z,"[{'type': 'replied_to', 'id': '1052718494767185921'}]",Twitter for iPhone,807003567605227520,@realamberheard @British_Airways Easy af ratio,1493046836533207041,en,"[{'start': 0, 'end': 15, 'username': 'realamberheard', 'id': '807003567605227520'}, {'start': 16, 'end': 32, 'username': 'British_Airways', 'id': '18332190'}]",0,0,4,1,807003567605227520,"[{'start': 0, 'end': 16, 'username': 'British_Airways', 'id': '18332190'}]","[{'start': 116, 'end': 139, 'url': 'https://t.co/ap7jrOLohI', 'expanded_url': 'https://twitter.com/realamberheard/status/1052654982732730368/photo/1', 'display_url': 'pic.twitter.com/ap7jrOLohI'}]",2018-10-17T20:17:59.000Z,Twitter for iPhone,18332190,"@British_Airways needs to stop congratulating themselves on returning my bag and actually try returning it, please! https://t.co/ap7jrOLohI",1052654982732730368,7,5,55,1,en,2016-12-08T23:26:58.000Z,Amber Heard,807003567605227520,"Actor and Activist, semi-professional disruptor, ice cream advocate and shameless teacup yorkie-lover",https://pbs.twimg.com/profile_images/1383196364792680448/N8CdupEu_normal.jpg,https://t.co/Ze18Ek9SOI,"Los Angeles, CA",190463,220,1151,567,realamberheard,2019-08-21T18:17:19.000Z,Simply_Zeke,1164240046855086081,I like to live life to the fullest & game a lot.  |Certified #EldenLord 😊 |I do YouTube and twitch. Halo and Cod for life 😤 #brickbybrick,https://pbs.twimg.com/profile_images/1506834875717865473/s-Mxkj-t_normal.jpg,https://t.co/bo0flg60ZC,"Sus, France",83,853,1404,1,ZekeIsBased,,
1078053002450067456,2022-02-14T02:17:19.000Z,"[{'type': 'replied_to', 'id': '1052718494767185921'}]",Twitter for iPhone,807003567605227520,@realamberheard @British_Airways Easiest ratio of my life,1493046666542206977,en,"[{'start': 0, 'end': 15, 'username': 'realamberheard', 'id': '807003567605227520'}, {'start': 16, 'end': 32, 'username': 'British_Airways', 'id': '18332190'}]",0,0,6,1,807003567605227520,"[{'start': 0, 'end': 16, 'username': 'British_Airways', 'id': '18332190'}]","[{'start': 116, 'end': 139, 'url': 'https://t.co/ap7jrOLohI', 'expanded_url': 'https://twitter.com/realamberheard/status/1052654982732730368/photo/1', 'display_url': 'pic.twitter.com/ap7jrOLohI'}]",2018-10-17T20:17:59.000Z,Twitter for iPhone,18332190,"@British_Airways needs to stop congratulating themselves on returning my bag and actually try returning it, please! https://t.co/ap7jrOLohI",1052654982732730368,7,5,55,1,en,2016-12-08T23:26:58.000Z,Amber Heard,807003567605227520,"Actor and Activist, semi-professional disruptor, ice cream advocate and shameless teacup yorkie-lover",https://pbs.twimg.com/profile_images/1383196364792680448/N8CdupEu_normal.jpg,https://t.co/Ze18Ek9SOI,"Los Angeles, CA",190463,220,1151,567,realamberheard,2018-12-26T22:20:39.000Z,Ian | Sam 💍,1078053002450067456,"Multi stan account, Lil Nas X, Taylor Swift, Marvel, etc.. Self promoters dni @JohnCena followed 2/24/22. @natsmultiverse ❤️💍 Private account @BakerTheAlt03",https://pbs.twimg.com/profile_images/1504558098609946629/_rrfegIK_normal.jpg,,18 he/him,1259,3386,16142,11,BakerTheMaker03,,
1368217973622779907,2021-09-13T11:28:00.000Z,"[{'type': 'replied_to', 'id': '1052718494767185921'}]",Twitter for Android,807003567605227520,@realamberheard @British_Airways Stfu Abuser https://t.co/t6xUCijQMX,1437377520958066693,en,"[{'start': 0, 'end': 15, 'username': 'realamberheard', 'id': '807003567605227520'}, {'start': 16, 'end': 32, 'username': 'British_Airways', 'id': '18332190'}]",0,0,1,0,807003567605227520,"[{'start': 0, 'end': 16, 'username': 'British_Airways', 'id': '18332190'}]","[{'start': 116, 'end': 139, 'url': 'https://t.co/ap7jrOLohI', 'expanded_url': 'https://twitter.com/realamberheard/status/1052654982732730368/photo/1', 'display_url': 'pic.twitter.com/ap7jrOLohI'}]",2018-10-17T20:17:59.000Z,Twitter for iPhone,18332190,"@British_Airways needs to stop congratulating themselves on returning my bag and actually try returning it, please! https://t.co/ap7jrOLohI",1052654982732730368,7,5,55,1,en,2016-12-08T23:26:58.000Z,Amber Heard,807003567605227520,"Actor and Activist, semi-professional disruptor, ice cream advocate and shameless teacup yorkie-lover",https://pbs.twimg.com/profile_images/1383196364792680448/N8CdupEu_normal.jpg,https://t.co/Ze18Ek9SOI,"Los Angeles, CA",190463,220,1151,567,realamberheard,2021-03-06T15:12:50.000Z,El_pto_dedede 🌕☄️,1368217973622779907,"Hola gentuza. Disfruten su estancia en Twitter antes de que los cancelen por cualquier nimidez. 😎
.
Pfp by @hogobarrabaja06",https://pbs.twimg.com/profile_images/1480584471338528776/MqWJ93HE_normal.jpg,,En tu casa ,201,1056,9459,0,DededePto,"[{'start': 45, 'end': 68, 'url': 'https://t.co/t6xUCijQMX', 'expanded_url': 'https://twitter.com/DededePto/status/1437377520958066693/photo/1', 'display_url': 'pic.twitter.com/t6xUCijQMX'}]",
1358543454335336448,2021-09-12T20:42:19.000Z,"[{'type': 'replied_to', 'id': '1052654982732730368'}]",Twitter for Android,807003567605227520,"@realamberheard @British_Airways lmao fuck you

imagine beating your husband and then blaming him 💀",1437154630019002377,en,"[{'start': 0, 'end': 15, 'username': 'realamberheard', 'id': '807003567605227520'}, {'start': 16, 'end': 32, 'username': 'British_Airways', 'id': '18332190'}]",0,0,1,0,807003567605227520,"[{'start': 0, 'end': 16, 'username': 'British_Airways', 'id': '18332190'}]","[{'start': 116, 'end': 139, 'url': 'https://t.co/ap7jrOLohI', 'expanded_url': 'https://twitter.com/realamberheard/status/1052654982732730368/photo/1', 'display_url': 'pic.twitter.com/ap7jrOLohI'}]",2018-10-17T20:17:59.000Z,Twitter for iPhone,18332190,"@British_Airways needs to stop congratulating themselves on returning my bag and actually try returning it, please! https://t.co/ap7jrOLohI",1052654982732730368,7,5,55,1,en,2016-12-08T23:26:58.000Z,Amber Heard,807003567605227520,"Actor and Activist, semi-professional disruptor, ice cream advocate and shameless teacup yorkie-lover",https://pbs.twimg.com/profile_images/1383196364792680448/N8CdupEu_normal.jpg,https://t.co/Ze18Ek9SOI,"Los Angeles, CA",190463,220,1151,567,realamberheard,2021-02-07T22:29:51.000Z,redux izzi,1358543454335336448,"mmmmmm i am so sarmt mmmmm huge swollen brain mmmmmmmm

fear street grifter stannie, horror fan, photography, etc

СЛАВА УКРАЇНІ! 🇺🇦🇺🇦🇺🇦

i am minor btw",https://pbs.twimg.com/profile_images/1474931709749641218/m3v5VuiS_normal.jpg,,The Backrooms,69,383,5389,2,Izzi212,,"[{'start': 46, 'end': 47, 'probability': 0.5756, 'type': 'Person', 'normalized_text': ''}]"
1298018791394222080,2020-08-25T06:20:48.000Z,"[{'type': 'replied_to', 'id': '1052718494767185921'}]",Twitter for iPhone,807003567605227520,@realamberheard @British_Airways How about you lied too bring your dogs into my country 🇦🇺,1298143271584063488,en,"[{'start': 0, 'end': 15, 'username': 'realamberheard', 'id': '807003567605227520'}, {'start': 16, 'end': 32, 'username': 'British_Airways', 'id': '18332190'}]",0,0,0,0,807003567605227520,"[{'start': 0, 'end': 16, 'username': 'British_Airways', 'id': '18332190'}]","[{'start': 116, 'end': 139, 'url': 'https://t.co/ap7jrOLohI', 'expanded_url': 'https://twitter.com/realamberheard/status/1052654982732730368/photo/1', 'display_url': 'pic.twitter.com/ap7jrOLohI'}]",2018-10-17T20:17:59.000Z,Twitter for iPhone,18332190,"@British_Airways needs to stop congratulating themselves on returning my bag and actually try returning it, please! https://t.co/ap7jrOLohI",1052654982732730368,7,5,55,1,en,2016-12-08T23:26:58.000Z,Amber Heard,807003567605227520,"Actor and Activist, semi-professional disruptor, ice cream advocate and shameless teacup yorkie-lover",https://pbs.twimg.com/profile_images/1383196364792680448/N8CdupEu_normal.jpg,https://t.co/Ze18Ek9SOI,"Los Angeles, CA",190463,220,1151,567,realamberheard,2020-08-24T22:06:30.000Z,Kylie Lee,1298018791394222080,Australia 🇦🇺,https://pbs.twimg.com/profile_images/1298019011209261056/CfdYcHI9_normal.jpg,,"Melbourne, Victoria",3,43,69,0,KylieLe66204456,,
53017448,2019-03-13T15:30:20.000Z,"[{'type': 'replied_to', 'id': '1052719628743368704'}]",Twitter for Android,807003567605227520,"@realamberheard @British_Airways I hope every BA worker is still okay and didn't get hit, hurt or stuff thrown at them",1105853609114243072,en,"[{'start': 0, 'end': 15, 'username': 'realamberheard', 'id': '807003567605227520'}, {'start': 16, 'end': 32, 'username': 'British_Airways', 'id': '18332190'}]",0,0,0,0,807003567605227520,"[{'start': 0, 'end': 16, 'username': 'British_Airways', 'id': '18332190'}]","[{'start': 116, 'end': 139, 'url': 'https://t.co/ap7jrOLohI', 'expanded_url': 'https://twitter.com/realamberheard/status/1052654982732730368/photo/1', 'display_url': 'pic.twitter.com/ap7jrOLohI'}]",2018-10-17T20:17:59.000Z,Twitter for iPhone,18332190,"@British_Airways needs to stop congratulating themselves on returning my bag and actually try returning it, please! https://t.co/ap7jrOLohI",1052654982732730368,7,5,55,1,en,2016-12-08T23:26:58.000Z,Amber Heard,807003567605227520,"Actor and Activist, semi-professional disruptor, ice cream advocate and shameless teacup yorkie-lover",https://pbs.twimg.com/profile_images/1383196364792680448/N8CdupEu_normal.jpg,https://t.co/Ze18Ek9SOI,"Los Angeles, CA",190463,220,1151,567,realamberheard,2009-07-02T09:21:15.000Z,Joyce 🇺🇦🌻,53017448,"~ Mother of twins
~ Lover of music and cosplay
~ Amateur stargazer
~ Fan of science
~ All time proud geeky weirdo
~ Linguaphile
~ Versifier
~ Writer",https://pbs.twimg.com/profile_images/1497530830251515918/xr-BZPyv_normal.jpg,,one of my own imaginary worlds,230,197,21741,0,Chibeau,,
13879162,2018-10-18T09:14:00.000Z,"[{'type': 'replied_to', 'id': '1052654982732730368'}]",Twitter for iPhone,807003567605227520,@realamberheard @British_Airways Oh you are express Ong thé sane sityation as si much Women . On thé none privilelged world !,1052850271355850752,en,"[{'start': 0, 'end': 15, 'username': 'realamberheard', 'id': '807003567605227520'}, {'start': 16, 'end': 32, 'username': 'British_Airways', 'id': '18332190'}]",0,0,0,0,807003567605227520,"[{'start': 0, 'end': 16, 'username': 'British_Airways', 'id': '18332190'}]","[{'start': 116, 'end': 139, 'url': 'https://t.co/ap7jrOLohI', 'expanded_url': 'https://twitter.com/realamberheard/status/1052654982732730368/photo/1', 'display_url': 'pic.twitter.com/ap7jrOLohI'}]",2018-10-17T20:17:59.000Z,Twitter for iPhone,18332190,"@British_Airways needs to stop congratulating themselves on returning my bag and actually try returning it, please! https://t.co/ap7jrOLohI",1052654982732730368,7,5,55,1,en,2016-12-08T23:26:58.000Z,Amber Heard,807003567605227520,"Actor and Activist, semi-professional disruptor, ice cream advocate and shameless teacup yorkie-lover",https://pbs.twimg.com/profile_images/1383196364792680448/N8CdupEu_normal.jpg,https://t.co/Ze18Ek9SOI,"Los Angeles, CA",190463,220,1151,567,realamberheard,2008-02-23T21:31:05.000Z,Valitey,13879162,Digital /mobile solutions Expert | tech4good / partnership MOON  “Il n'y a pas de grande réalisation qui n'ait été d'abord utopie.” CEO founder CLIC RECYCLE,https://pbs.twimg.com/profile_images/952911560741130240/eU6OwB7j_normal.jpg,,Spain,1238,2627,22688,147,valitey,,
47495880,2018-10-18T06:18:54.000Z,"[{'type': 'replied_to', 'id': '1052656645388390400'}]",Twitter Web Client,4396120342,"@stirgussa @realamberheard @British_Airways But also, isn't it soooooooooooooooo creepy that the agent that checked her in put her bag under his name?!?! Why???",1052806205284831232,en,"[{'start': 0, 'end': 10, 'username': 'stirgussa', 'id': '4396120342'}, {'start': 11, 'end': 26, 'username': 'realamberheard', 'id': '807003567605227520'}, {'start': 27, 'end': 43, 'username': 'British_Airways', 'id': '18332190'}]",0,0,2,0,807003567605227520,"[{'start': 0, 'end': 16, 'username': 'British_Airways', 'id': '18332190'}]","[{'start': 116, 'end': 139, 'url': 'https://t.co/ap7jrOLohI', 'expanded_url': 'https://twitter.com/realamberheard/status/1052654982732730368/photo/1', 'display_url': 'pic.twitter.com/ap7jrOLohI'}]",2018-10-17T20:17:59.000Z,Twitter for iPhone,18332190,"@British_Airways needs to stop congratulating themselves on returning my bag and actually try returning it, please! https://t.co/ap7jrOLohI",1052654982732730368,7,5,55,1,en,2016-12-08T23:26:58.000Z,Amber Heard,807003567605227520,"Actor and Activist, semi-professional disruptor, ice cream advocate and shameless teacup yorkie-lover",https://pbs.twimg.com/profile_images/1383196364792680448/N8CdupEu_normal.jpg,https://t.co/Ze18Ek9SOI,"Los Angeles, CA",190463,220,1151,567,realamberheard,2009-06-16T00:50:13.000Z,Katie,47495880,Professional Nap Taker and Nap Dress Wearer. Hoarder of books and red lipstick. She/Her.,https://pbs.twimg.com/profile_images/378800000526968506/ba2d2bc448cf91c8994ca0a60860432a_normal.jpeg,,"Los Angeles, CA",385,799,19279,5,total_silliness,,
874984340,2018-10-18T01:01:13.000Z,"[{'type': 'replied_to', 'id': '1052719628743368704'}]",Twitter for iPhone,807003567605227520,"@realamberheard @British_Airways Good for you, Amber. That was a very rude and unprofessional response they gave you before.",1052726259808112640,en,"[{'start': 0, 'end': 15, 'username': 'realamberheard', 'id': '807003567605227520'}, {'start': 16, 'end': 32, 'username': 'British_Airways', 'id': '18332190'}]",0,0,2,0,807003567605227520,"[{'start': 0, 'end': 16, 'username': 'British_Airways', 'id': '18332190'}]","[{'start': 116, 'end': 139, 'url': 'https://t.co/ap7jrOLohI', 'expanded_url': 'https://twitter.com/realamberheard/status/1052654982732730368/photo/1', 'display_url': 'pic.twitter.com/ap7jrOLohI'}]",2018-10-17T20:17:59.000Z,Twitter for iPhone,18332190,"@British_Airways needs to stop congratulating themselves on returning my bag and actually try returning it, please! https://t.co/ap7jrOLohI",1052654982732730368,7,5,55,1,en,2016-12-08T23:26:58.000Z,Amber Heard,807003567605227520,"Actor and Activist, semi-professional disruptor, ice cream advocate and shameless teacup yorkie-lover",https://pbs.twimg.com/profile_images/1383196364792680448/N8CdupEu_normal.jpg,https://t.co/Ze18Ek9SOI,"Los Angeles, CA",190463,220,1151,567,realamberheard,2012-10-12T05:22:26.000Z,Lexi,874984340,Here to fangirl about fangirl things. I also retweet a lot of animal stuff and posts to raise social awareness. Beware my page. Pronouns: she/her,https://pbs.twimg.com/profile_images/1451763808968523777/qJNzYCWU_normal.jpg,,,338,315,26825,15,animalhugger91,,"[{'start': 47, 'end': 51, 'probability': 0.9711, 'type': 'Person', 'normalized_text': 'Amber'}]"
807003567605227520,2018-10-18T00:34:52.000Z,"[{'type': 'replied_to', 'id': '1052665036685099015'}]",Twitter for iPad,18332190,@British_Airways If some1 was as diligent about returning customer’s property as they were @ checking social media then maybe fewer ppl would complain about the lack of accountability &amp; responsibility of @British_Airways in returning property left n their custody,1052719628743368704,en,"[{'start': 0, 'end': 16, 'username': 'British_Airways', 'id': '18332190'}, {'start': 208, 'end': 224, 'username': 'British_Airways', 'id': '18332190'}]",3,2,13,1,807003567605227520,"[{'start': 0, 'end': 16, 'username': 'British_Airways', 'id': '18332190'}]","[{'start': 116, 'end': 139, 'url': 'https://t.co/ap7jrOLohI', 'expanded_url': 'https://twitter.com/realamberheard/status/1052654982732730368/photo/1', 'display_url': 'pic.twitter.com/ap7jrOLohI'}]",2018-10-17T20:17:59.000Z,Twitter for iPhone,18332190,"@British_Airways needs to stop congratulating themselves on returning my bag and actually try returning it, please! https://t.co/ap7jrOLohI",1052654982732730368,7,5,55,1,en,2016-12-08T23:26:58.000Z,Amber Heard,807003567605227520,"Actor and Activist, semi-professional disruptor, ice cream advocate and shameless teacup yorkie-lover",https://pbs.twimg.com/profile_images/1383196364792680448/N8CdupEu_normal.jpg,https://t.co/Ze18Ek9SOI,"Los Angeles, CA",190463,220,1151,567,realamberheard,2016-12-08T23:26:58.000Z,Amber Heard,807003567605227520,"Actor and Activist, semi-professional disruptor, ice cream advocate and shameless teacup yorkie-lover",https://pbs.twimg.com/profile_images/1383196364792680448/N8CdupEu_normal.jpg,https://t.co/Ze18Ek9SOI,"Los Angeles, CA",190463,220,1151,567,realamberheard,,
807003567605227520,2018-10-18T00:30:22.000Z,"[{'type': 'replied_to', 'id': '1052665036685099015'}]",Twitter for iPad,18332190,"@British_Airways Yes, reported @ airport &amp; have followed up many times.",1052718494767185921,en,"[{'start': 0, 'end': 16, 'username': 'British_Airways', 'id': '18332190'}]",2,5,10,3,807003567605227520,"[{'start': 0, 'end': 16, 'username': 'British_Airways', 'id': '18332190'}]","[{'start': 116, 'end': 139, 'url': 'https://t.co/ap7jrOLohI', 'expanded_url': 'https://twitter.com/realamberheard/status/1052654982732730368/photo/1', 'display_url': 'pic.twitter.com/ap7jrOLohI'}]",2018-10-17T20:17:59.000Z,Twitter for iPhone,18332190,"@British_Airways needs to stop congratulating themselves on returning my bag and actually try returning it, please! https://t.co/ap7jrOLohI",1052654982732730368,7,5,55,1,en,2016-12-08T23:26:58.000Z,Amber Heard,807003567605227520,"Actor and Activist, semi-professional disruptor, ice cream advocate and shameless teacup yorkie-lover",https://pbs.twimg.com/profile_images/1383196364792680448/N8CdupEu_normal.jpg,https://t.co/Ze18Ek9SOI,"Los Angeles, CA",190463,220,1151,567,realamberheard,2016-12-08T23:26:58.000Z,Amber Heard,807003567605227520,"Actor and Activist, semi-professional disruptor, ice cream advocate and shameless teacup yorkie-lover",https://pbs.twimg.com/profile_images/1383196364792680448/N8CdupEu_normal.jpg,https://t.co/Ze18Ek9SOI,"Los Angeles, CA",190463,220,1151,567,realamberheard,,
874984340,2018-10-17T22:29:13.000Z,"[{'type': 'replied_to', 'id': '1052686893912129536'}]",Twitter for iPhone,874984340,@realamberheard *or anything,1052688008976183298,en,"[{'start': 0, 'end': 15, 'username': 'realamberheard', 'id': '807003567605227520'}]",0,0,1,0,807003567605227520,"[{'start': 0, 'end': 16, 'username': 'British_Airways', 'id': '18332190'}]","[{'start': 116, 'end': 139, 'url': 'https://t.co/ap7jrOLohI', 'expanded_url': 'https://twitter.com/realamberheard/status/1052654982732730368/photo/1', 'display_url': 'pic.twitter.com/ap7jrOLohI'}]",2018-10-17T20:17:59.000Z,Twitter for iPhone,18332190,"@British_Airways needs to stop congratulating themselves on returning my bag and actually try returning it, please! https://t.co/ap7jrOLohI",1052654982732730368,7,5,55,1,en,2016-12-08T23:26:58.000Z,Amber Heard,807003567605227520,"Actor and Activist, semi-professional disruptor, ice cream advocate and shameless teacup yorkie-lover",https://pbs.twimg.com/profile_images/1383196364792680448/N8CdupEu_normal.jpg,https://t.co/Ze18Ek9SOI,"Los Angeles, CA",190463,220,1151,567,realamberheard,2012-10-12T05:22:26.000Z,Lexi,874984340,Here to fangirl about fangirl things. I also retweet a lot of animal stuff and posts to raise social awareness. Beware my page. Pronouns: she/her,https://pbs.twimg.com/profile_images/1451763808968523777/qJNzYCWU_normal.jpg,,,338,315,26825,15,animalhugger91,,
874984340,2018-10-17T22:24:48.000Z,"[{'type': 'replied_to', 'id': '1052654982732730368'}]",Twitter for iPhone,807003567605227520,@realamberheard It’s not like you were away on important business anything. Hope they take their time.🙄 *sarcasm since the internet has no tone.* Hope you get your belongings back soon!,1052686893912129536,en,"[{'start': 0, 'end': 15, 'username': 'realamberheard', 'id': '807003567605227520'}]",0,1,3,0,807003567605227520,"[{'start': 0, 'end': 16, 'username': 'British_Airways', 'id': '18332190'}]","[{'start': 116, 'end': 139, 'url': 'https://t.co/ap7jrOLohI', 'expanded_url': 'https://twitter.com/realamberheard/status/1052654982732730368/photo/1', 'display_url': 'pic.twitter.com/ap7jrOLohI'}]",2018-10-17T20:17:59.000Z,Twitter for iPhone,18332190,"@British_Airways needs to stop congratulating themselves on returning my bag and actually try returning it, please! https://t.co/ap7jrOLohI",1052654982732730368,7,5,55,1,en,2016-12-08T23:26:58.000Z,Amber Heard,807003567605227520,"Actor and Activist, semi-professional disruptor, ice cream advocate and shameless teacup yorkie-lover",https://pbs.twimg.com/profile_images/1383196364792680448/N8CdupEu_normal.jpg,https://t.co/Ze18Ek9SOI,"Los Angeles, CA",190463,220,1151,567,realamberheard,2012-10-12T05:22:26.000Z,Lexi,874984340,Here to fangirl about fangirl things. I also retweet a lot of animal stuff and posts to raise social awareness. Beware my page. Pronouns: she/her,https://pbs.twimg.com/profile_images/1451763808968523777/qJNzYCWU_normal.jpg,,,338,315,26825,15,animalhugger91,,
1096366964,2018-10-17T21:00:53.000Z,"[{'type': 'replied_to', 'id': '1052654982732730368'}]",Twitter Web Client,807003567605227520,@realamberheard @British_Airways I'll come and help you look for it🕵️‍♀️🔍 👀,1052665777319337989,en,"[{'start': 0, 'end': 15, 'username': 'realamberheard', 'id': '807003567605227520'}, {'start': 16, 'end': 32, 'username': 'British_Airways', 'id': '18332190'}]",0,0,0,0,807003567605227520,"[{'start': 0, 'end': 16, 'username': 'British_Airways', 'id': '18332190'}]","[{'start': 116, 'end': 139, 'url': 'https://t.co/ap7jrOLohI', 'expanded_url': 'https://twitter.com/realamberheard/status/1052654982732730368/photo/1', 'display_url': 'pic.twitter.com/ap7jrOLohI'}]",2018-10-17T20:17:59.000Z,Twitter for iPhone,18332190,"@British_Airways needs to stop congratulating themselves on returning my bag and actually try returning it, please! https://t.co/ap7jrOLohI",1052654982732730368,7,5,55,1,en,2016-12-08T23:26:58.000Z,Amber Heard,807003567605227520,"Actor and Activist, semi-professional disruptor, ice cream advocate and shameless teacup yorkie-lover",https://pbs.twimg.com/profile_images/1383196364792680448/N8CdupEu_normal.jpg,https://t.co/Ze18Ek9SOI,"Los Angeles, CA",190463,220,1151,567,realamberheard,2013-01-16T21:09:58.000Z,dorito,1096366964,crying inside/demotivated,https://pbs.twimg.com/profile_images/1380495128813535235/FEYfnPyI_normal.jpg,,🦋🦖,172,68,10015,0,legomaiemfasi,,
4396120342,2018-10-17T20:24:36.000Z,"[{'type': 'replied_to', 'id': '1052654982732730368'}]",Twitter for Android,807003567605227520,"@realamberheard @British_Airways Oh god i hate these bots that through DM informs you that ""all is fine"" and problem solved when actually nothing happened 😤😤

Return the bag of my queen!!

Worst costumers service @British_Airways 👈",1052656645388390400,en,"[{'start': 0, 'end': 15, 'username': 'realamberheard', 'id': '807003567605227520'}, {'start': 16, 'end': 32, 'username': 'British_Airways', 'id': '18332190'}, {'start': 213, 'end': 229, 'username': 'British_Airways', 'id': '18332190'}]",0,1,8,0,807003567605227520,"[{'start': 0, 'end': 16, 'username': 'British_Airways', 'id': '18332190'}]","[{'start': 116, 'end': 139, 'url': 'https://t.co/ap7jrOLohI', 'expanded_url': 'https://twitter.com/realamberheard/status/1052654982732730368/photo/1', 'display_url': 'pic.twitter.com/ap7jrOLohI'}]",2018-10-17T20:17:59.000Z,Twitter for iPhone,18332190,"@British_Airways needs to stop congratulating themselves on returning my bag and actually try returning it, please! https://t.co/ap7jrOLohI",1052654982732730368,7,5,55,1,en,2016-12-08T23:26:58.000Z,Amber Heard,807003567605227520,"Actor and Activist, semi-professional disruptor, ice cream advocate and shameless teacup yorkie-lover",https://pbs.twimg.com/profile_images/1383196364792680448/N8CdupEu_normal.jpg,https://t.co/Ze18Ek9SOI,"Los Angeles, CA",190463,220,1151,567,realamberheard,2015-12-06T17:21:06.000Z,STIRGUS SACCHETTI,4396120342,"Only two things are infinite, the universe and human stupidity, and I'm not sure about the former. - Albert Einstein and Me!",https://pbs.twimg.com/profile_images/1378175478478082050/UKLiQPuk_normal.jpg,,,678,296,58624,26,stirgussa,,
