in_reply_to_user_id,created_at,text,source,id,author_id,lang,referenced_tweets,entities.mentions,public_metrics.retweet_count,public_metrics.reply_count,public_metrics.like_count,public_metrics.quote_count,replied_tweet.created_at,replied_tweet.text,replied_tweet.source,replied_tweet.public_metrics.retweet_count,replied_tweet.public_metrics.reply_count,replied_tweet.public_metrics.like_count,replied_tweet.public_metrics.quote_count,replied_tweet.id,replied_tweet.author_id,replied_tweet.lang,replied_tweet.entities.urls,replied_tweet.author.username,replied_tweet.author.id,replied_tweet.author.created_at,replied_tweet.author.public_metrics.followers_count,replied_tweet.author.public_metrics.following_count,replied_tweet.author.public_metrics.tweet_count,replied_tweet.author.public_metrics.listed_count,replied_tweet.author.name,replied_tweet.author.url,replied_tweet.author.location,replied_tweet.author.description,replied_tweet.author.profile_image_url,author.username,author.id,author.created_at,author.public_metrics.followers_count,author.public_metrics.following_count,author.public_metrics.tweet_count,author.public_metrics.listed_count,author.name,author.url,author.location,author.description,author.profile_image_url,entities.hashtags,entities.urls,entities.annotations
807003567605227520,2020-10-29T06:45:50.000Z,@realamberheard @realamberheard you are an abuser. You are a liar. You are a sociopath and you are a fake.,Twitter for iPhone,1321704781069475843,1315078438630289408,en,"[{'type': 'replied_to', 'id': '1053312151543267330'}]","[{'start': 0, 'end': 15, 'username': 'realamberheard', 'id': '807003567605227520'}, {'start': 16, 'end': 31, 'username': 'realamberheard', 'id': '807003567605227520'}]",0,0,0,0,2018-10-19T15:49:21.000Z,https://t.co/9YP90qiS60 https://t.co/zOhodrxTnj,Twitter for iPad,55,28,655,3,1053312151543267330,807003567605227520,und,"[{'start': 0, 'end': 23, 'url': 'https://t.co/9YP90qiS60', 'expanded_url': 'https://news.sky.com/video/amber-heard-on-gender-branding-and-feminism-11528853', 'display_url': 'news.sky.com/video/amber-he…', 'images': [{'url': 'https://pbs.twimg.com/news_img/1497681167562256396/HlsC_D61?format=jpg&name=orig', 'width': 768, 'height': 432}, {'url': 'https://pbs.twimg.com/news_img/1497681167562256396/HlsC_D61?format=jpg&name=150x150', 'width': 150, 'height': 150}], 'status': 200, 'title': 'Amber Heard on gender identity and feminism', 'description': 'Actress and activist Amber Heard speaks to Sky News about feminism and exploring the metaphorical idea of ""her-story"" alongside history.', 'unwound_url': 'https://news.sky.com/video/amber-heard-on-gender-branding-and-feminism-11528853'}, {'start': 24, 'end': 47, 'url': 'https://t.co/zOhodrxTnj', 'expanded_url': 'https://twitter.com/realamberheard/status/1053312151543267330/photo/1', 'display_url': 'pic.twitter.com/zOhodrxTnj'}]",realamberheard,807003567605227520,2016-12-08T23:26:58.000Z,190462,220,1151,567,Amber Heard,https://t.co/Ze18Ek9SOI,"Los Angeles, CA","Actor and Activist, semi-professional disruptor, ice cream advocate and shameless teacup yorkie-lover",https://pbs.twimg.com/profile_images/1383196364792680448/N8CdupEu_normal.jpg,Kat321Ms,1315078438630289408,2020-10-10T23:55:17.000Z,38,159,1195,0,Niroshi Jayathilake,,"New Orleans, LA",,https://pbs.twimg.com/profile_images/1321085047722573826/rTUCK4PH_normal.jpg,,,
807003567605227520,2018-10-30T22:03:44.000Z,@realamberheard @ToddKrim No one believe you. You are liar. #iBelieveinJohnnyDepp,Twitter for Android,1057392635688685568,873639634256920578,en,"[{'type': 'replied_to', 'id': '1053312151543267330'}]","[{'start': 0, 'end': 15, 'username': 'realamberheard', 'id': '807003567605227520'}, {'start': 16, 'end': 25, 'username': 'ToddKrim', 'id': '109067463'}]",0,0,1,0,2018-10-19T15:49:21.000Z,https://t.co/9YP90qiS60 https://t.co/zOhodrxTnj,Twitter for iPad,55,28,655,3,1053312151543267330,807003567605227520,und,"[{'start': 0, 'end': 23, 'url': 'https://t.co/9YP90qiS60', 'expanded_url': 'https://news.sky.com/video/amber-heard-on-gender-branding-and-feminism-11528853', 'display_url': 'news.sky.com/video/amber-he…', 'images': [{'url': 'https://pbs.twimg.com/news_img/1497681167562256396/HlsC_D61?format=jpg&name=orig', 'width': 768, 'height': 432}, {'url': 'https://pbs.twimg.com/news_img/1497681167562256396/HlsC_D61?format=jpg&name=150x150', 'width': 150, 'height': 150}], 'status': 200, 'title': 'Amber Heard on gender identity and feminism', 'description': 'Actress and activist Amber Heard speaks to Sky News about feminism and exploring the metaphorical idea of ""her-story"" alongside history.', 'unwound_url': 'https://news.sky.com/video/amber-heard-on-gender-branding-and-feminism-11528853'}, {'start': 24, 'end': 47, 'url': 'https://t.co/zOhodrxTnj', 'expanded_url': 'https://twitter.com/realamberheard/status/1053312151543267330/photo/1', 'display_url': 'pic.twitter.com/zOhodrxTnj'}]",realamberheard,807003567605227520,2016-12-08T23:26:58.000Z,190462,220,1151,567,Amber Heard,https://t.co/Ze18Ek9SOI,"Los Angeles, CA","Actor and Activist, semi-professional disruptor, ice cream advocate and shameless teacup yorkie-lover",https://pbs.twimg.com/profile_images/1383196364792680448/N8CdupEu_normal.jpg,Alla31052001,873639634256920578,2017-06-10T20:34:55.000Z,125,43,1493,0,JohnnyDeppfanpage_ua,https://t.co/TORjmcsu9N,"Ukraine, Lutsk","Ukrainian fan club💖
Support, love and all the bet to the talented, amazing person with a great heart. 
My name's Alla. I'm a depphead.
#WearewithyouJohnnyDepp",https://pbs.twimg.com/profile_images/1258374291810328576/WjwxYywa_normal.jpg,"[{'start': 60, 'end': 81, 'tag': 'iBelieveinJohnnyDepp'}]",,
807003567605227520,2018-10-20T13:27:39.000Z,@realamberheard Liar!!!,Twitter for Android,1053638882615586816,764700822768758784,es,"[{'type': 'replied_to', 'id': '1053312151543267330'}]","[{'start': 0, 'end': 15, 'username': 'realamberheard', 'id': '807003567605227520'}]",0,0,5,0,2018-10-19T15:49:21.000Z,https://t.co/9YP90qiS60 https://t.co/zOhodrxTnj,Twitter for iPad,55,28,655,3,1053312151543267330,807003567605227520,und,"[{'start': 0, 'end': 23, 'url': 'https://t.co/9YP90qiS60', 'expanded_url': 'https://news.sky.com/video/amber-heard-on-gender-branding-and-feminism-11528853', 'display_url': 'news.sky.com/video/amber-he…', 'images': [{'url': 'https://pbs.twimg.com/news_img/1497681167562256396/HlsC_D61?format=jpg&name=orig', 'width': 768, 'height': 432}, {'url': 'https://pbs.twimg.com/news_img/1497681167562256396/HlsC_D61?format=jpg&name=150x150', 'width': 150, 'height': 150}], 'status': 200, 'title': 'Amber Heard on gender identity and feminism', 'description': 'Actress and activist Amber Heard speaks to Sky News about feminism and exploring the metaphorical idea of ""her-story"" alongside history.', 'unwound_url': 'https://news.sky.com/video/amber-heard-on-gender-branding-and-feminism-11528853'}, {'start': 24, 'end': 47, 'url': 'https://t.co/zOhodrxTnj', 'expanded_url': 'https://twitter.com/realamberheard/status/1053312151543267330/photo/1', 'display_url': 'pic.twitter.com/zOhodrxTnj'}]",realamberheard,807003567605227520,2016-12-08T23:26:58.000Z,190462,220,1151,567,Amber Heard,https://t.co/Ze18Ek9SOI,"Los Angeles, CA","Actor and Activist, semi-professional disruptor, ice cream advocate and shameless teacup yorkie-lover",https://pbs.twimg.com/profile_images/1383196364792680448/N8CdupEu_normal.jpg,KarMarDanMik,764700822768758784,2016-08-14T05:50:58.000Z,1750,3961,46531,7,ForDaMik🍩⚖️⚡🍉#JohnnyDeppIsInnocent #Justice,,#JusticeForJohnnyDepp ,Believer in Jesuschrist. I demand respect for all animals. Master degree. La familia 💕Depression is real. 🇩🇪I believe JohnnyDeppINNOCENT. Discord #8630,https://pbs.twimg.com/profile_images/1502638192780005379/iJ_pqmgk_normal.jpg,,,
807003567605227520,2018-10-20T12:11:56.000Z,@realamberheard A Liar and gold-digging bitch 😊,Twitter for iPhone,1053619824864030721,583537710,en,"[{'type': 'replied_to', 'id': '1053312151543267330'}]","[{'start': 0, 'end': 15, 'username': 'realamberheard', 'id': '807003567605227520'}]",0,0,5,0,2018-10-19T15:49:21.000Z,https://t.co/9YP90qiS60 https://t.co/zOhodrxTnj,Twitter for iPad,55,28,655,3,1053312151543267330,807003567605227520,und,"[{'start': 0, 'end': 23, 'url': 'https://t.co/9YP90qiS60', 'expanded_url': 'https://news.sky.com/video/amber-heard-on-gender-branding-and-feminism-11528853', 'display_url': 'news.sky.com/video/amber-he…', 'images': [{'url': 'https://pbs.twimg.com/news_img/1497681167562256396/HlsC_D61?format=jpg&name=orig', 'width': 768, 'height': 432}, {'url': 'https://pbs.twimg.com/news_img/1497681167562256396/HlsC_D61?format=jpg&name=150x150', 'width': 150, 'height': 150}], 'status': 200, 'title': 'Amber Heard on gender identity and feminism', 'description': 'Actress and activist Amber Heard speaks to Sky News about feminism and exploring the metaphorical idea of ""her-story"" alongside history.', 'unwound_url': 'https://news.sky.com/video/amber-heard-on-gender-branding-and-feminism-11528853'}, {'start': 24, 'end': 47, 'url': 'https://t.co/zOhodrxTnj', 'expanded_url': 'https://twitter.com/realamberheard/status/1053312151543267330/photo/1', 'display_url': 'pic.twitter.com/zOhodrxTnj'}]",realamberheard,807003567605227520,2016-12-08T23:26:58.000Z,190462,220,1151,567,Amber Heard,https://t.co/Ze18Ek9SOI,"Los Angeles, CA","Actor and Activist, semi-professional disruptor, ice cream advocate and shameless teacup yorkie-lover",https://pbs.twimg.com/profile_images/1383196364792680448/N8CdupEu_normal.jpg,Thefools_wife,583537710,2012-05-18T04:23:31.000Z,370,784,14441,2,𝕻𝖆𝖚𝖑𝖎𝖓𝖆 𝔖. (パウリナ) ⚙️☀️🌙,https://t.co/yt1bJ9Peni,Somewhere beyond time & space ,29 • She/Her • I am just an Observer and a Storyteller who writes things. Nothing more • Moondrop • Sunny • FNAF • Dance with Devils/ダンデビ • マリウス | icon by me,https://pbs.twimg.com/profile_images/1495125858105032710/434igU-S_normal.jpg,,,
807003567605227520,2018-10-20T06:49:06.000Z,"@realamberheard you should stop lying, you're contradicting yourself and all your lies will catch up to you, it's sad you're actually stupid enough to put yourself in the public eye so much",Twitter for Android,1053538580793122818,962261949676445696,en,"[{'type': 'replied_to', 'id': '1053312151543267330'}]","[{'start': 0, 'end': 15, 'username': 'realamberheard', 'id': '807003567605227520'}]",0,0,7,0,2018-10-19T15:49:21.000Z,https://t.co/9YP90qiS60 https://t.co/zOhodrxTnj,Twitter for iPad,55,28,655,3,1053312151543267330,807003567605227520,und,"[{'start': 0, 'end': 23, 'url': 'https://t.co/9YP90qiS60', 'expanded_url': 'https://news.sky.com/video/amber-heard-on-gender-branding-and-feminism-11528853', 'display_url': 'news.sky.com/video/amber-he…', 'images': [{'url': 'https://pbs.twimg.com/news_img/1497681167562256396/HlsC_D61?format=jpg&name=orig', 'width': 768, 'height': 432}, {'url': 'https://pbs.twimg.com/news_img/1497681167562256396/HlsC_D61?format=jpg&name=150x150', 'width': 150, 'height': 150}], 'status': 200, 'title': 'Amber Heard on gender identity and feminism', 'description': 'Actress and activist Amber Heard speaks to Sky News about feminism and exploring the metaphorical idea of ""her-story"" alongside history.', 'unwound_url': 'https://news.sky.com/video/amber-heard-on-gender-branding-and-feminism-11528853'}, {'start': 24, 'end': 47, 'url': 'https://t.co/zOhodrxTnj', 'expanded_url': 'https://twitter.com/realamberheard/status/1053312151543267330/photo/1', 'display_url': 'pic.twitter.com/zOhodrxTnj'}]",realamberheard,807003567605227520,2016-12-08T23:26:58.000Z,190462,220,1151,567,Amber Heard,https://t.co/Ze18Ek9SOI,"Los Angeles, CA","Actor and Activist, semi-professional disruptor, ice cream advocate and shameless teacup yorkie-lover",https://pbs.twimg.com/profile_images/1383196364792680448/N8CdupEu_normal.jpg,sparrowxswann,962261949676445696,2018-02-10T09:48:21.000Z,2055,134,9813,0,☠️,,,"'knowing her true heart is the same as his'              
Pirates of the Caribbean, main ship: sparrabeth {fan account}",https://pbs.twimg.com/profile_images/1097874402388127744/kgFzXcgq_normal.png,,,
807003567605227520,2018-10-20T06:41:49.000Z,@realamberheard #IBelieveHim https://t.co/nRqtt36nta,Twitter for Android,1053536750516219904,122438600,und,"[{'type': 'replied_to', 'id': '1053312151543267330'}]","[{'start': 0, 'end': 15, 'username': 'realamberheard', 'id': '807003567605227520'}]",0,0,7,0,2018-10-19T15:49:21.000Z,https://t.co/9YP90qiS60 https://t.co/zOhodrxTnj,Twitter for iPad,55,28,655,3,1053312151543267330,807003567605227520,und,"[{'start': 0, 'end': 23, 'url': 'https://t.co/9YP90qiS60', 'expanded_url': 'https://news.sky.com/video/amber-heard-on-gender-branding-and-feminism-11528853', 'display_url': 'news.sky.com/video/amber-he…', 'images': [{'url': 'https://pbs.twimg.com/news_img/1497681167562256396/HlsC_D61?format=jpg&name=orig', 'width': 768, 'height': 432}, {'url': 'https://pbs.twimg.com/news_img/1497681167562256396/HlsC_D61?format=jpg&name=150x150', 'width': 150, 'height': 150}], 'status': 200, 'title': 'Amber Heard on gender identity and feminism', 'description': 'Actress and activist Amber Heard speaks to Sky News about feminism and exploring the metaphorical idea of ""her-story"" alongside history.', 'unwound_url': 'https://news.sky.com/video/amber-heard-on-gender-branding-and-feminism-11528853'}, {'start': 24, 'end': 47, 'url': 'https://t.co/zOhodrxTnj', 'expanded_url': 'https://twitter.com/realamberheard/status/1053312151543267330/photo/1', 'display_url': 'pic.twitter.com/zOhodrxTnj'}]",realamberheard,807003567605227520,2016-12-08T23:26:58.000Z,190462,220,1151,567,Amber Heard,https://t.co/Ze18Ek9SOI,"Los Angeles, CA","Actor and Activist, semi-professional disruptor, ice cream advocate and shameless teacup yorkie-lover",https://pbs.twimg.com/profile_images/1383196364792680448/N8CdupEu_normal.jpg,reagandepp,122438600,2010-03-12T18:19:22.000Z,2173,2351,22994,10,Fabi 🇧🇷 #IBelieveHim 🍩⚔️🛡️⚖️,,"Minas Gerais, Brasil",Johnny Depp • Jim Morrison • Wilson Sideral •RHCP · Jensen Ackles · Sebastian Bach · Keanu Reeves . Supernatural • Arquivo X . Doors . Eriberto Leão,https://pbs.twimg.com/profile_images/1323828022504349696/fLmtN3qU_normal.png,"[{'start': 16, 'end': 28, 'tag': 'IBelieveHim'}]","[{'start': 29, 'end': 52, 'url': 'https://t.co/nRqtt36nta', 'expanded_url': 'https://twitter.com/reagandepp/status/1053536750516219904/photo/1', 'display_url': 'pic.twitter.com/nRqtt36nta'}]",
931287546260279296,2018-10-20T04:49:10.000Z,@MaraHenry13 @realamberheard Poor little Amber finished the money and is scrawling back to ex for more money,Twitter Web Client,1053508400280203264,356234364,en,"[{'type': 'replied_to', 'id': '1053358033777147904'}]","[{'start': 0, 'end': 12, 'username': 'MaraHenry13', 'id': '931287546260279296'}, {'start': 13, 'end': 28, 'username': 'realamberheard', 'id': '807003567605227520'}]",1,0,5,0,2018-10-19T15:49:21.000Z,https://t.co/9YP90qiS60 https://t.co/zOhodrxTnj,Twitter for iPad,55,28,655,3,1053312151543267330,807003567605227520,und,"[{'start': 0, 'end': 23, 'url': 'https://t.co/9YP90qiS60', 'expanded_url': 'https://news.sky.com/video/amber-heard-on-gender-branding-and-feminism-11528853', 'display_url': 'news.sky.com/video/amber-he…', 'images': [{'url': 'https://pbs.twimg.com/news_img/1497681167562256396/HlsC_D61?format=jpg&name=orig', 'width': 768, 'height': 432}, {'url': 'https://pbs.twimg.com/news_img/1497681167562256396/HlsC_D61?format=jpg&name=150x150', 'width': 150, 'height': 150}], 'status': 200, 'title': 'Amber Heard on gender identity and feminism', 'description': 'Actress and activist Amber Heard speaks to Sky News about feminism and exploring the metaphorical idea of ""her-story"" alongside history.', 'unwound_url': 'https://news.sky.com/video/amber-heard-on-gender-branding-and-feminism-11528853'}, {'start': 24, 'end': 47, 'url': 'https://t.co/zOhodrxTnj', 'expanded_url': 'https://twitter.com/realamberheard/status/1053312151543267330/photo/1', 'display_url': 'pic.twitter.com/zOhodrxTnj'}]",realamberheard,807003567605227520,2016-12-08T23:26:58.000Z,190462,220,1151,567,Amber Heard,https://t.co/Ze18Ek9SOI,"Los Angeles, CA","Actor and Activist, semi-professional disruptor, ice cream advocate and shameless teacup yorkie-lover",https://pbs.twimg.com/profile_images/1383196364792680448/N8CdupEu_normal.jpg,TamaraJJason,356234364,2011-08-16T15:02:49.000Z,67,83,586,1,Tamara J.J,,"New York, USA",#bioengineering Therapeutic area director @JNJGlobalHealth,https://pbs.twimg.com/profile_images/1516900513/26026_106760589352122_100000545443911_149100_1897301_n_normal.jpg,,,"[{'start': 41, 'end': 45, 'probability': 0.9327, 'type': 'Person', 'normalized_text': 'Amber'}]"
1049596981046366209,2018-10-20T01:27:55.000Z,@Rayvenn97 @itfansofdepp @realamberheard 🤣🤣🤣🤣🤣,Twitter for Android,1053457753992126464,1010592288945287169,und,"[{'type': 'replied_to', 'id': '1053412789207883777'}]","[{'start': 0, 'end': 10, 'username': 'Rayvenn97', 'id': '1049596981046366209'}, {'start': 11, 'end': 24, 'username': 'itfansofdepp', 'id': '1140751670772674560'}, {'start': 25, 'end': 40, 'username': 'realamberheard', 'id': '807003567605227520'}]",0,0,5,0,2018-10-19T15:49:21.000Z,https://t.co/9YP90qiS60 https://t.co/zOhodrxTnj,Twitter for iPad,55,28,655,3,1053312151543267330,807003567605227520,und,"[{'start': 0, 'end': 23, 'url': 'https://t.co/9YP90qiS60', 'expanded_url': 'https://news.sky.com/video/amber-heard-on-gender-branding-and-feminism-11528853', 'display_url': 'news.sky.com/video/amber-he…', 'images': [{'url': 'https://pbs.twimg.com/news_img/1497681167562256396/HlsC_D61?format=jpg&name=orig', 'width': 768, 'height': 432}, {'url': 'https://pbs.twimg.com/news_img/1497681167562256396/HlsC_D61?format=jpg&name=150x150', 'width': 150, 'height': 150}], 'status': 200, 'title': 'Amber Heard on gender identity and feminism', 'description': 'Actress and activist Amber Heard speaks to Sky News about feminism and exploring the metaphorical idea of ""her-story"" alongside history.', 'unwound_url': 'https://news.sky.com/video/amber-heard-on-gender-branding-and-feminism-11528853'}, {'start': 24, 'end': 47, 'url': 'https://t.co/zOhodrxTnj', 'expanded_url': 'https://twitter.com/realamberheard/status/1053312151543267330/photo/1', 'display_url': 'pic.twitter.com/zOhodrxTnj'}]",realamberheard,807003567605227520,2016-12-08T23:26:58.000Z,190462,220,1151,567,Amber Heard,https://t.co/Ze18Ek9SOI,"Los Angeles, CA","Actor and Activist, semi-professional disruptor, ice cream advocate and shameless teacup yorkie-lover",https://pbs.twimg.com/profile_images/1383196364792680448/N8CdupEu_normal.jpg,ILoveUJCDepp,1010592288945287169,2018-06-23T18:35:52.000Z,185,235,1396,0,Marsha Camille,,"Arizona, USA","Just an Arizona Depphead. 
#IBelieveHim
#WeStandWithYouJohnnyDepp
#JusticeForJohhnyDepp",https://pbs.twimg.com/profile_images/1102311705407676416/aG5QnEhQ_normal.jpg,,,
874362552930586624,2018-10-19T23:24:10.000Z,@V0DEVlL @realamberheard u forgot to mention gold digger-if u r feminist why u accepted the Tesla car and didn't return it when u broke up?,Twitter Web Client,1053426610928566272,356234364,en,"[{'type': 'replied_to', 'id': '1053318792703631360'}]","[{'start': 0, 'end': 8, 'username': 'V0DEVlL', 'id': '787072174385340417'}, {'start': 9, 'end': 24, 'username': 'realamberheard', 'id': '807003567605227520'}]",0,0,6,0,2018-10-19T15:49:21.000Z,https://t.co/9YP90qiS60 https://t.co/zOhodrxTnj,Twitter for iPad,55,28,655,3,1053312151543267330,807003567605227520,und,"[{'start': 0, 'end': 23, 'url': 'https://t.co/9YP90qiS60', 'expanded_url': 'https://news.sky.com/video/amber-heard-on-gender-branding-and-feminism-11528853', 'display_url': 'news.sky.com/video/amber-he…', 'images': [{'url': 'https://pbs.twimg.com/news_img/1497681167562256396/HlsC_D61?format=jpg&name=orig', 'width': 768, 'height': 432}, {'url': 'https://pbs.twimg.com/news_img/1497681167562256396/HlsC_D61?format=jpg&name=150x150', 'width': 150, 'height': 150}], 'status': 200, 'title': 'Amber Heard on gender identity and feminism', 'description': 'Actress and activist Amber Heard speaks to Sky News about feminism and exploring the metaphorical idea of ""her-story"" alongside history.', 'unwound_url': 'https://news.sky.com/video/amber-heard-on-gender-branding-and-feminism-11528853'}, {'start': 24, 'end': 47, 'url': 'https://t.co/zOhodrxTnj', 'expanded_url': 'https://twitter.com/realamberheard/status/1053312151543267330/photo/1', 'display_url': 'pic.twitter.com/zOhodrxTnj'}]",realamberheard,807003567605227520,2016-12-08T23:26:58.000Z,190462,220,1151,567,Amber Heard,https://t.co/Ze18Ek9SOI,"Los Angeles, CA","Actor and Activist, semi-professional disruptor, ice cream advocate and shameless teacup yorkie-lover",https://pbs.twimg.com/profile_images/1383196364792680448/N8CdupEu_normal.jpg,TamaraJJason,356234364,2011-08-16T15:02:49.000Z,67,83,586,1,Tamara J.J,,"New York, USA",#bioengineering Therapeutic area director @JNJGlobalHealth,https://pbs.twimg.com/profile_images/1516900513/26026_106760589352122_100000545443911_149100_1897301_n_normal.jpg,,,"[{'start': 92, 'end': 96, 'probability': 0.5004, 'type': 'Product', 'normalized_text': 'Tesla'}]"
874362552930586624,2018-10-19T23:16:35.000Z,@V0DEVlL @realamberheard hahha-couldn't say it better or may be escort?!We all know she  is lesbian fucking  rich man for money.Anyone can name at least one good role or blockbuster with her?she is famous bc of the men she has been dating with,Twitter Web Client,1053424704676134917,781504276170407936,en,"[{'type': 'replied_to', 'id': '1053318792703631360'}]","[{'start': 0, 'end': 8, 'username': 'V0DEVlL', 'id': '787072174385340417'}, {'start': 9, 'end': 24, 'username': 'realamberheard', 'id': '807003567605227520'}]",0,0,3,0,2018-10-19T15:49:21.000Z,https://t.co/9YP90qiS60 https://t.co/zOhodrxTnj,Twitter for iPad,55,28,655,3,1053312151543267330,807003567605227520,und,"[{'start': 0, 'end': 23, 'url': 'https://t.co/9YP90qiS60', 'expanded_url': 'https://news.sky.com/video/amber-heard-on-gender-branding-and-feminism-11528853', 'display_url': 'news.sky.com/video/amber-he…', 'images': [{'url': 'https://pbs.twimg.com/news_img/1497681167562256396/HlsC_D61?format=jpg&name=orig', 'width': 768, 'height': 432}, {'url': 'https://pbs.twimg.com/news_img/1497681167562256396/HlsC_D61?format=jpg&name=150x150', 'width': 150, 'height': 150}], 'status': 200, 'title': 'Amber Heard on gender identity and feminism', 'description': 'Actress and activist Amber Heard speaks to Sky News about feminism and exploring the metaphorical idea of ""her-story"" alongside history.', 'unwound_url': 'https://news.sky.com/video/amber-heard-on-gender-branding-and-feminism-11528853'}, {'start': 24, 'end': 47, 'url': 'https://t.co/zOhodrxTnj', 'expanded_url': 'https://twitter.com/realamberheard/status/1053312151543267330/photo/1', 'display_url': 'pic.twitter.com/zOhodrxTnj'}]",realamberheard,807003567605227520,2016-12-08T23:26:58.000Z,190462,220,1151,567,Amber Heard,https://t.co/Ze18Ek9SOI,"Los Angeles, CA","Actor and Activist, semi-professional disruptor, ice cream advocate and shameless teacup yorkie-lover",https://pbs.twimg.com/profile_images/1383196364792680448/N8CdupEu_normal.jpg,Anastasia_LSM,781504276170407936,2016-09-29T14:41:53.000Z,7,195,375,0,An,,"Los Angeles, CA",,https://pbs.twimg.com/profile_images/1059100508139466752/pTHGCIAT_normal.jpg,,,
807003567605227520,2018-10-19T23:09:58.000Z,@realamberheard Amazing so proud of you.,Twitter for iPhone,1053423037733756928,20294410,en,"[{'type': 'replied_to', 'id': '1053312151543267330'}]","[{'start': 0, 'end': 15, 'username': 'realamberheard', 'id': '807003567605227520'}]",0,0,1,0,2018-10-19T15:49:21.000Z,https://t.co/9YP90qiS60 https://t.co/zOhodrxTnj,Twitter for iPad,55,28,655,3,1053312151543267330,807003567605227520,und,"[{'start': 0, 'end': 23, 'url': 'https://t.co/9YP90qiS60', 'expanded_url': 'https://news.sky.com/video/amber-heard-on-gender-branding-and-feminism-11528853', 'display_url': 'news.sky.com/video/amber-he…', 'images': [{'url': 'https://pbs.twimg.com/news_img/1497681167562256396/HlsC_D61?format=jpg&name=orig', 'width': 768, 'height': 432}, {'url': 'https://pbs.twimg.com/news_img/1497681167562256396/HlsC_D61?format=jpg&name=150x150', 'width': 150, 'height': 150}], 'status': 200, 'title': 'Amber Heard on gender identity and feminism', 'description': 'Actress and activist Amber Heard speaks to Sky News about feminism and exploring the metaphorical idea of ""her-story"" alongside history.', 'unwound_url': 'https://news.sky.com/video/amber-heard-on-gender-branding-and-feminism-11528853'}, {'start': 24, 'end': 47, 'url': 'https://t.co/zOhodrxTnj', 'expanded_url': 'https://twitter.com/realamberheard/status/1053312151543267330/photo/1', 'display_url': 'pic.twitter.com/zOhodrxTnj'}]",realamberheard,807003567605227520,2016-12-08T23:26:58.000Z,190462,220,1151,567,Amber Heard,https://t.co/Ze18Ek9SOI,"Los Angeles, CA","Actor and Activist, semi-professional disruptor, ice cream advocate and shameless teacup yorkie-lover",https://pbs.twimg.com/profile_images/1383196364792680448/N8CdupEu_normal.jpg,nitut1,20294410,2009-02-07T04:45:02.000Z,757,1539,6015,27,Nitish Kannan,https://t.co/lAjgMKGtPg,"Santa Monica, CA","I'm Nitish, CEO of https://t.co/aUoScglITZ, screenwriter, independent producer universal, and speaker author and futurist. https://t.co/QOEAUbyF1b",https://pbs.twimg.com/profile_images/526272543343509504/Yh7pl_Mw_normal.jpeg,,,
1049596981046366209,2018-10-19T22:32:49.000Z,@Rayvenn97 @realamberheard Lol 😂,Twitter for Android,1053413689817210880,785129739451260928,und,"[{'type': 'replied_to', 'id': '1053412789207883777'}]","[{'start': 0, 'end': 10, 'username': 'Rayvenn97', 'id': '1049596981046366209'}, {'start': 11, 'end': 26, 'username': 'realamberheard', 'id': '807003567605227520'}]",0,0,9,0,2018-10-19T15:49:21.000Z,https://t.co/9YP90qiS60 https://t.co/zOhodrxTnj,Twitter for iPad,55,28,655,3,1053312151543267330,807003567605227520,und,"[{'start': 0, 'end': 23, 'url': 'https://t.co/9YP90qiS60', 'expanded_url': 'https://news.sky.com/video/amber-heard-on-gender-branding-and-feminism-11528853', 'display_url': 'news.sky.com/video/amber-he…', 'images': [{'url': 'https://pbs.twimg.com/news_img/1497681167562256396/HlsC_D61?format=jpg&name=orig', 'width': 768, 'height': 432}, {'url': 'https://pbs.twimg.com/news_img/1497681167562256396/HlsC_D61?format=jpg&name=150x150', 'width': 150, 'height': 150}], 'status': 200, 'title': 'Amber Heard on gender identity and feminism', 'description': 'Actress and activist Amber Heard speaks to Sky News about feminism and exploring the metaphorical idea of ""her-story"" alongside history.', 'unwound_url': 'https://news.sky.com/video/amber-heard-on-gender-branding-and-feminism-11528853'}, {'start': 24, 'end': 47, 'url': 'https://t.co/zOhodrxTnj', 'expanded_url': 'https://twitter.com/realamberheard/status/1053312151543267330/photo/1', 'display_url': 'pic.twitter.com/zOhodrxTnj'}]",realamberheard,807003567605227520,2016-12-08T23:26:58.000Z,190462,220,1151,567,Amber Heard,https://t.co/Ze18Ek9SOI,"Los Angeles, CA","Actor and Activist, semi-professional disruptor, ice cream advocate and shameless teacup yorkie-lover",https://pbs.twimg.com/profile_images/1383196364792680448/N8CdupEu_normal.jpg,truthhurts06,785129739451260928,2016-10-09T14:48:11.000Z,1304,585,10126,5,KeepRocking,,Greece,You can fix ignorance but you can't fix stupid,https://pbs.twimg.com/profile_images/828987008337006593/g47KXYvL_normal.jpg,,,
807003567605227520,2018-10-19T22:29:15.000Z,@realamberheard When u are a such a bad actress  you don't even consider yourself one anymore🙃🙃,Twitter Web App,1053412789207883777,1049596981046366209,en,"[{'type': 'replied_to', 'id': '1053312151543267330'}]","[{'start': 0, 'end': 15, 'username': 'realamberheard', 'id': '807003567605227520'}]",10,2,34,0,2018-10-19T15:49:21.000Z,https://t.co/9YP90qiS60 https://t.co/zOhodrxTnj,Twitter for iPad,55,28,655,3,1053312151543267330,807003567605227520,und,"[{'start': 0, 'end': 23, 'url': 'https://t.co/9YP90qiS60', 'expanded_url': 'https://news.sky.com/video/amber-heard-on-gender-branding-and-feminism-11528853', 'display_url': 'news.sky.com/video/amber-he…', 'images': [{'url': 'https://pbs.twimg.com/news_img/1497681167562256396/HlsC_D61?format=jpg&name=orig', 'width': 768, 'height': 432}, {'url': 'https://pbs.twimg.com/news_img/1497681167562256396/HlsC_D61?format=jpg&name=150x150', 'width': 150, 'height': 150}], 'status': 200, 'title': 'Amber Heard on gender identity and feminism', 'description': 'Actress and activist Amber Heard speaks to Sky News about feminism and exploring the metaphorical idea of ""her-story"" alongside history.', 'unwound_url': 'https://news.sky.com/video/amber-heard-on-gender-branding-and-feminism-11528853'}, {'start': 24, 'end': 47, 'url': 'https://t.co/zOhodrxTnj', 'expanded_url': 'https://twitter.com/realamberheard/status/1053312151543267330/photo/1', 'display_url': 'pic.twitter.com/zOhodrxTnj'}]",realamberheard,807003567605227520,2016-12-08T23:26:58.000Z,190462,220,1151,567,Amber Heard,https://t.co/Ze18Ek9SOI,"Los Angeles, CA","Actor and Activist, semi-professional disruptor, ice cream advocate and shameless teacup yorkie-lover",https://pbs.twimg.com/profile_images/1383196364792680448/N8CdupEu_normal.jpg,Rayvenn97,1049596981046366209,2018-10-09T09:46:35.000Z,20,82,187,0,Rayven,,Somewhere In Wonderland ,"Freedom isn't living without rules
It's just living by your own rules~
Anime/manga lover& 
Movie maniac&
Kpop addicted
My life in 3 words Music, Art, Sweets",https://pbs.twimg.com/profile_images/1049599207668092928/Kir7oT2c_normal.jpg,,,
807003567605227520,2018-10-19T21:10:45.000Z,@realamberheard Dear Amber #EveryVoiceMatters  so please hear mine. I am a victim of violence and I need support. https://t.co/E0jAJoj7rb #BelieveWomen #letsmakesomenoise #bemyvoice #kindness #HeForShe,Twitter for iPhone,1053393035747307525,338486610,en,"[{'type': 'replied_to', 'id': '1053312151543267330'}]","[{'start': 0, 'end': 15, 'username': 'realamberheard', 'id': '807003567605227520'}]",0,0,1,0,2018-10-19T15:49:21.000Z,https://t.co/9YP90qiS60 https://t.co/zOhodrxTnj,Twitter for iPad,55,28,655,3,1053312151543267330,807003567605227520,und,"[{'start': 0, 'end': 23, 'url': 'https://t.co/9YP90qiS60', 'expanded_url': 'https://news.sky.com/video/amber-heard-on-gender-branding-and-feminism-11528853', 'display_url': 'news.sky.com/video/amber-he…', 'images': [{'url': 'https://pbs.twimg.com/news_img/1497681167562256396/HlsC_D61?format=jpg&name=orig', 'width': 768, 'height': 432}, {'url': 'https://pbs.twimg.com/news_img/1497681167562256396/HlsC_D61?format=jpg&name=150x150', 'width': 150, 'height': 150}], 'status': 200, 'title': 'Amber Heard on gender identity and feminism', 'description': 'Actress and activist Amber Heard speaks to Sky News about feminism and exploring the metaphorical idea of ""her-story"" alongside history.', 'unwound_url': 'https://news.sky.com/video/amber-heard-on-gender-branding-and-feminism-11528853'}, {'start': 24, 'end': 47, 'url': 'https://t.co/zOhodrxTnj', 'expanded_url': 'https://twitter.com/realamberheard/status/1053312151543267330/photo/1', 'display_url': 'pic.twitter.com/zOhodrxTnj'}]",realamberheard,807003567605227520,2016-12-08T23:26:58.000Z,190462,220,1151,567,Amber Heard,https://t.co/Ze18Ek9SOI,"Los Angeles, CA","Actor and Activist, semi-professional disruptor, ice cream advocate and shameless teacup yorkie-lover",https://pbs.twimg.com/profile_images/1383196364792680448/N8CdupEu_normal.jpg,c_raluca,338486610,2011-07-19T17:12:22.000Z,350,0,3377,5,homeopathiclifestyle,https://t.co/62oKGkmCyg,,#homeopathy #homeopathicinfluencer #healthylife,https://pbs.twimg.com/profile_images/1087477368258736131/ntWQ7m7z_normal.jpg,"[{'start': 27, 'end': 45, 'tag': 'EveryVoiceMatters'}, {'start': 138, 'end': 151, 'tag': 'BelieveWomen'}, {'start': 152, 'end': 170, 'tag': 'letsmakesomenoise'}, {'start': 171, 'end': 181, 'tag': 'bemyvoice'}, {'start': 182, 'end': 191, 'tag': 'kindness'}, {'start': 192, 'end': 201, 'tag': 'HeForShe'}]","[{'start': 114, 'end': 137, 'url': 'https://t.co/E0jAJoj7rb', 'expanded_url': 'https://www.gofundme.com/help-with-legal-battle', 'display_url': 'gofundme.com/help-with-lega…'}]","[{'start': 21, 'end': 25, 'probability': 0.9506, 'type': 'Person', 'normalized_text': 'Amber'}]"
807003567605227520,2018-10-19T18:51:40.000Z,@realamberheard https://t.co/5CmoyUcSbJ,Twitter for Android,1053358033777147904,931287546260279296,und,"[{'type': 'replied_to', 'id': '1053312151543267330'}]","[{'start': 0, 'end': 15, 'username': 'realamberheard', 'id': '807003567605227520'}]",0,1,13,0,2018-10-19T15:49:21.000Z,https://t.co/9YP90qiS60 https://t.co/zOhodrxTnj,Twitter for iPad,55,28,655,3,1053312151543267330,807003567605227520,und,"[{'start': 0, 'end': 23, 'url': 'https://t.co/9YP90qiS60', 'expanded_url': 'https://news.sky.com/video/amber-heard-on-gender-branding-and-feminism-11528853', 'display_url': 'news.sky.com/video/amber-he…', 'images': [{'url': 'https://pbs.twimg.com/news_img/1497681167562256396/HlsC_D61?format=jpg&name=orig', 'width': 768, 'height': 432}, {'url': 'https://pbs.twimg.com/news_img/1497681167562256396/HlsC_D61?format=jpg&name=150x150', 'width': 150, 'height': 150}], 'status': 200, 'title': 'Amber Heard on gender identity and feminism', 'description': 'Actress and activist Amber Heard speaks to Sky News about feminism and exploring the metaphorical idea of ""her-story"" alongside history.', 'unwound_url': 'https://news.sky.com/video/amber-heard-on-gender-branding-and-feminism-11528853'}, {'start': 24, 'end': 47, 'url': 'https://t.co/zOhodrxTnj', 'expanded_url': 'https://twitter.com/realamberheard/status/1053312151543267330/photo/1', 'display_url': 'pic.twitter.com/zOhodrxTnj'}]",realamberheard,807003567605227520,2016-12-08T23:26:58.000Z,190462,220,1151,567,Amber Heard,https://t.co/Ze18Ek9SOI,"Los Angeles, CA","Actor and Activist, semi-professional disruptor, ice cream advocate and shameless teacup yorkie-lover",https://pbs.twimg.com/profile_images/1383196364792680448/N8CdupEu_normal.jpg,MaraHenry13,931287546260279296,2017-11-16T22:27:08.000Z,138,898,4021,0,Mara Henry,https://t.co/tqLcyYBy0R,"London, England","Storyteller. Truth Seeker. Feminist. Cactus Enthusiast. 🌵
she/her/hers

#BlackLivesMatter 
#SayTheirNames",https://pbs.twimg.com/profile_images/1488482059278589954/k-wgPnLH_normal.jpg,,"[{'start': 16, 'end': 39, 'url': 'https://t.co/5CmoyUcSbJ', 'expanded_url': 'https://twitter.com/MaraHenry13/status/1053358033777147904/photo/1', 'display_url': 'pic.twitter.com/5CmoyUcSbJ'}]",
807003567605227520,2018-10-19T18:09:02.000Z,@realamberheard Its wonderful to hear you speak from the heart and it makes you more amazing inside and out.,Twitter Web Client,1053347303342387202,1013741358832668672,en,"[{'type': 'replied_to', 'id': '1053312151543267330'}]","[{'start': 0, 'end': 15, 'username': 'realamberheard', 'id': '807003567605227520'}]",0,0,1,0,2018-10-19T15:49:21.000Z,https://t.co/9YP90qiS60 https://t.co/zOhodrxTnj,Twitter for iPad,55,28,655,3,1053312151543267330,807003567605227520,und,"[{'start': 0, 'end': 23, 'url': 'https://t.co/9YP90qiS60', 'expanded_url': 'https://news.sky.com/video/amber-heard-on-gender-branding-and-feminism-11528853', 'display_url': 'news.sky.com/video/amber-he…', 'images': [{'url': 'https://pbs.twimg.com/news_img/1497681167562256396/HlsC_D61?format=jpg&name=orig', 'width': 768, 'height': 432}, {'url': 'https://pbs.twimg.com/news_img/1497681167562256396/HlsC_D61?format=jpg&name=150x150', 'width': 150, 'height': 150}], 'status': 200, 'title': 'Amber Heard on gender identity and feminism', 'description': 'Actress and activist Amber Heard speaks to Sky News about feminism and exploring the metaphorical idea of ""her-story"" alongside history.', 'unwound_url': 'https://news.sky.com/video/amber-heard-on-gender-branding-and-feminism-11528853'}, {'start': 24, 'end': 47, 'url': 'https://t.co/zOhodrxTnj', 'expanded_url': 'https://twitter.com/realamberheard/status/1053312151543267330/photo/1', 'display_url': 'pic.twitter.com/zOhodrxTnj'}]",realamberheard,807003567605227520,2016-12-08T23:26:58.000Z,190462,220,1151,567,Amber Heard,https://t.co/Ze18Ek9SOI,"Los Angeles, CA","Actor and Activist, semi-professional disruptor, ice cream advocate and shameless teacup yorkie-lover",https://pbs.twimg.com/profile_images/1383196364792680448/N8CdupEu_normal.jpg,TAugustGreen1,1013741358832668672,2018-07-02T11:09:09.000Z,91,83,6683,0,T. August Green,https://t.co/dTh3tBXEnj,"Virginia, USA","Husband, father, gearhead, writer and a life-long dreamer that loves nothing better than road trip with my wife",https://pbs.twimg.com/profile_images/1013752255973953536/e88VA-7m_normal.jpg,,,
807003567605227520,2018-10-19T16:31:32.000Z,@realamberheard @NawafOsaimi يااااااوقه الله بس,Twitter for iPhone,1053322768618582017,269229686,ar,"[{'type': 'replied_to', 'id': '1053312151543267330'}]","[{'start': 0, 'end': 15, 'username': 'realamberheard', 'id': '807003567605227520'}, {'start': 16, 'end': 28, 'username': 'NawafOsaimi', 'id': '293845484'}]",0,0,1,0,2018-10-19T15:49:21.000Z,https://t.co/9YP90qiS60 https://t.co/zOhodrxTnj,Twitter for iPad,55,28,655,3,1053312151543267330,807003567605227520,und,"[{'start': 0, 'end': 23, 'url': 'https://t.co/9YP90qiS60', 'expanded_url': 'https://news.sky.com/video/amber-heard-on-gender-branding-and-feminism-11528853', 'display_url': 'news.sky.com/video/amber-he…', 'images': [{'url': 'https://pbs.twimg.com/news_img/1497681167562256396/HlsC_D61?format=jpg&name=orig', 'width': 768, 'height': 432}, {'url': 'https://pbs.twimg.com/news_img/1497681167562256396/HlsC_D61?format=jpg&name=150x150', 'width': 150, 'height': 150}], 'status': 200, 'title': 'Amber Heard on gender identity and feminism', 'description': 'Actress and activist Amber Heard speaks to Sky News about feminism and exploring the metaphorical idea of ""her-story"" alongside history.', 'unwound_url': 'https://news.sky.com/video/amber-heard-on-gender-branding-and-feminism-11528853'}, {'start': 24, 'end': 47, 'url': 'https://t.co/zOhodrxTnj', 'expanded_url': 'https://twitter.com/realamberheard/status/1053312151543267330/photo/1', 'display_url': 'pic.twitter.com/zOhodrxTnj'}]",realamberheard,807003567605227520,2016-12-08T23:26:58.000Z,190462,220,1151,567,Amber Heard,https://t.co/Ze18Ek9SOI,"Los Angeles, CA","Actor and Activist, semi-professional disruptor, ice cream advocate and shameless teacup yorkie-lover",https://pbs.twimg.com/profile_images/1383196364792680448/N8CdupEu_normal.jpg,bsh9,269229686,2011-03-20T10:23:01.000Z,42,238,2488,0,bsh,,Pandora's box,متدينون جدا .. فاسدون جدا !,https://pbs.twimg.com/profile_images/1049058455204577281/lSdMrNcF_normal.jpg,,,
807003567605227520,2018-10-19T16:28:54.000Z,@realamberheard I'm so honored to support you 👏👏,Twitter Web Client,1053322105520033797,785148392498421760,en,"[{'type': 'replied_to', 'id': '1053312151543267330'}]","[{'start': 0, 'end': 15, 'username': 'realamberheard', 'id': '807003567605227520'}]",0,0,1,0,2018-10-19T15:49:21.000Z,https://t.co/9YP90qiS60 https://t.co/zOhodrxTnj,Twitter for iPad,55,28,655,3,1053312151543267330,807003567605227520,und,"[{'start': 0, 'end': 23, 'url': 'https://t.co/9YP90qiS60', 'expanded_url': 'https://news.sky.com/video/amber-heard-on-gender-branding-and-feminism-11528853', 'display_url': 'news.sky.com/video/amber-he…', 'images': [{'url': 'https://pbs.twimg.com/news_img/1497681167562256396/HlsC_D61?format=jpg&name=orig', 'width': 768, 'height': 432}, {'url': 'https://pbs.twimg.com/news_img/1497681167562256396/HlsC_D61?format=jpg&name=150x150', 'width': 150, 'height': 150}], 'status': 200, 'title': 'Amber Heard on gender identity and feminism', 'description': 'Actress and activist Amber Heard speaks to Sky News about feminism and exploring the metaphorical idea of ""her-story"" alongside history.', 'unwound_url': 'https://news.sky.com/video/amber-heard-on-gender-branding-and-feminism-11528853'}, {'start': 24, 'end': 47, 'url': 'https://t.co/zOhodrxTnj', 'expanded_url': 'https://twitter.com/realamberheard/status/1053312151543267330/photo/1', 'display_url': 'pic.twitter.com/zOhodrxTnj'}]",realamberheard,807003567605227520,2016-12-08T23:26:58.000Z,190462,220,1151,567,Amber Heard,https://t.co/Ze18Ek9SOI,"Los Angeles, CA","Actor and Activist, semi-professional disruptor, ice cream advocate and shameless teacup yorkie-lover",https://pbs.twimg.com/profile_images/1383196364792680448/N8CdupEu_normal.jpg,CoraMelodie,785148392498421760,2016-10-09T16:02:18.000Z,738,720,49396,28,Cora Melodie,,"Bordeaux, France","Actress/Producer & UNHCR Special Envoy #AngelinaJolie | Actress, Activist & Human Rights Champion @realamberheard | @JeniferOfficiel 

#IStandWithYouAmberHeard",https://pbs.twimg.com/profile_images/1138826096386936837/71Iwj2dh_normal.jpg,,,
807003567605227520,2018-10-19T16:15:44.000Z,@realamberheard Activist Amber Heard? More like mistress.,Twitter Web App,1053318792703631360,874362552930586624,en,"[{'type': 'replied_to', 'id': '1053312151543267330'}]","[{'start': 0, 'end': 15, 'username': 'realamberheard', 'id': '807003567605227520'}]",2,2,15,0,2018-10-19T15:49:21.000Z,https://t.co/9YP90qiS60 https://t.co/zOhodrxTnj,Twitter for iPad,55,28,655,3,1053312151543267330,807003567605227520,und,"[{'start': 0, 'end': 23, 'url': 'https://t.co/9YP90qiS60', 'expanded_url': 'https://news.sky.com/video/amber-heard-on-gender-branding-and-feminism-11528853', 'display_url': 'news.sky.com/video/amber-he…', 'images': [{'url': 'https://pbs.twimg.com/news_img/1497681167562256396/HlsC_D61?format=jpg&name=orig', 'width': 768, 'height': 432}, {'url': 'https://pbs.twimg.com/news_img/1497681167562256396/HlsC_D61?format=jpg&name=150x150', 'width': 150, 'height': 150}], 'status': 200, 'title': 'Amber Heard on gender identity and feminism', 'description': 'Actress and activist Amber Heard speaks to Sky News about feminism and exploring the metaphorical idea of ""her-story"" alongside history.', 'unwound_url': 'https://news.sky.com/video/amber-heard-on-gender-branding-and-feminism-11528853'}, {'start': 24, 'end': 47, 'url': 'https://t.co/zOhodrxTnj', 'expanded_url': 'https://twitter.com/realamberheard/status/1053312151543267330/photo/1', 'display_url': 'pic.twitter.com/zOhodrxTnj'}]",realamberheard,807003567605227520,2016-12-08T23:26:58.000Z,190462,220,1151,567,Amber Heard,https://t.co/Ze18Ek9SOI,"Los Angeles, CA","Actor and Activist, semi-professional disruptor, ice cream advocate and shameless teacup yorkie-lover",https://pbs.twimg.com/profile_images/1383196364792680448/N8CdupEu_normal.jpg,D0PPELHERZ,874362552930586624,2017-06-12T20:27:32.000Z,1009,336,5443,9,THE MARILYN MANSON ARCHIVE,,,you've got hell's teeth smiling at you || @V0DEVlL,https://pbs.twimg.com/profile_images/1133417042005114881/moEDGu0y_normal.jpg,,,"[{'start': 25, 'end': 29, 'probability': 0.8007, 'type': 'Person', 'normalized_text': 'Amber'}]"
807003567605227520,2018-10-19T16:15:15.000Z,@realamberheard https://t.co/AKjqXloH23,Twitter for Android,1053318670800293890,4396120342,und,"[{'type': 'replied_to', 'id': '1053312151543267330'}]","[{'start': 0, 'end': 15, 'username': 'realamberheard', 'id': '807003567605227520'}]",0,0,2,0,2018-10-19T15:49:21.000Z,https://t.co/9YP90qiS60 https://t.co/zOhodrxTnj,Twitter for iPad,55,28,655,3,1053312151543267330,807003567605227520,und,"[{'start': 0, 'end': 23, 'url': 'https://t.co/9YP90qiS60', 'expanded_url': 'https://news.sky.com/video/amber-heard-on-gender-branding-and-feminism-11528853', 'display_url': 'news.sky.com/video/amber-he…', 'images': [{'url': 'https://pbs.twimg.com/news_img/1497681167562256396/HlsC_D61?format=jpg&name=orig', 'width': 768, 'height': 432}, {'url': 'https://pbs.twimg.com/news_img/1497681167562256396/HlsC_D61?format=jpg&name=150x150', 'width': 150, 'height': 150}], 'status': 200, 'title': 'Amber Heard on gender identity and feminism', 'description': 'Actress and activist Amber Heard speaks to Sky News about feminism and exploring the metaphorical idea of ""her-story"" alongside history.', 'unwound_url': 'https://news.sky.com/video/amber-heard-on-gender-branding-and-feminism-11528853'}, {'start': 24, 'end': 47, 'url': 'https://t.co/zOhodrxTnj', 'expanded_url': 'https://twitter.com/realamberheard/status/1053312151543267330/photo/1', 'display_url': 'pic.twitter.com/zOhodrxTnj'}]",realamberheard,807003567605227520,2016-12-08T23:26:58.000Z,190462,220,1151,567,Amber Heard,https://t.co/Ze18Ek9SOI,"Los Angeles, CA","Actor and Activist, semi-professional disruptor, ice cream advocate and shameless teacup yorkie-lover",https://pbs.twimg.com/profile_images/1383196364792680448/N8CdupEu_normal.jpg,stirgussa,4396120342,2015-12-06T17:21:06.000Z,678,296,58624,26,STIRGUS SACCHETTI,,,"Only two things are infinite, the universe and human stupidity, and I'm not sure about the former. - Albert Einstein and Me!",https://pbs.twimg.com/profile_images/1378175478478082050/UKLiQPuk_normal.jpg,,"[{'start': 16, 'end': 39, 'url': 'https://t.co/AKjqXloH23', 'expanded_url': 'https://twitter.com/stirgussa/status/1053318670800293890/photo/1', 'display_url': 'pic.twitter.com/AKjqXloH23'}]",
807003567605227520,2018-10-19T15:54:53.000Z,@realamberheard 🔥🔥🔥,Twitter Web Client,1053313544467431424,947232456305868800,und,"[{'type': 'replied_to', 'id': '1053312151543267330'}]","[{'start': 0, 'end': 15, 'username': 'realamberheard', 'id': '807003567605227520'}]",0,0,1,0,2018-10-19T15:49:21.000Z,https://t.co/9YP90qiS60 https://t.co/zOhodrxTnj,Twitter for iPad,55,28,655,3,1053312151543267330,807003567605227520,und,"[{'start': 0, 'end': 23, 'url': 'https://t.co/9YP90qiS60', 'expanded_url': 'https://news.sky.com/video/amber-heard-on-gender-branding-and-feminism-11528853', 'display_url': 'news.sky.com/video/amber-he…', 'images': [{'url': 'https://pbs.twimg.com/news_img/1497681167562256396/HlsC_D61?format=jpg&name=orig', 'width': 768, 'height': 432}, {'url': 'https://pbs.twimg.com/news_img/1497681167562256396/HlsC_D61?format=jpg&name=150x150', 'width': 150, 'height': 150}], 'status': 200, 'title': 'Amber Heard on gender identity and feminism', 'description': 'Actress and activist Amber Heard speaks to Sky News about feminism and exploring the metaphorical idea of ""her-story"" alongside history.', 'unwound_url': 'https://news.sky.com/video/amber-heard-on-gender-branding-and-feminism-11528853'}, {'start': 24, 'end': 47, 'url': 'https://t.co/zOhodrxTnj', 'expanded_url': 'https://twitter.com/realamberheard/status/1053312151543267330/photo/1', 'display_url': 'pic.twitter.com/zOhodrxTnj'}]",realamberheard,807003567605227520,2016-12-08T23:26:58.000Z,190462,220,1151,567,Amber Heard,https://t.co/Ze18Ek9SOI,"Los Angeles, CA","Actor and Activist, semi-professional disruptor, ice cream advocate and shameless teacup yorkie-lover",https://pbs.twimg.com/profile_images/1383196364792680448/N8CdupEu_normal.jpg,AminStereo,947232456305868800,2017-12-30T22:26:31.000Z,52,636,12686,0,Amin B,, 🇨🇦 ,,https://pbs.twimg.com/profile_images/970301974389272576/ZuQVD-3y_normal.jpg,,,
807003567605227520,2018-10-19T15:54:32.000Z,@realamberheard It’s so wonderful being your fan! Thank you!,Twitter for iPhone,1053313457485955072,874984340,en,"[{'type': 'replied_to', 'id': '1053312151543267330'}]","[{'start': 0, 'end': 15, 'username': 'realamberheard', 'id': '807003567605227520'}]",0,0,4,0,2018-10-19T15:49:21.000Z,https://t.co/9YP90qiS60 https://t.co/zOhodrxTnj,Twitter for iPad,55,28,655,3,1053312151543267330,807003567605227520,und,"[{'start': 0, 'end': 23, 'url': 'https://t.co/9YP90qiS60', 'expanded_url': 'https://news.sky.com/video/amber-heard-on-gender-branding-and-feminism-11528853', 'display_url': 'news.sky.com/video/amber-he…', 'images': [{'url': 'https://pbs.twimg.com/news_img/1497681167562256396/HlsC_D61?format=jpg&name=orig', 'width': 768, 'height': 432}, {'url': 'https://pbs.twimg.com/news_img/1497681167562256396/HlsC_D61?format=jpg&name=150x150', 'width': 150, 'height': 150}], 'status': 200, 'title': 'Amber Heard on gender identity and feminism', 'description': 'Actress and activist Amber Heard speaks to Sky News about feminism and exploring the metaphorical idea of ""her-story"" alongside history.', 'unwound_url': 'https://news.sky.com/video/amber-heard-on-gender-branding-and-feminism-11528853'}, {'start': 24, 'end': 47, 'url': 'https://t.co/zOhodrxTnj', 'expanded_url': 'https://twitter.com/realamberheard/status/1053312151543267330/photo/1', 'display_url': 'pic.twitter.com/zOhodrxTnj'}]",realamberheard,807003567605227520,2016-12-08T23:26:58.000Z,190462,220,1151,567,Amber Heard,https://t.co/Ze18Ek9SOI,"Los Angeles, CA","Actor and Activist, semi-professional disruptor, ice cream advocate and shameless teacup yorkie-lover",https://pbs.twimg.com/profile_images/1383196364792680448/N8CdupEu_normal.jpg,animalhugger91,874984340,2012-10-12T05:22:26.000Z,338,315,26825,15,Lexi,,,Here to fangirl about fangirl things. I also retweet a lot of animal stuff and posts to raise social awareness. Beware my page. Pronouns: she/her,https://pbs.twimg.com/profile_images/1451763808968523777/qJNzYCWU_normal.jpg,,,
807003567605227520,2018-10-19T15:53:13.000Z,@realamberheard منورة,Twitter for Android,1053313127352279040,293845484,ar,"[{'type': 'replied_to', 'id': '1053312151543267330'}]","[{'start': 0, 'end': 15, 'username': 'realamberheard', 'id': '807003567605227520'}]",0,0,1,0,2018-10-19T15:49:21.000Z,https://t.co/9YP90qiS60 https://t.co/zOhodrxTnj,Twitter for iPad,55,28,655,3,1053312151543267330,807003567605227520,und,"[{'start': 0, 'end': 23, 'url': 'https://t.co/9YP90qiS60', 'expanded_url': 'https://news.sky.com/video/amber-heard-on-gender-branding-and-feminism-11528853', 'display_url': 'news.sky.com/video/amber-he…', 'images': [{'url': 'https://pbs.twimg.com/news_img/1497681167562256396/HlsC_D61?format=jpg&name=orig', 'width': 768, 'height': 432}, {'url': 'https://pbs.twimg.com/news_img/1497681167562256396/HlsC_D61?format=jpg&name=150x150', 'width': 150, 'height': 150}], 'status': 200, 'title': 'Amber Heard on gender identity and feminism', 'description': 'Actress and activist Amber Heard speaks to Sky News about feminism and exploring the metaphorical idea of ""her-story"" alongside history.', 'unwound_url': 'https://news.sky.com/video/amber-heard-on-gender-branding-and-feminism-11528853'}, {'start': 24, 'end': 47, 'url': 'https://t.co/zOhodrxTnj', 'expanded_url': 'https://twitter.com/realamberheard/status/1053312151543267330/photo/1', 'display_url': 'pic.twitter.com/zOhodrxTnj'}]",realamberheard,807003567605227520,2016-12-08T23:26:58.000Z,190462,220,1151,567,Amber Heard,https://t.co/Ze18Ek9SOI,"Los Angeles, CA","Actor and Activist, semi-professional disruptor, ice cream advocate and shameless teacup yorkie-lover",https://pbs.twimg.com/profile_images/1383196364792680448/N8CdupEu_normal.jpg,NawafOsaimi,293845484,2011-05-06T02:34:38.000Z,83765,3168,180132,77,نواف العصيمي,https://t.co/wHXVG8mC6O,Riyadh - Saudi Arabia,تابع أخبار #موسم_الرياض وخذ المعلومة من  مصدرها @RiyadhSeason,https://pbs.twimg.com/profile_images/1366644210200424449/vPF1fg25_normal.jpg,,,
807003567605227520,2018-10-19T15:52:48.000Z,@realamberheard https://t.co/sw84qB7N9v,Twitter for iPad,1053313022372962304,399752811,und,"[{'type': 'replied_to', 'id': '1053312151543267330'}]","[{'start': 0, 'end': 15, 'username': 'realamberheard', 'id': '807003567605227520'}]",0,0,2,0,2018-10-19T15:49:21.000Z,https://t.co/9YP90qiS60 https://t.co/zOhodrxTnj,Twitter for iPad,55,28,655,3,1053312151543267330,807003567605227520,und,"[{'start': 0, 'end': 23, 'url': 'https://t.co/9YP90qiS60', 'expanded_url': 'https://news.sky.com/video/amber-heard-on-gender-branding-and-feminism-11528853', 'display_url': 'news.sky.com/video/amber-he…', 'images': [{'url': 'https://pbs.twimg.com/news_img/1497681167562256396/HlsC_D61?format=jpg&name=orig', 'width': 768, 'height': 432}, {'url': 'https://pbs.twimg.com/news_img/1497681167562256396/HlsC_D61?format=jpg&name=150x150', 'width': 150, 'height': 150}], 'status': 200, 'title': 'Amber Heard on gender identity and feminism', 'description': 'Actress and activist Amber Heard speaks to Sky News about feminism and exploring the metaphorical idea of ""her-story"" alongside history.', 'unwound_url': 'https://news.sky.com/video/amber-heard-on-gender-branding-and-feminism-11528853'}, {'start': 24, 'end': 47, 'url': 'https://t.co/zOhodrxTnj', 'expanded_url': 'https://twitter.com/realamberheard/status/1053312151543267330/photo/1', 'display_url': 'pic.twitter.com/zOhodrxTnj'}]",realamberheard,807003567605227520,2016-12-08T23:26:58.000Z,190462,220,1151,567,Amber Heard,https://t.co/Ze18Ek9SOI,"Los Angeles, CA","Actor and Activist, semi-professional disruptor, ice cream advocate and shameless teacup yorkie-lover",https://pbs.twimg.com/profile_images/1383196364792680448/N8CdupEu_normal.jpg,lukeydukes15,399752811,2011-10-28T00:10:27.000Z,129,368,4462,0,Lucas//North%^the6ix,,,,https://pbs.twimg.com/profile_images/1422394508969488388/BoklWpNM_normal.jpg,,"[{'start': 16, 'end': 39, 'url': 'https://t.co/sw84qB7N9v', 'expanded_url': 'https://twitter.com/lukeydukes15/status/1053313022372962304/photo/1', 'display_url': 'pic.twitter.com/sw84qB7N9v'}]",
807003567605227520,2018-10-19T15:50:56.000Z,@realamberheard Yes!!! 😘,Twitter for iPhone,1053312549406441472,995355280333463552,und,"[{'type': 'replied_to', 'id': '1053312151543267330'}]","[{'start': 0, 'end': 15, 'username': 'realamberheard', 'id': '807003567605227520'}]",0,0,1,0,2018-10-19T15:49:21.000Z,https://t.co/9YP90qiS60 https://t.co/zOhodrxTnj,Twitter for iPad,55,28,655,3,1053312151543267330,807003567605227520,und,"[{'start': 0, 'end': 23, 'url': 'https://t.co/9YP90qiS60', 'expanded_url': 'https://news.sky.com/video/amber-heard-on-gender-branding-and-feminism-11528853', 'display_url': 'news.sky.com/video/amber-he…', 'images': [{'url': 'https://pbs.twimg.com/news_img/1497681167562256396/HlsC_D61?format=jpg&name=orig', 'width': 768, 'height': 432}, {'url': 'https://pbs.twimg.com/news_img/1497681167562256396/HlsC_D61?format=jpg&name=150x150', 'width': 150, 'height': 150}], 'status': 200, 'title': 'Amber Heard on gender identity and feminism', 'description': 'Actress and activist Amber Heard speaks to Sky News about feminism and exploring the metaphorical idea of ""her-story"" alongside history.', 'unwound_url': 'https://news.sky.com/video/amber-heard-on-gender-branding-and-feminism-11528853'}, {'start': 24, 'end': 47, 'url': 'https://t.co/zOhodrxTnj', 'expanded_url': 'https://twitter.com/realamberheard/status/1053312151543267330/photo/1', 'display_url': 'pic.twitter.com/zOhodrxTnj'}]",realamberheard,807003567605227520,2016-12-08T23:26:58.000Z,190462,220,1151,567,Amber Heard,https://t.co/Ze18Ek9SOI,"Los Angeles, CA","Actor and Activist, semi-professional disruptor, ice cream advocate and shameless teacup yorkie-lover",https://pbs.twimg.com/profile_images/1383196364792680448/N8CdupEu_normal.jpg,ivyphanieee,995355280333463552,2018-05-12T17:29:26.000Z,170,549,2367,0,oilie,,,DC // MARGOT,https://pbs.twimg.com/profile_images/1505547522533900295/W4l3WHjW_normal.jpg,,,
807003567605227520,2018-10-19T15:50:46.000Z,@realamberheard 😘😘😍😍,Twitter for Android,1053312509556506624,555924464,und,"[{'type': 'replied_to', 'id': '1053312151543267330'}]","[{'start': 0, 'end': 15, 'username': 'realamberheard', 'id': '807003567605227520'}]",0,0,1,0,2018-10-19T15:49:21.000Z,https://t.co/9YP90qiS60 https://t.co/zOhodrxTnj,Twitter for iPad,55,28,655,3,1053312151543267330,807003567605227520,und,"[{'start': 0, 'end': 23, 'url': 'https://t.co/9YP90qiS60', 'expanded_url': 'https://news.sky.com/video/amber-heard-on-gender-branding-and-feminism-11528853', 'display_url': 'news.sky.com/video/amber-he…', 'images': [{'url': 'https://pbs.twimg.com/news_img/1497681167562256396/HlsC_D61?format=jpg&name=orig', 'width': 768, 'height': 432}, {'url': 'https://pbs.twimg.com/news_img/1497681167562256396/HlsC_D61?format=jpg&name=150x150', 'width': 150, 'height': 150}], 'status': 200, 'title': 'Amber Heard on gender identity and feminism', 'description': 'Actress and activist Amber Heard speaks to Sky News about feminism and exploring the metaphorical idea of ""her-story"" alongside history.', 'unwound_url': 'https://news.sky.com/video/amber-heard-on-gender-branding-and-feminism-11528853'}, {'start': 24, 'end': 47, 'url': 'https://t.co/zOhodrxTnj', 'expanded_url': 'https://twitter.com/realamberheard/status/1053312151543267330/photo/1', 'display_url': 'pic.twitter.com/zOhodrxTnj'}]",realamberheard,807003567605227520,2016-12-08T23:26:58.000Z,190462,220,1151,567,Amber Heard,https://t.co/Ze18Ek9SOI,"Los Angeles, CA","Actor and Activist, semi-professional disruptor, ice cream advocate and shameless teacup yorkie-lover",https://pbs.twimg.com/profile_images/1383196364792680448/N8CdupEu_normal.jpg,hussein54012869,555924464,2012-04-17T12:26:25.000Z,325,4764,868,1,hussein,,العراق   بغداد,"دبلوم الاكترون      وحداد  
 ومكانيكي توربينات كهربائية",https://pbs.twimg.com/profile_images/1352953248689356800/o2DT8xBA_normal.jpg,,,
807003567605227520,2018-10-19T15:50:13.000Z,@realamberheard love u so so much,Twitter for Android,1053312372738285568,875884874535718912,en,"[{'type': 'replied_to', 'id': '1053312151543267330'}]","[{'start': 0, 'end': 15, 'username': 'realamberheard', 'id': '807003567605227520'}]",0,0,2,0,2018-10-19T15:49:21.000Z,https://t.co/9YP90qiS60 https://t.co/zOhodrxTnj,Twitter for iPad,55,28,655,3,1053312151543267330,807003567605227520,und,"[{'start': 0, 'end': 23, 'url': 'https://t.co/9YP90qiS60', 'expanded_url': 'https://news.sky.com/video/amber-heard-on-gender-branding-and-feminism-11528853', 'display_url': 'news.sky.com/video/amber-he…', 'images': [{'url': 'https://pbs.twimg.com/news_img/1497681167562256396/HlsC_D61?format=jpg&name=orig', 'width': 768, 'height': 432}, {'url': 'https://pbs.twimg.com/news_img/1497681167562256396/HlsC_D61?format=jpg&name=150x150', 'width': 150, 'height': 150}], 'status': 200, 'title': 'Amber Heard on gender identity and feminism', 'description': 'Actress and activist Amber Heard speaks to Sky News about feminism and exploring the metaphorical idea of ""her-story"" alongside history.', 'unwound_url': 'https://news.sky.com/video/amber-heard-on-gender-branding-and-feminism-11528853'}, {'start': 24, 'end': 47, 'url': 'https://t.co/zOhodrxTnj', 'expanded_url': 'https://twitter.com/realamberheard/status/1053312151543267330/photo/1', 'display_url': 'pic.twitter.com/zOhodrxTnj'}]",realamberheard,807003567605227520,2016-12-08T23:26:58.000Z,190462,220,1151,567,Amber Heard,https://t.co/Ze18Ek9SOI,"Los Angeles, CA","Actor and Activist, semi-professional disruptor, ice cream advocate and shameless teacup yorkie-lover",https://pbs.twimg.com/profile_images/1383196364792680448/N8CdupEu_normal.jpg,evanrachxlswood,875884874535718912,2017-06-17T01:16:42.000Z,423,398,9999,3,lucille sharpe,,ela/dela,what would evan rachel wood do?,https://pbs.twimg.com/profile_images/1386355649324457987/OaHmgKFY_normal.jpg,,,
