created_at,source,referenced_tweets,lang,id,in_reply_to_user_id,text,author_id,entities.mentions,entities.annotations,public_metrics.retweet_count,public_metrics.reply_count,public_metrics.like_count,public_metrics.quote_count,replied_tweet.created_at,replied_tweet.source,replied_tweet.entities.urls,replied_tweet.entities.annotations,replied_tweet.lang,replied_tweet.id,replied_tweet.text,replied_tweet.author_id,replied_tweet.public_metrics.retweet_count,replied_tweet.public_metrics.reply_count,replied_tweet.public_metrics.like_count,replied_tweet.public_metrics.quote_count,replied_tweet.author.url,replied_tweet.author.username,replied_tweet.author.description,replied_tweet.author.id,replied_tweet.author.location,replied_tweet.author.profile_image_url,replied_tweet.author.created_at,replied_tweet.author.public_metrics.followers_count,replied_tweet.author.public_metrics.following_count,replied_tweet.author.public_metrics.tweet_count,replied_tweet.author.public_metrics.listed_count,replied_tweet.author.name,author.url,author.username,author.description,author.id,author.profile_image_url,author.created_at,author.public_metrics.followers_count,author.public_metrics.following_count,author.public_metrics.tweet_count,author.public_metrics.listed_count,author.name,author.location
2018-11-04T21:54:05.000Z,Twitter for Android,"[{'type': 'replied_to', 'id': '1055118664020774912'}]",en,1059202146829123585,807003567605227520,@realamberheard I love you Amber!,127341770,"[{'start': 0, 'end': 15, 'username': 'realamberheard', 'id': '807003567605227520'}]","[{'start': 27, 'end': 31, 'probability': 0.9543, 'type': 'Person', 'normalized_text': 'Amber'}]",0,0,0,0,2018-10-24T15:27:47.000Z,Twitter for iPhone,"[{'start': 58, 'end': 81, 'url': 'https://t.co/jie7Sufml8', 'expanded_url': 'https://www.dailymail.co.uk/tvshowbiz/article-6303267/Amber-Heard-discusses-Human-Rights-experiences-Geneva.html#v-3949937320565259291', 'display_url': 'dailymail.co.uk/tvshowbiz/arti…', 'status': 200, 'unwound_url': 'https://www.dailymail.co.uk/tvshowbiz/article-6303267/Amber-Heard-discusses-Human-Rights-experiences-Geneva.html#v-3949937320565259291'}]","[{'start': 0, 'end': 10, 'probability': 0.635, 'type': 'Person', 'normalized_text': 'Amber Heard'}, {'start': 32, 'end': 46, 'probability': 0.3103, 'type': 'Organization', 'normalized_text': 'UN Human Rights'}, {'start': 51, 'end': 56, 'probability': 0.6292, 'type': 'Place', 'normalized_text': 'Geneva'}]",en,1055118664020774912,Amber Heard speaks on behalf on UN Human Rights in Geneva https://t.co/jie7Sufml8,807003567605227520,60,12,536,0,https://t.co/Ze18Ek9SOI,realamberheard,"Actor and Activist, semi-professional disruptor, ice cream advocate and shameless teacup yorkie-lover",807003567605227520,"Los Angeles, CA",https://pbs.twimg.com/profile_images/1383196364792680448/N8CdupEu_normal.jpg,2016-12-08T23:26:58.000Z,190462,220,1151,567,Amber Heard,,Blackmagic027,,127341770,https://pbs.twimg.com/profile_images/933222933555585026/Mt7hNeEu_normal.jpg,2010-03-28T22:12:36.000Z,50,459,896,0,Ian,
2018-10-30T21:56:18.000Z,Twitter for Android,"[{'type': 'replied_to', 'id': '1055118664020774912'}]",en,1057390763926056963,807003567605227520,"@realamberheard @ToddKrim You are liar. You are real liar, Heard.",873639634256920578,"[{'start': 0, 'end': 15, 'username': 'realamberheard', 'id': '807003567605227520'}, {'start': 16, 'end': 25, 'username': 'ToddKrim', 'id': '109067463'}]",,0,0,0,0,2018-10-24T15:27:47.000Z,Twitter for iPhone,"[{'start': 58, 'end': 81, 'url': 'https://t.co/jie7Sufml8', 'expanded_url': 'https://www.dailymail.co.uk/tvshowbiz/article-6303267/Amber-Heard-discusses-Human-Rights-experiences-Geneva.html#v-3949937320565259291', 'display_url': 'dailymail.co.uk/tvshowbiz/arti…', 'status': 200, 'unwound_url': 'https://www.dailymail.co.uk/tvshowbiz/article-6303267/Amber-Heard-discusses-Human-Rights-experiences-Geneva.html#v-3949937320565259291'}]","[{'start': 0, 'end': 10, 'probability': 0.635, 'type': 'Person', 'normalized_text': 'Amber Heard'}, {'start': 32, 'end': 46, 'probability': 0.3103, 'type': 'Organization', 'normalized_text': 'UN Human Rights'}, {'start': 51, 'end': 56, 'probability': 0.6292, 'type': 'Place', 'normalized_text': 'Geneva'}]",en,1055118664020774912,Amber Heard speaks on behalf on UN Human Rights in Geneva https://t.co/jie7Sufml8,807003567605227520,60,12,536,0,https://t.co/Ze18Ek9SOI,realamberheard,"Actor and Activist, semi-professional disruptor, ice cream advocate and shameless teacup yorkie-lover",807003567605227520,"Los Angeles, CA",https://pbs.twimg.com/profile_images/1383196364792680448/N8CdupEu_normal.jpg,2016-12-08T23:26:58.000Z,190462,220,1151,567,Amber Heard,https://t.co/TORjmcsu9N,Alla31052001,"Ukrainian fan club💖
Support, love and all the bet to the talented, amazing person with a great heart. 
My name's Alla. I'm a depphead.
#WearewithyouJohnnyDepp",873639634256920578,https://pbs.twimg.com/profile_images/1258374291810328576/WjwxYywa_normal.jpg,2017-06-10T20:34:55.000Z,125,43,1493,0,JohnnyDeppfanpage_ua,"Ukraine, Lutsk"
2018-10-29T20:51:19.000Z,Twitter for Android,"[{'type': 'replied_to', 'id': '1055118664020774912'}]",en,1057012025648406529,807003567605227520,@realamberheard Human rights? What a joke! She's an abuser... 😂😂,951081870170689541,"[{'start': 0, 'end': 15, 'username': 'realamberheard', 'id': '807003567605227520'}]",,0,0,2,0,2018-10-24T15:27:47.000Z,Twitter for iPhone,"[{'start': 58, 'end': 81, 'url': 'https://t.co/jie7Sufml8', 'expanded_url': 'https://www.dailymail.co.uk/tvshowbiz/article-6303267/Amber-Heard-discusses-Human-Rights-experiences-Geneva.html#v-3949937320565259291', 'display_url': 'dailymail.co.uk/tvshowbiz/arti…', 'status': 200, 'unwound_url': 'https://www.dailymail.co.uk/tvshowbiz/article-6303267/Amber-Heard-discusses-Human-Rights-experiences-Geneva.html#v-3949937320565259291'}]","[{'start': 0, 'end': 10, 'probability': 0.635, 'type': 'Person', 'normalized_text': 'Amber Heard'}, {'start': 32, 'end': 46, 'probability': 0.3103, 'type': 'Organization', 'normalized_text': 'UN Human Rights'}, {'start': 51, 'end': 56, 'probability': 0.6292, 'type': 'Place', 'normalized_text': 'Geneva'}]",en,1055118664020774912,Amber Heard speaks on behalf on UN Human Rights in Geneva https://t.co/jie7Sufml8,807003567605227520,60,12,536,0,https://t.co/Ze18Ek9SOI,realamberheard,"Actor and Activist, semi-professional disruptor, ice cream advocate and shameless teacup yorkie-lover",807003567605227520,"Los Angeles, CA",https://pbs.twimg.com/profile_images/1383196364792680448/N8CdupEu_normal.jpg,2016-12-08T23:26:58.000Z,190462,220,1151,567,Amber Heard,,lilimay98,"Triumph Bonneville Babe 🏍️💨
 I was told there would be cake 🎂
 Horse Rider 🐴
 Sarcastic Pain in the Ass",951081870170689541,https://pbs.twimg.com/profile_images/1375190560667930625/Kip3eVS4_normal.jpg,2018-01-10T13:22:42.000Z,35,236,1060,1,Lady Gypsy,Monaco
2018-10-25T20:41:51.000Z,Twitter Web Client,"[{'type': 'replied_to', 'id': '1055470666911309825'}]",en,1055560089397006341,1050721822092812289,@SusanFaria5 @realamberheard Hmm...I think this is a Democrat dirty-trick to get me kicked-out for talking crap lol.,316775459,"[{'start': 0, 'end': 12, 'username': 'SusanFaria5', 'id': '1357420881601957888'}, {'start': 13, 'end': 28, 'username': 'realamberheard', 'id': '807003567605227520'}]","[{'start': 53, 'end': 60, 'probability': 0.479, 'type': 'Organization', 'normalized_text': 'Democrat'}]",0,0,1,0,2018-10-24T15:27:47.000Z,Twitter for iPhone,"[{'start': 58, 'end': 81, 'url': 'https://t.co/jie7Sufml8', 'expanded_url': 'https://www.dailymail.co.uk/tvshowbiz/article-6303267/Amber-Heard-discusses-Human-Rights-experiences-Geneva.html#v-3949937320565259291', 'display_url': 'dailymail.co.uk/tvshowbiz/arti…', 'status': 200, 'unwound_url': 'https://www.dailymail.co.uk/tvshowbiz/article-6303267/Amber-Heard-discusses-Human-Rights-experiences-Geneva.html#v-3949937320565259291'}]","[{'start': 0, 'end': 10, 'probability': 0.635, 'type': 'Person', 'normalized_text': 'Amber Heard'}, {'start': 32, 'end': 46, 'probability': 0.3103, 'type': 'Organization', 'normalized_text': 'UN Human Rights'}, {'start': 51, 'end': 56, 'probability': 0.6292, 'type': 'Place', 'normalized_text': 'Geneva'}]",en,1055118664020774912,Amber Heard speaks on behalf on UN Human Rights in Geneva https://t.co/jie7Sufml8,807003567605227520,60,12,536,0,https://t.co/Ze18Ek9SOI,realamberheard,"Actor and Activist, semi-professional disruptor, ice cream advocate and shameless teacup yorkie-lover",807003567605227520,"Los Angeles, CA",https://pbs.twimg.com/profile_images/1383196364792680448/N8CdupEu_normal.jpg,2016-12-08T23:26:58.000Z,190462,220,1151,567,Amber Heard,,jasonmichael4,"You know me...I do WHAT I want, WHEN I want.",316775459,https://pbs.twimg.com/profile_images/1100851027475976194/KsQk52Nm_normal.jpg,2011-06-13T23:22:34.000Z,25,80,2292,0,Jason Michael,"Champlin, MN"
2018-10-25T14:46:31.000Z,Twitter Web App,"[{'type': 'replied_to', 'id': '1055346354627715073'}]",en,1055470666911309825,316775459,@jasonmichael4 @realamberheard 😂😂😂😂😂 be carful! She might soil your bed and blame on the dog,1050721822092812289,"[{'start': 0, 'end': 14, 'username': 'jasonmichael4', 'id': '316775459'}, {'start': 15, 'end': 30, 'username': 'realamberheard', 'id': '807003567605227520'}]",,1,1,3,0,2018-10-24T15:27:47.000Z,Twitter for iPhone,"[{'start': 58, 'end': 81, 'url': 'https://t.co/jie7Sufml8', 'expanded_url': 'https://www.dailymail.co.uk/tvshowbiz/article-6303267/Amber-Heard-discusses-Human-Rights-experiences-Geneva.html#v-3949937320565259291', 'display_url': 'dailymail.co.uk/tvshowbiz/arti…', 'status': 200, 'unwound_url': 'https://www.dailymail.co.uk/tvshowbiz/article-6303267/Amber-Heard-discusses-Human-Rights-experiences-Geneva.html#v-3949937320565259291'}]","[{'start': 0, 'end': 10, 'probability': 0.635, 'type': 'Person', 'normalized_text': 'Amber Heard'}, {'start': 32, 'end': 46, 'probability': 0.3103, 'type': 'Organization', 'normalized_text': 'UN Human Rights'}, {'start': 51, 'end': 56, 'probability': 0.6292, 'type': 'Place', 'normalized_text': 'Geneva'}]",en,1055118664020774912,Amber Heard speaks on behalf on UN Human Rights in Geneva https://t.co/jie7Sufml8,807003567605227520,60,12,536,0,https://t.co/Ze18Ek9SOI,realamberheard,"Actor and Activist, semi-professional disruptor, ice cream advocate and shameless teacup yorkie-lover",807003567605227520,"Los Angeles, CA",https://pbs.twimg.com/profile_images/1383196364792680448/N8CdupEu_normal.jpg,2016-12-08T23:26:58.000Z,190462,220,1151,567,Amber Heard,,teamdepp_,•✿ Johnny is definition of love ✿•,1050721822092812289,https://pbs.twimg.com/profile_images/1340701831975096320/g92j12jM_normal.jpg,2018-10-12T12:16:18.000Z,412,300,12987,1,Susan,#ibelievehim
2018-10-25T14:45:33.000Z,Twitter Web App,"[{'type': 'replied_to', 'id': '1055345548201463809'}]",en,1055470425084514304,316775459,@jasonmichael4 @realamberheard All you gotta do is get rich and married..... she loves married wealthy mans,1050721822092812289,"[{'start': 0, 'end': 14, 'username': 'jasonmichael4', 'id': '316775459'}, {'start': 15, 'end': 30, 'username': 'realamberheard', 'id': '807003567605227520'}]",,0,0,6,0,2018-10-24T15:27:47.000Z,Twitter for iPhone,"[{'start': 58, 'end': 81, 'url': 'https://t.co/jie7Sufml8', 'expanded_url': 'https://www.dailymail.co.uk/tvshowbiz/article-6303267/Amber-Heard-discusses-Human-Rights-experiences-Geneva.html#v-3949937320565259291', 'display_url': 'dailymail.co.uk/tvshowbiz/arti…', 'status': 200, 'unwound_url': 'https://www.dailymail.co.uk/tvshowbiz/article-6303267/Amber-Heard-discusses-Human-Rights-experiences-Geneva.html#v-3949937320565259291'}]","[{'start': 0, 'end': 10, 'probability': 0.635, 'type': 'Person', 'normalized_text': 'Amber Heard'}, {'start': 32, 'end': 46, 'probability': 0.3103, 'type': 'Organization', 'normalized_text': 'UN Human Rights'}, {'start': 51, 'end': 56, 'probability': 0.6292, 'type': 'Place', 'normalized_text': 'Geneva'}]",en,1055118664020774912,Amber Heard speaks on behalf on UN Human Rights in Geneva https://t.co/jie7Sufml8,807003567605227520,60,12,536,0,https://t.co/Ze18Ek9SOI,realamberheard,"Actor and Activist, semi-professional disruptor, ice cream advocate and shameless teacup yorkie-lover",807003567605227520,"Los Angeles, CA",https://pbs.twimg.com/profile_images/1383196364792680448/N8CdupEu_normal.jpg,2016-12-08T23:26:58.000Z,190462,220,1151,567,Amber Heard,,teamdepp_,•✿ Johnny is definition of love ✿•,1050721822092812289,https://pbs.twimg.com/profile_images/1340701831975096320/g92j12jM_normal.jpg,2018-10-12T12:16:18.000Z,412,300,12987,1,Susan,#ibelievehim
2018-10-25T06:32:32.000Z,Twitter Web Client,"[{'type': 'replied_to', 'id': '1055167405020856321'}]",en,1055346354627715073,1050721822092812289,@SusanFaria5 @realamberheard But not when she looks like Mary Ingalls.  I like sexy Amber...not sister Amber lol.,316775459,"[{'start': 0, 'end': 12, 'username': 'SusanFaria5', 'id': '1357420881601957888'}, {'start': 13, 'end': 28, 'username': 'realamberheard', 'id': '807003567605227520'}]","[{'start': 57, 'end': 68, 'probability': 0.9951, 'type': 'Person', 'normalized_text': 'Mary Ingalls'}, {'start': 84, 'end': 88, 'probability': 0.6728, 'type': 'Person', 'normalized_text': 'Amber'}, {'start': 103, 'end': 107, 'probability': 0.8375, 'type': 'Person', 'normalized_text': 'Amber'}]",0,1,0,0,2018-10-24T15:27:47.000Z,Twitter for iPhone,"[{'start': 58, 'end': 81, 'url': 'https://t.co/jie7Sufml8', 'expanded_url': 'https://www.dailymail.co.uk/tvshowbiz/article-6303267/Amber-Heard-discusses-Human-Rights-experiences-Geneva.html#v-3949937320565259291', 'display_url': 'dailymail.co.uk/tvshowbiz/arti…', 'status': 200, 'unwound_url': 'https://www.dailymail.co.uk/tvshowbiz/article-6303267/Amber-Heard-discusses-Human-Rights-experiences-Geneva.html#v-3949937320565259291'}]","[{'start': 0, 'end': 10, 'probability': 0.635, 'type': 'Person', 'normalized_text': 'Amber Heard'}, {'start': 32, 'end': 46, 'probability': 0.3103, 'type': 'Organization', 'normalized_text': 'UN Human Rights'}, {'start': 51, 'end': 56, 'probability': 0.6292, 'type': 'Place', 'normalized_text': 'Geneva'}]",en,1055118664020774912,Amber Heard speaks on behalf on UN Human Rights in Geneva https://t.co/jie7Sufml8,807003567605227520,60,12,536,0,https://t.co/Ze18Ek9SOI,realamberheard,"Actor and Activist, semi-professional disruptor, ice cream advocate and shameless teacup yorkie-lover",807003567605227520,"Los Angeles, CA",https://pbs.twimg.com/profile_images/1383196364792680448/N8CdupEu_normal.jpg,2016-12-08T23:26:58.000Z,190462,220,1151,567,Amber Heard,,jasonmichael4,"You know me...I do WHAT I want, WHEN I want.",316775459,https://pbs.twimg.com/profile_images/1100851027475976194/KsQk52Nm_normal.jpg,2011-06-13T23:22:34.000Z,25,80,2292,0,Jason Michael,"Champlin, MN"
2018-10-25T06:29:20.000Z,Twitter Web Client,"[{'type': 'replied_to', 'id': '1055167405020856321'}]",en,1055345548201463809,1050721822092812289,"@SusanFaria5 @realamberheard If only I was so fortunate.  She could hit me anywhere, except one place.",316775459,"[{'start': 0, 'end': 12, 'username': 'SusanFaria5', 'id': '1357420881601957888'}, {'start': 13, 'end': 28, 'username': 'realamberheard', 'id': '807003567605227520'}]",,0,1,1,0,2018-10-24T15:27:47.000Z,Twitter for iPhone,"[{'start': 58, 'end': 81, 'url': 'https://t.co/jie7Sufml8', 'expanded_url': 'https://www.dailymail.co.uk/tvshowbiz/article-6303267/Amber-Heard-discusses-Human-Rights-experiences-Geneva.html#v-3949937320565259291', 'display_url': 'dailymail.co.uk/tvshowbiz/arti…', 'status': 200, 'unwound_url': 'https://www.dailymail.co.uk/tvshowbiz/article-6303267/Amber-Heard-discusses-Human-Rights-experiences-Geneva.html#v-3949937320565259291'}]","[{'start': 0, 'end': 10, 'probability': 0.635, 'type': 'Person', 'normalized_text': 'Amber Heard'}, {'start': 32, 'end': 46, 'probability': 0.3103, 'type': 'Organization', 'normalized_text': 'UN Human Rights'}, {'start': 51, 'end': 56, 'probability': 0.6292, 'type': 'Place', 'normalized_text': 'Geneva'}]",en,1055118664020774912,Amber Heard speaks on behalf on UN Human Rights in Geneva https://t.co/jie7Sufml8,807003567605227520,60,12,536,0,https://t.co/Ze18Ek9SOI,realamberheard,"Actor and Activist, semi-professional disruptor, ice cream advocate and shameless teacup yorkie-lover",807003567605227520,"Los Angeles, CA",https://pbs.twimg.com/profile_images/1383196364792680448/N8CdupEu_normal.jpg,2016-12-08T23:26:58.000Z,190462,220,1151,567,Amber Heard,,jasonmichael4,"You know me...I do WHAT I want, WHEN I want.",316775459,https://pbs.twimg.com/profile_images/1100851027475976194/KsQk52Nm_normal.jpg,2011-06-13T23:22:34.000Z,25,80,2292,0,Jason Michael,"Champlin, MN"
2018-10-24T23:26:54.000Z,Twitter for iPhone,"[{'type': 'replied_to', 'id': '1055118664020774912'}]",en,1055239237107355649,807003567605227520,@realamberheard What’s next?,2237694346,"[{'start': 0, 'end': 15, 'username': 'realamberheard', 'id': '807003567605227520'}]",,0,0,0,0,2018-10-24T15:27:47.000Z,Twitter for iPhone,"[{'start': 58, 'end': 81, 'url': 'https://t.co/jie7Sufml8', 'expanded_url': 'https://www.dailymail.co.uk/tvshowbiz/article-6303267/Amber-Heard-discusses-Human-Rights-experiences-Geneva.html#v-3949937320565259291', 'display_url': 'dailymail.co.uk/tvshowbiz/arti…', 'status': 200, 'unwound_url': 'https://www.dailymail.co.uk/tvshowbiz/article-6303267/Amber-Heard-discusses-Human-Rights-experiences-Geneva.html#v-3949937320565259291'}]","[{'start': 0, 'end': 10, 'probability': 0.635, 'type': 'Person', 'normalized_text': 'Amber Heard'}, {'start': 32, 'end': 46, 'probability': 0.3103, 'type': 'Organization', 'normalized_text': 'UN Human Rights'}, {'start': 51, 'end': 56, 'probability': 0.6292, 'type': 'Place', 'normalized_text': 'Geneva'}]",en,1055118664020774912,Amber Heard speaks on behalf on UN Human Rights in Geneva https://t.co/jie7Sufml8,807003567605227520,60,12,536,0,https://t.co/Ze18Ek9SOI,realamberheard,"Actor and Activist, semi-professional disruptor, ice cream advocate and shameless teacup yorkie-lover",807003567605227520,"Los Angeles, CA",https://pbs.twimg.com/profile_images/1383196364792680448/N8CdupEu_normal.jpg,2016-12-08T23:26:58.000Z,190462,220,1151,567,Amber Heard,https://t.co/ml2pJn8PGs,NathanMaddix,"Hey, go get a job @behiring_jobs. I tweet about #jobs, #datascience, #behavioralscience; instructor @beglobinsights; prev: @mpi_eeg @HarvardHBS @Columbia_Biz",2237694346,https://pbs.twimg.com/profile_images/713125810220240896/PZ3an-7x_normal.jpg,2013-12-22T07:35:55.000Z,864,4927,486,5,Nathan M. Maddix,Online now
2018-10-24T22:50:14.000Z,Twitter for Android,"[{'type': 'replied_to', 'id': '1055118664020774912'}]",en,1055230011630858240,807003567605227520,@realamberheard It's time to activate the role of the United Nations real,1576145246,"[{'start': 0, 'end': 15, 'username': 'realamberheard', 'id': '807003567605227520'}]","[{'start': 54, 'end': 67, 'probability': 0.5493, 'type': 'Place', 'normalized_text': 'United Nations'}]",0,0,0,0,2018-10-24T15:27:47.000Z,Twitter for iPhone,"[{'start': 58, 'end': 81, 'url': 'https://t.co/jie7Sufml8', 'expanded_url': 'https://www.dailymail.co.uk/tvshowbiz/article-6303267/Amber-Heard-discusses-Human-Rights-experiences-Geneva.html#v-3949937320565259291', 'display_url': 'dailymail.co.uk/tvshowbiz/arti…', 'status': 200, 'unwound_url': 'https://www.dailymail.co.uk/tvshowbiz/article-6303267/Amber-Heard-discusses-Human-Rights-experiences-Geneva.html#v-3949937320565259291'}]","[{'start': 0, 'end': 10, 'probability': 0.635, 'type': 'Person', 'normalized_text': 'Amber Heard'}, {'start': 32, 'end': 46, 'probability': 0.3103, 'type': 'Organization', 'normalized_text': 'UN Human Rights'}, {'start': 51, 'end': 56, 'probability': 0.6292, 'type': 'Place', 'normalized_text': 'Geneva'}]",en,1055118664020774912,Amber Heard speaks on behalf on UN Human Rights in Geneva https://t.co/jie7Sufml8,807003567605227520,60,12,536,0,https://t.co/Ze18Ek9SOI,realamberheard,"Actor and Activist, semi-professional disruptor, ice cream advocate and shameless teacup yorkie-lover",807003567605227520,"Los Angeles, CA",https://pbs.twimg.com/profile_images/1383196364792680448/N8CdupEu_normal.jpg,2016-12-08T23:26:58.000Z,190462,220,1151,567,Amber Heard,,elkatebmo,‏‏‏‏‏ painter' authors,1576145246,https://pbs.twimg.com/profile_images/1140806469186654215/ua6Kpim0_normal.jpg,2013-07-07T22:04:13.000Z,27,988,326,0,painter authors,
2018-10-24T18:41:28.000Z,Twitter Web App,"[{'type': 'replied_to', 'id': '1055118664020774912'}]",en,1055167405020856321,807003567605227520,@realamberheard Was it your right to beat him? Punch him? To abuse him?,1050721822092812289,"[{'start': 0, 'end': 15, 'username': 'realamberheard', 'id': '807003567605227520'}]",,1,2,6,0,2018-10-24T15:27:47.000Z,Twitter for iPhone,"[{'start': 58, 'end': 81, 'url': 'https://t.co/jie7Sufml8', 'expanded_url': 'https://www.dailymail.co.uk/tvshowbiz/article-6303267/Amber-Heard-discusses-Human-Rights-experiences-Geneva.html#v-3949937320565259291', 'display_url': 'dailymail.co.uk/tvshowbiz/arti…', 'status': 200, 'unwound_url': 'https://www.dailymail.co.uk/tvshowbiz/article-6303267/Amber-Heard-discusses-Human-Rights-experiences-Geneva.html#v-3949937320565259291'}]","[{'start': 0, 'end': 10, 'probability': 0.635, 'type': 'Person', 'normalized_text': 'Amber Heard'}, {'start': 32, 'end': 46, 'probability': 0.3103, 'type': 'Organization', 'normalized_text': 'UN Human Rights'}, {'start': 51, 'end': 56, 'probability': 0.6292, 'type': 'Place', 'normalized_text': 'Geneva'}]",en,1055118664020774912,Amber Heard speaks on behalf on UN Human Rights in Geneva https://t.co/jie7Sufml8,807003567605227520,60,12,536,0,https://t.co/Ze18Ek9SOI,realamberheard,"Actor and Activist, semi-professional disruptor, ice cream advocate and shameless teacup yorkie-lover",807003567605227520,"Los Angeles, CA",https://pbs.twimg.com/profile_images/1383196364792680448/N8CdupEu_normal.jpg,2016-12-08T23:26:58.000Z,190462,220,1151,567,Amber Heard,,teamdepp_,•✿ Johnny is definition of love ✿•,1050721822092812289,https://pbs.twimg.com/profile_images/1340701831975096320/g92j12jM_normal.jpg,2018-10-12T12:16:18.000Z,412,300,12987,1,Susan,#ibelievehim
2018-10-24T17:26:54.000Z,Twitter for Android,"[{'type': 'replied_to', 'id': '1055118664020774912'}]",en,1055148640862437376,807003567605227520,"@realamberheard So glad you're using your platform on this positive way...especially right now, when it seems the world is going from bad to worse 😞",4396120342,"[{'start': 0, 'end': 15, 'username': 'realamberheard', 'id': '807003567605227520'}]",,0,1,2,0,2018-10-24T15:27:47.000Z,Twitter for iPhone,"[{'start': 58, 'end': 81, 'url': 'https://t.co/jie7Sufml8', 'expanded_url': 'https://www.dailymail.co.uk/tvshowbiz/article-6303267/Amber-Heard-discusses-Human-Rights-experiences-Geneva.html#v-3949937320565259291', 'display_url': 'dailymail.co.uk/tvshowbiz/arti…', 'status': 200, 'unwound_url': 'https://www.dailymail.co.uk/tvshowbiz/article-6303267/Amber-Heard-discusses-Human-Rights-experiences-Geneva.html#v-3949937320565259291'}]","[{'start': 0, 'end': 10, 'probability': 0.635, 'type': 'Person', 'normalized_text': 'Amber Heard'}, {'start': 32, 'end': 46, 'probability': 0.3103, 'type': 'Organization', 'normalized_text': 'UN Human Rights'}, {'start': 51, 'end': 56, 'probability': 0.6292, 'type': 'Place', 'normalized_text': 'Geneva'}]",en,1055118664020774912,Amber Heard speaks on behalf on UN Human Rights in Geneva https://t.co/jie7Sufml8,807003567605227520,60,12,536,0,https://t.co/Ze18Ek9SOI,realamberheard,"Actor and Activist, semi-professional disruptor, ice cream advocate and shameless teacup yorkie-lover",807003567605227520,"Los Angeles, CA",https://pbs.twimg.com/profile_images/1383196364792680448/N8CdupEu_normal.jpg,2016-12-08T23:26:58.000Z,190462,220,1151,567,Amber Heard,,stirgussa,"Only two things are infinite, the universe and human stupidity, and I'm not sure about the former. - Albert Einstein and Me!",4396120342,https://pbs.twimg.com/profile_images/1378175478478082050/UKLiQPuk_normal.jpg,2015-12-06T17:21:06.000Z,678,296,58624,26,STIRGUS SACCHETTI,
2018-10-24T15:29:05.000Z,Twitter for iPhone,"[{'type': 'replied_to', 'id': '1055118664020774912'}]",en,1055118992182980609,807003567605227520,@realamberheard I love you ❤️,858999777081544704,"[{'start': 0, 'end': 15, 'username': 'realamberheard', 'id': '807003567605227520'}]",,0,0,0,0,2018-10-24T15:27:47.000Z,Twitter for iPhone,"[{'start': 58, 'end': 81, 'url': 'https://t.co/jie7Sufml8', 'expanded_url': 'https://www.dailymail.co.uk/tvshowbiz/article-6303267/Amber-Heard-discusses-Human-Rights-experiences-Geneva.html#v-3949937320565259291', 'display_url': 'dailymail.co.uk/tvshowbiz/arti…', 'status': 200, 'unwound_url': 'https://www.dailymail.co.uk/tvshowbiz/article-6303267/Amber-Heard-discusses-Human-Rights-experiences-Geneva.html#v-3949937320565259291'}]","[{'start': 0, 'end': 10, 'probability': 0.635, 'type': 'Person', 'normalized_text': 'Amber Heard'}, {'start': 32, 'end': 46, 'probability': 0.3103, 'type': 'Organization', 'normalized_text': 'UN Human Rights'}, {'start': 51, 'end': 56, 'probability': 0.6292, 'type': 'Place', 'normalized_text': 'Geneva'}]",en,1055118664020774912,Amber Heard speaks on behalf on UN Human Rights in Geneva https://t.co/jie7Sufml8,807003567605227520,60,12,536,0,https://t.co/Ze18Ek9SOI,realamberheard,"Actor and Activist, semi-professional disruptor, ice cream advocate and shameless teacup yorkie-lover",807003567605227520,"Los Angeles, CA",https://pbs.twimg.com/profile_images/1383196364792680448/N8CdupEu_normal.jpg,2016-12-08T23:26:58.000Z,190462,220,1151,567,Amber Heard,https://t.co/jxTXR3i2L6,tararamz,,858999777081544704,https://pbs.twimg.com/profile_images/1503330080210452480/dFvtbp-f_normal.jpg,2017-05-01T11:01:21.000Z,586,388,39630,0,ramz,"Los Angeles, CA"
