in_reply_to_user_id,source,referenced_tweets,author_id,id,created_at,text,lang,entities.urls,entities.mentions,public_metrics.retweet_count,public_metrics.reply_count,public_metrics.like_count,public_metrics.quote_count,replied_tweet.source,replied_tweet.referenced_tweets,replied_tweet.author_id,replied_tweet.id,replied_tweet.entities.urls,replied_tweet.entities.mentions,replied_tweet.created_at,replied_tweet.public_metrics.retweet_count,replied_tweet.public_metrics.reply_count,replied_tweet.public_metrics.like_count,replied_tweet.public_metrics.quote_count,replied_tweet.text,replied_tweet.lang,replied_tweet.author.description,replied_tweet.author.profile_image_url,replied_tweet.author.name,replied_tweet.author.id,replied_tweet.author.created_at,replied_tweet.author.url,replied_tweet.author.public_metrics.followers_count,replied_tweet.author.public_metrics.following_count,replied_tweet.author.public_metrics.tweet_count,replied_tweet.author.public_metrics.listed_count,replied_tweet.author.location,replied_tweet.author.username,author.description,author.profile_image_url,author.name,author.id,author.created_at,author.url,author.public_metrics.followers_count,author.public_metrics.following_count,author.public_metrics.tweet_count,author.public_metrics.listed_count,author.username,entities.hashtags,author.location,entities.annotations
807003567605227520,Twitter for Android,"[{'type': 'replied_to', 'id': '1069420664774422528'}]",1066317815903330305,1069498806511812608,2018-12-03T07:49:20.000Z,"@realamberheard @Winston_Duke https://t.co/e4WYExkQmb

Click on this link 👆 to register, share ur own link  and start earning money.  Don't waste time at all ooo... People are earning their money.",en,"[{'start': 30, 'end': 53, 'url': 'https://t.co/e4WYExkQmb', 'expanded_url': 'http://PayEachDay.com/?userid=220813', 'display_url': 'PayEachDay.com/?userid=220813'}]","[{'start': 0, 'end': 15, 'username': 'realamberheard', 'id': '807003567605227520'}, {'start': 16, 'end': 29, 'username': 'Winston_Duke', 'id': '2352660468'}]",0,0,0,0,Twitter for iPad,"[{'type': 'quoted', 'id': '1069419714819080192'}]",807003567605227520,1069420664774422528,"[{'start': 22, 'end': 45, 'url': 'https://t.co/068OzO0dzl', 'expanded_url': 'https://twitter.com/UN_Women/status/1069419714819080192', 'display_url': 'twitter.com/UN_Women/statu…'}]","[{'start': 6, 'end': 19, 'username': 'Winston_Duke', 'id': '2352660468'}]",2018-12-03T02:38:50.000Z,32,7,251,2,Yusss @Winston_Duke ! https://t.co/068OzO0dzl,und,"Actor and Activist, semi-professional disruptor, ice cream advocate and shameless teacup yorkie-lover",https://pbs.twimg.com/profile_images/1383196364792680448/N8CdupEu_normal.jpg,Amber Heard,807003567605227520,2016-12-08T23:26:58.000Z,https://t.co/Ze18Ek9SOI,190462,220,1151,567,"Los Angeles, CA",realamberheard,,https://abs.twimg.com/sticky/default_profile_images/default_profile_normal.png,Oriyomi Ajetunmobi,1066317815903330305,2018-11-24T13:09:13.000Z,,26,680,4589,0,OriyomiAjetunm1,,,
807003567605227520,Twitter Web App,"[{'type': 'replied_to', 'id': '1069420664774422528'}]",28760292,1069425632390463488,2018-12-03T02:58:34.000Z,@realamberheard @Winston_Duke I like to iron.,en,,"[{'start': 0, 'end': 15, 'username': 'realamberheard', 'id': '807003567605227520'}, {'start': 16, 'end': 29, 'username': 'Winston_Duke', 'id': '2352660468'}]",0,0,0,0,Twitter for iPad,"[{'type': 'quoted', 'id': '1069419714819080192'}]",807003567605227520,1069420664774422528,"[{'start': 22, 'end': 45, 'url': 'https://t.co/068OzO0dzl', 'expanded_url': 'https://twitter.com/UN_Women/status/1069419714819080192', 'display_url': 'twitter.com/UN_Women/statu…'}]","[{'start': 6, 'end': 19, 'username': 'Winston_Duke', 'id': '2352660468'}]",2018-12-03T02:38:50.000Z,32,7,251,2,Yusss @Winston_Duke ! https://t.co/068OzO0dzl,und,"Actor and Activist, semi-professional disruptor, ice cream advocate and shameless teacup yorkie-lover",https://pbs.twimg.com/profile_images/1383196364792680448/N8CdupEu_normal.jpg,Amber Heard,807003567605227520,2016-12-08T23:26:58.000Z,https://t.co/Ze18Ek9SOI,190462,220,1151,567,"Los Angeles, CA",realamberheard,OPEN THE POD BAY DOOR'S HAL.,https://abs.twimg.com/sticky/default_profile_images/default_profile_normal.png,Charles Haney,28760292,2009-04-04T07:44:10.000Z,,379,2325,18856,6,MisterHaney,,,
807003567605227520,Twitter for Android,"[{'type': 'replied_to', 'id': '1069420664774422528'}]",3434465003,1069423132346368005,2018-12-03T02:48:38.000Z,@realamberheard @Winston_Duke #Heforshe #WakandaForever #Aquaman's Queen. 👏,en,,"[{'start': 0, 'end': 15, 'username': 'realamberheard', 'id': '807003567605227520'}, {'start': 16, 'end': 29, 'username': 'Winston_Duke', 'id': '2352660468'}]",0,0,1,0,Twitter for iPad,"[{'type': 'quoted', 'id': '1069419714819080192'}]",807003567605227520,1069420664774422528,"[{'start': 22, 'end': 45, 'url': 'https://t.co/068OzO0dzl', 'expanded_url': 'https://twitter.com/UN_Women/status/1069419714819080192', 'display_url': 'twitter.com/UN_Women/statu…'}]","[{'start': 6, 'end': 19, 'username': 'Winston_Duke', 'id': '2352660468'}]",2018-12-03T02:38:50.000Z,32,7,251,2,Yusss @Winston_Duke ! https://t.co/068OzO0dzl,und,"Actor and Activist, semi-professional disruptor, ice cream advocate and shameless teacup yorkie-lover",https://pbs.twimg.com/profile_images/1383196364792680448/N8CdupEu_normal.jpg,Amber Heard,807003567605227520,2016-12-08T23:26:58.000Z,https://t.co/Ze18Ek9SOI,190462,220,1151,567,"Los Angeles, CA",realamberheard,"Gym|Comics|Entertainment|Politics|PGH Sports. A father who's black & proud, respects wildlife & God-fearing. I ONLY TWEET WHAT I TOUCHED ON ABOVE!⬆ 
@Marvel Fan",https://pbs.twimg.com/profile_images/1362067491263045635/eIkhFnL1_normal.jpg,The Royal Guard 👑,3434465003,2015-08-21T17:45:52.000Z,,1311,615,164527,103,JerrellZod,"[{'start': 30, 'end': 39, 'tag': 'Heforshe'}, {'start': 40, 'end': 55, 'tag': 'WakandaForever'}, {'start': 56, 'end': 64, 'tag': 'Aquaman'}]",At Gold's Gym making gains.,
807003567605227520,Twitter Web Client,"[{'type': 'replied_to', 'id': '1069420664774422528'}]",4923128929,1069422178330918912,2018-12-03T02:44:50.000Z,@realamberheard @Winston_Duke ...lets all dream of an Orange Christmas......(365 days a year)!!,en,,"[{'start': 0, 'end': 15, 'username': 'realamberheard', 'id': '807003567605227520'}, {'start': 16, 'end': 29, 'username': 'Winston_Duke', 'id': '2352660468'}]",0,0,0,0,Twitter for iPad,"[{'type': 'quoted', 'id': '1069419714819080192'}]",807003567605227520,1069420664774422528,"[{'start': 22, 'end': 45, 'url': 'https://t.co/068OzO0dzl', 'expanded_url': 'https://twitter.com/UN_Women/status/1069419714819080192', 'display_url': 'twitter.com/UN_Women/statu…'}]","[{'start': 6, 'end': 19, 'username': 'Winston_Duke', 'id': '2352660468'}]",2018-12-03T02:38:50.000Z,32,7,251,2,Yusss @Winston_Duke ! https://t.co/068OzO0dzl,und,"Actor and Activist, semi-professional disruptor, ice cream advocate and shameless teacup yorkie-lover",https://pbs.twimg.com/profile_images/1383196364792680448/N8CdupEu_normal.jpg,Amber Heard,807003567605227520,2016-12-08T23:26:58.000Z,https://t.co/Ze18Ek9SOI,190462,220,1151,567,"Los Angeles, CA",realamberheard,,https://abs.twimg.com/sticky/default_profile_images/default_profile_normal.png,roberto varro,4923128929,2016-02-18T00:14:02.000Z,,20,100,1490,0,roberto4u2,,,"[{'start': 61, 'end': 69, 'probability': 0.6723, 'type': 'Other', 'normalized_text': 'Christmas'}]"
