author_id,created_at,referenced_tweets,source,in_reply_to_user_id,text,id,lang,entities.mentions,public_metrics.retweet_count,public_metrics.reply_count,public_metrics.like_count,public_metrics.quote_count,replied_tweet.author_id,replied_tweet.created_at,replied_tweet.source,replied_tweet.text,replied_tweet.id,replied_tweet.public_metrics.retweet_count,replied_tweet.public_metrics.reply_count,replied_tweet.public_metrics.like_count,replied_tweet.public_metrics.quote_count,replied_tweet.lang,replied_tweet.entities.urls,replied_tweet.author.created_at,replied_tweet.author.name,replied_tweet.author.id,replied_tweet.author.description,replied_tweet.author.profile_image_url,replied_tweet.author.url,replied_tweet.author.location,replied_tweet.author.public_metrics.followers_count,replied_tweet.author.public_metrics.following_count,replied_tweet.author.public_metrics.tweet_count,replied_tweet.author.public_metrics.listed_count,replied_tweet.author.username,author.created_at,author.name,author.id,author.description,author.profile_image_url,author.url,author.location,author.public_metrics.followers_count,author.public_metrics.following_count,author.public_metrics.tweet_count,author.public_metrics.listed_count,author.username,entities.hashtags,entities.annotations,entities.urls
73574731,2021-04-22T07:20:48.000Z,"[{'type': 'replied_to', 'id': '1318986484419121154'}]",Twitter for Android,930499988,@lion_witch @realamberheard And freaking liar.,1385131456804974592,en,"[{'start': 0, 'end': 11, 'username': 'lion_witch', 'id': '930499988'}, {'start': 12, 'end': 27, 'username': 'realamberheard', 'id': '807003567605227520'}]",0,0,0,0,807003567605227520,2018-12-04T00:10:50.000Z,Twitter for iPad,"Or how about, I dunno... maybe just ‘avoid assaulting them’ ? https://t.co/T1eNUseD5G",1069745809971924992,136,37,685,12,en,"[{'start': 62, 'end': 85, 'url': 'https://t.co/T1eNUseD5G', 'expanded_url': 'https://twitter.com/realamberheard/status/1069745809971924992/photo/1', 'display_url': 'pic.twitter.com/T1eNUseD5G'}]",2016-12-08T23:26:58.000Z,Amber Heard,807003567605227520,"Actor and Activist, semi-professional disruptor, ice cream advocate and shameless teacup yorkie-lover",https://pbs.twimg.com/profile_images/1383196364792680448/N8CdupEu_normal.jpg,https://t.co/Ze18Ek9SOI,"Los Angeles, CA",190462,220,1151,567,realamberheard,2009-09-12T04:59:54.000Z,Johnny's Girl,73574731,I am a huge fan of Johnny Depp and I stand up for him and against the dv done by AH. By the injustice he suffered for the truth to help other men and women.,https://pbs.twimg.com/profile_images/1449448557379874817/_wOqDzcc_normal.jpg,https://t.co/tWIYZRobrn,United States,521,477,21755,11,johnnysgirl123,,,
73574731,2021-04-22T07:18:03.000Z,"[{'type': 'replied_to', 'id': '1069745809971924992'}]",Twitter for Android,807003567605227520,"@realamberheard Maybe you should stop abusing men and women equally. Oh, and I forgot #amberheardunhappybirthdaytoyou",1385130766422614018,en,"[{'start': 0, 'end': 15, 'username': 'realamberheard', 'id': '807003567605227520'}]",0,0,1,0,807003567605227520,2018-12-04T00:10:50.000Z,Twitter for iPad,"Or how about, I dunno... maybe just ‘avoid assaulting them’ ? https://t.co/T1eNUseD5G",1069745809971924992,136,37,685,12,en,"[{'start': 62, 'end': 85, 'url': 'https://t.co/T1eNUseD5G', 'expanded_url': 'https://twitter.com/realamberheard/status/1069745809971924992/photo/1', 'display_url': 'pic.twitter.com/T1eNUseD5G'}]",2016-12-08T23:26:58.000Z,Amber Heard,807003567605227520,"Actor and Activist, semi-professional disruptor, ice cream advocate and shameless teacup yorkie-lover",https://pbs.twimg.com/profile_images/1383196364792680448/N8CdupEu_normal.jpg,https://t.co/Ze18Ek9SOI,"Los Angeles, CA",190462,220,1151,567,realamberheard,2009-09-12T04:59:54.000Z,Johnny's Girl,73574731,I am a huge fan of Johnny Depp and I stand up for him and against the dv done by AH. By the injustice he suffered for the truth to help other men and women.,https://pbs.twimg.com/profile_images/1449448557379874817/_wOqDzcc_normal.jpg,https://t.co/tWIYZRobrn,United States,521,477,21755,11,johnnysgirl123,"[{'start': 86, 'end': 117, 'tag': 'amberheardunhappybirthdaytoyou'}]",,
1255597310924533760,2021-04-22T06:52:07.000Z,"[{'type': 'replied_to', 'id': '1069745809971924992'}]",Twitter for Android,807003567605227520,@realamberheard Wow...  It's rich coming from you...,1385124238936395777,en,"[{'start': 0, 'end': 15, 'username': 'realamberheard', 'id': '807003567605227520'}]",0,0,1,0,807003567605227520,2018-12-04T00:10:50.000Z,Twitter for iPad,"Or how about, I dunno... maybe just ‘avoid assaulting them’ ? https://t.co/T1eNUseD5G",1069745809971924992,136,37,685,12,en,"[{'start': 62, 'end': 85, 'url': 'https://t.co/T1eNUseD5G', 'expanded_url': 'https://twitter.com/realamberheard/status/1069745809971924992/photo/1', 'display_url': 'pic.twitter.com/T1eNUseD5G'}]",2016-12-08T23:26:58.000Z,Amber Heard,807003567605227520,"Actor and Activist, semi-professional disruptor, ice cream advocate and shameless teacup yorkie-lover",https://pbs.twimg.com/profile_images/1383196364792680448/N8CdupEu_normal.jpg,https://t.co/Ze18Ek9SOI,"Los Angeles, CA",190462,220,1151,567,realamberheard,2020-04-29T20:38:27.000Z,Kei ケイ,1255597310924533760,"Professional Make Up Artist.
#NotABot
#Equality",https://pbs.twimg.com/profile_images/1363522791627251716/HvbktYEs_normal.jpg,,,37,45,1668,0,Kei_Shotaro,,,
1050721822092812289,2020-10-21T20:25:54.000Z,"[{'type': 'replied_to', 'id': '1319006757939781633'}]",Twitter for iPhone,145150641,@Gwennafran @lion_witch @realamberheard Yes they do!!!,1319012055521873921,en,"[{'start': 0, 'end': 11, 'username': 'Gwennafran', 'id': '145150641'}, {'start': 12, 'end': 23, 'username': 'lion_witch', 'id': '930499988'}, {'start': 24, 'end': 39, 'username': 'realamberheard', 'id': '807003567605227520'}]",0,0,2,0,807003567605227520,2018-12-04T00:10:50.000Z,Twitter for iPad,"Or how about, I dunno... maybe just ‘avoid assaulting them’ ? https://t.co/T1eNUseD5G",1069745809971924992,136,37,685,12,en,"[{'start': 62, 'end': 85, 'url': 'https://t.co/T1eNUseD5G', 'expanded_url': 'https://twitter.com/realamberheard/status/1069745809971924992/photo/1', 'display_url': 'pic.twitter.com/T1eNUseD5G'}]",2016-12-08T23:26:58.000Z,Amber Heard,807003567605227520,"Actor and Activist, semi-professional disruptor, ice cream advocate and shameless teacup yorkie-lover",https://pbs.twimg.com/profile_images/1383196364792680448/N8CdupEu_normal.jpg,https://t.co/Ze18Ek9SOI,"Los Angeles, CA",190462,220,1151,567,realamberheard,2018-10-12T12:16:18.000Z,Susan,1050721822092812289,•✿ Johnny is definition of love ✿•,https://pbs.twimg.com/profile_images/1340701831975096320/g92j12jM_normal.jpg,,#ibelievehim,412,300,12987,1,teamdepp_,,,
145150641,2020-10-21T20:04:51.000Z,"[{'type': 'replied_to', 'id': '1318988424720879620'}]",Twitter Web App,1050721822092812289,@teamdepp_ @lion_witch @realamberheard Dosen't ALL her male friends look miserable around her?,1319006757939781633,en,"[{'start': 0, 'end': 10, 'username': 'teamdepp_', 'id': '1050721822092812289'}, {'start': 11, 'end': 22, 'username': 'lion_witch', 'id': '930499988'}, {'start': 23, 'end': 38, 'username': 'realamberheard', 'id': '807003567605227520'}]",0,2,3,0,807003567605227520,2018-12-04T00:10:50.000Z,Twitter for iPad,"Or how about, I dunno... maybe just ‘avoid assaulting them’ ? https://t.co/T1eNUseD5G",1069745809971924992,136,37,685,12,en,"[{'start': 62, 'end': 85, 'url': 'https://t.co/T1eNUseD5G', 'expanded_url': 'https://twitter.com/realamberheard/status/1069745809971924992/photo/1', 'display_url': 'pic.twitter.com/T1eNUseD5G'}]",2016-12-08T23:26:58.000Z,Amber Heard,807003567605227520,"Actor and Activist, semi-professional disruptor, ice cream advocate and shameless teacup yorkie-lover",https://pbs.twimg.com/profile_images/1383196364792680448/N8CdupEu_normal.jpg,https://t.co/Ze18Ek9SOI,"Los Angeles, CA",190462,220,1151,567,realamberheard,2010-05-18T07:05:35.000Z,TheMadRatterAlpaca 🇩🇰🇩🇰 🐀🦙 🥕💜 Gwennafran ♊,145150641,"I stand with #JohnnyDepp Because #TruthWins and #JusticeForJohnnyDepp is coming. Mother of Rats: Thor, Loki, Luke, Han and Chewie 🐀🐀🐀🐀🐀💜💜💜 Music lover",https://pbs.twimg.com/profile_images/1503345414048731144/8ZgCUTMD_normal.jpg,, Denmark. Gemini ,735,579,33330,2,Gwennafran,,,
1050721822092812289,2020-10-21T18:52:00.000Z,"[{'type': 'replied_to', 'id': '1318985582752731137'}]",Twitter for iPhone,930499988,@lion_witch @realamberheard Clearly bruised! Just like her exes faces!!! Maybe Elon used his face to injury her knuckles.... who knows...,1318988424720879620,en,"[{'start': 0, 'end': 11, 'username': 'lion_witch', 'id': '930499988'}, {'start': 12, 'end': 27, 'username': 'realamberheard', 'id': '807003567605227520'}]",0,1,4,0,807003567605227520,2018-12-04T00:10:50.000Z,Twitter for iPad,"Or how about, I dunno... maybe just ‘avoid assaulting them’ ? https://t.co/T1eNUseD5G",1069745809971924992,136,37,685,12,en,"[{'start': 62, 'end': 85, 'url': 'https://t.co/T1eNUseD5G', 'expanded_url': 'https://twitter.com/realamberheard/status/1069745809971924992/photo/1', 'display_url': 'pic.twitter.com/T1eNUseD5G'}]",2016-12-08T23:26:58.000Z,Amber Heard,807003567605227520,"Actor and Activist, semi-professional disruptor, ice cream advocate and shameless teacup yorkie-lover",https://pbs.twimg.com/profile_images/1383196364792680448/N8CdupEu_normal.jpg,https://t.co/Ze18Ek9SOI,"Los Angeles, CA",190462,220,1151,567,realamberheard,2018-10-12T12:16:18.000Z,Susan,1050721822092812289,•✿ Johnny is definition of love ✿•,https://pbs.twimg.com/profile_images/1340701831975096320/g92j12jM_normal.jpg,,#ibelievehim,412,300,12987,1,teamdepp_,,"[{'start': 79, 'end': 82, 'probability': 0.9517, 'type': 'Person', 'normalized_text': 'Elon'}]",
105904426,2019-03-12T21:10:25.000Z,"[{'type': 'replied_to', 'id': '1069745809971924992'}]",Twitter for iPhone,807003567605227520,@realamberheard Rich coming from you 😂,1105576805417840641,en,"[{'start': 0, 'end': 15, 'username': 'realamberheard', 'id': '807003567605227520'}]",0,0,0,0,807003567605227520,2018-12-04T00:10:50.000Z,Twitter for iPad,"Or how about, I dunno... maybe just ‘avoid assaulting them’ ? https://t.co/T1eNUseD5G",1069745809971924992,136,37,685,12,en,"[{'start': 62, 'end': 85, 'url': 'https://t.co/T1eNUseD5G', 'expanded_url': 'https://twitter.com/realamberheard/status/1069745809971924992/photo/1', 'display_url': 'pic.twitter.com/T1eNUseD5G'}]",2016-12-08T23:26:58.000Z,Amber Heard,807003567605227520,"Actor and Activist, semi-professional disruptor, ice cream advocate and shameless teacup yorkie-lover",https://pbs.twimg.com/profile_images/1383196364792680448/N8CdupEu_normal.jpg,https://t.co/Ze18Ek9SOI,"Los Angeles, CA",190462,220,1151,567,realamberheard,2010-01-17T22:01:52.000Z,sugar & spice,105904426,"if you don't fuck with me, you're fuckin up",https://pbs.twimg.com/profile_images/1424185076632403968/dOlOP2WO_normal.jpg,https://t.co/pgfHMWdQd1,in oblivion,156,122,9990,1,cassiedesiree,,,
1347822451,2019-02-06T23:48:59.000Z,"[{'type': 'replied_to', 'id': '1069745809971924992'}]",Twitter Web Client,807003567605227520,@realamberheard https://t.co/SHfcVmjUdd,1093295520804679680,und,"[{'start': 0, 'end': 15, 'username': 'realamberheard', 'id': '807003567605227520'}]",0,0,1,0,807003567605227520,2018-12-04T00:10:50.000Z,Twitter for iPad,"Or how about, I dunno... maybe just ‘avoid assaulting them’ ? https://t.co/T1eNUseD5G",1069745809971924992,136,37,685,12,en,"[{'start': 62, 'end': 85, 'url': 'https://t.co/T1eNUseD5G', 'expanded_url': 'https://twitter.com/realamberheard/status/1069745809971924992/photo/1', 'display_url': 'pic.twitter.com/T1eNUseD5G'}]",2016-12-08T23:26:58.000Z,Amber Heard,807003567605227520,"Actor and Activist, semi-professional disruptor, ice cream advocate and shameless teacup yorkie-lover",https://pbs.twimg.com/profile_images/1383196364792680448/N8CdupEu_normal.jpg,https://t.co/Ze18Ek9SOI,"Los Angeles, CA",190462,220,1151,567,realamberheard,2013-04-12T21:54:23.000Z,John Phillips,1347822451,"😐😑😥😨😫😰🤢🤮 
And the sea was created.",https://pbs.twimg.com/profile_images/1172885391432724481/REgGV-VT_normal.jpg,,,73,452,12946,0,ProteoTenno,,,"[{'start': 16, 'end': 39, 'url': 'https://t.co/SHfcVmjUdd', 'expanded_url': 'https://eu.usatoday.com/story/life/movies/2016/06/07/amber-heard-arrested-2009-charge-hitting-girlfriend/85563338/', 'display_url': 'eu.usatoday.com/story/life/mov…'}]"
82282843,2019-01-11T06:51:16.000Z,"[{'type': 'replied_to', 'id': '1069745809971924992'}]",Twitter Web App,807003567605227520,@realamberheard I got it... Both sides have issues 😣,1083617320952582146,en,"[{'start': 0, 'end': 15, 'username': 'realamberheard', 'id': '807003567605227520'}]",0,0,0,0,807003567605227520,2018-12-04T00:10:50.000Z,Twitter for iPad,"Or how about, I dunno... maybe just ‘avoid assaulting them’ ? https://t.co/T1eNUseD5G",1069745809971924992,136,37,685,12,en,"[{'start': 62, 'end': 85, 'url': 'https://t.co/T1eNUseD5G', 'expanded_url': 'https://twitter.com/realamberheard/status/1069745809971924992/photo/1', 'display_url': 'pic.twitter.com/T1eNUseD5G'}]",2016-12-08T23:26:58.000Z,Amber Heard,807003567605227520,"Actor and Activist, semi-professional disruptor, ice cream advocate and shameless teacup yorkie-lover",https://pbs.twimg.com/profile_images/1383196364792680448/N8CdupEu_normal.jpg,https://t.co/Ze18Ek9SOI,"Los Angeles, CA",190462,220,1151,567,realamberheard,2009-10-14T05:16:57.000Z,#B Negative,82282843,#datascience #banknifty #TA #FX,https://pbs.twimg.com/profile_images/1405528743154577409/9c0615Uk_normal.jpg,,world,76,346,10899,10,MonkInTown,,,
970572397035180033,2019-01-06T19:53:08.000Z,"[{'type': 'replied_to', 'id': '1069746040125960192'}]",Twitter Web App,874984340,"@animalhugger91 @realamberheard LMAO, women in 1st world countries receive far more respect from the media and society in general.",1082002144474087425,en,"[{'start': 0, 'end': 15, 'username': 'animalhugger91', 'id': '874984340'}, {'start': 16, 'end': 31, 'username': 'realamberheard', 'id': '807003567605227520'}]",0,0,0,0,807003567605227520,2018-12-04T00:10:50.000Z,Twitter for iPad,"Or how about, I dunno... maybe just ‘avoid assaulting them’ ? https://t.co/T1eNUseD5G",1069745809971924992,136,37,685,12,en,"[{'start': 62, 'end': 85, 'url': 'https://t.co/T1eNUseD5G', 'expanded_url': 'https://twitter.com/realamberheard/status/1069745809971924992/photo/1', 'display_url': 'pic.twitter.com/T1eNUseD5G'}]",2016-12-08T23:26:58.000Z,Amber Heard,807003567605227520,"Actor and Activist, semi-professional disruptor, ice cream advocate and shameless teacup yorkie-lover",https://pbs.twimg.com/profile_images/1383196364792680448/N8CdupEu_normal.jpg,https://t.co/Ze18Ek9SOI,"Los Angeles, CA",190462,220,1151,567,realamberheard,2018-03-05T08:11:06.000Z,Chris Rembert,970572397035180033,"Factual Troll. Rehabilitating Shitlord. Avid TV Watcher. Blocked by those who can't take construct criicism. ADHD/BIPOLAR/BIRACIAL

PRONOUN: SLAYER of BULLSHIT",https://pbs.twimg.com/profile_images/1070056186165190656/TrFPDIag_normal.jpg,,,45,33,18572,0,ChrisRembert2,,,
970572397035180033,2019-01-06T19:50:48.000Z,"[{'type': 'replied_to', 'id': '1069746327041568769'}]",Twitter Web App,167085206,@ThePapermage @realamberheard What's going on is a mix bag of legitimate and exaggerated stories.,1082001556751482880,en,"[{'start': 14, 'end': 29, 'username': 'realamberheard', 'id': '807003567605227520'}]",0,0,0,0,807003567605227520,2018-12-04T00:10:50.000Z,Twitter for iPad,"Or how about, I dunno... maybe just ‘avoid assaulting them’ ? https://t.co/T1eNUseD5G",1069745809971924992,136,37,685,12,en,"[{'start': 62, 'end': 85, 'url': 'https://t.co/T1eNUseD5G', 'expanded_url': 'https://twitter.com/realamberheard/status/1069745809971924992/photo/1', 'display_url': 'pic.twitter.com/T1eNUseD5G'}]",2016-12-08T23:26:58.000Z,Amber Heard,807003567605227520,"Actor and Activist, semi-professional disruptor, ice cream advocate and shameless teacup yorkie-lover",https://pbs.twimg.com/profile_images/1383196364792680448/N8CdupEu_normal.jpg,https://t.co/Ze18Ek9SOI,"Los Angeles, CA",190462,220,1151,567,realamberheard,2018-03-05T08:11:06.000Z,Chris Rembert,970572397035180033,"Factual Troll. Rehabilitating Shitlord. Avid TV Watcher. Blocked by those who can't take construct criicism. ADHD/BIPOLAR/BIRACIAL

PRONOUN: SLAYER of BULLSHIT",https://pbs.twimg.com/profile_images/1070056186165190656/TrFPDIag_normal.jpg,,,45,33,18572,0,ChrisRembert2,,,
970572397035180033,2019-01-06T19:41:54.000Z,"[{'type': 'replied_to', 'id': '1069747005893808128'}]",Twitter Web App,983451255526871040,"@adoringburton @realamberheard Or, maybe it's due to the massive amount of false/exaggerated allegations.",1081999316095504384,en,"[{'start': 15, 'end': 30, 'username': 'realamberheard', 'id': '807003567605227520'}]",0,0,0,0,807003567605227520,2018-12-04T00:10:50.000Z,Twitter for iPad,"Or how about, I dunno... maybe just ‘avoid assaulting them’ ? https://t.co/T1eNUseD5G",1069745809971924992,136,37,685,12,en,"[{'start': 62, 'end': 85, 'url': 'https://t.co/T1eNUseD5G', 'expanded_url': 'https://twitter.com/realamberheard/status/1069745809971924992/photo/1', 'display_url': 'pic.twitter.com/T1eNUseD5G'}]",2016-12-08T23:26:58.000Z,Amber Heard,807003567605227520,"Actor and Activist, semi-professional disruptor, ice cream advocate and shameless teacup yorkie-lover",https://pbs.twimg.com/profile_images/1383196364792680448/N8CdupEu_normal.jpg,https://t.co/Ze18Ek9SOI,"Los Angeles, CA",190462,220,1151,567,realamberheard,2018-03-05T08:11:06.000Z,Chris Rembert,970572397035180033,"Factual Troll. Rehabilitating Shitlord. Avid TV Watcher. Blocked by those who can't take construct criicism. ADHD/BIPOLAR/BIRACIAL

PRONOUN: SLAYER of BULLSHIT",https://pbs.twimg.com/profile_images/1070056186165190656/TrFPDIag_normal.jpg,,,45,33,18572,0,ChrisRembert2,,,
3307421524,2018-12-13T23:38:07.000Z,"[{'type': 'replied_to', 'id': '1070029585293721600'}]",Twitter for iPhone,1024266215651528705,@MermateSammey @realamberheard https://t.co/JSUVKPKlmE,1073361453808275456,und,"[{'start': 0, 'end': 14, 'username': 'mermatesammey', 'id': '1404912848849997824'}, {'start': 15, 'end': 30, 'username': 'realamberheard', 'id': '807003567605227520'}]",0,0,3,0,807003567605227520,2018-12-04T00:10:50.000Z,Twitter for iPad,"Or how about, I dunno... maybe just ‘avoid assaulting them’ ? https://t.co/T1eNUseD5G",1069745809971924992,136,37,685,12,en,"[{'start': 62, 'end': 85, 'url': 'https://t.co/T1eNUseD5G', 'expanded_url': 'https://twitter.com/realamberheard/status/1069745809971924992/photo/1', 'display_url': 'pic.twitter.com/T1eNUseD5G'}]",2016-12-08T23:26:58.000Z,Amber Heard,807003567605227520,"Actor and Activist, semi-professional disruptor, ice cream advocate and shameless teacup yorkie-lover",https://pbs.twimg.com/profile_images/1383196364792680448/N8CdupEu_normal.jpg,https://t.co/Ze18Ek9SOI,"Los Angeles, CA",190462,220,1151,567,realamberheard,2015-06-03T19:21:01.000Z,Kimberley Watkins 💀,3307421524,,https://pbs.twimg.com/profile_images/1395220562595786754/hkOJRXF5_normal.jpg,,"Quakertown, PA",486,1954,2017,0,kimazon,,,"[{'start': 31, 'end': 54, 'url': 'https://t.co/JSUVKPKlmE', 'expanded_url': 'https://twitter.com/kimazon/status/1073361453808275456/photo/1', 'display_url': 'pic.twitter.com/JSUVKPKlmE'}]"
3244406046,2018-12-09T14:50:38.000Z,"[{'type': 'replied_to', 'id': '1069745809971924992'}]",Twitter Web Client,807003567605227520,@realamberheard Nah I'm good with this. Please avoid me at all cost.,1071779157493727232,en,"[{'start': 0, 'end': 15, 'username': 'realamberheard', 'id': '807003567605227520'}]",0,0,0,0,807003567605227520,2018-12-04T00:10:50.000Z,Twitter for iPad,"Or how about, I dunno... maybe just ‘avoid assaulting them’ ? https://t.co/T1eNUseD5G",1069745809971924992,136,37,685,12,en,"[{'start': 62, 'end': 85, 'url': 'https://t.co/T1eNUseD5G', 'expanded_url': 'https://twitter.com/realamberheard/status/1069745809971924992/photo/1', 'display_url': 'pic.twitter.com/T1eNUseD5G'}]",2016-12-08T23:26:58.000Z,Amber Heard,807003567605227520,"Actor and Activist, semi-professional disruptor, ice cream advocate and shameless teacup yorkie-lover",https://pbs.twimg.com/profile_images/1383196364792680448/N8CdupEu_normal.jpg,https://t.co/Ze18Ek9SOI,"Los Angeles, CA",190462,220,1151,567,realamberheard,2015-06-13T18:31:58.000Z,Lena,3244406046,They/Them * Lesbian * Adult * Writer * My hobbies include devouring a family size box of Cheez-Its in 3 days * Fan Spam: @FilthyTrashBaby * Private: @RoughPizza,https://pbs.twimg.com/profile_images/1465827161667878916/9MrcPdAH_normal.jpg,https://t.co/kZEd6FWchw,https://ko-fi.com/PizzaHorse,545,464,30147,7,LenaDeSpell,,,
1050721822092812289,2018-12-08T16:35:14.000Z,"[{'type': 'quoted', 'id': '1070725340492955648'}, {'type': 'replied_to', 'id': '1069745809971924992'}]",Twitter Web App,807003567605227520,@realamberheard https://t.co/E9cp04yQNO,1071443093881282560,und,"[{'start': 0, 'end': 15, 'username': 'realamberheard', 'id': '807003567605227520'}]",2,1,13,0,807003567605227520,2018-12-04T00:10:50.000Z,Twitter for iPad,"Or how about, I dunno... maybe just ‘avoid assaulting them’ ? https://t.co/T1eNUseD5G",1069745809971924992,136,37,685,12,en,"[{'start': 62, 'end': 85, 'url': 'https://t.co/T1eNUseD5G', 'expanded_url': 'https://twitter.com/realamberheard/status/1069745809971924992/photo/1', 'display_url': 'pic.twitter.com/T1eNUseD5G'}]",2016-12-08T23:26:58.000Z,Amber Heard,807003567605227520,"Actor and Activist, semi-professional disruptor, ice cream advocate and shameless teacup yorkie-lover",https://pbs.twimg.com/profile_images/1383196364792680448/N8CdupEu_normal.jpg,https://t.co/Ze18Ek9SOI,"Los Angeles, CA",190462,220,1151,567,realamberheard,2018-10-12T12:16:18.000Z,Susan,1050721822092812289,•✿ Johnny is definition of love ✿•,https://pbs.twimg.com/profile_images/1340701831975096320/g92j12jM_normal.jpg,,#ibelievehim,412,300,12987,1,teamdepp_,,,"[{'start': 16, 'end': 39, 'url': 'https://t.co/E9cp04yQNO', 'expanded_url': 'https://twitter.com/SusanFaria5/status/1070725340492955648?s=20', 'display_url': 'twitter.com/SusanFaria5/st…'}]"
2634616771,2018-12-06T22:38:40.000Z,"[{'type': 'replied_to', 'id': '1070809250056654848'}]",Twitter for iPhone,2634616771,"@realamberheard Oh wait! You don’t avoid! You just like to play the victim and ruin other people’s life and pretends to be an “activist”, when you actually just help abusers, like you, to use you as an example of woman who lied about being in an abusive relationship :)",1070809778329272320,en,"[{'start': 0, 'end': 15, 'username': 'realamberheard', 'id': '807003567605227520'}]",0,0,5,0,807003567605227520,2018-12-04T00:10:50.000Z,Twitter for iPad,"Or how about, I dunno... maybe just ‘avoid assaulting them’ ? https://t.co/T1eNUseD5G",1069745809971924992,136,37,685,12,en,"[{'start': 62, 'end': 85, 'url': 'https://t.co/T1eNUseD5G', 'expanded_url': 'https://twitter.com/realamberheard/status/1069745809971924992/photo/1', 'display_url': 'pic.twitter.com/T1eNUseD5G'}]",2016-12-08T23:26:58.000Z,Amber Heard,807003567605227520,"Actor and Activist, semi-professional disruptor, ice cream advocate and shameless teacup yorkie-lover",https://pbs.twimg.com/profile_images/1383196364792680448/N8CdupEu_normal.jpg,https://t.co/Ze18Ek9SOI,"Los Angeles, CA",190462,220,1151,567,realamberheard,2014-07-13T04:00:23.000Z,lana,2634616771,just another steve and max apologist,https://pbs.twimg.com/profile_images/1506690117406101507/tISvIGQ-_normal.jpg,https://t.co/qeVsA0tLiV,san francisco || she/her • 21,9375,548,122522,32,zaynsmayfair,,,
2634616771,2018-12-06T22:36:34.000Z,"[{'type': 'replied_to', 'id': '1069745809971924992'}]",Twitter for iPhone,807003567605227520,"@realamberheard How you, as an abuser, avoid assaulting your partners?",1070809250056654848,en,"[{'start': 0, 'end': 15, 'username': 'realamberheard', 'id': '807003567605227520'}]",0,1,4,0,807003567605227520,2018-12-04T00:10:50.000Z,Twitter for iPad,"Or how about, I dunno... maybe just ‘avoid assaulting them’ ? https://t.co/T1eNUseD5G",1069745809971924992,136,37,685,12,en,"[{'start': 62, 'end': 85, 'url': 'https://t.co/T1eNUseD5G', 'expanded_url': 'https://twitter.com/realamberheard/status/1069745809971924992/photo/1', 'display_url': 'pic.twitter.com/T1eNUseD5G'}]",2016-12-08T23:26:58.000Z,Amber Heard,807003567605227520,"Actor and Activist, semi-professional disruptor, ice cream advocate and shameless teacup yorkie-lover",https://pbs.twimg.com/profile_images/1383196364792680448/N8CdupEu_normal.jpg,https://t.co/Ze18Ek9SOI,"Los Angeles, CA",190462,220,1151,567,realamberheard,2014-07-13T04:00:23.000Z,lana,2634616771,just another steve and max apologist,https://pbs.twimg.com/profile_images/1506690117406101507/tISvIGQ-_normal.jpg,https://t.co/qeVsA0tLiV,san francisco || she/her • 21,9375,548,122522,32,zaynsmayfair,,,
122438600,2018-12-06T22:19:17.000Z,"[{'type': 'replied_to', 'id': '1070754704391589888'}]",Twitter for Android,746719831,@smilerbrichta @realamberheard 👏👏👏👏👏👏👏👏👏👏👏👏👏 Palôma com luva de pelica na agressora!,1070804901662478342,pt,"[{'start': 0, 'end': 14, 'username': 'smilerbrichta', 'id': '3436433920'}, {'start': 15, 'end': 30, 'username': 'realamberheard', 'id': '807003567605227520'}]",0,0,2,0,807003567605227520,2018-12-04T00:10:50.000Z,Twitter for iPad,"Or how about, I dunno... maybe just ‘avoid assaulting them’ ? https://t.co/T1eNUseD5G",1069745809971924992,136,37,685,12,en,"[{'start': 62, 'end': 85, 'url': 'https://t.co/T1eNUseD5G', 'expanded_url': 'https://twitter.com/realamberheard/status/1069745809971924992/photo/1', 'display_url': 'pic.twitter.com/T1eNUseD5G'}]",2016-12-08T23:26:58.000Z,Amber Heard,807003567605227520,"Actor and Activist, semi-professional disruptor, ice cream advocate and shameless teacup yorkie-lover",https://pbs.twimg.com/profile_images/1383196364792680448/N8CdupEu_normal.jpg,https://t.co/Ze18Ek9SOI,"Los Angeles, CA",190462,220,1151,567,realamberheard,2010-03-12T18:19:22.000Z,Fabi 🇧🇷 #IBelieveHim 🍩⚔️🛡️⚖️,122438600,Johnny Depp • Jim Morrison • Wilson Sideral •RHCP · Jensen Ackles · Sebastian Bach · Keanu Reeves . Supernatural • Arquivo X . Doors . Eriberto Leão,https://pbs.twimg.com/profile_images/1323828022504349696/fLmtN3qU_normal.png,,"Minas Gerais, Brasil",2173,2351,22994,10,reagandepp,,,
746719831,2018-12-06T18:59:49.000Z,"[{'type': 'replied_to', 'id': '1069745809971924992'}]",Twitter for Android,807003567605227520,"@realamberheard Amber dear, maybe you should take your own advise. We know that you're an abuser, you were arrested for hit your ex-wife in a public place. Also, just 'avoid assaulting men' too, we know that you admitted to abuse your ex-husband in court documents. And we know that you lied.",1070754704391589888,en,"[{'start': 0, 'end': 15, 'username': 'realamberheard', 'id': '807003567605227520'}]",0,1,11,0,807003567605227520,2018-12-04T00:10:50.000Z,Twitter for iPad,"Or how about, I dunno... maybe just ‘avoid assaulting them’ ? https://t.co/T1eNUseD5G",1069745809971924992,136,37,685,12,en,"[{'start': 62, 'end': 85, 'url': 'https://t.co/T1eNUseD5G', 'expanded_url': 'https://twitter.com/realamberheard/status/1069745809971924992/photo/1', 'display_url': 'pic.twitter.com/T1eNUseD5G'}]",2016-12-08T23:26:58.000Z,Amber Heard,807003567605227520,"Actor and Activist, semi-professional disruptor, ice cream advocate and shameless teacup yorkie-lover",https://pbs.twimg.com/profile_images/1383196364792680448/N8CdupEu_normal.jpg,https://t.co/Ze18Ek9SOI,"Los Angeles, CA",190462,220,1151,567,realamberheard,2012-08-09T06:55:35.000Z,palôma strike ➹ ⚯͛,746719831,"joanne rowling • gryffindor • narnian • outlawqueen • targaryen • stark • miley • sabrina • always • the sun, the moon, the truth • #JusticeForJohnnyDepp🏴‍☠️",https://pbs.twimg.com/profile_images/1505413782578806785/ZKz0C0H2_normal.jpg,https://t.co/7IHDo8doxB,Nárnia•Hogwarts•Storybrooke,2483,1010,238507,23,siriustiltskin,,"[{'start': 16, 'end': 20, 'probability': 0.7918, 'type': 'Person', 'normalized_text': 'Amber'}]",
415278846,2018-12-05T09:06:43.000Z,"[{'type': 'replied_to', 'id': '1069745809971924992'}]",Twitter Web Client,807003567605227520,"@realamberheard Say this to yourself, bitch",1070243057453465600,en,"[{'start': 0, 'end': 15, 'username': 'realamberheard', 'id': '807003567605227520'}]",1,0,9,0,807003567605227520,2018-12-04T00:10:50.000Z,Twitter for iPad,"Or how about, I dunno... maybe just ‘avoid assaulting them’ ? https://t.co/T1eNUseD5G",1069745809971924992,136,37,685,12,en,"[{'start': 62, 'end': 85, 'url': 'https://t.co/T1eNUseD5G', 'expanded_url': 'https://twitter.com/realamberheard/status/1069745809971924992/photo/1', 'display_url': 'pic.twitter.com/T1eNUseD5G'}]",2016-12-08T23:26:58.000Z,Amber Heard,807003567605227520,"Actor and Activist, semi-professional disruptor, ice cream advocate and shameless teacup yorkie-lover",https://pbs.twimg.com/profile_images/1383196364792680448/N8CdupEu_normal.jpg,https://t.co/Ze18Ek9SOI,"Los Angeles, CA",190462,220,1151,567,realamberheard,2011-11-18T04:02:50.000Z,Marussia00157🥋,415278846,"Identify as a Queen👑. Pronouns: Your Magesty/Your Highness.
Kyokushin karate black belt🥋
#JusticeForJohnnyDepp🖤💫🍩",https://pbs.twimg.com/profile_images/1324323817154584577/VlJ3pGXD_normal.jpg,,Somewhere in Hell,1705,1324,24849,18,Marussia15,,,
2465079218,2018-12-05T01:39:36.000Z,"[{'type': 'replied_to', 'id': '1070082046100422656'}]",Twitter Web Client,392730233,"@galgadott @realamberheard Tasya willingly allowed her to be arrested and brought to court without speaking up for her. Tasya only defended her seven years after the fact. She hit Tasya, and was arrested for it. Period.",1070130536658731008,en,"[{'start': 0, 'end': 10, 'username': 'galgadott', 'id': '1353898555870752768'}, {'start': 11, 'end': 26, 'username': 'realamberheard', 'id': '807003567605227520'}]",0,0,7,0,807003567605227520,2018-12-04T00:10:50.000Z,Twitter for iPad,"Or how about, I dunno... maybe just ‘avoid assaulting them’ ? https://t.co/T1eNUseD5G",1069745809971924992,136,37,685,12,en,"[{'start': 62, 'end': 85, 'url': 'https://t.co/T1eNUseD5G', 'expanded_url': 'https://twitter.com/realamberheard/status/1069745809971924992/photo/1', 'display_url': 'pic.twitter.com/T1eNUseD5G'}]",2016-12-08T23:26:58.000Z,Amber Heard,807003567605227520,"Actor and Activist, semi-professional disruptor, ice cream advocate and shameless teacup yorkie-lover",https://pbs.twimg.com/profile_images/1383196364792680448/N8CdupEu_normal.jpg,https://t.co/Ze18Ek9SOI,"Los Angeles, CA",190462,220,1151,567,realamberheard,2014-04-26T20:16:57.000Z,not haley,2465079218,classic lara croft supremacy. i fucking love you for hating me. wife to noodle. #justiceforjohnnydepp #justiceforsurvivors #istandwithjkrowling,https://pbs.twimg.com/profile_images/1506624478310191113/EEpjan86_normal.jpg,https://t.co/imzbQnpaXH,on the precipice.,1592,222,37211,3,reineyelah,,"[{'start': 27, 'end': 31, 'probability': 0.9391, 'type': 'Person', 'normalized_text': 'Tasya'}, {'start': 120, 'end': 124, 'probability': 0.9555, 'type': 'Person', 'normalized_text': 'Tasya'}, {'start': 180, 'end': 184, 'probability': 0.9317, 'type': 'Person', 'normalized_text': 'Tasya'}]",
728274848754110464,2018-12-04T23:54:12.000Z,"[{'type': 'replied_to', 'id': '1069745809971924992'}]",Twitter Web Client,807003567605227520,@realamberheard 👍🗨️,1070104009564934144,und,"[{'start': 0, 'end': 15, 'username': 'realamberheard', 'id': '807003567605227520'}]",0,0,0,0,807003567605227520,2018-12-04T00:10:50.000Z,Twitter for iPad,"Or how about, I dunno... maybe just ‘avoid assaulting them’ ? https://t.co/T1eNUseD5G",1069745809971924992,136,37,685,12,en,"[{'start': 62, 'end': 85, 'url': 'https://t.co/T1eNUseD5G', 'expanded_url': 'https://twitter.com/realamberheard/status/1069745809971924992/photo/1', 'display_url': 'pic.twitter.com/T1eNUseD5G'}]",2016-12-08T23:26:58.000Z,Amber Heard,807003567605227520,"Actor and Activist, semi-professional disruptor, ice cream advocate and shameless teacup yorkie-lover",https://pbs.twimg.com/profile_images/1383196364792680448/N8CdupEu_normal.jpg,https://t.co/Ze18Ek9SOI,"Los Angeles, CA",190462,220,1151,567,realamberheard,2016-05-05T17:27:09.000Z,Norbert,728274848754110464,"Who lives my dream?.Sto cercando,,Who borrow money?,-""Startup-Application""-5.000.-80.000.€. SK14 8330 0000 0027 0199 3526./SWIFT-FIOZSKBAXXX.,Grazie,Thank.",https://pbs.twimg.com/profile_images/1499739852870492171/pCwXQNgW_normal.jpg,,Bratislava,734,5007,23200,50,norbert_kukla,,,
1050721822092812289,2018-12-04T22:10:09.000Z,"[{'type': 'replied_to', 'id': '1069745809971924992'}]",Twitter Web App,807003567605227520,@realamberheard Says the one who assaults Men and Woman’s,1070077825334607873,en,"[{'start': 0, 'end': 15, 'username': 'realamberheard', 'id': '807003567605227520'}]",0,0,11,0,807003567605227520,2018-12-04T00:10:50.000Z,Twitter for iPad,"Or how about, I dunno... maybe just ‘avoid assaulting them’ ? https://t.co/T1eNUseD5G",1069745809971924992,136,37,685,12,en,"[{'start': 62, 'end': 85, 'url': 'https://t.co/T1eNUseD5G', 'expanded_url': 'https://twitter.com/realamberheard/status/1069745809971924992/photo/1', 'display_url': 'pic.twitter.com/T1eNUseD5G'}]",2016-12-08T23:26:58.000Z,Amber Heard,807003567605227520,"Actor and Activist, semi-professional disruptor, ice cream advocate and shameless teacup yorkie-lover",https://pbs.twimg.com/profile_images/1383196364792680448/N8CdupEu_normal.jpg,https://t.co/Ze18Ek9SOI,"Los Angeles, CA",190462,220,1151,567,realamberheard,2018-10-12T12:16:18.000Z,Susan,1050721822092812289,•✿ Johnny is definition of love ✿•,https://pbs.twimg.com/profile_images/1340701831975096320/g92j12jM_normal.jpg,,#ibelievehim,412,300,12987,1,teamdepp_,,,
485778897,2018-12-04T20:43:07.000Z,"[{'type': 'replied_to', 'id': '1069756374689624064'}]",Twitter for iPhone,758856499456200705,"@1791L @adoringburton @realamberheard Granted, false accusations are abhorrent, and can ruin lives but I think what a more pressing issue that’s ruining lives is the **actual assault of women** of which, this policy of avoidance  is nothing more than a sidelong glance in the direction of actual reform.",1070055922548977664,en,"[{'start': 0, 'end': 6, 'username': '1791l', 'id': '758856499456200705'}, {'start': 22, 'end': 37, 'username': 'realamberheard', 'id': '807003567605227520'}]",0,0,0,0,807003567605227520,2018-12-04T00:10:50.000Z,Twitter for iPad,"Or how about, I dunno... maybe just ‘avoid assaulting them’ ? https://t.co/T1eNUseD5G",1069745809971924992,136,37,685,12,en,"[{'start': 62, 'end': 85, 'url': 'https://t.co/T1eNUseD5G', 'expanded_url': 'https://twitter.com/realamberheard/status/1069745809971924992/photo/1', 'display_url': 'pic.twitter.com/T1eNUseD5G'}]",2016-12-08T23:26:58.000Z,Amber Heard,807003567605227520,"Actor and Activist, semi-professional disruptor, ice cream advocate and shameless teacup yorkie-lover",https://pbs.twimg.com/profile_images/1383196364792680448/N8CdupEu_normal.jpg,https://t.co/Ze18Ek9SOI,"Los Angeles, CA",190462,220,1151,567,realamberheard,2012-02-07T15:29:49.000Z,LaCroix Boix🐝,485778897,"BLM/ACAB/AnCom Camaròn. chicano as fuck. Flesh and blood I’m just a man, homie. Rear(😏) Admiral of the Lower Half in the Antifa Navy. (they/he) (that/bitch)",https://pbs.twimg.com/profile_images/999017362803146752/6RlvE8qB_normal.jpg,,,396,741,5655,3,capreseboix,,,
3189771087,2018-12-04T17:14:29.000Z,"[{'type': 'replied_to', 'id': '1069745809971924992'}]",Twitter Web Client,807003567605227520,"@realamberheard Do you remember that one time you got arrested for.... Oh yeah hitting a woman, in fact I saw something about you hitting your sister too. But hey why just stick to women when you can hit men too.... Equal opportunities and all that... SMFH - Talk about hypocrite.",1070003418830397440,en,"[{'start': 0, 'end': 15, 'username': 'realamberheard', 'id': '807003567605227520'}]",3,0,22,0,807003567605227520,2018-12-04T00:10:50.000Z,Twitter for iPad,"Or how about, I dunno... maybe just ‘avoid assaulting them’ ? https://t.co/T1eNUseD5G",1069745809971924992,136,37,685,12,en,"[{'start': 62, 'end': 85, 'url': 'https://t.co/T1eNUseD5G', 'expanded_url': 'https://twitter.com/realamberheard/status/1069745809971924992/photo/1', 'display_url': 'pic.twitter.com/T1eNUseD5G'}]",2016-12-08T23:26:58.000Z,Amber Heard,807003567605227520,"Actor and Activist, semi-professional disruptor, ice cream advocate and shameless teacup yorkie-lover",https://pbs.twimg.com/profile_images/1383196364792680448/N8CdupEu_normal.jpg,https://t.co/Ze18Ek9SOI,"Los Angeles, CA",190462,220,1151,567,realamberheard,2015-04-21T07:48:23.000Z,Lyn #IBelieveJohnnyDepp,3189771087,"#ProudDepphead #JohnnyDepp #JohnnyDeppIsInnocent #IstandByJohnnyDepp #IBelieveHim #TeamDepp #FuckTheTabloidScum
#AbuseHasNoGender #EqualPunishmentToEqualCrimes",https://pbs.twimg.com/profile_images/1323557895548461057/obX9wwPT_normal.png,,England,1003,356,4962,3,JCD_Libertine,,,
2942589178,2018-12-04T16:52:28.000Z,"[{'type': 'replied_to', 'id': '1069745809971924992'}]",Twitter for iPhone,807003567605227520,@realamberheard Preach sis,1069997876829396993,en,"[{'start': 0, 'end': 15, 'username': 'realamberheard', 'id': '807003567605227520'}]",0,0,0,0,807003567605227520,2018-12-04T00:10:50.000Z,Twitter for iPad,"Or how about, I dunno... maybe just ‘avoid assaulting them’ ? https://t.co/T1eNUseD5G",1069745809971924992,136,37,685,12,en,"[{'start': 62, 'end': 85, 'url': 'https://t.co/T1eNUseD5G', 'expanded_url': 'https://twitter.com/realamberheard/status/1069745809971924992/photo/1', 'display_url': 'pic.twitter.com/T1eNUseD5G'}]",2016-12-08T23:26:58.000Z,Amber Heard,807003567605227520,"Actor and Activist, semi-professional disruptor, ice cream advocate and shameless teacup yorkie-lover",https://pbs.twimg.com/profile_images/1383196364792680448/N8CdupEu_normal.jpg,https://t.co/Ze18Ek9SOI,"Los Angeles, CA",190462,220,1151,567,realamberheard,2014-12-26T19:11:50.000Z,savannah,2942589178,even darkness must pass. a new day will come.,https://pbs.twimg.com/profile_images/1430014265671491587/_I6-IY4J_normal.jpg,,,377,367,5524,1,savannerd__,,,
872515260556746755,2018-12-04T16:09:38.000Z,"[{'type': 'replied_to', 'id': '1069745809971924992'}]",Twitter for Android,807003567605227520,@realamberheard That's precious coming from someone who's actually an abuser.,1069987097510055936,en,"[{'start': 0, 'end': 15, 'username': 'realamberheard', 'id': '807003567605227520'}]",1,0,27,0,807003567605227520,2018-12-04T00:10:50.000Z,Twitter for iPad,"Or how about, I dunno... maybe just ‘avoid assaulting them’ ? https://t.co/T1eNUseD5G",1069745809971924992,136,37,685,12,en,"[{'start': 62, 'end': 85, 'url': 'https://t.co/T1eNUseD5G', 'expanded_url': 'https://twitter.com/realamberheard/status/1069745809971924992/photo/1', 'display_url': 'pic.twitter.com/T1eNUseD5G'}]",2016-12-08T23:26:58.000Z,Amber Heard,807003567605227520,"Actor and Activist, semi-professional disruptor, ice cream advocate and shameless teacup yorkie-lover",https://pbs.twimg.com/profile_images/1383196364792680448/N8CdupEu_normal.jpg,https://t.co/Ze18Ek9SOI,"Los Angeles, CA",190462,220,1151,567,realamberheard,2017-06-07T18:07:03.000Z,"res ipsa loquitur, savvy?",872515260556746755,"Jessica, not a bot. We, who live for freedom, for truth — the moment has come to rise up and take our rightful place in the world. #JusticeForJohnnyDepp",https://pbs.twimg.com/profile_images/1447711200666660864/1-ueybKT_normal.jpg,,,3409,334,21790,11,depphead_,,,
962261949676445696,2018-12-04T15:57:48.000Z,"[{'type': 'replied_to', 'id': '1069745809971924992'}]",Twitter for Android,807003567605227520,@realamberheard how about you take your own advice,1069984122305695745,en,"[{'start': 0, 'end': 15, 'username': 'realamberheard', 'id': '807003567605227520'}]",0,0,17,0,807003567605227520,2018-12-04T00:10:50.000Z,Twitter for iPad,"Or how about, I dunno... maybe just ‘avoid assaulting them’ ? https://t.co/T1eNUseD5G",1069745809971924992,136,37,685,12,en,"[{'start': 62, 'end': 85, 'url': 'https://t.co/T1eNUseD5G', 'expanded_url': 'https://twitter.com/realamberheard/status/1069745809971924992/photo/1', 'display_url': 'pic.twitter.com/T1eNUseD5G'}]",2016-12-08T23:26:58.000Z,Amber Heard,807003567605227520,"Actor and Activist, semi-professional disruptor, ice cream advocate and shameless teacup yorkie-lover",https://pbs.twimg.com/profile_images/1383196364792680448/N8CdupEu_normal.jpg,https://t.co/Ze18Ek9SOI,"Los Angeles, CA",190462,220,1151,567,realamberheard,2018-02-10T09:48:21.000Z,☠️,962261949676445696,"'knowing her true heart is the same as his'              
Pirates of the Caribbean, main ship: sparrabeth {fan account}",https://pbs.twimg.com/profile_images/1097874402388127744/kgFzXcgq_normal.png,,,2055,134,9813,0,sparrowxswann,,,
1048681219746140162,2018-12-04T14:35:25.000Z,"[{'type': 'replied_to', 'id': '1069745809971924992'}]",Twitter Web App,807003567605227520,@realamberheard Seriousl?!?! I've got no words for the stupidity of men on wall street.. or in any workplace for that matter.. how hard is it to give women the same respect..,1069963386765668360,en,"[{'start': 0, 'end': 15, 'username': 'realamberheard', 'id': '807003567605227520'}]",0,0,0,0,807003567605227520,2018-12-04T00:10:50.000Z,Twitter for iPad,"Or how about, I dunno... maybe just ‘avoid assaulting them’ ? https://t.co/T1eNUseD5G",1069745809971924992,136,37,685,12,en,"[{'start': 62, 'end': 85, 'url': 'https://t.co/T1eNUseD5G', 'expanded_url': 'https://twitter.com/realamberheard/status/1069745809971924992/photo/1', 'display_url': 'pic.twitter.com/T1eNUseD5G'}]",2016-12-08T23:26:58.000Z,Amber Heard,807003567605227520,"Actor and Activist, semi-professional disruptor, ice cream advocate and shameless teacup yorkie-lover",https://pbs.twimg.com/profile_images/1383196364792680448/N8CdupEu_normal.jpg,https://t.co/Ze18Ek9SOI,"Los Angeles, CA",190462,220,1151,567,realamberheard,2018-10-06T21:07:41.000Z,Kevin Endicott,1048681219746140162,"Equality is the only way to create a better future.....

#PickASide
#RaiseAFist",https://pbs.twimg.com/profile_images/1502321336148008967/R8OT5wEP_normal.jpg,,United States,66711,57143,74969,66,TheRealKevinTE,,,
3919740867,2018-12-04T08:39:27.000Z,"[{'type': 'replied_to', 'id': '1069756374689624064'}]",Twitter for iPhone,758856499456200705,"@1791L @adoringburton @realamberheard Lol, imagine not recognizing consent.",1069873804791435264,en,"[{'start': 0, 'end': 6, 'username': '1791l', 'id': '758856499456200705'}, {'start': 22, 'end': 37, 'username': 'realamberheard', 'id': '807003567605227520'}]",0,0,4,0,807003567605227520,2018-12-04T00:10:50.000Z,Twitter for iPad,"Or how about, I dunno... maybe just ‘avoid assaulting them’ ? https://t.co/T1eNUseD5G",1069745809971924992,136,37,685,12,en,"[{'start': 62, 'end': 85, 'url': 'https://t.co/T1eNUseD5G', 'expanded_url': 'https://twitter.com/realamberheard/status/1069745809971924992/photo/1', 'display_url': 'pic.twitter.com/T1eNUseD5G'}]",2016-12-08T23:26:58.000Z,Amber Heard,807003567605227520,"Actor and Activist, semi-professional disruptor, ice cream advocate and shameless teacup yorkie-lover",https://pbs.twimg.com/profile_images/1383196364792680448/N8CdupEu_normal.jpg,https://t.co/Ze18Ek9SOI,"Los Angeles, CA",190462,220,1151,567,realamberheard,2015-10-10T16:21:10.000Z,Amber Heard Source,3919740867,Source dedicated to the gorgeous and talented Texan actress and activist @realamberheard. Online since 2015. 🇮🇹 #WeAreWithYouAmberHeard,https://pbs.twimg.com/profile_images/1318169449468514305/fPEsSXdl_normal.jpg,https://t.co/BSavZg4DeP,,3880,89,13308,3,amberheardsourc,,,
906766660647886848,2018-12-04T07:23:07.000Z,"[{'type': 'replied_to', 'id': '1069745809971924992'}]",Twitter for iPhone,807003567605227520,@realamberheard Avoid wamen,1069854597840289793,en,"[{'start': 0, 'end': 15, 'username': 'realamberheard', 'id': '807003567605227520'}]",0,0,0,0,807003567605227520,2018-12-04T00:10:50.000Z,Twitter for iPad,"Or how about, I dunno... maybe just ‘avoid assaulting them’ ? https://t.co/T1eNUseD5G",1069745809971924992,136,37,685,12,en,"[{'start': 62, 'end': 85, 'url': 'https://t.co/T1eNUseD5G', 'expanded_url': 'https://twitter.com/realamberheard/status/1069745809971924992/photo/1', 'display_url': 'pic.twitter.com/T1eNUseD5G'}]",2016-12-08T23:26:58.000Z,Amber Heard,807003567605227520,"Actor and Activist, semi-professional disruptor, ice cream advocate and shameless teacup yorkie-lover",https://pbs.twimg.com/profile_images/1383196364792680448/N8CdupEu_normal.jpg,https://t.co/Ze18Ek9SOI,"Los Angeles, CA",190462,220,1151,567,realamberheard,2017-09-10T06:29:53.000Z,muansanga,906766660647886848,,https://pbs.twimg.com/profile_images/906769531024007169/olVmnm9-_normal.jpg,,,16,44,42,0,juggy0,,,
875022170,2018-12-04T00:51:00.000Z,"[{'type': 'replied_to', 'id': '1069745809971924992'}]",Twitter Web Client,807003567605227520,@realamberheard You'd think right?,1069755915996409856,en,"[{'start': 0, 'end': 15, 'username': 'realamberheard', 'id': '807003567605227520'}]",0,0,0,0,807003567605227520,2018-12-04T00:10:50.000Z,Twitter for iPad,"Or how about, I dunno... maybe just ‘avoid assaulting them’ ? https://t.co/T1eNUseD5G",1069745809971924992,136,37,685,12,en,"[{'start': 62, 'end': 85, 'url': 'https://t.co/T1eNUseD5G', 'expanded_url': 'https://twitter.com/realamberheard/status/1069745809971924992/photo/1', 'display_url': 'pic.twitter.com/T1eNUseD5G'}]",2016-12-08T23:26:58.000Z,Amber Heard,807003567605227520,"Actor and Activist, semi-professional disruptor, ice cream advocate and shameless teacup yorkie-lover",https://pbs.twimg.com/profile_images/1383196364792680448/N8CdupEu_normal.jpg,https://t.co/Ze18Ek9SOI,"Los Angeles, CA",190462,220,1151,567,realamberheard,2012-10-12T05:55:20.000Z,IShallResist,875022170,"A Racist, Orange faced Dictator in Our White House demands our #Resistance and Defiance. #VoteBlueNoMatterWho #Uniteblue #NotMyPresident Viva La Resistance",https://pbs.twimg.com/profile_images/1246226085454495745/Egy6b4Lw_normal.jpg,,USA,5790,5432,98371,34,IShallResist,,,
797194222726037505,2018-12-04T00:31:18.000Z,"[{'type': 'replied_to', 'id': '1069745809971924992'}]",Twitter Web App,807003567605227520,"@realamberheard Just being accused of assault can ruin many men’s lives.  They’re trying to play it safe, hence we have the advent of men recording women consenting to sex.",1069750958727417856,en,"[{'start': 0, 'end': 15, 'username': 'realamberheard', 'id': '807003567605227520'}]",0,0,4,0,807003567605227520,2018-12-04T00:10:50.000Z,Twitter for iPad,"Or how about, I dunno... maybe just ‘avoid assaulting them’ ? https://t.co/T1eNUseD5G",1069745809971924992,136,37,685,12,en,"[{'start': 62, 'end': 85, 'url': 'https://t.co/T1eNUseD5G', 'expanded_url': 'https://twitter.com/realamberheard/status/1069745809971924992/photo/1', 'display_url': 'pic.twitter.com/T1eNUseD5G'}]",2016-12-08T23:26:58.000Z,Amber Heard,807003567605227520,"Actor and Activist, semi-professional disruptor, ice cream advocate and shameless teacup yorkie-lover",https://pbs.twimg.com/profile_images/1383196364792680448/N8CdupEu_normal.jpg,https://t.co/Ze18Ek9SOI,"Los Angeles, CA",190462,220,1151,567,realamberheard,2016-11-11T21:48:08.000Z,Big Mike🏴󠁧󠁢󠁳󠁣󠁴󠁿🇮🇪,797194222726037505,An Aspie with an attitude.  Certified shitlord.  Possibly a Russian bot.,https://pbs.twimg.com/profile_images/797199438594772992/ewa4oZpd_normal.jpg,https://t.co/yoYMUExXZA,Occupied,58,276,5559,0,ExcaliburForge,,,
174571891,2018-12-04T00:19:41.000Z,"[{'type': 'replied_to', 'id': '1069745809971924992'}]",Twitter for iPhone,807003567605227520,@realamberheard Seems like a simple enough concept,1069748035939328000,en,"[{'start': 0, 'end': 15, 'username': 'realamberheard', 'id': '807003567605227520'}]",0,0,1,0,807003567605227520,2018-12-04T00:10:50.000Z,Twitter for iPad,"Or how about, I dunno... maybe just ‘avoid assaulting them’ ? https://t.co/T1eNUseD5G",1069745809971924992,136,37,685,12,en,"[{'start': 62, 'end': 85, 'url': 'https://t.co/T1eNUseD5G', 'expanded_url': 'https://twitter.com/realamberheard/status/1069745809971924992/photo/1', 'display_url': 'pic.twitter.com/T1eNUseD5G'}]",2016-12-08T23:26:58.000Z,Amber Heard,807003567605227520,"Actor and Activist, semi-professional disruptor, ice cream advocate and shameless teacup yorkie-lover",https://pbs.twimg.com/profile_images/1383196364792680448/N8CdupEu_normal.jpg,https://t.co/Ze18Ek9SOI,"Los Angeles, CA",190462,220,1151,567,realamberheard,2010-08-04T07:28:44.000Z,sonia hawks 🚀,174571891,ceo of the bottle rockettes #LupitasDad #suns #CJ23  💜🧡💜🧡,https://pbs.twimg.com/profile_images/943344520644542466/Sh3FziTn_normal.jpg,https://t.co/7Yjtqulz7P,The Bronze,2088,1203,94565,15,sonia_hawkss,,,
4396120342,2018-12-04T00:18:28.000Z,"[{'type': 'replied_to', 'id': '1069745809971924992'}]",Twitter for Android,807003567605227520,@realamberheard Just DON'T ASSAULT WOMEN is that difficult? https://t.co/D53kXgQcvu,1069747731814641664,en,"[{'start': 0, 'end': 15, 'username': 'realamberheard', 'id': '807003567605227520'}]",0,0,4,0,807003567605227520,2018-12-04T00:10:50.000Z,Twitter for iPad,"Or how about, I dunno... maybe just ‘avoid assaulting them’ ? https://t.co/T1eNUseD5G",1069745809971924992,136,37,685,12,en,"[{'start': 62, 'end': 85, 'url': 'https://t.co/T1eNUseD5G', 'expanded_url': 'https://twitter.com/realamberheard/status/1069745809971924992/photo/1', 'display_url': 'pic.twitter.com/T1eNUseD5G'}]",2016-12-08T23:26:58.000Z,Amber Heard,807003567605227520,"Actor and Activist, semi-professional disruptor, ice cream advocate and shameless teacup yorkie-lover",https://pbs.twimg.com/profile_images/1383196364792680448/N8CdupEu_normal.jpg,https://t.co/Ze18Ek9SOI,"Los Angeles, CA",190462,220,1151,567,realamberheard,2015-12-06T17:21:06.000Z,STIRGUS SACCHETTI,4396120342,"Only two things are infinite, the universe and human stupidity, and I'm not sure about the former. - Albert Einstein and Me!",https://pbs.twimg.com/profile_images/1378175478478082050/UKLiQPuk_normal.jpg,,,678,296,58624,26,stirgussa,,,"[{'start': 60, 'end': 83, 'url': 'https://t.co/D53kXgQcvu', 'expanded_url': 'https://twitter.com/stirgussa/status/1069747731814641664/photo/1', 'display_url': 'pic.twitter.com/D53kXgQcvu'}]"
26499221,2018-12-04T00:13:43.000Z,"[{'type': 'replied_to', 'id': '1069745809971924992'}]",Twitter Web App,807003567605227520,"@realamberheard Most days, I don't know if I should laugh bitterly or cry in horror for what these guys are telling us they consider to be common behavior from men.",1069746536244903936,en,"[{'start': 0, 'end': 15, 'username': 'realamberheard', 'id': '807003567605227520'}]",0,0,3,0,807003567605227520,2018-12-04T00:10:50.000Z,Twitter for iPad,"Or how about, I dunno... maybe just ‘avoid assaulting them’ ? https://t.co/T1eNUseD5G",1069745809971924992,136,37,685,12,en,"[{'start': 62, 'end': 85, 'url': 'https://t.co/T1eNUseD5G', 'expanded_url': 'https://twitter.com/realamberheard/status/1069745809971924992/photo/1', 'display_url': 'pic.twitter.com/T1eNUseD5G'}]",2016-12-08T23:26:58.000Z,Amber Heard,807003567605227520,"Actor and Activist, semi-professional disruptor, ice cream advocate and shameless teacup yorkie-lover",https://pbs.twimg.com/profile_images/1383196364792680448/N8CdupEu_normal.jpg,https://t.co/Ze18Ek9SOI,"Los Angeles, CA",190462,220,1151,567,realamberheard,2009-03-25T13:44:16.000Z,"Kristen McHugh (still here, pinned still relevant)",26499221,"Writer. Made of rage & squee.  Rebel scum c. '77. Die mad, mthrfckrs. TW/CW for news.
If we can help, we should. https://t.co/ONuwQFHjrC",https://pbs.twimg.com/profile_images/1302137374680535041/N_Q1KUud_normal.jpg,,"Pittsburgh, Pa. USA",3042,1590,388487,189,kristenmchugh22,,,
785148392498421760,2018-12-04T00:13:00.000Z,"[{'type': 'replied_to', 'id': '1069745809971924992'}]",Twitter for Android,807003567605227520,"@realamberheard Indeed, it is as simple as that 🙄😑",1069746355927691264,en,"[{'start': 0, 'end': 15, 'username': 'realamberheard', 'id': '807003567605227520'}]",0,0,1,0,807003567605227520,2018-12-04T00:10:50.000Z,Twitter for iPad,"Or how about, I dunno... maybe just ‘avoid assaulting them’ ? https://t.co/T1eNUseD5G",1069745809971924992,136,37,685,12,en,"[{'start': 62, 'end': 85, 'url': 'https://t.co/T1eNUseD5G', 'expanded_url': 'https://twitter.com/realamberheard/status/1069745809971924992/photo/1', 'display_url': 'pic.twitter.com/T1eNUseD5G'}]",2016-12-08T23:26:58.000Z,Amber Heard,807003567605227520,"Actor and Activist, semi-professional disruptor, ice cream advocate and shameless teacup yorkie-lover",https://pbs.twimg.com/profile_images/1383196364792680448/N8CdupEu_normal.jpg,https://t.co/Ze18Ek9SOI,"Los Angeles, CA",190462,220,1151,567,realamberheard,2016-10-09T16:02:18.000Z,Cora Melodie,785148392498421760,"Actress/Producer & UNHCR Special Envoy #AngelinaJolie | Actress, Activist & Human Rights Champion @realamberheard | @JeniferOfficiel 

#IStandWithYouAmberHeard",https://pbs.twimg.com/profile_images/1138826096386936837/71Iwj2dh_normal.jpg,,"Bordeaux, France",738,720,49396,28,CoraMelodie,,,
167085206,2018-12-04T00:12:53.000Z,"[{'type': 'replied_to', 'id': '1069745809971924992'}]",Twitter Web Client,807003567605227520,"@realamberheard No, this is good. Better they avoid women entirely until they learn what the hell is going on.",1069746327041568769,en,"[{'start': 0, 'end': 15, 'username': 'realamberheard', 'id': '807003567605227520'}]",0,1,4,0,807003567605227520,2018-12-04T00:10:50.000Z,Twitter for iPad,"Or how about, I dunno... maybe just ‘avoid assaulting them’ ? https://t.co/T1eNUseD5G",1069745809971924992,136,37,685,12,en,"[{'start': 62, 'end': 85, 'url': 'https://t.co/T1eNUseD5G', 'expanded_url': 'https://twitter.com/realamberheard/status/1069745809971924992/photo/1', 'display_url': 'pic.twitter.com/T1eNUseD5G'}]",2016-12-08T23:26:58.000Z,Amber Heard,807003567605227520,"Actor and Activist, semi-professional disruptor, ice cream advocate and shameless teacup yorkie-lover",https://pbs.twimg.com/profile_images/1383196364792680448/N8CdupEu_normal.jpg,https://t.co/Ze18Ek9SOI,"Los Angeles, CA",190462,220,1151,567,realamberheard,2010-07-15T18:30:49.000Z,Stephen Monteith World's Greatest Social Distancer,167085206,Technically a bestselling author. #ActuallyAutistic. He/Him/His. Rule #1: I don't reply to the same person more than three times in the same thread.,https://pbs.twimg.com/profile_images/1261577277160202240/LigtYePj_normal.jpg,https://t.co/41u8dRK4t3,"Virginia Beach, VA",908,867,36955,12,Stephens_Site,,,
874984340,2018-12-04T00:11:45.000Z,"[{'type': 'replied_to', 'id': '1069745809971924992'}]",Twitter for iPhone,807003567605227520,"@realamberheard Yeah, but that would require respecting and valuing women. Apparently, that’s too much to ask for in this society. 🙄",1069746040125960192,en,"[{'start': 0, 'end': 15, 'username': 'realamberheard', 'id': '807003567605227520'}]",0,1,9,0,807003567605227520,2018-12-04T00:10:50.000Z,Twitter for iPad,"Or how about, I dunno... maybe just ‘avoid assaulting them’ ? https://t.co/T1eNUseD5G",1069745809971924992,136,37,685,12,en,"[{'start': 62, 'end': 85, 'url': 'https://t.co/T1eNUseD5G', 'expanded_url': 'https://twitter.com/realamberheard/status/1069745809971924992/photo/1', 'display_url': 'pic.twitter.com/T1eNUseD5G'}]",2016-12-08T23:26:58.000Z,Amber Heard,807003567605227520,"Actor and Activist, semi-professional disruptor, ice cream advocate and shameless teacup yorkie-lover",https://pbs.twimg.com/profile_images/1383196364792680448/N8CdupEu_normal.jpg,https://t.co/Ze18Ek9SOI,"Los Angeles, CA",190462,220,1151,567,realamberheard,2012-10-12T05:22:26.000Z,Lexi,874984340,Here to fangirl about fangirl things. I also retweet a lot of animal stuff and posts to raise social awareness. Beware my page. Pronouns: she/her,https://pbs.twimg.com/profile_images/1451763808968523777/qJNzYCWU_normal.jpg,,,338,315,26825,15,animalhugger91,,,
77896908,2018-12-04T00:11:29.000Z,"[{'type': 'replied_to', 'id': '1069745809971924992'}]",Twitter for Android,807003567605227520,@realamberheard Get out off here with your common sense!,1069745973826592769,en,"[{'start': 0, 'end': 15, 'username': 'realamberheard', 'id': '807003567605227520'}]",0,0,0,0,807003567605227520,2018-12-04T00:10:50.000Z,Twitter for iPad,"Or how about, I dunno... maybe just ‘avoid assaulting them’ ? https://t.co/T1eNUseD5G",1069745809971924992,136,37,685,12,en,"[{'start': 62, 'end': 85, 'url': 'https://t.co/T1eNUseD5G', 'expanded_url': 'https://twitter.com/realamberheard/status/1069745809971924992/photo/1', 'display_url': 'pic.twitter.com/T1eNUseD5G'}]",2016-12-08T23:26:58.000Z,Amber Heard,807003567605227520,"Actor and Activist, semi-professional disruptor, ice cream advocate and shameless teacup yorkie-lover",https://pbs.twimg.com/profile_images/1383196364792680448/N8CdupEu_normal.jpg,https://t.co/Ze18Ek9SOI,"Los Angeles, CA",190462,220,1151,567,realamberheard,2009-09-28T02:09:00.000Z,Britt,77896908,"I like my humour how I like my chocolate. Dark and bitter..
She/Her #nerd #catlady",https://pbs.twimg.com/profile_images/1500171938869698562/tazHwkzv_normal.jpg,,Canada,290,469,42020,14,TheLadyFlash,,,
