source,in_reply_to_user_id,lang,created_at,id,referenced_tweets,text,author_id,public_metrics.retweet_count,public_metrics.reply_count,public_metrics.like_count,public_metrics.quote_count,entities.mentions,entities.hashtags,replied_tweet.source,replied_tweet.lang,replied_tweet.public_metrics.retweet_count,replied_tweet.public_metrics.reply_count,replied_tweet.public_metrics.like_count,replied_tweet.public_metrics.quote_count,replied_tweet.created_at,replied_tweet.entities.mentions,replied_tweet.entities.hashtags,replied_tweet.entities.urls,replied_tweet.entities.annotations,replied_tweet.id,replied_tweet.text,replied_tweet.author_id,replied_tweet.author.created_at,replied_tweet.author.profile_image_url,replied_tweet.author.url,replied_tweet.author.name,replied_tweet.author.location,replied_tweet.author.id,replied_tweet.author.public_metrics.followers_count,replied_tweet.author.public_metrics.following_count,replied_tweet.author.public_metrics.tweet_count,replied_tweet.author.public_metrics.listed_count,replied_tweet.author.description,replied_tweet.author.username,author.created_at,author.profile_image_url,author.url,author.name,author.id,author.public_metrics.followers_count,author.public_metrics.following_count,author.public_metrics.tweet_count,author.public_metrics.listed_count,author.description,author.username,entities.urls,author.location,entities.annotations
Twitter for iPhone,807003567605227520,en,2019-03-24T13:17:42.000Z,1109806495259156481,"[{'type': 'replied_to', 'id': '1070383562237599744'}]","@realamberheard @YouTube we love you both and you guys you are incredible in #Aquaman ❤️
#wearewithyouamberheard",1108399347694211072,0,0,1,0,"[{'start': 0, 'end': 15, 'username': 'realamberheard', 'id': '807003567605227520'}, {'start': 16, 'end': 24, 'username': 'YouTube', 'id': '10228272'}]","[{'start': 77, 'end': 85, 'tag': 'Aquaman'}, {'start': 89, 'end': 112, 'tag': 'wearewithyouamberheard'}]",Twitter for iPhone,en,132,16,753,4,2018-12-05T18:25:02.000Z,"[{'start': 98, 'end': 106, 'username': 'YouTube', 'id': '10228272'}]","[{'start': 42, 'end': 56, 'tag': 'CleavageGoals'}]","[{'start': 70, 'end': 93, 'url': 'https://t.co/PPPDVibdRh', 'expanded_url': 'https://youtu.be/j4-mtwx8RQw', 'display_url': 'youtu.be/j4-mtwx8RQw', 'images': [{'url': 'https://pbs.twimg.com/news_img/1497681497159053313/GfbBljjv?format=jpg&name=orig', 'width': 1280, 'height': 720}, {'url': 'https://pbs.twimg.com/news_img/1497681497159053313/GfbBljjv?format=jpg&name=150x150', 'width': 150, 'height': 150}], 'status': 200, 'title': ""Aquaman's Jason Momoa Is Amber Heard's Cleavage Goals | GLAMOUR UK"", 'description': ""Aquaman, Jason Momoa and Mera, Amber Heard join GLAMOUR's @JoshingtonHosts to discuss exactly how intense a night out with Jason would be. Amber Heard reveal..."", 'unwound_url': 'https://www.youtube.com/watch?v=j4-mtwx8RQw&feature=youtu.be'}]","[{'start': 13, 'end': 23, 'probability': 0.9846, 'type': 'Person', 'normalized_text': 'Jason Momoa'}, {'start': 59, 'end': 68, 'probability': 0.4873, 'type': 'Organization', 'normalized_text': 'GLAMOUR UK'}]",1070383562237599744,My “Aqua-man”Jason Momoa Is definitely my #CleavageGoals | GLAMOUR UK https://t.co/PPPDVibdRh via @YouTube,807003567605227520,2016-12-08T23:26:58.000Z,https://pbs.twimg.com/profile_images/1383196364792680448/N8CdupEu_normal.jpg,https://t.co/Ze18Ek9SOI,Amber Heard,"Los Angeles, CA",807003567605227520,190462,220,1151,567,"Actor and Activist, semi-professional disruptor, ice cream advocate and shameless teacup yorkie-lover",realamberheard,2019-03-20T16:06:12.000Z,https://pbs.twimg.com/profile_images/1109800347688677376/-i1km8Pd_normal.jpg,,Begüm,1108399347694211072,2,15,6,0,,merabombshells,,,
Twitter Web Client,807003567605227520,en,2018-12-07T17:28:41.000Z,1071094154736717824,"[{'type': 'replied_to', 'id': '1070383562237599744'}]","@realamberheard @YouTube Please tell us the content of this article is not true...
&lt;3
https://t.co/iZRpe402AE",2451903458,0,0,0,0,"[{'start': 0, 'end': 15, 'username': 'realamberheard', 'id': '807003567605227520'}, {'start': 16, 'end': 24, 'username': 'YouTube', 'id': '10228272'}]",,Twitter for iPhone,en,132,16,753,4,2018-12-05T18:25:02.000Z,"[{'start': 98, 'end': 106, 'username': 'YouTube', 'id': '10228272'}]","[{'start': 42, 'end': 56, 'tag': 'CleavageGoals'}]","[{'start': 70, 'end': 93, 'url': 'https://t.co/PPPDVibdRh', 'expanded_url': 'https://youtu.be/j4-mtwx8RQw', 'display_url': 'youtu.be/j4-mtwx8RQw', 'images': [{'url': 'https://pbs.twimg.com/news_img/1497681497159053313/GfbBljjv?format=jpg&name=orig', 'width': 1280, 'height': 720}, {'url': 'https://pbs.twimg.com/news_img/1497681497159053313/GfbBljjv?format=jpg&name=150x150', 'width': 150, 'height': 150}], 'status': 200, 'title': ""Aquaman's Jason Momoa Is Amber Heard's Cleavage Goals | GLAMOUR UK"", 'description': ""Aquaman, Jason Momoa and Mera, Amber Heard join GLAMOUR's @JoshingtonHosts to discuss exactly how intense a night out with Jason would be. Amber Heard reveal..."", 'unwound_url': 'https://www.youtube.com/watch?v=j4-mtwx8RQw&feature=youtu.be'}]","[{'start': 13, 'end': 23, 'probability': 0.9846, 'type': 'Person', 'normalized_text': 'Jason Momoa'}, {'start': 59, 'end': 68, 'probability': 0.4873, 'type': 'Organization', 'normalized_text': 'GLAMOUR UK'}]",1070383562237599744,My “Aqua-man”Jason Momoa Is definitely my #CleavageGoals | GLAMOUR UK https://t.co/PPPDVibdRh via @YouTube,807003567605227520,2016-12-08T23:26:58.000Z,https://pbs.twimg.com/profile_images/1383196364792680448/N8CdupEu_normal.jpg,https://t.co/Ze18Ek9SOI,Amber Heard,"Los Angeles, CA",807003567605227520,190462,220,1151,567,"Actor and Activist, semi-professional disruptor, ice cream advocate and shameless teacup yorkie-lover",realamberheard,2014-04-18T20:28:36.000Z,https://pbs.twimg.com/profile_images/860171153016406017/i7NXRnmh_normal.jpg,,Melina Sempill Watts,2451903458,481,2569,6038,16,May green things grow.,melinaswatts,"[{'start': 89, 'end': 112, 'url': 'https://t.co/iZRpe402AE', 'expanded_url': 'https://jezebel.com/im-sorry-to-report-that-jason-momoa-is-actually-gaston-1830916786', 'display_url': 'jezebel.com/im-sorry-to-re…'}]","Westlake Village, California",
Twitter for Android,807003567605227520,zh,2018-12-07T13:44:23.000Z,1071037708707946496,"[{'type': 'replied_to', 'id': '1070383562237599744'}]",@realamberheard @YouTube The  Aquaman is great. Your performance is wonderful.👍谢谢你的精彩表演，我现在是你的粉丝啦❤,3145972270,0,0,0,0,"[{'start': 0, 'end': 15, 'username': 'realamberheard', 'id': '807003567605227520'}, {'start': 16, 'end': 24, 'username': 'YouTube', 'id': '10228272'}]",,Twitter for iPhone,en,132,16,753,4,2018-12-05T18:25:02.000Z,"[{'start': 98, 'end': 106, 'username': 'YouTube', 'id': '10228272'}]","[{'start': 42, 'end': 56, 'tag': 'CleavageGoals'}]","[{'start': 70, 'end': 93, 'url': 'https://t.co/PPPDVibdRh', 'expanded_url': 'https://youtu.be/j4-mtwx8RQw', 'display_url': 'youtu.be/j4-mtwx8RQw', 'images': [{'url': 'https://pbs.twimg.com/news_img/1497681497159053313/GfbBljjv?format=jpg&name=orig', 'width': 1280, 'height': 720}, {'url': 'https://pbs.twimg.com/news_img/1497681497159053313/GfbBljjv?format=jpg&name=150x150', 'width': 150, 'height': 150}], 'status': 200, 'title': ""Aquaman's Jason Momoa Is Amber Heard's Cleavage Goals | GLAMOUR UK"", 'description': ""Aquaman, Jason Momoa and Mera, Amber Heard join GLAMOUR's @JoshingtonHosts to discuss exactly how intense a night out with Jason would be. Amber Heard reveal..."", 'unwound_url': 'https://www.youtube.com/watch?v=j4-mtwx8RQw&feature=youtu.be'}]","[{'start': 13, 'end': 23, 'probability': 0.9846, 'type': 'Person', 'normalized_text': 'Jason Momoa'}, {'start': 59, 'end': 68, 'probability': 0.4873, 'type': 'Organization', 'normalized_text': 'GLAMOUR UK'}]",1070383562237599744,My “Aqua-man”Jason Momoa Is definitely my #CleavageGoals | GLAMOUR UK https://t.co/PPPDVibdRh via @YouTube,807003567605227520,2016-12-08T23:26:58.000Z,https://pbs.twimg.com/profile_images/1383196364792680448/N8CdupEu_normal.jpg,https://t.co/Ze18Ek9SOI,Amber Heard,"Los Angeles, CA",807003567605227520,190462,220,1151,567,"Actor and Activist, semi-professional disruptor, ice cream advocate and shameless teacup yorkie-lover",realamberheard,2015-04-08T00:12:42.000Z,https://pbs.twimg.com/profile_images/985901890591338496/W2Cn1hqF_normal.jpg,,chenhonglin3,3145972270,8,96,65,0,,chenhonglin3,,,
Twitter Web Client,807003567605227520,en,2018-12-06T18:22:15.000Z,1070745250598191104,"[{'type': 'replied_to', 'id': '1070383562237599744'}]",@realamberheard @YouTube You looked great on Good Morning America yesterday. Love the hair.,602422452,0,0,0,0,"[{'start': 0, 'end': 15, 'username': 'realamberheard', 'id': '807003567605227520'}, {'start': 16, 'end': 24, 'username': 'YouTube', 'id': '10228272'}]",,Twitter for iPhone,en,132,16,753,4,2018-12-05T18:25:02.000Z,"[{'start': 98, 'end': 106, 'username': 'YouTube', 'id': '10228272'}]","[{'start': 42, 'end': 56, 'tag': 'CleavageGoals'}]","[{'start': 70, 'end': 93, 'url': 'https://t.co/PPPDVibdRh', 'expanded_url': 'https://youtu.be/j4-mtwx8RQw', 'display_url': 'youtu.be/j4-mtwx8RQw', 'images': [{'url': 'https://pbs.twimg.com/news_img/1497681497159053313/GfbBljjv?format=jpg&name=orig', 'width': 1280, 'height': 720}, {'url': 'https://pbs.twimg.com/news_img/1497681497159053313/GfbBljjv?format=jpg&name=150x150', 'width': 150, 'height': 150}], 'status': 200, 'title': ""Aquaman's Jason Momoa Is Amber Heard's Cleavage Goals | GLAMOUR UK"", 'description': ""Aquaman, Jason Momoa and Mera, Amber Heard join GLAMOUR's @JoshingtonHosts to discuss exactly how intense a night out with Jason would be. Amber Heard reveal..."", 'unwound_url': 'https://www.youtube.com/watch?v=j4-mtwx8RQw&feature=youtu.be'}]","[{'start': 13, 'end': 23, 'probability': 0.9846, 'type': 'Person', 'normalized_text': 'Jason Momoa'}, {'start': 59, 'end': 68, 'probability': 0.4873, 'type': 'Organization', 'normalized_text': 'GLAMOUR UK'}]",1070383562237599744,My “Aqua-man”Jason Momoa Is definitely my #CleavageGoals | GLAMOUR UK https://t.co/PPPDVibdRh via @YouTube,807003567605227520,2016-12-08T23:26:58.000Z,https://pbs.twimg.com/profile_images/1383196364792680448/N8CdupEu_normal.jpg,https://t.co/Ze18Ek9SOI,Amber Heard,"Los Angeles, CA",807003567605227520,190462,220,1151,567,"Actor and Activist, semi-professional disruptor, ice cream advocate and shameless teacup yorkie-lover",realamberheard,2012-06-08T00:57:39.000Z,https://pbs.twimg.com/profile_images/1087396379012550657/5f9r6ViD_normal.jpg,,terry gersdorf,602422452,24,266,1077,0,Don't you like my office view and the most important the coffee cup holder. Self Loading Cargo Specialist for American Airlines,terrygersdorf,,Call Atlanta home but Chicago based,"[{'start': 58, 'end': 64, 'probability': 0.6461, 'type': 'Place', 'normalized_text': 'America'}]"
Twitter Web App,807003567605227520,es,2018-12-05T21:40:54.000Z,1070432851001270273,"[{'type': 'replied_to', 'id': '1070383562237599744'}]","@realamberheard @YouTube Amber!!
Te lo digo muy en serio!!

Ustedes, Jason y Tu!
SON ABSOLUTAMENTE GENIALES Y ADORABLES!!

Interpretas a un Mera, GRANDIOSA!!",404674059,0,0,0,0,"[{'start': 0, 'end': 15, 'username': 'realamberheard', 'id': '807003567605227520'}, {'start': 16, 'end': 24, 'username': 'YouTube', 'id': '10228272'}]",,Twitter for iPhone,en,132,16,753,4,2018-12-05T18:25:02.000Z,"[{'start': 98, 'end': 106, 'username': 'YouTube', 'id': '10228272'}]","[{'start': 42, 'end': 56, 'tag': 'CleavageGoals'}]","[{'start': 70, 'end': 93, 'url': 'https://t.co/PPPDVibdRh', 'expanded_url': 'https://youtu.be/j4-mtwx8RQw', 'display_url': 'youtu.be/j4-mtwx8RQw', 'images': [{'url': 'https://pbs.twimg.com/news_img/1497681497159053313/GfbBljjv?format=jpg&name=orig', 'width': 1280, 'height': 720}, {'url': 'https://pbs.twimg.com/news_img/1497681497159053313/GfbBljjv?format=jpg&name=150x150', 'width': 150, 'height': 150}], 'status': 200, 'title': ""Aquaman's Jason Momoa Is Amber Heard's Cleavage Goals | GLAMOUR UK"", 'description': ""Aquaman, Jason Momoa and Mera, Amber Heard join GLAMOUR's @JoshingtonHosts to discuss exactly how intense a night out with Jason would be. Amber Heard reveal..."", 'unwound_url': 'https://www.youtube.com/watch?v=j4-mtwx8RQw&feature=youtu.be'}]","[{'start': 13, 'end': 23, 'probability': 0.9846, 'type': 'Person', 'normalized_text': 'Jason Momoa'}, {'start': 59, 'end': 68, 'probability': 0.4873, 'type': 'Organization', 'normalized_text': 'GLAMOUR UK'}]",1070383562237599744,My “Aqua-man”Jason Momoa Is definitely my #CleavageGoals | GLAMOUR UK https://t.co/PPPDVibdRh via @YouTube,807003567605227520,2016-12-08T23:26:58.000Z,https://pbs.twimg.com/profile_images/1383196364792680448/N8CdupEu_normal.jpg,https://t.co/Ze18Ek9SOI,Amber Heard,"Los Angeles, CA",807003567605227520,190462,220,1151,567,"Actor and Activist, semi-professional disruptor, ice cream advocate and shameless teacup yorkie-lover",realamberheard,2011-11-04T07:52:11.000Z,https://pbs.twimg.com/profile_images/1320204384375132162/7SOJE4iC_normal.jpg,,Moises Arias (Moy Jr),404674059,666,3465,74609,7,"Science📚🔭🔬Lover👨‍🔬❤, Metallurgical Eng,♡DCFan,🖤HeavyMetal, Hard Rock&Cool✌Music!
CF Monterrey, Bayern München & VanCity Whitecaps*

❤Mom(+), Dad(+) & Sis",MoyAriasMEXICO,,Mexico🇲🇽,"[{'start': 25, 'end': 29, 'probability': 0.6983, 'type': 'Person', 'normalized_text': 'Amber'}, {'start': 69, 'end': 73, 'probability': 0.964, 'type': 'Person', 'normalized_text': 'Jason'}]"
Twitter for Android,807003567605227520,en,2018-12-05T20:04:49.000Z,1070408674093477890,"[{'type': 'replied_to', 'id': '1070383562237599744'}]","@realamberheard @YouTube Lol 

Saw your pics doing the Haka together...bet a video of you two dancing would be a blockbuster 😅 https://t.co/8sn5xddaZd",4396120342,0,0,5,0,"[{'start': 0, 'end': 15, 'username': 'realamberheard', 'id': '807003567605227520'}, {'start': 16, 'end': 24, 'username': 'YouTube', 'id': '10228272'}]",,Twitter for iPhone,en,132,16,753,4,2018-12-05T18:25:02.000Z,"[{'start': 98, 'end': 106, 'username': 'YouTube', 'id': '10228272'}]","[{'start': 42, 'end': 56, 'tag': 'CleavageGoals'}]","[{'start': 70, 'end': 93, 'url': 'https://t.co/PPPDVibdRh', 'expanded_url': 'https://youtu.be/j4-mtwx8RQw', 'display_url': 'youtu.be/j4-mtwx8RQw', 'images': [{'url': 'https://pbs.twimg.com/news_img/1497681497159053313/GfbBljjv?format=jpg&name=orig', 'width': 1280, 'height': 720}, {'url': 'https://pbs.twimg.com/news_img/1497681497159053313/GfbBljjv?format=jpg&name=150x150', 'width': 150, 'height': 150}], 'status': 200, 'title': ""Aquaman's Jason Momoa Is Amber Heard's Cleavage Goals | GLAMOUR UK"", 'description': ""Aquaman, Jason Momoa and Mera, Amber Heard join GLAMOUR's @JoshingtonHosts to discuss exactly how intense a night out with Jason would be. Amber Heard reveal..."", 'unwound_url': 'https://www.youtube.com/watch?v=j4-mtwx8RQw&feature=youtu.be'}]","[{'start': 13, 'end': 23, 'probability': 0.9846, 'type': 'Person', 'normalized_text': 'Jason Momoa'}, {'start': 59, 'end': 68, 'probability': 0.4873, 'type': 'Organization', 'normalized_text': 'GLAMOUR UK'}]",1070383562237599744,My “Aqua-man”Jason Momoa Is definitely my #CleavageGoals | GLAMOUR UK https://t.co/PPPDVibdRh via @YouTube,807003567605227520,2016-12-08T23:26:58.000Z,https://pbs.twimg.com/profile_images/1383196364792680448/N8CdupEu_normal.jpg,https://t.co/Ze18Ek9SOI,Amber Heard,"Los Angeles, CA",807003567605227520,190462,220,1151,567,"Actor and Activist, semi-professional disruptor, ice cream advocate and shameless teacup yorkie-lover",realamberheard,2015-12-06T17:21:06.000Z,https://pbs.twimg.com/profile_images/1378175478478082050/UKLiQPuk_normal.jpg,,STIRGUS SACCHETTI,4396120342,678,296,58624,26,"Only two things are infinite, the universe and human stupidity, and I'm not sure about the former. - Albert Einstein and Me!",stirgussa,"[{'start': 127, 'end': 150, 'url': 'https://t.co/8sn5xddaZd', 'expanded_url': 'https://twitter.com/stirgussa/status/1070408674093477890/photo/1', 'display_url': 'pic.twitter.com/8sn5xddaZd'}]",,
Twitter Web Client,807003567605227520,en,2018-12-05T18:39:36.000Z,1070387228013182976,"[{'type': 'replied_to', 'id': '1070383562237599744'}]",@realamberheard @YouTube You are so great!!,23744271,0,0,0,0,"[{'start': 0, 'end': 15, 'username': 'realamberheard', 'id': '807003567605227520'}, {'start': 16, 'end': 24, 'username': 'YouTube', 'id': '10228272'}]",,Twitter for iPhone,en,132,16,753,4,2018-12-05T18:25:02.000Z,"[{'start': 98, 'end': 106, 'username': 'YouTube', 'id': '10228272'}]","[{'start': 42, 'end': 56, 'tag': 'CleavageGoals'}]","[{'start': 70, 'end': 93, 'url': 'https://t.co/PPPDVibdRh', 'expanded_url': 'https://youtu.be/j4-mtwx8RQw', 'display_url': 'youtu.be/j4-mtwx8RQw', 'images': [{'url': 'https://pbs.twimg.com/news_img/1497681497159053313/GfbBljjv?format=jpg&name=orig', 'width': 1280, 'height': 720}, {'url': 'https://pbs.twimg.com/news_img/1497681497159053313/GfbBljjv?format=jpg&name=150x150', 'width': 150, 'height': 150}], 'status': 200, 'title': ""Aquaman's Jason Momoa Is Amber Heard's Cleavage Goals | GLAMOUR UK"", 'description': ""Aquaman, Jason Momoa and Mera, Amber Heard join GLAMOUR's @JoshingtonHosts to discuss exactly how intense a night out with Jason would be. Amber Heard reveal..."", 'unwound_url': 'https://www.youtube.com/watch?v=j4-mtwx8RQw&feature=youtu.be'}]","[{'start': 13, 'end': 23, 'probability': 0.9846, 'type': 'Person', 'normalized_text': 'Jason Momoa'}, {'start': 59, 'end': 68, 'probability': 0.4873, 'type': 'Organization', 'normalized_text': 'GLAMOUR UK'}]",1070383562237599744,My “Aqua-man”Jason Momoa Is definitely my #CleavageGoals | GLAMOUR UK https://t.co/PPPDVibdRh via @YouTube,807003567605227520,2016-12-08T23:26:58.000Z,https://pbs.twimg.com/profile_images/1383196364792680448/N8CdupEu_normal.jpg,https://t.co/Ze18Ek9SOI,Amber Heard,"Los Angeles, CA",807003567605227520,190462,220,1151,567,"Actor and Activist, semi-professional disruptor, ice cream advocate and shameless teacup yorkie-lover",realamberheard,2009-03-11T10:25:16.000Z,https://pbs.twimg.com/profile_images/1497317002142179338/OJvkoSL4_normal.jpg,https://t.co/904QjkEJ4E,Miguel Garcia,23744271,632,4987,49807,17,Viviendo la vida como medianamente puedo.. mordiendo cada instante.. rodeado de gente maravillosa.,Mirakenic,,Madrid,
Twitter for Android,807003567605227520,en,2018-12-05T18:32:58.000Z,1070385558763929601,"[{'type': 'replied_to', 'id': '1070383562237599744'}]","@realamberheard @YouTube Did u go to the ""mezcal party"" as well? 😅",47811862,0,0,0,0,"[{'start': 0, 'end': 15, 'username': 'realamberheard', 'id': '807003567605227520'}, {'start': 16, 'end': 24, 'username': 'YouTube', 'id': '10228272'}]",,Twitter for iPhone,en,132,16,753,4,2018-12-05T18:25:02.000Z,"[{'start': 98, 'end': 106, 'username': 'YouTube', 'id': '10228272'}]","[{'start': 42, 'end': 56, 'tag': 'CleavageGoals'}]","[{'start': 70, 'end': 93, 'url': 'https://t.co/PPPDVibdRh', 'expanded_url': 'https://youtu.be/j4-mtwx8RQw', 'display_url': 'youtu.be/j4-mtwx8RQw', 'images': [{'url': 'https://pbs.twimg.com/news_img/1497681497159053313/GfbBljjv?format=jpg&name=orig', 'width': 1280, 'height': 720}, {'url': 'https://pbs.twimg.com/news_img/1497681497159053313/GfbBljjv?format=jpg&name=150x150', 'width': 150, 'height': 150}], 'status': 200, 'title': ""Aquaman's Jason Momoa Is Amber Heard's Cleavage Goals | GLAMOUR UK"", 'description': ""Aquaman, Jason Momoa and Mera, Amber Heard join GLAMOUR's @JoshingtonHosts to discuss exactly how intense a night out with Jason would be. Amber Heard reveal..."", 'unwound_url': 'https://www.youtube.com/watch?v=j4-mtwx8RQw&feature=youtu.be'}]","[{'start': 13, 'end': 23, 'probability': 0.9846, 'type': 'Person', 'normalized_text': 'Jason Momoa'}, {'start': 59, 'end': 68, 'probability': 0.4873, 'type': 'Organization', 'normalized_text': 'GLAMOUR UK'}]",1070383562237599744,My “Aqua-man”Jason Momoa Is definitely my #CleavageGoals | GLAMOUR UK https://t.co/PPPDVibdRh via @YouTube,807003567605227520,2016-12-08T23:26:58.000Z,https://pbs.twimg.com/profile_images/1383196364792680448/N8CdupEu_normal.jpg,https://t.co/Ze18Ek9SOI,Amber Heard,"Los Angeles, CA",807003567605227520,190462,220,1151,567,"Actor and Activist, semi-professional disruptor, ice cream advocate and shameless teacup yorkie-lover",realamberheard,2009-06-17T01:49:09.000Z,https://pbs.twimg.com/profile_images/1047943012209180672/NYLR5XnS_normal.jpg,https://t.co/X3VhhElq3d,Roxana Martínez,47811862,306,871,14018,13,Languages. Movies. TV. Music.  👫🏻👭🏻,lulythecurious,,CDMX,
Twitter for Android,807003567605227520,en,2018-12-05T18:29:11.000Z,1070384606409572353,"[{'type': 'replied_to', 'id': '1070383562237599744'}]",@realamberheard @YouTube I love your friendship with him https://t.co/ahqe2s1tLU,875884874535718912,1,0,13,0,"[{'start': 0, 'end': 15, 'username': 'realamberheard', 'id': '807003567605227520'}, {'start': 16, 'end': 24, 'username': 'YouTube', 'id': '10228272'}]",,Twitter for iPhone,en,132,16,753,4,2018-12-05T18:25:02.000Z,"[{'start': 98, 'end': 106, 'username': 'YouTube', 'id': '10228272'}]","[{'start': 42, 'end': 56, 'tag': 'CleavageGoals'}]","[{'start': 70, 'end': 93, 'url': 'https://t.co/PPPDVibdRh', 'expanded_url': 'https://youtu.be/j4-mtwx8RQw', 'display_url': 'youtu.be/j4-mtwx8RQw', 'images': [{'url': 'https://pbs.twimg.com/news_img/1497681497159053313/GfbBljjv?format=jpg&name=orig', 'width': 1280, 'height': 720}, {'url': 'https://pbs.twimg.com/news_img/1497681497159053313/GfbBljjv?format=jpg&name=150x150', 'width': 150, 'height': 150}], 'status': 200, 'title': ""Aquaman's Jason Momoa Is Amber Heard's Cleavage Goals | GLAMOUR UK"", 'description': ""Aquaman, Jason Momoa and Mera, Amber Heard join GLAMOUR's @JoshingtonHosts to discuss exactly how intense a night out with Jason would be. Amber Heard reveal..."", 'unwound_url': 'https://www.youtube.com/watch?v=j4-mtwx8RQw&feature=youtu.be'}]","[{'start': 13, 'end': 23, 'probability': 0.9846, 'type': 'Person', 'normalized_text': 'Jason Momoa'}, {'start': 59, 'end': 68, 'probability': 0.4873, 'type': 'Organization', 'normalized_text': 'GLAMOUR UK'}]",1070383562237599744,My “Aqua-man”Jason Momoa Is definitely my #CleavageGoals | GLAMOUR UK https://t.co/PPPDVibdRh via @YouTube,807003567605227520,2016-12-08T23:26:58.000Z,https://pbs.twimg.com/profile_images/1383196364792680448/N8CdupEu_normal.jpg,https://t.co/Ze18Ek9SOI,Amber Heard,"Los Angeles, CA",807003567605227520,190462,220,1151,567,"Actor and Activist, semi-professional disruptor, ice cream advocate and shameless teacup yorkie-lover",realamberheard,2017-06-17T01:16:42.000Z,https://pbs.twimg.com/profile_images/1386355649324457987/OaHmgKFY_normal.jpg,,lucille sharpe,875884874535718912,423,398,9999,3,what would evan rachel wood do?,evanrachxlswood,"[{'start': 57, 'end': 80, 'url': 'https://t.co/ahqe2s1tLU', 'expanded_url': 'https://twitter.com/ambshearxd/status/1070384606409572353/photo/1', 'display_url': 'pic.twitter.com/ahqe2s1tLU'}]",ela/dela,
Twitter for Android,807003567605227520,en,2018-12-05T18:27:10.000Z,1070384096977788929,"[{'type': 'replied_to', 'id': '1070383562237599744'}]",@realamberheard @YouTube AND your #HairFlipGoals 😅😅,785148392498421760,0,0,1,0,"[{'start': 0, 'end': 15, 'username': 'realamberheard', 'id': '807003567605227520'}, {'start': 16, 'end': 24, 'username': 'YouTube', 'id': '10228272'}]","[{'start': 34, 'end': 48, 'tag': 'HairFlipGoals'}]",Twitter for iPhone,en,132,16,753,4,2018-12-05T18:25:02.000Z,"[{'start': 98, 'end': 106, 'username': 'YouTube', 'id': '10228272'}]","[{'start': 42, 'end': 56, 'tag': 'CleavageGoals'}]","[{'start': 70, 'end': 93, 'url': 'https://t.co/PPPDVibdRh', 'expanded_url': 'https://youtu.be/j4-mtwx8RQw', 'display_url': 'youtu.be/j4-mtwx8RQw', 'images': [{'url': 'https://pbs.twimg.com/news_img/1497681497159053313/GfbBljjv?format=jpg&name=orig', 'width': 1280, 'height': 720}, {'url': 'https://pbs.twimg.com/news_img/1497681497159053313/GfbBljjv?format=jpg&name=150x150', 'width': 150, 'height': 150}], 'status': 200, 'title': ""Aquaman's Jason Momoa Is Amber Heard's Cleavage Goals | GLAMOUR UK"", 'description': ""Aquaman, Jason Momoa and Mera, Amber Heard join GLAMOUR's @JoshingtonHosts to discuss exactly how intense a night out with Jason would be. Amber Heard reveal..."", 'unwound_url': 'https://www.youtube.com/watch?v=j4-mtwx8RQw&feature=youtu.be'}]","[{'start': 13, 'end': 23, 'probability': 0.9846, 'type': 'Person', 'normalized_text': 'Jason Momoa'}, {'start': 59, 'end': 68, 'probability': 0.4873, 'type': 'Organization', 'normalized_text': 'GLAMOUR UK'}]",1070383562237599744,My “Aqua-man”Jason Momoa Is definitely my #CleavageGoals | GLAMOUR UK https://t.co/PPPDVibdRh via @YouTube,807003567605227520,2016-12-08T23:26:58.000Z,https://pbs.twimg.com/profile_images/1383196364792680448/N8CdupEu_normal.jpg,https://t.co/Ze18Ek9SOI,Amber Heard,"Los Angeles, CA",807003567605227520,190462,220,1151,567,"Actor and Activist, semi-professional disruptor, ice cream advocate and shameless teacup yorkie-lover",realamberheard,2016-10-09T16:02:18.000Z,https://pbs.twimg.com/profile_images/1138826096386936837/71Iwj2dh_normal.jpg,,Cora Melodie,785148392498421760,738,720,49396,28,"Actress/Producer & UNHCR Special Envoy #AngelinaJolie | Actress, Activist & Human Rights Champion @realamberheard | @JeniferOfficiel 

#IStandWithYouAmberHeard",CoraMelodie,,"Bordeaux, France",
Twitter for Android,807003567605227520,en,2018-12-05T18:26:26.000Z,1070383915892989952,"[{'type': 'replied_to', 'id': '1070383562237599744'}]","@realamberheard @YouTube Dear amber,have a very happy day my freinds soon it will be new years 2019!!",989633741114003456,0,0,1,0,"[{'start': 0, 'end': 15, 'username': 'realamberheard', 'id': '807003567605227520'}, {'start': 16, 'end': 24, 'username': 'YouTube', 'id': '10228272'}]",,Twitter for iPhone,en,132,16,753,4,2018-12-05T18:25:02.000Z,"[{'start': 98, 'end': 106, 'username': 'YouTube', 'id': '10228272'}]","[{'start': 42, 'end': 56, 'tag': 'CleavageGoals'}]","[{'start': 70, 'end': 93, 'url': 'https://t.co/PPPDVibdRh', 'expanded_url': 'https://youtu.be/j4-mtwx8RQw', 'display_url': 'youtu.be/j4-mtwx8RQw', 'images': [{'url': 'https://pbs.twimg.com/news_img/1497681497159053313/GfbBljjv?format=jpg&name=orig', 'width': 1280, 'height': 720}, {'url': 'https://pbs.twimg.com/news_img/1497681497159053313/GfbBljjv?format=jpg&name=150x150', 'width': 150, 'height': 150}], 'status': 200, 'title': ""Aquaman's Jason Momoa Is Amber Heard's Cleavage Goals | GLAMOUR UK"", 'description': ""Aquaman, Jason Momoa and Mera, Amber Heard join GLAMOUR's @JoshingtonHosts to discuss exactly how intense a night out with Jason would be. Amber Heard reveal..."", 'unwound_url': 'https://www.youtube.com/watch?v=j4-mtwx8RQw&feature=youtu.be'}]","[{'start': 13, 'end': 23, 'probability': 0.9846, 'type': 'Person', 'normalized_text': 'Jason Momoa'}, {'start': 59, 'end': 68, 'probability': 0.4873, 'type': 'Organization', 'normalized_text': 'GLAMOUR UK'}]",1070383562237599744,My “Aqua-man”Jason Momoa Is definitely my #CleavageGoals | GLAMOUR UK https://t.co/PPPDVibdRh via @YouTube,807003567605227520,2016-12-08T23:26:58.000Z,https://pbs.twimg.com/profile_images/1383196364792680448/N8CdupEu_normal.jpg,https://t.co/Ze18Ek9SOI,Amber Heard,"Los Angeles, CA",807003567605227520,190462,220,1151,567,"Actor and Activist, semi-professional disruptor, ice cream advocate and shameless teacup yorkie-lover",realamberheard,2018-04-26T22:34:05.000Z,https://abs.twimg.com/sticky/default_profile_images/default_profile_normal.png,,Paulwalwanis,989633741114003456,39,269,44974,0,"Comedy,counselor",Paulwalwanis7,,"Long Island,new York","[{'start': 30, 'end': 34, 'probability': 0.8351, 'type': 'Person', 'normalized_text': 'amber'}]"
Twitter for iPhone,807003567605227520,en,2018-12-05T18:26:02.000Z,1070383813094764544,"[{'type': 'replied_to', 'id': '1070383562237599744'}]",@realamberheard @YouTube Who can blame you?? https://t.co/qb1eqXrFci,874984340,0,0,1,0,"[{'start': 0, 'end': 15, 'username': 'realamberheard', 'id': '807003567605227520'}, {'start': 16, 'end': 24, 'username': 'YouTube', 'id': '10228272'}]",,Twitter for iPhone,en,132,16,753,4,2018-12-05T18:25:02.000Z,"[{'start': 98, 'end': 106, 'username': 'YouTube', 'id': '10228272'}]","[{'start': 42, 'end': 56, 'tag': 'CleavageGoals'}]","[{'start': 70, 'end': 93, 'url': 'https://t.co/PPPDVibdRh', 'expanded_url': 'https://youtu.be/j4-mtwx8RQw', 'display_url': 'youtu.be/j4-mtwx8RQw', 'images': [{'url': 'https://pbs.twimg.com/news_img/1497681497159053313/GfbBljjv?format=jpg&name=orig', 'width': 1280, 'height': 720}, {'url': 'https://pbs.twimg.com/news_img/1497681497159053313/GfbBljjv?format=jpg&name=150x150', 'width': 150, 'height': 150}], 'status': 200, 'title': ""Aquaman's Jason Momoa Is Amber Heard's Cleavage Goals | GLAMOUR UK"", 'description': ""Aquaman, Jason Momoa and Mera, Amber Heard join GLAMOUR's @JoshingtonHosts to discuss exactly how intense a night out with Jason would be. Amber Heard reveal..."", 'unwound_url': 'https://www.youtube.com/watch?v=j4-mtwx8RQw&feature=youtu.be'}]","[{'start': 13, 'end': 23, 'probability': 0.9846, 'type': 'Person', 'normalized_text': 'Jason Momoa'}, {'start': 59, 'end': 68, 'probability': 0.4873, 'type': 'Organization', 'normalized_text': 'GLAMOUR UK'}]",1070383562237599744,My “Aqua-man”Jason Momoa Is definitely my #CleavageGoals | GLAMOUR UK https://t.co/PPPDVibdRh via @YouTube,807003567605227520,2016-12-08T23:26:58.000Z,https://pbs.twimg.com/profile_images/1383196364792680448/N8CdupEu_normal.jpg,https://t.co/Ze18Ek9SOI,Amber Heard,"Los Angeles, CA",807003567605227520,190462,220,1151,567,"Actor and Activist, semi-professional disruptor, ice cream advocate and shameless teacup yorkie-lover",realamberheard,2012-10-12T05:22:26.000Z,https://pbs.twimg.com/profile_images/1451763808968523777/qJNzYCWU_normal.jpg,,Lexi,874984340,338,315,26825,15,Here to fangirl about fangirl things. I also retweet a lot of animal stuff and posts to raise social awareness. Beware my page. Pronouns: she/her,animalhugger91,"[{'start': 45, 'end': 68, 'url': 'https://t.co/qb1eqXrFci', 'expanded_url': 'https://twitter.com/animalhugger91/status/1070383813094764544/photo/1', 'display_url': 'pic.twitter.com/qb1eqXrFci'}]",,
Twitter for iPhone,807003567605227520,en,2018-12-05T18:25:21.000Z,1070383642189287424,"[{'type': 'replied_to', 'id': '1070383562237599744'}]",@realamberheard @YouTube Lol love you both 💛,712097614687145986,0,0,1,0,"[{'start': 0, 'end': 15, 'username': 'realamberheard', 'id': '807003567605227520'}, {'start': 16, 'end': 24, 'username': 'YouTube', 'id': '10228272'}]",,Twitter for iPhone,en,132,16,753,4,2018-12-05T18:25:02.000Z,"[{'start': 98, 'end': 106, 'username': 'YouTube', 'id': '10228272'}]","[{'start': 42, 'end': 56, 'tag': 'CleavageGoals'}]","[{'start': 70, 'end': 93, 'url': 'https://t.co/PPPDVibdRh', 'expanded_url': 'https://youtu.be/j4-mtwx8RQw', 'display_url': 'youtu.be/j4-mtwx8RQw', 'images': [{'url': 'https://pbs.twimg.com/news_img/1497681497159053313/GfbBljjv?format=jpg&name=orig', 'width': 1280, 'height': 720}, {'url': 'https://pbs.twimg.com/news_img/1497681497159053313/GfbBljjv?format=jpg&name=150x150', 'width': 150, 'height': 150}], 'status': 200, 'title': ""Aquaman's Jason Momoa Is Amber Heard's Cleavage Goals | GLAMOUR UK"", 'description': ""Aquaman, Jason Momoa and Mera, Amber Heard join GLAMOUR's @JoshingtonHosts to discuss exactly how intense a night out with Jason would be. Amber Heard reveal..."", 'unwound_url': 'https://www.youtube.com/watch?v=j4-mtwx8RQw&feature=youtu.be'}]","[{'start': 13, 'end': 23, 'probability': 0.9846, 'type': 'Person', 'normalized_text': 'Jason Momoa'}, {'start': 59, 'end': 68, 'probability': 0.4873, 'type': 'Organization', 'normalized_text': 'GLAMOUR UK'}]",1070383562237599744,My “Aqua-man”Jason Momoa Is definitely my #CleavageGoals | GLAMOUR UK https://t.co/PPPDVibdRh via @YouTube,807003567605227520,2016-12-08T23:26:58.000Z,https://pbs.twimg.com/profile_images/1383196364792680448/N8CdupEu_normal.jpg,https://t.co/Ze18Ek9SOI,Amber Heard,"Los Angeles, CA",807003567605227520,190462,220,1151,567,"Actor and Activist, semi-professional disruptor, ice cream advocate and shameless teacup yorkie-lover",realamberheard,2016-03-22T02:04:36.000Z,https://pbs.twimg.com/profile_images/1506563293913096198/Gs2ywN8K_normal.jpg,,amandaa 💖 ☻ 🔩,712097614687145986,4548,5003,438541,168,"demi + a bunch of kpop, occasional films & kdramas,, also dodgers || multi || spanglish",dwaekkijoon,,26 • bi • she/they • 🇲🇽🇺🇸,
