source,text,author_id,lang,created_at,in_reply_to_user_id,id,referenced_tweets,entities.annotations,entities.mentions,public_metrics.retweet_count,public_metrics.reply_count,public_metrics.like_count,public_metrics.quote_count,replied_tweet.public_metrics.retweet_count,replied_tweet.public_metrics.reply_count,replied_tweet.public_metrics.like_count,replied_tweet.public_metrics.quote_count,replied_tweet.source,replied_tweet.entities.urls,replied_tweet.entities.hashtags,replied_tweet.text,replied_tweet.author_id,replied_tweet.lang,replied_tweet.created_at,replied_tweet.id,replied_tweet.referenced_tweets,replied_tweet.author.username,replied_tweet.author.location,replied_tweet.author.description,replied_tweet.author.id,replied_tweet.author.url,replied_tweet.author.profile_image_url,replied_tweet.author.name,replied_tweet.author.public_metrics.followers_count,replied_tweet.author.public_metrics.following_count,replied_tweet.author.public_metrics.tweet_count,replied_tweet.author.public_metrics.listed_count,replied_tweet.author.created_at,author.username,author.description,author.id,author.url,author.profile_image_url,author.name,author.public_metrics.followers_count,author.public_metrics.following_count,author.public_metrics.tweet_count,author.public_metrics.listed_count,author.created_at,author.location,entities.urls
Twitter for Android,"@realamberheard Total injustice. Our system is broken and until we hit the streets like people in France, not much will change.",1072355767880216577,en,2018-12-11T05:40:29.000Z,807003567605227520,1072365485516308481,"[{'type': 'replied_to', 'id': '1071490715367161857'}]","[{'start': 98, 'end': 103, 'probability': 0.9986, 'type': 'Place', 'normalized_text': 'France'}]","[{'start': 0, 'end': 15, 'username': 'realamberheard', 'id': '807003567605227520'}]",0,0,0,0,39,6,254,1,Twitter for iPhone,"[{'start': 73, 'end': 96, 'url': 'https://t.co/V5fzYigi8i', 'expanded_url': 'https://twitter.com/MeTooMVMT/status/1071410355736203265', 'display_url': 'twitter.com/MeTooMVMT/stat…'}]","[{'start': 59, 'end': 72, 'tag': 'CyntoiaBrown'}]",This is tragic and complete injustice. My heart breaks for #CyntoiaBrown https://t.co/V5fzYigi8i,807003567605227520,en,2018-12-08T19:44:28.000Z,1071490715367161857,"[{'type': 'quoted', 'id': '1071410355736203265'}]",realamberheard,"Los Angeles, CA","Actor and Activist, semi-professional disruptor, ice cream advocate and shameless teacup yorkie-lover",807003567605227520,https://t.co/Ze18Ek9SOI,https://pbs.twimg.com/profile_images/1383196364792680448/N8CdupEu_normal.jpg,Amber Heard,190462,220,1151,567,2016-12-08T23:26:58.000Z,DarkTalonEnter1,"Movie buff, critic, fan",1072355767880216577,,https://pbs.twimg.com/profile_images/1072361864083005442/0h811ONV_normal.jpg,Dark Talon Entertainment,9,239,30,0,2018-12-11T05:01:53.000Z,,
Twitter Web App,@realamberheard I've been watching investigation discovery and this has been a injustice for women since the beginning.. this is more than tragic this is worse than words can describe,1048681219746140162,en,2018-12-08T23:53:10.000Z,807003567605227520,1071553303006330882,"[{'type': 'replied_to', 'id': '1071490715367161857'}]",,"[{'start': 0, 'end': 15, 'username': 'realamberheard', 'id': '807003567605227520'}]",0,0,0,0,39,6,254,1,Twitter for iPhone,"[{'start': 73, 'end': 96, 'url': 'https://t.co/V5fzYigi8i', 'expanded_url': 'https://twitter.com/MeTooMVMT/status/1071410355736203265', 'display_url': 'twitter.com/MeTooMVMT/stat…'}]","[{'start': 59, 'end': 72, 'tag': 'CyntoiaBrown'}]",This is tragic and complete injustice. My heart breaks for #CyntoiaBrown https://t.co/V5fzYigi8i,807003567605227520,en,2018-12-08T19:44:28.000Z,1071490715367161857,"[{'type': 'quoted', 'id': '1071410355736203265'}]",realamberheard,"Los Angeles, CA","Actor and Activist, semi-professional disruptor, ice cream advocate and shameless teacup yorkie-lover",807003567605227520,https://t.co/Ze18Ek9SOI,https://pbs.twimg.com/profile_images/1383196364792680448/N8CdupEu_normal.jpg,Amber Heard,190462,220,1151,567,2016-12-08T23:26:58.000Z,TheRealKevinTE,"Equality is the only way to create a better future.....

#PickASide
#RaiseAFist",1048681219746140162,,https://pbs.twimg.com/profile_images/1502321336148008967/R8OT5wEP_normal.jpg,Kevin Endicott,66711,57143,74969,66,2018-10-06T21:07:41.000Z,United States,
Twitter for iPad,@realamberheard This is a travesty and downright inhuman.  That this lady is suffering for defending herself is outrageous.  Who do we reach out to cry out against this?,2466595837,en,2018-12-08T20:22:01.000Z,807003567605227520,1071500163166941186,"[{'type': 'replied_to', 'id': '1071490715367161857'}]",,"[{'start': 0, 'end': 15, 'username': 'realamberheard', 'id': '807003567605227520'}]",0,0,2,0,39,6,254,1,Twitter for iPhone,"[{'start': 73, 'end': 96, 'url': 'https://t.co/V5fzYigi8i', 'expanded_url': 'https://twitter.com/MeTooMVMT/status/1071410355736203265', 'display_url': 'twitter.com/MeTooMVMT/stat…'}]","[{'start': 59, 'end': 72, 'tag': 'CyntoiaBrown'}]",This is tragic and complete injustice. My heart breaks for #CyntoiaBrown https://t.co/V5fzYigi8i,807003567605227520,en,2018-12-08T19:44:28.000Z,1071490715367161857,"[{'type': 'quoted', 'id': '1071410355736203265'}]",realamberheard,"Los Angeles, CA","Actor and Activist, semi-professional disruptor, ice cream advocate and shameless teacup yorkie-lover",807003567605227520,https://t.co/Ze18Ek9SOI,https://pbs.twimg.com/profile_images/1383196364792680448/N8CdupEu_normal.jpg,Amber Heard,190462,220,1151,567,2016-12-08T23:26:58.000Z,tridog57,"Actor, director, sometime photographer, unrepentant punster, and all around nice guy.  ;-)",2466595837,,https://pbs.twimg.com/profile_images/1352313361552310275/h9vrIn04_normal.jpg,Hazen B.Markoe,868,1620,129506,13,2014-04-27T19:55:53.000Z,"Minneapolis,  MN",
Twitter for iPhone,@realamberheard Your justice system is really shitty...,50842212,en,2018-12-08T20:01:27.000Z,807003567605227520,1071494988725395457,"[{'type': 'replied_to', 'id': '1071490715367161857'}]",,"[{'start': 0, 'end': 15, 'username': 'realamberheard', 'id': '807003567605227520'}]",0,0,0,0,39,6,254,1,Twitter for iPhone,"[{'start': 73, 'end': 96, 'url': 'https://t.co/V5fzYigi8i', 'expanded_url': 'https://twitter.com/MeTooMVMT/status/1071410355736203265', 'display_url': 'twitter.com/MeTooMVMT/stat…'}]","[{'start': 59, 'end': 72, 'tag': 'CyntoiaBrown'}]",This is tragic and complete injustice. My heart breaks for #CyntoiaBrown https://t.co/V5fzYigi8i,807003567605227520,en,2018-12-08T19:44:28.000Z,1071490715367161857,"[{'type': 'quoted', 'id': '1071410355736203265'}]",realamberheard,"Los Angeles, CA","Actor and Activist, semi-professional disruptor, ice cream advocate and shameless teacup yorkie-lover",807003567605227520,https://t.co/Ze18Ek9SOI,https://pbs.twimg.com/profile_images/1383196364792680448/N8CdupEu_normal.jpg,Amber Heard,190462,220,1151,567,2016-12-08T23:26:58.000Z,mdgrinbaud,"""Time is the fire in which we burn"". #unemusiquedefilmparjour ex-91141, ménager de moins de 50 ans. Mi-homme mi-labrador.",50842212,,https://pbs.twimg.com/profile_images/1486683780328955904/l1SwD6FX_normal.jpg,Max-David Grinbaud🖖,1489,1290,64309,8,2009-06-26T00:34:27.000Z,"Ile-de-France, France",
Twitter for Android,@realamberheard 😢 https://t.co/oGC1OxSDAV,4396120342,und,2018-12-08T19:50:41.000Z,807003567605227520,1071492278244511746,"[{'type': 'replied_to', 'id': '1071490715367161857'}]",,"[{'start': 0, 'end': 15, 'username': 'realamberheard', 'id': '807003567605227520'}]",0,0,1,0,39,6,254,1,Twitter for iPhone,"[{'start': 73, 'end': 96, 'url': 'https://t.co/V5fzYigi8i', 'expanded_url': 'https://twitter.com/MeTooMVMT/status/1071410355736203265', 'display_url': 'twitter.com/MeTooMVMT/stat…'}]","[{'start': 59, 'end': 72, 'tag': 'CyntoiaBrown'}]",This is tragic and complete injustice. My heart breaks for #CyntoiaBrown https://t.co/V5fzYigi8i,807003567605227520,en,2018-12-08T19:44:28.000Z,1071490715367161857,"[{'type': 'quoted', 'id': '1071410355736203265'}]",realamberheard,"Los Angeles, CA","Actor and Activist, semi-professional disruptor, ice cream advocate and shameless teacup yorkie-lover",807003567605227520,https://t.co/Ze18Ek9SOI,https://pbs.twimg.com/profile_images/1383196364792680448/N8CdupEu_normal.jpg,Amber Heard,190462,220,1151,567,2016-12-08T23:26:58.000Z,stirgussa,"Only two things are infinite, the universe and human stupidity, and I'm not sure about the former. - Albert Einstein and Me!",4396120342,,https://pbs.twimg.com/profile_images/1378175478478082050/UKLiQPuk_normal.jpg,STIRGUS SACCHETTI,678,296,58624,26,2015-12-06T17:21:06.000Z,,"[{'start': 18, 'end': 41, 'url': 'https://t.co/oGC1OxSDAV', 'expanded_url': 'https://twitter.com/stirgussa/status/1071492278244511746/photo/1', 'display_url': 'pic.twitter.com/oGC1OxSDAV'}]"
Twitter Web Client,@realamberheard GOD BLESS  CYNTOIA BROW AND YOU   @realamberheard ....¡¡¡ https://t.co/QCx1u0Ri8V,161368964,en,2018-12-08T19:48:07.000Z,807003567605227520,1071491633445777409,"[{'type': 'replied_to', 'id': '1071490715367161857'}]",,"[{'start': 0, 'end': 15, 'username': 'realamberheard', 'id': '807003567605227520'}, {'start': 50, 'end': 65, 'username': 'realamberheard', 'id': '807003567605227520'}]",0,0,2,0,39,6,254,1,Twitter for iPhone,"[{'start': 73, 'end': 96, 'url': 'https://t.co/V5fzYigi8i', 'expanded_url': 'https://twitter.com/MeTooMVMT/status/1071410355736203265', 'display_url': 'twitter.com/MeTooMVMT/stat…'}]","[{'start': 59, 'end': 72, 'tag': 'CyntoiaBrown'}]",This is tragic and complete injustice. My heart breaks for #CyntoiaBrown https://t.co/V5fzYigi8i,807003567605227520,en,2018-12-08T19:44:28.000Z,1071490715367161857,"[{'type': 'quoted', 'id': '1071410355736203265'}]",realamberheard,"Los Angeles, CA","Actor and Activist, semi-professional disruptor, ice cream advocate and shameless teacup yorkie-lover",807003567605227520,https://t.co/Ze18Ek9SOI,https://pbs.twimg.com/profile_images/1383196364792680448/N8CdupEu_normal.jpg,Amber Heard,190462,220,1151,567,2016-12-08T23:26:58.000Z,MANOLITHIS,[   YO  SOY   LA  VOZ  DEL PUEBLO ],161368964,,https://pbs.twimg.com/profile_images/687978323134296064/4P9vN9Wk_normal.png,MANOLO  ANDRADE,245,157,11104,2,2010-06-30T17:34:20.000Z,CUENCA - ECUADOR,"[{'start': 74, 'end': 97, 'url': 'https://t.co/QCx1u0Ri8V', 'expanded_url': 'https://twitter.com/MANOLITHIS/status/1071491633445777409/photo/1', 'display_url': 'pic.twitter.com/QCx1u0Ri8V'}]"
