author_id,created_at,referenced_tweets,source,in_reply_to_user_id,text,id,lang,entities.mentions,public_metrics.retweet_count,public_metrics.reply_count,public_metrics.like_count,public_metrics.quote_count,replied_tweet.author_id,replied_tweet.entities.mentions,replied_tweet.entities.annotations,replied_tweet.created_at,replied_tweet.source,replied_tweet.text,replied_tweet.id,replied_tweet.public_metrics.retweet_count,replied_tweet.public_metrics.reply_count,replied_tweet.public_metrics.like_count,replied_tweet.public_metrics.quote_count,replied_tweet.lang,replied_tweet.author.created_at,replied_tweet.author.name,replied_tweet.author.id,replied_tweet.author.description,replied_tweet.author.profile_image_url,replied_tweet.author.url,replied_tweet.author.location,replied_tweet.author.public_metrics.followers_count,replied_tweet.author.public_metrics.following_count,replied_tweet.author.public_metrics.tweet_count,replied_tweet.author.public_metrics.listed_count,replied_tweet.author.username,author.created_at,author.name,author.id,author.description,author.profile_image_url,author.url,author.public_metrics.followers_count,author.public_metrics.following_count,author.public_metrics.tweet_count,author.public_metrics.listed_count,author.username,author.location,entities.annotations,entities.urls
1078192756214976512,2018-12-27T07:38:23.000Z,"[{'type': 'replied_to', 'id': '1076221352137318400'}]",Twitter Web App,807003567605227520,@realamberheard @RiseNowUS @nguyen_amanda Hey we enjoyed your role in acquaman.  Your stance on civil issues is a real inspiration for my daughter and sons.  Keep up the good work.,1078193358118506497,en,"[{'start': 0, 'end': 15, 'username': 'realamberheard', 'id': '807003567605227520'}, {'start': 16, 'end': 26, 'username': 'RiseNowUS', 'id': '2961466710'}, {'start': 27, 'end': 41, 'username': 'nguyen_amanda', 'id': '315390036'}]",0,0,0,0,807003567605227520,"[{'start': 62, 'end': 72, 'username': 'RiseNowUS', 'id': '2961466710'}, {'start': 157, 'end': 171, 'username': 'nguyen_amanda', 'id': '315390036'}]","[{'start': 25, 'end': 26, 'probability': 0.981, 'type': 'Place', 'normalized_text': 'NY'}]",2018-12-21T21:02:20.000Z,Twitter for iPhone,6.8 Million survivors in NY have civil rights today thanks to @RiseNowUS Sexual Assault Survivors Bill of Rights and the unstoppable force that is my friend @nguyen_amanda !,1076221352137318400,75,15,654,3,en,2016-12-08T23:26:58.000Z,Amber Heard,807003567605227520,"Actor and Activist, semi-professional disruptor, ice cream advocate and shameless teacup yorkie-lover",https://pbs.twimg.com/profile_images/1383196364792680448/N8CdupEu_normal.jpg,https://t.co/Ze18Ek9SOI,"Los Angeles, CA",190462,220,1151,567,realamberheard,2018-12-27T07:35:59.000Z,Robinrjk15,1078192756214976512,,https://abs.twimg.com/sticky/default_profile_images/default_profile_normal.png,,0,6,1,0,robinrjk15,,,
2495934908,2018-12-23T22:18:24.000Z,"[{'type': 'replied_to', 'id': '1076221352137318400'}]",Twitter for iPhone,807003567605227520,@realamberheard @RiseNowUS @nguyen_amanda You’ve got a fucking cheek speaking for women of domestic violence. You are a trashy embarrassment! Go and do something worthwhile for a change.,1076965270550265856,en,"[{'start': 0, 'end': 15, 'username': 'realamberheard', 'id': '807003567605227520'}, {'start': 16, 'end': 26, 'username': 'RiseNowUS', 'id': '2961466710'}, {'start': 27, 'end': 41, 'username': 'nguyen_amanda', 'id': '315390036'}]",0,0,1,0,807003567605227520,"[{'start': 62, 'end': 72, 'username': 'RiseNowUS', 'id': '2961466710'}, {'start': 157, 'end': 171, 'username': 'nguyen_amanda', 'id': '315390036'}]","[{'start': 25, 'end': 26, 'probability': 0.981, 'type': 'Place', 'normalized_text': 'NY'}]",2018-12-21T21:02:20.000Z,Twitter for iPhone,6.8 Million survivors in NY have civil rights today thanks to @RiseNowUS Sexual Assault Survivors Bill of Rights and the unstoppable force that is my friend @nguyen_amanda !,1076221352137318400,75,15,654,3,en,2016-12-08T23:26:58.000Z,Amber Heard,807003567605227520,"Actor and Activist, semi-professional disruptor, ice cream advocate and shameless teacup yorkie-lover",https://pbs.twimg.com/profile_images/1383196364792680448/N8CdupEu_normal.jpg,https://t.co/Ze18Ek9SOI,"Los Angeles, CA",190462,220,1151,567,realamberheard,2014-05-15T08:26:36.000Z,Abby Monseigneur,2495934908,I'm a London Girl at heart!My family are the most important people in the world to me. I am totally committed to animal welfare. I don't do bullshit!,https://pbs.twimg.com/profile_images/1078308486545457152/uhsgraso_normal.jpg,,120,416,4219,1,abbymonz,Moreton Bay Australia,,
2560819525,2018-12-22T15:24:32.000Z,"[{'type': 'replied_to', 'id': '1076221352137318400'}]",Twitter Web App,807003567605227520,"@realamberheard @RiseNowUS @nguyen_amanda You did too, so did I and millions of women who I have never had the chance to meet. 
You are incredible! God bless you.

Sincerely,
Mou.",1076498731409829890,en,"[{'start': 0, 'end': 15, 'username': 'realamberheard', 'id': '807003567605227520'}, {'start': 16, 'end': 26, 'username': 'RiseNowUS', 'id': '2961466710'}, {'start': 27, 'end': 41, 'username': 'nguyen_amanda', 'id': '315390036'}]",0,0,0,0,807003567605227520,"[{'start': 62, 'end': 72, 'username': 'RiseNowUS', 'id': '2961466710'}, {'start': 157, 'end': 171, 'username': 'nguyen_amanda', 'id': '315390036'}]","[{'start': 25, 'end': 26, 'probability': 0.981, 'type': 'Place', 'normalized_text': 'NY'}]",2018-12-21T21:02:20.000Z,Twitter for iPhone,6.8 Million survivors in NY have civil rights today thanks to @RiseNowUS Sexual Assault Survivors Bill of Rights and the unstoppable force that is my friend @nguyen_amanda !,1076221352137318400,75,15,654,3,en,2016-12-08T23:26:58.000Z,Amber Heard,807003567605227520,"Actor and Activist, semi-professional disruptor, ice cream advocate and shameless teacup yorkie-lover",https://pbs.twimg.com/profile_images/1383196364792680448/N8CdupEu_normal.jpg,https://t.co/Ze18Ek9SOI,"Los Angeles, CA",190462,220,1151,567,realamberheard,2014-06-11T07:22:45.000Z,Mou Mukherjee,2560819525,"On-page SEO and Web content Strategist
Adopts rescue dogs 🐶
Loves broccoli 🥦 
Plays Sudoku
Also a Field archaeologist
She/her",https://pbs.twimg.com/profile_images/1375502758879625216/VZ3Fzbo1_normal.jpg,https://t.co/EeDtRxS4w5,52,158,423,0,mouspeaks,India,"[{'start': 148, 'end': 150, 'probability': 0.6979, 'type': 'Other', 'normalized_text': 'God'}]",
2402830970,2018-12-22T14:01:18.000Z,"[{'type': 'replied_to', 'id': '1076221352137318400'}]",Twitter for Android,807003567605227520,@realamberheard @RiseNowUS @nguyen_amanda Love u baby,1076477783985942528,en,"[{'start': 0, 'end': 15, 'username': 'realamberheard', 'id': '807003567605227520'}, {'start': 16, 'end': 26, 'username': 'RiseNowUS', 'id': '2961466710'}, {'start': 27, 'end': 41, 'username': 'nguyen_amanda', 'id': '315390036'}]",0,0,0,0,807003567605227520,"[{'start': 62, 'end': 72, 'username': 'RiseNowUS', 'id': '2961466710'}, {'start': 157, 'end': 171, 'username': 'nguyen_amanda', 'id': '315390036'}]","[{'start': 25, 'end': 26, 'probability': 0.981, 'type': 'Place', 'normalized_text': 'NY'}]",2018-12-21T21:02:20.000Z,Twitter for iPhone,6.8 Million survivors in NY have civil rights today thanks to @RiseNowUS Sexual Assault Survivors Bill of Rights and the unstoppable force that is my friend @nguyen_amanda !,1076221352137318400,75,15,654,3,en,2016-12-08T23:26:58.000Z,Amber Heard,807003567605227520,"Actor and Activist, semi-professional disruptor, ice cream advocate and shameless teacup yorkie-lover",https://pbs.twimg.com/profile_images/1383196364792680448/N8CdupEu_normal.jpg,https://t.co/Ze18Ek9SOI,"Los Angeles, CA",190462,220,1151,567,realamberheard,2014-03-22T07:02:30.000Z,ivacy,2402830970,,https://pbs.twimg.com/profile_images/717026523866214402/XPHtNNxG_normal.jpg,,42,319,403,3,ivacy2012,,,
728274848754110464,2018-12-22T07:40:00.000Z,"[{'type': 'replied_to', 'id': '1076221352137318400'}]",Twitter Web Client,807003567605227520,@realamberheard @RiseNowUS @nguyen_amanda Pleas 200 000 eur. for me new startup.,1076381828896956416,en,"[{'start': 0, 'end': 15, 'username': 'realamberheard', 'id': '807003567605227520'}, {'start': 16, 'end': 26, 'username': 'RiseNowUS', 'id': '2961466710'}, {'start': 27, 'end': 41, 'username': 'nguyen_amanda', 'id': '315390036'}]",0,0,0,0,807003567605227520,"[{'start': 62, 'end': 72, 'username': 'RiseNowUS', 'id': '2961466710'}, {'start': 157, 'end': 171, 'username': 'nguyen_amanda', 'id': '315390036'}]","[{'start': 25, 'end': 26, 'probability': 0.981, 'type': 'Place', 'normalized_text': 'NY'}]",2018-12-21T21:02:20.000Z,Twitter for iPhone,6.8 Million survivors in NY have civil rights today thanks to @RiseNowUS Sexual Assault Survivors Bill of Rights and the unstoppable force that is my friend @nguyen_amanda !,1076221352137318400,75,15,654,3,en,2016-12-08T23:26:58.000Z,Amber Heard,807003567605227520,"Actor and Activist, semi-professional disruptor, ice cream advocate and shameless teacup yorkie-lover",https://pbs.twimg.com/profile_images/1383196364792680448/N8CdupEu_normal.jpg,https://t.co/Ze18Ek9SOI,"Los Angeles, CA",190462,220,1151,567,realamberheard,2016-05-05T17:27:09.000Z,Norbert,728274848754110464,"Who lives my dream?.Sto cercando,,Who borrow money?,-""Startup-Application""-5.000.-80.000.€. SK14 8330 0000 0027 0199 3526./SWIFT-FIOZSKBAXXX.,Grazie,Thank.",https://pbs.twimg.com/profile_images/1499739852870492171/pCwXQNgW_normal.jpg,,734,5007,23200,50,norbert_kukla,Bratislava,,
1074324993327095808,2018-12-22T00:55:47.000Z,"[{'type': 'replied_to', 'id': '1076221352137318400'}]",Twitter for Android,807003567605227520,@realamberheard @RiseNowUS @nguyen_amanda Fighting! Love you from Vietnam!,1076280101510164480,en,"[{'start': 0, 'end': 15, 'username': 'realamberheard', 'id': '807003567605227520'}, {'start': 16, 'end': 26, 'username': 'RiseNowUS', 'id': '2961466710'}, {'start': 27, 'end': 41, 'username': 'nguyen_amanda', 'id': '315390036'}]",0,0,1,0,807003567605227520,"[{'start': 62, 'end': 72, 'username': 'RiseNowUS', 'id': '2961466710'}, {'start': 157, 'end': 171, 'username': 'nguyen_amanda', 'id': '315390036'}]","[{'start': 25, 'end': 26, 'probability': 0.981, 'type': 'Place', 'normalized_text': 'NY'}]",2018-12-21T21:02:20.000Z,Twitter for iPhone,6.8 Million survivors in NY have civil rights today thanks to @RiseNowUS Sexual Assault Survivors Bill of Rights and the unstoppable force that is my friend @nguyen_amanda !,1076221352137318400,75,15,654,3,en,2016-12-08T23:26:58.000Z,Amber Heard,807003567605227520,"Actor and Activist, semi-professional disruptor, ice cream advocate and shameless teacup yorkie-lover",https://pbs.twimg.com/profile_images/1383196364792680448/N8CdupEu_normal.jpg,https://t.co/Ze18Ek9SOI,"Los Angeles, CA",190462,220,1151,567,realamberheard,2018-12-16T15:26:53.000Z,Phan Tùng,1074324993327095808,,https://abs.twimg.com/sticky/default_profile_images/default_profile_normal.png,,0,6,16,0,PhanTun15992391,,"[{'start': 66, 'end': 72, 'probability': 0.9736, 'type': 'Place', 'normalized_text': 'Vietnam'}]",
1050721822092812289,2018-12-21T23:38:53.000Z,"[{'type': 'replied_to', 'id': '1076221352137318400'}]",Twitter Web App,807003567605227520,@realamberheard @RiseNowUS @nguyen_amanda https://t.co/itTWfeu4bS,1076260748479864834,und,"[{'start': 0, 'end': 15, 'username': 'realamberheard', 'id': '807003567605227520'}, {'start': 16, 'end': 26, 'username': 'RiseNowUS', 'id': '2961466710'}, {'start': 27, 'end': 41, 'username': 'nguyen_amanda', 'id': '315390036'}]",0,0,1,0,807003567605227520,"[{'start': 62, 'end': 72, 'username': 'RiseNowUS', 'id': '2961466710'}, {'start': 157, 'end': 171, 'username': 'nguyen_amanda', 'id': '315390036'}]","[{'start': 25, 'end': 26, 'probability': 0.981, 'type': 'Place', 'normalized_text': 'NY'}]",2018-12-21T21:02:20.000Z,Twitter for iPhone,6.8 Million survivors in NY have civil rights today thanks to @RiseNowUS Sexual Assault Survivors Bill of Rights and the unstoppable force that is my friend @nguyen_amanda !,1076221352137318400,75,15,654,3,en,2016-12-08T23:26:58.000Z,Amber Heard,807003567605227520,"Actor and Activist, semi-professional disruptor, ice cream advocate and shameless teacup yorkie-lover",https://pbs.twimg.com/profile_images/1383196364792680448/N8CdupEu_normal.jpg,https://t.co/Ze18Ek9SOI,"Los Angeles, CA",190462,220,1151,567,realamberheard,2018-10-12T12:16:18.000Z,Susan,1050721822092812289,•✿ Johnny is definition of love ✿•,https://pbs.twimg.com/profile_images/1340701831975096320/g92j12jM_normal.jpg,,412,300,12987,1,teamdepp_,#ibelievehim,,"[{'start': 42, 'end': 65, 'url': 'https://t.co/itTWfeu4bS', 'expanded_url': 'https://www.taringa.net/+noticias/amber-heard-mintio-sobre-ser-golpeada-y-te-lo-muestro_jcdx3', 'display_url': 'taringa.net/+noticias/ambe…'}]"
4923128929,2018-12-21T22:59:16.000Z,"[{'type': 'replied_to', 'id': '1076221352137318400'}]",Twitter Web Client,807003567605227520,"@realamberheard @RiseNowUS @nguyen_amanda ...a fighter is always best with someone in their corner looking out for you,....thank you Amber , you have stood tall in the face of oppression and gave a voice to those who cannot speak.",1076250779579764736,en,"[{'start': 0, 'end': 15, 'username': 'realamberheard', 'id': '807003567605227520'}, {'start': 16, 'end': 26, 'username': 'RiseNowUS', 'id': '2961466710'}, {'start': 27, 'end': 41, 'username': 'nguyen_amanda', 'id': '315390036'}]",0,0,2,0,807003567605227520,"[{'start': 62, 'end': 72, 'username': 'RiseNowUS', 'id': '2961466710'}, {'start': 157, 'end': 171, 'username': 'nguyen_amanda', 'id': '315390036'}]","[{'start': 25, 'end': 26, 'probability': 0.981, 'type': 'Place', 'normalized_text': 'NY'}]",2018-12-21T21:02:20.000Z,Twitter for iPhone,6.8 Million survivors in NY have civil rights today thanks to @RiseNowUS Sexual Assault Survivors Bill of Rights and the unstoppable force that is my friend @nguyen_amanda !,1076221352137318400,75,15,654,3,en,2016-12-08T23:26:58.000Z,Amber Heard,807003567605227520,"Actor and Activist, semi-professional disruptor, ice cream advocate and shameless teacup yorkie-lover",https://pbs.twimg.com/profile_images/1383196364792680448/N8CdupEu_normal.jpg,https://t.co/Ze18Ek9SOI,"Los Angeles, CA",190462,220,1151,567,realamberheard,2016-02-18T00:14:02.000Z,roberto varro,4923128929,,https://abs.twimg.com/sticky/default_profile_images/default_profile_normal.png,,20,100,1490,0,roberto4u2,,"[{'start': 133, 'end': 137, 'probability': 0.9544, 'type': 'Person', 'normalized_text': 'Amber'}]",
109067463,2018-12-21T22:37:47.000Z,"[{'type': 'replied_to', 'id': '1076221352137318400'}]",Twitter Web Client,807003567605227520,@realamberheard @RiseNowUS @nguyen_amanda Woo hoo! Go @nguyen_amanda!!! XOXO,1076245372459073536,en,"[{'start': 0, 'end': 15, 'username': 'realamberheard', 'id': '807003567605227520'}, {'start': 16, 'end': 26, 'username': 'RiseNowUS', 'id': '2961466710'}, {'start': 27, 'end': 41, 'username': 'nguyen_amanda', 'id': '315390036'}, {'start': 54, 'end': 68, 'username': 'nguyen_amanda', 'id': '315390036'}]",0,0,0,0,807003567605227520,"[{'start': 62, 'end': 72, 'username': 'RiseNowUS', 'id': '2961466710'}, {'start': 157, 'end': 171, 'username': 'nguyen_amanda', 'id': '315390036'}]","[{'start': 25, 'end': 26, 'probability': 0.981, 'type': 'Place', 'normalized_text': 'NY'}]",2018-12-21T21:02:20.000Z,Twitter for iPhone,6.8 Million survivors in NY have civil rights today thanks to @RiseNowUS Sexual Assault Survivors Bill of Rights and the unstoppable force that is my friend @nguyen_amanda !,1076221352137318400,75,15,654,3,en,2016-12-08T23:26:58.000Z,Amber Heard,807003567605227520,"Actor and Activist, semi-professional disruptor, ice cream advocate and shameless teacup yorkie-lover",https://pbs.twimg.com/profile_images/1383196364792680448/N8CdupEu_normal.jpg,https://t.co/Ze18Ek9SOI,"Los Angeles, CA",190462,220,1151,567,realamberheard,2010-01-27T21:48:26.000Z,"Todd Krim aka ""Mr. Charity""",109067463,Todd Krim - I connect celebrities with charities around the globe! 🙏🌍💜 Founder of @TheKrimGroup,https://pbs.twimg.com/profile_images/1441966934333952000/ww7_PpOz_normal.jpg,https://t.co/ENA1J5sqvk,4380,4272,40391,0,ToddKrim,"ÜT: 34.240436,-119.25722",,
785148392498421760,2018-12-21T22:09:04.000Z,"[{'type': 'replied_to', 'id': '1076221352137318400'}]",Twitter for Android,807003567605227520,@realamberheard @RiseNowUS @nguyen_amanda We need more women like you... It's a really great news!! She is amazing... But you are too! Thank you so much girls for everything you do ❤,1076238148089380866,en,"[{'start': 0, 'end': 15, 'username': 'realamberheard', 'id': '807003567605227520'}, {'start': 16, 'end': 26, 'username': 'RiseNowUS', 'id': '2961466710'}, {'start': 27, 'end': 41, 'username': 'nguyen_amanda', 'id': '315390036'}]",0,0,0,0,807003567605227520,"[{'start': 62, 'end': 72, 'username': 'RiseNowUS', 'id': '2961466710'}, {'start': 157, 'end': 171, 'username': 'nguyen_amanda', 'id': '315390036'}]","[{'start': 25, 'end': 26, 'probability': 0.981, 'type': 'Place', 'normalized_text': 'NY'}]",2018-12-21T21:02:20.000Z,Twitter for iPhone,6.8 Million survivors in NY have civil rights today thanks to @RiseNowUS Sexual Assault Survivors Bill of Rights and the unstoppable force that is my friend @nguyen_amanda !,1076221352137318400,75,15,654,3,en,2016-12-08T23:26:58.000Z,Amber Heard,807003567605227520,"Actor and Activist, semi-professional disruptor, ice cream advocate and shameless teacup yorkie-lover",https://pbs.twimg.com/profile_images/1383196364792680448/N8CdupEu_normal.jpg,https://t.co/Ze18Ek9SOI,"Los Angeles, CA",190462,220,1151,567,realamberheard,2016-10-09T16:02:18.000Z,Cora Melodie,785148392498421760,"Actress/Producer & UNHCR Special Envoy #AngelinaJolie | Actress, Activist & Human Rights Champion @realamberheard | @JeniferOfficiel 

#IStandWithYouAmberHeard",https://pbs.twimg.com/profile_images/1138826096386936837/71Iwj2dh_normal.jpg,,738,720,49396,28,CoraMelodie,"Bordeaux, France",,
2724444422,2018-12-21T21:19:50.000Z,"[{'type': 'replied_to', 'id': '1076221352137318400'}]",Twitter for Android,807003567605227520,"@realamberheard @RiseNowUS @nguyen_amanda Always supporting good causes. What a proud!
Thank you Amber, always speaking for us.",1076225757268135936,en,"[{'start': 0, 'end': 15, 'username': 'realamberheard', 'id': '807003567605227520'}, {'start': 16, 'end': 26, 'username': 'RiseNowUS', 'id': '2961466710'}, {'start': 27, 'end': 41, 'username': 'nguyen_amanda', 'id': '315390036'}]",0,0,2,0,807003567605227520,"[{'start': 62, 'end': 72, 'username': 'RiseNowUS', 'id': '2961466710'}, {'start': 157, 'end': 171, 'username': 'nguyen_amanda', 'id': '315390036'}]","[{'start': 25, 'end': 26, 'probability': 0.981, 'type': 'Place', 'normalized_text': 'NY'}]",2018-12-21T21:02:20.000Z,Twitter for iPhone,6.8 Million survivors in NY have civil rights today thanks to @RiseNowUS Sexual Assault Survivors Bill of Rights and the unstoppable force that is my friend @nguyen_amanda !,1076221352137318400,75,15,654,3,en,2016-12-08T23:26:58.000Z,Amber Heard,807003567605227520,"Actor and Activist, semi-professional disruptor, ice cream advocate and shameless teacup yorkie-lover",https://pbs.twimg.com/profile_images/1383196364792680448/N8CdupEu_normal.jpg,https://t.co/Ze18Ek9SOI,"Los Angeles, CA",190462,220,1151,567,realamberheard,2014-08-11T18:27:47.000Z,sasa,2724444422,all r&b and hip hop culture,https://pbs.twimg.com/profile_images/1505214911051440135/SZpWBAtg_normal.jpg,,1230,583,61217,11,fkatwyez,,"[{'start': 97, 'end': 101, 'probability': 0.9313, 'type': 'Person', 'normalized_text': 'Amber'}]",
4396120342,2018-12-21T21:14:23.000Z,"[{'type': 'replied_to', 'id': '1076221352137318400'}]",Twitter for Android,807003567605227520,"@realamberheard @RiseNowUS @nguyen_amanda She's great 👏

Such a good news, queen!!",1076224385797816320,en,"[{'start': 0, 'end': 15, 'username': 'realamberheard', 'id': '807003567605227520'}, {'start': 16, 'end': 26, 'username': 'RiseNowUS', 'id': '2961466710'}, {'start': 27, 'end': 41, 'username': 'nguyen_amanda', 'id': '315390036'}]",0,0,3,0,807003567605227520,"[{'start': 62, 'end': 72, 'username': 'RiseNowUS', 'id': '2961466710'}, {'start': 157, 'end': 171, 'username': 'nguyen_amanda', 'id': '315390036'}]","[{'start': 25, 'end': 26, 'probability': 0.981, 'type': 'Place', 'normalized_text': 'NY'}]",2018-12-21T21:02:20.000Z,Twitter for iPhone,6.8 Million survivors in NY have civil rights today thanks to @RiseNowUS Sexual Assault Survivors Bill of Rights and the unstoppable force that is my friend @nguyen_amanda !,1076221352137318400,75,15,654,3,en,2016-12-08T23:26:58.000Z,Amber Heard,807003567605227520,"Actor and Activist, semi-professional disruptor, ice cream advocate and shameless teacup yorkie-lover",https://pbs.twimg.com/profile_images/1383196364792680448/N8CdupEu_normal.jpg,https://t.co/Ze18Ek9SOI,"Los Angeles, CA",190462,220,1151,567,realamberheard,2015-12-06T17:21:06.000Z,STIRGUS SACCHETTI,4396120342,"Only two things are infinite, the universe and human stupidity, and I'm not sure about the former. - Albert Einstein and Me!",https://pbs.twimg.com/profile_images/1378175478478082050/UKLiQPuk_normal.jpg,,678,296,58624,26,stirgussa,,,
989633741114003456,2018-12-21T21:09:56.000Z,"[{'type': 'replied_to', 'id': '1076221352137318400'}]",Twitter for Android,807003567605227520,"@realamberheard @RiseNowUS @nguyen_amanda Dear amber,excellent it's very good news my freinds!!",1076223266346491905,en,"[{'start': 0, 'end': 15, 'username': 'realamberheard', 'id': '807003567605227520'}, {'start': 16, 'end': 26, 'username': 'RiseNowUS', 'id': '2961466710'}, {'start': 27, 'end': 41, 'username': 'nguyen_amanda', 'id': '315390036'}]",0,0,2,0,807003567605227520,"[{'start': 62, 'end': 72, 'username': 'RiseNowUS', 'id': '2961466710'}, {'start': 157, 'end': 171, 'username': 'nguyen_amanda', 'id': '315390036'}]","[{'start': 25, 'end': 26, 'probability': 0.981, 'type': 'Place', 'normalized_text': 'NY'}]",2018-12-21T21:02:20.000Z,Twitter for iPhone,6.8 Million survivors in NY have civil rights today thanks to @RiseNowUS Sexual Assault Survivors Bill of Rights and the unstoppable force that is my friend @nguyen_amanda !,1076221352137318400,75,15,654,3,en,2016-12-08T23:26:58.000Z,Amber Heard,807003567605227520,"Actor and Activist, semi-professional disruptor, ice cream advocate and shameless teacup yorkie-lover",https://pbs.twimg.com/profile_images/1383196364792680448/N8CdupEu_normal.jpg,https://t.co/Ze18Ek9SOI,"Los Angeles, CA",190462,220,1151,567,realamberheard,2018-04-26T22:34:05.000Z,Paulwalwanis,989633741114003456,"Comedy,counselor",https://abs.twimg.com/sticky/default_profile_images/default_profile_normal.png,,39,269,44974,0,Paulwalwanis7,"Long Island,new York","[{'start': 47, 'end': 51, 'probability': 0.7269, 'type': 'Person', 'normalized_text': 'amber'}]",
