author_id,lang,source,in_reply_to_user_id,referenced_tweets,created_at,text,id,entities.annotations,entities.mentions,public_metrics.retweet_count,public_metrics.reply_count,public_metrics.like_count,public_metrics.quote_count,replied_tweet.entities.hashtags,replied_tweet.entities.urls,replied_tweet.author_id,replied_tweet.lang,replied_tweet.source,replied_tweet.created_at,replied_tweet.text,replied_tweet.id,replied_tweet.public_metrics.retweet_count,replied_tweet.public_metrics.reply_count,replied_tweet.public_metrics.like_count,replied_tweet.public_metrics.quote_count,replied_tweet.author.username,replied_tweet.author.created_at,replied_tweet.author.profile_image_url,replied_tweet.author.name,replied_tweet.author.public_metrics.followers_count,replied_tweet.author.public_metrics.following_count,replied_tweet.author.public_metrics.tweet_count,replied_tweet.author.public_metrics.listed_count,replied_tweet.author.description,replied_tweet.author.id,replied_tweet.author.url,replied_tweet.author.location,author.username,author.created_at,author.profile_image_url,author.name,author.public_metrics.followers_count,author.public_metrics.following_count,author.public_metrics.tweet_count,author.public_metrics.listed_count,author.description,author.id,author.url,author.location,entities.urls
422784386,en,Twitter for iPhone,807003567605227520,"[{'type': 'replied_to', 'id': '1077406755351552001'}]",2019-01-03T06:28:09.000Z,"@realamberheard I’ll read it. Thank you for the advice. By my Kindle. And yes, Sally Rooney kills!",1080712401916477440,"[{'start': 62, 'end': 67, 'probability': 0.7011, 'type': 'Product', 'normalized_text': 'Kindle'}, {'start': 79, 'end': 90, 'probability': 0.998, 'type': 'Person', 'normalized_text': 'Sally Rooney'}]","[{'start': 0, 'end': 15, 'username': 'realamberheard', 'id': '807003567605227520'}]",0,0,0,0,"[{'start': 110, 'end': 119, 'tag': 'flâneuse'}, {'start': 123, 'end': 135, 'tag': 'laurenelkin'}]","[{'start': 136, 'end': 159, 'url': 'https://t.co/uXav71YYQ2', 'expanded_url': 'https://twitter.com/realamberheard/status/1077406755351552001/photo/1', 'display_url': 'pic.twitter.com/uXav71YYQ2'}]",807003567605227520,en,Twitter for iPhone,2018-12-25T03:32:42.000Z,Off to a great start already! Perfect reading for (yet another flight) us eternal gypsies know all so well... #flâneuse by #laurenelkin https://t.co/uXav71YYQ2,1077406755351552001,96,32,990,2,realamberheard,2016-12-08T23:26:58.000Z,https://pbs.twimg.com/profile_images/1383196364792680448/N8CdupEu_normal.jpg,Amber Heard,190462,220,1151,567,"Actor and Activist, semi-professional disruptor, ice cream advocate and shameless teacup yorkie-lover",807003567605227520,https://t.co/Ze18Ek9SOI,"Los Angeles, CA",annaritab72,2011-11-27T17:49:44.000Z,https://pbs.twimg.com/profile_images/1447807603610902528/AEUwx1Vz_normal.jpg,Annarita Briganti,6377,4742,61854,146,Scrittrice giornalista culturale @repubblica @donnamoderna e molte altre cose - New: “Coco Chanel. Una donna del nostro tempo” (Cairo),422784386,,,
85716076,und,Twitter for Android,807003567605227520,"[{'type': 'replied_to', 'id': '1077406755351552001'}]",2018-12-27T21:43:49.000Z,@realamberheard Yes.,1078406118085292032,,"[{'start': 0, 'end': 15, 'username': 'realamberheard', 'id': '807003567605227520'}]",0,0,0,0,"[{'start': 110, 'end': 119, 'tag': 'flâneuse'}, {'start': 123, 'end': 135, 'tag': 'laurenelkin'}]","[{'start': 136, 'end': 159, 'url': 'https://t.co/uXav71YYQ2', 'expanded_url': 'https://twitter.com/realamberheard/status/1077406755351552001/photo/1', 'display_url': 'pic.twitter.com/uXav71YYQ2'}]",807003567605227520,en,Twitter for iPhone,2018-12-25T03:32:42.000Z,Off to a great start already! Perfect reading for (yet another flight) us eternal gypsies know all so well... #flâneuse by #laurenelkin https://t.co/uXav71YYQ2,1077406755351552001,96,32,990,2,realamberheard,2016-12-08T23:26:58.000Z,https://pbs.twimg.com/profile_images/1383196364792680448/N8CdupEu_normal.jpg,Amber Heard,190462,220,1151,567,"Actor and Activist, semi-professional disruptor, ice cream advocate and shameless teacup yorkie-lover",807003567605227520,https://t.co/Ze18Ek9SOI,"Los Angeles, CA",dominiquepearli,2009-10-28T01:38:56.000Z,https://pbs.twimg.com/profile_images/378800000833697561/5f760dd059a1d905017e45da16ded67f_normal.jpeg,selfsame,489,1679,10580,0,she's a pearl of a girl a pearl of a girl. make me think or laugh. send art.  your choice.,85716076,,seattle,
233822246,en,Twitter for Android,807003567605227520,"[{'type': 'replied_to', 'id': '1077406755351552001'}]",2018-12-26T19:35:15.000Z,@realamberheard Girl! Release your book list! I need some good reads!,1078011379078971392,,"[{'start': 0, 'end': 15, 'username': 'realamberheard', 'id': '807003567605227520'}]",0,0,0,0,"[{'start': 110, 'end': 119, 'tag': 'flâneuse'}, {'start': 123, 'end': 135, 'tag': 'laurenelkin'}]","[{'start': 136, 'end': 159, 'url': 'https://t.co/uXav71YYQ2', 'expanded_url': 'https://twitter.com/realamberheard/status/1077406755351552001/photo/1', 'display_url': 'pic.twitter.com/uXav71YYQ2'}]",807003567605227520,en,Twitter for iPhone,2018-12-25T03:32:42.000Z,Off to a great start already! Perfect reading for (yet another flight) us eternal gypsies know all so well... #flâneuse by #laurenelkin https://t.co/uXav71YYQ2,1077406755351552001,96,32,990,2,realamberheard,2016-12-08T23:26:58.000Z,https://pbs.twimg.com/profile_images/1383196364792680448/N8CdupEu_normal.jpg,Amber Heard,190462,220,1151,567,"Actor and Activist, semi-professional disruptor, ice cream advocate and shameless teacup yorkie-lover",807003567605227520,https://t.co/Ze18Ek9SOI,"Los Angeles, CA",EvanneElizabeth,2011-01-04T05:34:59.000Z,https://pbs.twimg.com/profile_images/1135050974345588736/ME8gxTqv_normal.jpg,Evanne Elizabeth Friedmann,6379,637,7756,0,"looking at flowers 🌷

she/her/hers ✨


👉 Instagram @evanneelizabeth
👉 https://t.co/z5hkNE36G0",233822246,,Southern California,
879431633300049920,und,Twitter for iPad,807003567605227520,"[{'type': 'quoted', 'id': '1073569585947951104'}, {'type': 'replied_to', 'id': '1077406755351552001'}]",2018-12-26T02:05:27.000Z,@realamberheard https://t.co/SKfhpdVlBN,1077747188556537856,,"[{'start': 0, 'end': 15, 'username': 'realamberheard', 'id': '807003567605227520'}]",0,0,1,0,"[{'start': 110, 'end': 119, 'tag': 'flâneuse'}, {'start': 123, 'end': 135, 'tag': 'laurenelkin'}]","[{'start': 136, 'end': 159, 'url': 'https://t.co/uXav71YYQ2', 'expanded_url': 'https://twitter.com/realamberheard/status/1077406755351552001/photo/1', 'display_url': 'pic.twitter.com/uXav71YYQ2'}]",807003567605227520,en,Twitter for iPhone,2018-12-25T03:32:42.000Z,Off to a great start already! Perfect reading for (yet another flight) us eternal gypsies know all so well... #flâneuse by #laurenelkin https://t.co/uXav71YYQ2,1077406755351552001,96,32,990,2,realamberheard,2016-12-08T23:26:58.000Z,https://pbs.twimg.com/profile_images/1383196364792680448/N8CdupEu_normal.jpg,Amber Heard,190462,220,1151,567,"Actor and Activist, semi-professional disruptor, ice cream advocate and shameless teacup yorkie-lover",807003567605227520,https://t.co/Ze18Ek9SOI,"Los Angeles, CA",justiceforjdepp,2017-06-26T20:10:15.000Z,https://pbs.twimg.com/profile_images/1073568003311222784/pVqxRke__normal.jpg,🍩 In support of Johnny Depp,338,399,619,1,Johnny Depp is a warrior and hero || @V0DEVlL,879431633300049920,,,"[{'start': 16, 'end': 39, 'url': 'https://t.co/SKfhpdVlBN', 'expanded_url': 'https://twitter.com/justiceforjdepp/status/1073569585947951104?s=21', 'display_url': 'twitter.com/justiceforjdep…'}]"
2595634381,en,Twitter for Android,807003567605227520,"[{'type': 'replied_to', 'id': '1077406755351552001'}]",2018-12-25T18:55:46.000Z,@realamberheard cutie have a merry christmas https://t.co/LmW96rsH0T,1077639051908448257,"[{'start': 35, 'end': 43, 'probability': 0.8409, 'type': 'Other', 'normalized_text': 'christmas'}]","[{'start': 0, 'end': 15, 'username': 'realamberheard', 'id': '807003567605227520'}]",0,0,0,0,"[{'start': 110, 'end': 119, 'tag': 'flâneuse'}, {'start': 123, 'end': 135, 'tag': 'laurenelkin'}]","[{'start': 136, 'end': 159, 'url': 'https://t.co/uXav71YYQ2', 'expanded_url': 'https://twitter.com/realamberheard/status/1077406755351552001/photo/1', 'display_url': 'pic.twitter.com/uXav71YYQ2'}]",807003567605227520,en,Twitter for iPhone,2018-12-25T03:32:42.000Z,Off to a great start already! Perfect reading for (yet another flight) us eternal gypsies know all so well... #flâneuse by #laurenelkin https://t.co/uXav71YYQ2,1077406755351552001,96,32,990,2,realamberheard,2016-12-08T23:26:58.000Z,https://pbs.twimg.com/profile_images/1383196364792680448/N8CdupEu_normal.jpg,Amber Heard,190462,220,1151,567,"Actor and Activist, semi-professional disruptor, ice cream advocate and shameless teacup yorkie-lover",807003567605227520,https://t.co/Ze18Ek9SOI,"Los Angeles, CA",agathascarol,2014-06-30T01:55:04.000Z,https://pbs.twimg.com/profile_images/1496678796946149378/hm1jX2oj_normal.jpg,milf enthusiast,5829,632,50034,52,am i your woman? // 23,2595634381,,,"[{'start': 45, 'end': 68, 'url': 'https://t.co/LmW96rsH0T', 'expanded_url': 'https://twitter.com/starkindxstries/status/1077639051908448257/photo/1', 'display_url': 'pic.twitter.com/LmW96rsH0T'}]"
1074324993327095808,en,Twitter for Android,807003567605227520,"[{'type': 'replied_to', 'id': '1077406755351552001'}]",2018-12-25T12:17:34.000Z,@realamberheard Love you from Vietnam!,1077538843308347393,"[{'start': 30, 'end': 36, 'probability': 0.9726, 'type': 'Place', 'normalized_text': 'Vietnam'}]","[{'start': 0, 'end': 15, 'username': 'realamberheard', 'id': '807003567605227520'}]",0,0,0,0,"[{'start': 110, 'end': 119, 'tag': 'flâneuse'}, {'start': 123, 'end': 135, 'tag': 'laurenelkin'}]","[{'start': 136, 'end': 159, 'url': 'https://t.co/uXav71YYQ2', 'expanded_url': 'https://twitter.com/realamberheard/status/1077406755351552001/photo/1', 'display_url': 'pic.twitter.com/uXav71YYQ2'}]",807003567605227520,en,Twitter for iPhone,2018-12-25T03:32:42.000Z,Off to a great start already! Perfect reading for (yet another flight) us eternal gypsies know all so well... #flâneuse by #laurenelkin https://t.co/uXav71YYQ2,1077406755351552001,96,32,990,2,realamberheard,2016-12-08T23:26:58.000Z,https://pbs.twimg.com/profile_images/1383196364792680448/N8CdupEu_normal.jpg,Amber Heard,190462,220,1151,567,"Actor and Activist, semi-professional disruptor, ice cream advocate and shameless teacup yorkie-lover",807003567605227520,https://t.co/Ze18Ek9SOI,"Los Angeles, CA",PhanTun15992391,2018-12-16T15:26:53.000Z,https://abs.twimg.com/sticky/default_profile_images/default_profile_normal.png,Phan Tùng,0,6,16,0,,1074324993327095808,,,
1054247451677417472,pt,Twitter Web Client,807003567605227520,"[{'type': 'replied_to', 'id': '1077406755351552001'}]",2018-12-25T11:56:05.000Z,@realamberheard Feliz Natal 🎄🎄🎄✨,1077533438486425600,,"[{'start': 0, 'end': 15, 'username': 'realamberheard', 'id': '807003567605227520'}]",0,0,0,0,"[{'start': 110, 'end': 119, 'tag': 'flâneuse'}, {'start': 123, 'end': 135, 'tag': 'laurenelkin'}]","[{'start': 136, 'end': 159, 'url': 'https://t.co/uXav71YYQ2', 'expanded_url': 'https://twitter.com/realamberheard/status/1077406755351552001/photo/1', 'display_url': 'pic.twitter.com/uXav71YYQ2'}]",807003567605227520,en,Twitter for iPhone,2018-12-25T03:32:42.000Z,Off to a great start already! Perfect reading for (yet another flight) us eternal gypsies know all so well... #flâneuse by #laurenelkin https://t.co/uXav71YYQ2,1077406755351552001,96,32,990,2,realamberheard,2016-12-08T23:26:58.000Z,https://pbs.twimg.com/profile_images/1383196364792680448/N8CdupEu_normal.jpg,Amber Heard,190462,220,1151,567,"Actor and Activist, semi-professional disruptor, ice cream advocate and shameless teacup yorkie-lover",807003567605227520,https://t.co/Ze18Ek9SOI,"Los Angeles, CA",Paula_Jabour,2018-10-22T05:45:54.000Z,https://pbs.twimg.com/profile_images/1292297331119972352/hEE_YCpp_normal.jpg,Paula Jabour🇧🇷⚘,493,945,3494,0,"OMG! Stop the flat earth, I gotta jump! 
#SexNoGender #ProtectTheChildren 
#FreeSpeech #WomanIsNotADirtyWord",1054247451677417472,,,
776886348322136064,cs,Twitter for Android,807003567605227520,"[{'type': 'replied_to', 'id': '1077406755351552001'}]",2018-12-25T08:47:35.000Z,@realamberheard Nech si leaknout dalsi paradni videa a s timhle gerara here ok?,1077486000811724800,,"[{'start': 0, 'end': 15, 'username': 'realamberheard', 'id': '807003567605227520'}]",0,0,0,0,"[{'start': 110, 'end': 119, 'tag': 'flâneuse'}, {'start': 123, 'end': 135, 'tag': 'laurenelkin'}]","[{'start': 136, 'end': 159, 'url': 'https://t.co/uXav71YYQ2', 'expanded_url': 'https://twitter.com/realamberheard/status/1077406755351552001/photo/1', 'display_url': 'pic.twitter.com/uXav71YYQ2'}]",807003567605227520,en,Twitter for iPhone,2018-12-25T03:32:42.000Z,Off to a great start already! Perfect reading for (yet another flight) us eternal gypsies know all so well... #flâneuse by #laurenelkin https://t.co/uXav71YYQ2,1077406755351552001,96,32,990,2,realamberheard,2016-12-08T23:26:58.000Z,https://pbs.twimg.com/profile_images/1383196364792680448/N8CdupEu_normal.jpg,Amber Heard,190462,220,1151,567,"Actor and Activist, semi-professional disruptor, ice cream advocate and shameless teacup yorkie-lover",807003567605227520,https://t.co/Ze18Ek9SOI,"Los Angeles, CA",Disidentt,2016-09-16T20:51:54.000Z,https://pbs.twimg.com/profile_images/1471910005653835780/orKjUJc5_normal.jpg,Disidentt,14,21,228,0,,776886348322136064,https://t.co/Qeq2ZLI4S3,Czech Republic,
4396120342,en,Twitter for Android,807003567605227520,"[{'type': 'replied_to', 'id': '1077406755351552001'}]",2018-12-25T08:42:43.000Z,"@realamberheard Safe travels, Amber! https://t.co/VjdLaNJfyc",1077484775127027713,"[{'start': 30, 'end': 34, 'probability': 0.9301, 'type': 'Person', 'normalized_text': 'Amber'}]","[{'start': 0, 'end': 15, 'username': 'realamberheard', 'id': '807003567605227520'}]",0,0,0,0,"[{'start': 110, 'end': 119, 'tag': 'flâneuse'}, {'start': 123, 'end': 135, 'tag': 'laurenelkin'}]","[{'start': 136, 'end': 159, 'url': 'https://t.co/uXav71YYQ2', 'expanded_url': 'https://twitter.com/realamberheard/status/1077406755351552001/photo/1', 'display_url': 'pic.twitter.com/uXav71YYQ2'}]",807003567605227520,en,Twitter for iPhone,2018-12-25T03:32:42.000Z,Off to a great start already! Perfect reading for (yet another flight) us eternal gypsies know all so well... #flâneuse by #laurenelkin https://t.co/uXav71YYQ2,1077406755351552001,96,32,990,2,realamberheard,2016-12-08T23:26:58.000Z,https://pbs.twimg.com/profile_images/1383196364792680448/N8CdupEu_normal.jpg,Amber Heard,190462,220,1151,567,"Actor and Activist, semi-professional disruptor, ice cream advocate and shameless teacup yorkie-lover",807003567605227520,https://t.co/Ze18Ek9SOI,"Los Angeles, CA",stirgussa,2015-12-06T17:21:06.000Z,https://pbs.twimg.com/profile_images/1378175478478082050/UKLiQPuk_normal.jpg,STIRGUS SACCHETTI,678,296,58624,26,"Only two things are infinite, the universe and human stupidity, and I'm not sure about the former. - Albert Einstein and Me!",4396120342,,,"[{'start': 37, 'end': 60, 'url': 'https://t.co/VjdLaNJfyc', 'expanded_url': 'https://twitter.com/stirgussa/status/1077484775127027713/photo/1', 'display_url': 'pic.twitter.com/VjdLaNJfyc'}]"
1193286980,en,Twitter for iPhone,807003567605227520,"[{'type': 'replied_to', 'id': '1077406755351552001'}]",2018-12-25T06:14:25.000Z,@realamberheard All the best for Xmas Amber ❤️❤️ https://t.co/ZjAuvTdWkv,1077447452750462977,"[{'start': 33, 'end': 42, 'probability': 0.4156, 'type': 'Other', 'normalized_text': 'Xmas Amber'}]","[{'start': 0, 'end': 15, 'username': 'realamberheard', 'id': '807003567605227520'}]",0,0,0,0,"[{'start': 110, 'end': 119, 'tag': 'flâneuse'}, {'start': 123, 'end': 135, 'tag': 'laurenelkin'}]","[{'start': 136, 'end': 159, 'url': 'https://t.co/uXav71YYQ2', 'expanded_url': 'https://twitter.com/realamberheard/status/1077406755351552001/photo/1', 'display_url': 'pic.twitter.com/uXav71YYQ2'}]",807003567605227520,en,Twitter for iPhone,2018-12-25T03:32:42.000Z,Off to a great start already! Perfect reading for (yet another flight) us eternal gypsies know all so well... #flâneuse by #laurenelkin https://t.co/uXav71YYQ2,1077406755351552001,96,32,990,2,realamberheard,2016-12-08T23:26:58.000Z,https://pbs.twimg.com/profile_images/1383196364792680448/N8CdupEu_normal.jpg,Amber Heard,190462,220,1151,567,"Actor and Activist, semi-professional disruptor, ice cream advocate and shameless teacup yorkie-lover",807003567605227520,https://t.co/Ze18Ek9SOI,"Los Angeles, CA",darrelldr,2013-02-18T14:09:35.000Z,https://pbs.twimg.com/profile_images/1347679831241195524/y7wkYbfU_normal.jpg,Papa Robbo,23275,6661,94043,25,"Darrell Robinson, I'm a Lawyer in Heaton Moor, married to Karen and have 3 children. I love to travel, food, movies, netflix, walks on the beach, sunsets, life.",1193286980,https://t.co/rZ1ZWDTTZB,"Stockport, England","[{'start': 49, 'end': 72, 'url': 'https://t.co/ZjAuvTdWkv', 'expanded_url': 'https://twitter.com/darrelldr/status/1077447452750462977/photo/1', 'display_url': 'pic.twitter.com/ZjAuvTdWkv'}]"
4345422253,en,Twitter Web App,807003567605227520,"[{'type': 'replied_to', 'id': '1077406755351552001'}]",2018-12-25T03:57:01.000Z,"@realamberheard have a safe flight! watched aquaman this morning (it's about noon here in south korea) and you were absolutely fantastic in it! all hail QUEEN mera (and you, amber!)",1077412875143008256,"[{'start': 90, 'end': 100, 'probability': 0.8118, 'type': 'Place', 'normalized_text': 'south korea'}, {'start': 174, 'end': 178, 'probability': 0.6744, 'type': 'Person', 'normalized_text': 'amber'}]","[{'start': 0, 'end': 15, 'username': 'realamberheard', 'id': '807003567605227520'}]",0,0,0,0,"[{'start': 110, 'end': 119, 'tag': 'flâneuse'}, {'start': 123, 'end': 135, 'tag': 'laurenelkin'}]","[{'start': 136, 'end': 159, 'url': 'https://t.co/uXav71YYQ2', 'expanded_url': 'https://twitter.com/realamberheard/status/1077406755351552001/photo/1', 'display_url': 'pic.twitter.com/uXav71YYQ2'}]",807003567605227520,en,Twitter for iPhone,2018-12-25T03:32:42.000Z,Off to a great start already! Perfect reading for (yet another flight) us eternal gypsies know all so well... #flâneuse by #laurenelkin https://t.co/uXav71YYQ2,1077406755351552001,96,32,990,2,realamberheard,2016-12-08T23:26:58.000Z,https://pbs.twimg.com/profile_images/1383196364792680448/N8CdupEu_normal.jpg,Amber Heard,190462,220,1151,567,"Actor and Activist, semi-professional disruptor, ice cream advocate and shameless teacup yorkie-lover",807003567605227520,https://t.co/Ze18Ek9SOI,"Los Angeles, CA",insadknot,2015-11-24T13:34:47.000Z,https://pbs.twimg.com/profile_images/1477874510808649729/lJSr2SRT_normal.jpg,놋 (a.k.a. ginnie),129,552,17429,0,,4345422253,,,
41126083,en,Twitter for Android,807003567605227520,"[{'type': 'replied_to', 'id': '1077406755351552001'}]",2018-12-25T03:56:15.000Z,"@realamberheard Thank you for being so kind to me &amp; for being understanding &amp; willing to listen to what I had to say this year. Your goodness goes farther than you can imagine, especially with me. May your dreams always come true wherever you may roam! Merry Christmas Amber. Great times ahead!",1077412682574123009,"[{'start': 259, 'end': 273, 'probability': 0.3631, 'type': 'Other', 'normalized_text': 'Christmas Amber'}]","[{'start': 0, 'end': 15, 'username': 'realamberheard', 'id': '807003567605227520'}]",0,0,0,0,"[{'start': 110, 'end': 119, 'tag': 'flâneuse'}, {'start': 123, 'end': 135, 'tag': 'laurenelkin'}]","[{'start': 136, 'end': 159, 'url': 'https://t.co/uXav71YYQ2', 'expanded_url': 'https://twitter.com/realamberheard/status/1077406755351552001/photo/1', 'display_url': 'pic.twitter.com/uXav71YYQ2'}]",807003567605227520,en,Twitter for iPhone,2018-12-25T03:32:42.000Z,Off to a great start already! Perfect reading for (yet another flight) us eternal gypsies know all so well... #flâneuse by #laurenelkin https://t.co/uXav71YYQ2,1077406755351552001,96,32,990,2,realamberheard,2016-12-08T23:26:58.000Z,https://pbs.twimg.com/profile_images/1383196364792680448/N8CdupEu_normal.jpg,Amber Heard,190462,220,1151,567,"Actor and Activist, semi-professional disruptor, ice cream advocate and shameless teacup yorkie-lover",807003567605227520,https://t.co/Ze18Ek9SOI,"Los Angeles, CA",SalvationWriter,2009-05-19T14:31:17.000Z,https://pbs.twimg.com/profile_images/839631118630449152/z_VmzGQ7_normal.jpg,Nick Astrinakis,203,1884,10247,12,Writing my heart out to show what's in my heart. In it for the glory.,41126083,http://t.co/fMJ6asZdOo,Places Underrated ,
82904748,und,Twitter for Android,807003567605227520,"[{'type': 'replied_to', 'id': '1077406755351552001'}]",2018-12-25T03:53:38.000Z,@realamberheard https://t.co/Qiq2yTiq0p,1077412024483598338,,"[{'start': 0, 'end': 15, 'username': 'realamberheard', 'id': '807003567605227520'}]",0,0,1,0,"[{'start': 110, 'end': 119, 'tag': 'flâneuse'}, {'start': 123, 'end': 135, 'tag': 'laurenelkin'}]","[{'start': 136, 'end': 159, 'url': 'https://t.co/uXav71YYQ2', 'expanded_url': 'https://twitter.com/realamberheard/status/1077406755351552001/photo/1', 'display_url': 'pic.twitter.com/uXav71YYQ2'}]",807003567605227520,en,Twitter for iPhone,2018-12-25T03:32:42.000Z,Off to a great start already! Perfect reading for (yet another flight) us eternal gypsies know all so well... #flâneuse by #laurenelkin https://t.co/uXav71YYQ2,1077406755351552001,96,32,990,2,realamberheard,2016-12-08T23:26:58.000Z,https://pbs.twimg.com/profile_images/1383196364792680448/N8CdupEu_normal.jpg,Amber Heard,190462,220,1151,567,"Actor and Activist, semi-professional disruptor, ice cream advocate and shameless teacup yorkie-lover",807003567605227520,https://t.co/Ze18Ek9SOI,"Los Angeles, CA",sil7070,2009-10-16T15:32:51.000Z,https://pbs.twimg.com/profile_images/1209643185699319808/xDoIBEye_normal.jpg,s.🏴🏴,149,84,12518,0,hu cares imma unfollow back,82904748,,MAS-Heaven,"[{'start': 16, 'end': 39, 'url': 'https://t.co/Qiq2yTiq0p', 'expanded_url': 'https://twitter.com/silmohd/status/1077412024483598338/photo/1', 'display_url': 'pic.twitter.com/Qiq2yTiq0p'}]"
4923128929,en,Twitter Web Client,807003567605227520,"[{'type': 'replied_to', 'id': '1077406755351552001'}]",2018-12-25T03:46:33.000Z,"@realamberheard Have a safe flight, and plant your feet firmly in any direction you wish to take....",1077410242588299264,,"[{'start': 0, 'end': 15, 'username': 'realamberheard', 'id': '807003567605227520'}]",0,0,0,0,"[{'start': 110, 'end': 119, 'tag': 'flâneuse'}, {'start': 123, 'end': 135, 'tag': 'laurenelkin'}]","[{'start': 136, 'end': 159, 'url': 'https://t.co/uXav71YYQ2', 'expanded_url': 'https://twitter.com/realamberheard/status/1077406755351552001/photo/1', 'display_url': 'pic.twitter.com/uXav71YYQ2'}]",807003567605227520,en,Twitter for iPhone,2018-12-25T03:32:42.000Z,Off to a great start already! Perfect reading for (yet another flight) us eternal gypsies know all so well... #flâneuse by #laurenelkin https://t.co/uXav71YYQ2,1077406755351552001,96,32,990,2,realamberheard,2016-12-08T23:26:58.000Z,https://pbs.twimg.com/profile_images/1383196364792680448/N8CdupEu_normal.jpg,Amber Heard,190462,220,1151,567,"Actor and Activist, semi-professional disruptor, ice cream advocate and shameless teacup yorkie-lover",807003567605227520,https://t.co/Ze18Ek9SOI,"Los Angeles, CA",roberto4u2,2016-02-18T00:14:02.000Z,https://abs.twimg.com/sticky/default_profile_images/default_profile_normal.png,roberto varro,20,100,1490,0,,4923128929,,,
989633741114003456,en,Twitter for Android,807003567605227520,"[{'type': 'replied_to', 'id': '1077406755351552001'}]",2018-12-25T03:46:24.000Z,"@realamberheard Dear amber, have a safe flight I appreciate you so much your a strong leader my freind!!",1077410204004831238,"[{'start': 21, 'end': 25, 'probability': 0.913, 'type': 'Person', 'normalized_text': 'amber'}]","[{'start': 0, 'end': 15, 'username': 'realamberheard', 'id': '807003567605227520'}]",0,0,1,0,"[{'start': 110, 'end': 119, 'tag': 'flâneuse'}, {'start': 123, 'end': 135, 'tag': 'laurenelkin'}]","[{'start': 136, 'end': 159, 'url': 'https://t.co/uXav71YYQ2', 'expanded_url': 'https://twitter.com/realamberheard/status/1077406755351552001/photo/1', 'display_url': 'pic.twitter.com/uXav71YYQ2'}]",807003567605227520,en,Twitter for iPhone,2018-12-25T03:32:42.000Z,Off to a great start already! Perfect reading for (yet another flight) us eternal gypsies know all so well... #flâneuse by #laurenelkin https://t.co/uXav71YYQ2,1077406755351552001,96,32,990,2,realamberheard,2016-12-08T23:26:58.000Z,https://pbs.twimg.com/profile_images/1383196364792680448/N8CdupEu_normal.jpg,Amber Heard,190462,220,1151,567,"Actor and Activist, semi-professional disruptor, ice cream advocate and shameless teacup yorkie-lover",807003567605227520,https://t.co/Ze18Ek9SOI,"Los Angeles, CA",Paulwalwanis7,2018-04-26T22:34:05.000Z,https://abs.twimg.com/sticky/default_profile_images/default_profile_normal.png,Paulwalwanis,39,269,44974,0,"Comedy,counselor",989633741114003456,,"Long Island,new York",
19432203,en,Twitter for iPhone,807003567605227520,"[{'type': 'replied_to', 'id': '1077406755351552001'}]",2018-12-25T03:43:06.000Z,@realamberheard Oh that’s very very good.,1077409373369057281,,"[{'start': 0, 'end': 15, 'username': 'realamberheard', 'id': '807003567605227520'}]",0,0,1,0,"[{'start': 110, 'end': 119, 'tag': 'flâneuse'}, {'start': 123, 'end': 135, 'tag': 'laurenelkin'}]","[{'start': 136, 'end': 159, 'url': 'https://t.co/uXav71YYQ2', 'expanded_url': 'https://twitter.com/realamberheard/status/1077406755351552001/photo/1', 'display_url': 'pic.twitter.com/uXav71YYQ2'}]",807003567605227520,en,Twitter for iPhone,2018-12-25T03:32:42.000Z,Off to a great start already! Perfect reading for (yet another flight) us eternal gypsies know all so well... #flâneuse by #laurenelkin https://t.co/uXav71YYQ2,1077406755351552001,96,32,990,2,realamberheard,2016-12-08T23:26:58.000Z,https://pbs.twimg.com/profile_images/1383196364792680448/N8CdupEu_normal.jpg,Amber Heard,190462,220,1151,567,"Actor and Activist, semi-professional disruptor, ice cream advocate and shameless teacup yorkie-lover",807003567605227520,https://t.co/Ze18Ek9SOI,"Los Angeles, CA",jamietworkowski,2009-01-24T04:51:32.000Z,https://pbs.twimg.com/profile_images/755624241849040896/ogtL1lKK_normal.jpg,Jamie Tworkowski,50687,3164,37455,641,New York Times Bestselling Author of #IfYouFeelTooMuch. Speaker booked by @collectivespkrs. Surfer. @needsanocean Founder/Former: @twloha Now offering coaching!,19432203,https://t.co/14jksIBKyO,"Melbourne Beach, FL",
2724444422,es,Twitter for Android,807003567605227520,"[{'type': 'replied_to', 'id': '1077406755351552001'}]",2018-12-25T03:39:08.000Z,@realamberheard feliz navidad ❤,1077408373681856513,,"[{'start': 0, 'end': 15, 'username': 'realamberheard', 'id': '807003567605227520'}]",0,0,0,0,"[{'start': 110, 'end': 119, 'tag': 'flâneuse'}, {'start': 123, 'end': 135, 'tag': 'laurenelkin'}]","[{'start': 136, 'end': 159, 'url': 'https://t.co/uXav71YYQ2', 'expanded_url': 'https://twitter.com/realamberheard/status/1077406755351552001/photo/1', 'display_url': 'pic.twitter.com/uXav71YYQ2'}]",807003567605227520,en,Twitter for iPhone,2018-12-25T03:32:42.000Z,Off to a great start already! Perfect reading for (yet another flight) us eternal gypsies know all so well... #flâneuse by #laurenelkin https://t.co/uXav71YYQ2,1077406755351552001,96,32,990,2,realamberheard,2016-12-08T23:26:58.000Z,https://pbs.twimg.com/profile_images/1383196364792680448/N8CdupEu_normal.jpg,Amber Heard,190462,220,1151,567,"Actor and Activist, semi-professional disruptor, ice cream advocate and shameless teacup yorkie-lover",807003567605227520,https://t.co/Ze18Ek9SOI,"Los Angeles, CA",fkatwyez,2014-08-11T18:27:47.000Z,https://pbs.twimg.com/profile_images/1505214911051440135/SZpWBAtg_normal.jpg,sasa,1230,583,61217,11,all r&b and hip hop culture,2724444422,,,
41126083,en,Twitter for Android,807003567605227520,"[{'type': 'replied_to', 'id': '1077406755351552001'}]",2018-12-25T03:37:46.000Z,"@realamberheard Oh Amber, you're the kind of Gypsy that Stevie Nicks &amp; Fleetwood Mac would sing about! So drowsy now from being stuffed by my Christmas Eve meal. No matter where you are or are going, have yourself so much Christmas Fun!",1077408029706936321,"[{'start': 19, 'end': 23, 'probability': 0.9003, 'type': 'Person', 'normalized_text': 'Amber'}, {'start': 56, 'end': 67, 'probability': 0.9177, 'type': 'Person', 'normalized_text': 'Stevie Nicks'}, {'start': 71, 'end': 83, 'probability': 0.6399, 'type': 'Person', 'normalized_text': 'Fleetwood Mac'}, {'start': 142, 'end': 154, 'probability': 0.6749, 'type': 'Other', 'normalized_text': 'Christmas Eve'}, {'start': 222, 'end': 230, 'probability': 0.958, 'type': 'Other', 'normalized_text': 'Christmas'}]","[{'start': 0, 'end': 15, 'username': 'realamberheard', 'id': '807003567605227520'}]",0,0,1,0,"[{'start': 110, 'end': 119, 'tag': 'flâneuse'}, {'start': 123, 'end': 135, 'tag': 'laurenelkin'}]","[{'start': 136, 'end': 159, 'url': 'https://t.co/uXav71YYQ2', 'expanded_url': 'https://twitter.com/realamberheard/status/1077406755351552001/photo/1', 'display_url': 'pic.twitter.com/uXav71YYQ2'}]",807003567605227520,en,Twitter for iPhone,2018-12-25T03:32:42.000Z,Off to a great start already! Perfect reading for (yet another flight) us eternal gypsies know all so well... #flâneuse by #laurenelkin https://t.co/uXav71YYQ2,1077406755351552001,96,32,990,2,realamberheard,2016-12-08T23:26:58.000Z,https://pbs.twimg.com/profile_images/1383196364792680448/N8CdupEu_normal.jpg,Amber Heard,190462,220,1151,567,"Actor and Activist, semi-professional disruptor, ice cream advocate and shameless teacup yorkie-lover",807003567605227520,https://t.co/Ze18Ek9SOI,"Los Angeles, CA",SalvationWriter,2009-05-19T14:31:17.000Z,https://pbs.twimg.com/profile_images/839631118630449152/z_VmzGQ7_normal.jpg,Nick Astrinakis,203,1884,10247,12,Writing my heart out to show what's in my heart. In it for the glory.,41126083,http://t.co/fMJ6asZdOo,Places Underrated ,
1048681219746140162,en,Twitter Web App,807003567605227520,"[{'type': 'replied_to', 'id': '1077406755351552001'}]",2018-12-25T03:36:24.000Z,@realamberheard HAPPY HOLIDAYS and safe travels  PEACE LOVE AND HAPPINESS to you @realamberheard and upir loved  ones 🎶🎵🦄🎅🤶☮,1077407685396582401,,"[{'start': 0, 'end': 15, 'username': 'realamberheard', 'id': '807003567605227520'}, {'start': 81, 'end': 96, 'username': 'realamberheard', 'id': '807003567605227520'}]",0,0,0,0,"[{'start': 110, 'end': 119, 'tag': 'flâneuse'}, {'start': 123, 'end': 135, 'tag': 'laurenelkin'}]","[{'start': 136, 'end': 159, 'url': 'https://t.co/uXav71YYQ2', 'expanded_url': 'https://twitter.com/realamberheard/status/1077406755351552001/photo/1', 'display_url': 'pic.twitter.com/uXav71YYQ2'}]",807003567605227520,en,Twitter for iPhone,2018-12-25T03:32:42.000Z,Off to a great start already! Perfect reading for (yet another flight) us eternal gypsies know all so well... #flâneuse by #laurenelkin https://t.co/uXav71YYQ2,1077406755351552001,96,32,990,2,realamberheard,2016-12-08T23:26:58.000Z,https://pbs.twimg.com/profile_images/1383196364792680448/N8CdupEu_normal.jpg,Amber Heard,190462,220,1151,567,"Actor and Activist, semi-professional disruptor, ice cream advocate and shameless teacup yorkie-lover",807003567605227520,https://t.co/Ze18Ek9SOI,"Los Angeles, CA",TheRealKevinTE,2018-10-06T21:07:41.000Z,https://pbs.twimg.com/profile_images/1502321336148008967/R8OT5wEP_normal.jpg,Kevin Endicott,66711,57143,74969,66,"Equality is the only way to create a better future.....

#PickASide
#RaiseAFist",1048681219746140162,,United States,
1076446222343331840,en,Twitter for Android,807003567605227520,"[{'type': 'replied_to', 'id': '1077406755351552001'}]",2018-12-25T03:35:01.000Z,@realamberheard perfect!!,1077407337592238080,,"[{'start': 0, 'end': 15, 'username': 'realamberheard', 'id': '807003567605227520'}]",0,0,0,0,"[{'start': 110, 'end': 119, 'tag': 'flâneuse'}, {'start': 123, 'end': 135, 'tag': 'laurenelkin'}]","[{'start': 136, 'end': 159, 'url': 'https://t.co/uXav71YYQ2', 'expanded_url': 'https://twitter.com/realamberheard/status/1077406755351552001/photo/1', 'display_url': 'pic.twitter.com/uXav71YYQ2'}]",807003567605227520,en,Twitter for iPhone,2018-12-25T03:32:42.000Z,Off to a great start already! Perfect reading for (yet another flight) us eternal gypsies know all so well... #flâneuse by #laurenelkin https://t.co/uXav71YYQ2,1077406755351552001,96,32,990,2,realamberheard,2016-12-08T23:26:58.000Z,https://pbs.twimg.com/profile_images/1383196364792680448/N8CdupEu_normal.jpg,Amber Heard,190462,220,1151,567,"Actor and Activist, semi-professional disruptor, ice cream advocate and shameless teacup yorkie-lover",807003567605227520,https://t.co/Ze18Ek9SOI,"Los Angeles, CA",aminulrashid,2018-12-22T11:55:53.000Z,https://pbs.twimg.com/profile_images/1112390356304224256/JJ6fhVwo_normal.jpg,Lokkaw69@amor,16,86,59,0,"*Be here,be the hero...",1076446222343331840,,Malaysia,
160343527,es,Twitter for iPhone,807003567605227520,"[{'type': 'replied_to', 'id': '1077406755351552001'}]",2018-12-25T03:33:59.000Z,@realamberheard Como se llama el libro 📖 ?,1077407077432287232,,"[{'start': 0, 'end': 15, 'username': 'realamberheard', 'id': '807003567605227520'}]",0,0,0,0,"[{'start': 110, 'end': 119, 'tag': 'flâneuse'}, {'start': 123, 'end': 135, 'tag': 'laurenelkin'}]","[{'start': 136, 'end': 159, 'url': 'https://t.co/uXav71YYQ2', 'expanded_url': 'https://twitter.com/realamberheard/status/1077406755351552001/photo/1', 'display_url': 'pic.twitter.com/uXav71YYQ2'}]",807003567605227520,en,Twitter for iPhone,2018-12-25T03:32:42.000Z,Off to a great start already! Perfect reading for (yet another flight) us eternal gypsies know all so well... #flâneuse by #laurenelkin https://t.co/uXav71YYQ2,1077406755351552001,96,32,990,2,realamberheard,2016-12-08T23:26:58.000Z,https://pbs.twimg.com/profile_images/1383196364792680448/N8CdupEu_normal.jpg,Amber Heard,190462,220,1151,567,"Actor and Activist, semi-professional disruptor, ice cream advocate and shameless teacup yorkie-lover",807003567605227520,https://t.co/Ze18Ek9SOI,"Los Angeles, CA",ADom_Oficial,2010-06-27T22:45:34.000Z,https://pbs.twimg.com/profile_images/1456795429056696320/8bQ0aqsT_normal.jpg,Alfredo Domínguez 🐺 🔱,206,744,1497,2,"🌎 Potenciar y fortalecer negocios por medio del branding.
🌹 Logotipos, Identidad visual y Marcas.
🔥 Filosofía: Branding antes que Marketing.",160343527,https://t.co/AA4an4JkRf,"Zapopan, Jalisco México",
64137996,en,Twitter for Android,807003567605227520,"[{'type': 'replied_to', 'id': '1077406755351552001'}]",2018-12-25T03:33:11.000Z,@realamberheard Love you so much and merry Christmas Amber 🎄🎄🎄,1077406878693449728,"[{'start': 43, 'end': 57, 'probability': 0.487, 'type': 'Other', 'normalized_text': 'Christmas Amber'}]","[{'start': 0, 'end': 15, 'username': 'realamberheard', 'id': '807003567605227520'}]",0,0,0,0,"[{'start': 110, 'end': 119, 'tag': 'flâneuse'}, {'start': 123, 'end': 135, 'tag': 'laurenelkin'}]","[{'start': 136, 'end': 159, 'url': 'https://t.co/uXav71YYQ2', 'expanded_url': 'https://twitter.com/realamberheard/status/1077406755351552001/photo/1', 'display_url': 'pic.twitter.com/uXav71YYQ2'}]",807003567605227520,en,Twitter for iPhone,2018-12-25T03:32:42.000Z,Off to a great start already! Perfect reading for (yet another flight) us eternal gypsies know all so well... #flâneuse by #laurenelkin https://t.co/uXav71YYQ2,1077406755351552001,96,32,990,2,realamberheard,2016-12-08T23:26:58.000Z,https://pbs.twimg.com/profile_images/1383196364792680448/N8CdupEu_normal.jpg,Amber Heard,190462,220,1151,567,"Actor and Activist, semi-professional disruptor, ice cream advocate and shameless teacup yorkie-lover",807003567605227520,https://t.co/Ze18Ek9SOI,"Los Angeles, CA",swimethan,2009-08-09T08:22:43.000Z,https://pbs.twimg.com/profile_images/1270255366836649984/wK55jA4Z_normal.jpg,ethan🇵🇭,879,2819,126458,51,DC/Marvel/Cinephile/KPOP and currently surviving life,64137996,,Fourth World,
