in_reply_to_user_id,created_at,text,source,id,author_id,lang,referenced_tweets,entities.mentions,public_metrics.retweet_count,public_metrics.reply_count,public_metrics.like_count,public_metrics.quote_count,replied_tweet.entities.mentions,replied_tweet.entities.hashtags,replied_tweet.in_reply_to_user_id,replied_tweet.created_at,replied_tweet.text,replied_tweet.source,replied_tweet.public_metrics.retweet_count,replied_tweet.public_metrics.reply_count,replied_tweet.public_metrics.like_count,replied_tweet.public_metrics.quote_count,replied_tweet.id,replied_tweet.author_id,replied_tweet.lang,replied_tweet.author.username,replied_tweet.author.id,replied_tweet.author.created_at,replied_tweet.author.public_metrics.followers_count,replied_tweet.author.public_metrics.following_count,replied_tweet.author.public_metrics.tweet_count,replied_tweet.author.public_metrics.listed_count,replied_tweet.author.name,replied_tweet.author.url,replied_tweet.author.location,replied_tweet.author.description,replied_tweet.author.profile_image_url,author.username,author.id,author.created_at,author.public_metrics.followers_count,author.public_metrics.following_count,author.public_metrics.tweet_count,author.public_metrics.listed_count,author.name,author.url,author.location,author.description,author.profile_image_url,entities.annotations,entities.hashtags,entities.urls
807003567605227520,2018-12-30T13:35:20.000Z,@realamberheard @kathygriffin LOL you’re an embarrassment! 😂😂,Twitter for iPhone,1079370353686839297,420643420,en,"[{'type': 'replied_to', 'id': '1078476918549172229'}]","[{'start': 0, 'end': 15, 'username': 'realamberheard', 'id': '807003567605227520'}, {'start': 16, 'end': 29, 'username': 'kathygriffin', 'id': '21148293'}]",0,0,0,0,"[{'start': 0, 'end': 13, 'username': 'kathygriffin', 'id': '21148293'}]","[{'start': 76, 'end': 82, 'tag': 'TipIt'}]",21148293,2018-12-28T02:25:09.000Z,"@kathygriffin You rock!  Thank you, we should split a box of wine sometime! #TipIt",Twitter for iPhone,13,9,76,2,1078476918549172229,807003567605227520,en,realamberheard,807003567605227520,2016-12-08T23:26:58.000Z,190462,220,1151,567,Amber Heard,https://t.co/Ze18Ek9SOI,"Los Angeles, CA","Actor and Activist, semi-professional disruptor, ice cream advocate and shameless teacup yorkie-lover",https://pbs.twimg.com/profile_images/1383196364792680448/N8CdupEu_normal.jpg,Lauren_TTx,420643420,2011-11-24T22:17:32.000Z,1126,1157,25173,8,Lauren💛🐬⫩,,Northern Ireland,🎶This is the life we've been given So open your mind and start living..🎶 -TakeThat ⫩❤️JD♥ 🎬 ♥ YNWA⚽️LFC⚽️♥,https://pbs.twimg.com/profile_images/1456037302929657868/5sDBNa4f_normal.jpg,,,
807003567605227520,2018-12-30T02:30:14.000Z,"@realamberheard @kathygriffin Amber don't get drunk too much, because you can accidentally talk about how it was with this domestic violence that you experienced from Johnny 😘 #johnnydeppisinnocent",Twitter for Android,1079202975418060801,1831520436,en,"[{'type': 'replied_to', 'id': '1078476918549172229'}]","[{'start': 0, 'end': 15, 'username': 'realamberheard', 'id': '807003567605227520'}, {'start': 16, 'end': 29, 'username': 'kathygriffin', 'id': '21148293'}]",0,0,1,0,"[{'start': 0, 'end': 13, 'username': 'kathygriffin', 'id': '21148293'}]","[{'start': 76, 'end': 82, 'tag': 'TipIt'}]",21148293,2018-12-28T02:25:09.000Z,"@kathygriffin You rock!  Thank you, we should split a box of wine sometime! #TipIt",Twitter for iPhone,13,9,76,2,1078476918549172229,807003567605227520,en,realamberheard,807003567605227520,2016-12-08T23:26:58.000Z,190462,220,1151,567,Amber Heard,https://t.co/Ze18Ek9SOI,"Los Angeles, CA","Actor and Activist, semi-professional disruptor, ice cream advocate and shameless teacup yorkie-lover",https://pbs.twimg.com/profile_images/1383196364792680448/N8CdupEu_normal.jpg,I_Believe__Him,1831520436,2013-09-08T16:42:27.000Z,3,118,31,0,weronika tytus,,,🧜‍♀️,https://pbs.twimg.com/profile_images/1076894520187502592/LLMWeAtb_normal.jpg,"[{'start': 30, 'end': 34, 'probability': 0.8742, 'type': 'Person', 'normalized_text': 'Amber'}, {'start': 167, 'end': 172, 'probability': 0.91, 'type': 'Person', 'normalized_text': 'Johnny'}]","[{'start': 176, 'end': 197, 'tag': 'johnnydeppisinnocent'}]",
2657754290,2018-12-30T02:17:19.000Z,"@foodieebooks @low2985 @kathygriffin @realamberheard This is from court documents online.
The allegations were dismissed with prejudice by a Judge, you can find the information just as easy as others have. Do the research.
The LAPD did not find any hard evidence.
Also she was arrested for DV against a previous partner in 2009.",Twitter for Android,1079199723851075595,1078635204317720577,en,"[{'type': 'replied_to', 'id': '1079178339133337600'}]","[{'start': 14, 'end': 22, 'username': 'low2985', 'id': '27065314'}, {'start': 23, 'end': 36, 'username': 'kathygriffin', 'id': '21148293'}, {'start': 37, 'end': 52, 'username': 'realamberheard', 'id': '807003567605227520'}]",0,0,1,0,"[{'start': 0, 'end': 13, 'username': 'kathygriffin', 'id': '21148293'}]","[{'start': 76, 'end': 82, 'tag': 'TipIt'}]",21148293,2018-12-28T02:25:09.000Z,"@kathygriffin You rock!  Thank you, we should split a box of wine sometime! #TipIt",Twitter for iPhone,13,9,76,2,1078476918549172229,807003567605227520,en,realamberheard,807003567605227520,2016-12-08T23:26:58.000Z,190462,220,1151,567,Amber Heard,https://t.co/Ze18Ek9SOI,"Los Angeles, CA","Actor and Activist, semi-professional disruptor, ice cream advocate and shameless teacup yorkie-lover",https://pbs.twimg.com/profile_images/1383196364792680448/N8CdupEu_normal.jpg,thackerayarty,1078635204317720577,2018-12-28T12:54:07.000Z,697,750,10057,0,Thackeray 🇬🇧🇺🇦,,UK,"Music, Family, Designing, Teaching.",https://pbs.twimg.com/profile_images/1477454862170341381/GMRyjhYQ_normal.jpg,,,
1078635204317720577,2018-12-30T00:52:20.000Z,@Thax0001 @low2985 @kathygriffin @realamberheard Cases like that are very convoluted to discuss properly on twitter. The police have to go on hard physical evidence. He said/She said doesn't cut it anymore.,Twitter Web App,1079178339133337600,2657754290,en,"[{'type': 'replied_to', 'id': '1079171756785577984'}]","[{'start': 10, 'end': 18, 'username': 'low2985', 'id': '27065314'}, {'start': 19, 'end': 32, 'username': 'kathygriffin', 'id': '21148293'}, {'start': 33, 'end': 48, 'username': 'realamberheard', 'id': '807003567605227520'}]",0,1,0,0,"[{'start': 0, 'end': 13, 'username': 'kathygriffin', 'id': '21148293'}]","[{'start': 76, 'end': 82, 'tag': 'TipIt'}]",21148293,2018-12-28T02:25:09.000Z,"@kathygriffin You rock!  Thank you, we should split a box of wine sometime! #TipIt",Twitter for iPhone,13,9,76,2,1078476918549172229,807003567605227520,en,realamberheard,807003567605227520,2016-12-08T23:26:58.000Z,190462,220,1151,567,Amber Heard,https://t.co/Ze18Ek9SOI,"Los Angeles, CA","Actor and Activist, semi-professional disruptor, ice cream advocate and shameless teacup yorkie-lover",https://pbs.twimg.com/profile_images/1383196364792680448/N8CdupEu_normal.jpg,stylethefuture,2657754290,2014-07-18T21:14:50.000Z,2746,4239,19969,0,Jessica Ogden,https://t.co/gWrprBjYdj,"Suffolk, England","Resisting dehumanisation since 2012.

Feminist rescuing herself. 

Nowhere to hide from the force. 

Insta: jessica_ogden",https://pbs.twimg.com/profile_images/1166069228912414720/Wh3mQ931_normal.jpg,"[{'start': 108, 'end': 114, 'probability': 0.6261, 'type': 'Product', 'normalized_text': 'twitter'}]",,
2657754290,2018-12-30T00:26:11.000Z,"@foodieebooks @low2985 @kathygriffin @realamberheard I am.
I repeat I am not criticising #metoo for what they are trying to achieve, but I am criticising Amber Heard for her manipulation of their cause.
She manipulated the media into believing Depp abused her when evidence points to her abusing him. It's called Gaslighting.",Twitter for Android,1079171756785577984,1078635204317720577,en,"[{'type': 'replied_to', 'id': '1079163203354009606'}]","[{'start': 14, 'end': 22, 'username': 'low2985', 'id': '27065314'}, {'start': 23, 'end': 36, 'username': 'kathygriffin', 'id': '21148293'}, {'start': 37, 'end': 52, 'username': 'realamberheard', 'id': '807003567605227520'}]",0,1,2,0,"[{'start': 0, 'end': 13, 'username': 'kathygriffin', 'id': '21148293'}]","[{'start': 76, 'end': 82, 'tag': 'TipIt'}]",21148293,2018-12-28T02:25:09.000Z,"@kathygriffin You rock!  Thank you, we should split a box of wine sometime! #TipIt",Twitter for iPhone,13,9,76,2,1078476918549172229,807003567605227520,en,realamberheard,807003567605227520,2016-12-08T23:26:58.000Z,190462,220,1151,567,Amber Heard,https://t.co/Ze18Ek9SOI,"Los Angeles, CA","Actor and Activist, semi-professional disruptor, ice cream advocate and shameless teacup yorkie-lover",https://pbs.twimg.com/profile_images/1383196364792680448/N8CdupEu_normal.jpg,thackerayarty,1078635204317720577,2018-12-28T12:54:07.000Z,697,750,10057,0,Thackeray 🇬🇧🇺🇦,,UK,"Music, Family, Designing, Teaching.",https://pbs.twimg.com/profile_images/1477454862170341381/GMRyjhYQ_normal.jpg,"[{'start': 154, 'end': 158, 'probability': 0.994, 'type': 'Person', 'normalized_text': 'Amber'}, {'start': 244, 'end': 247, 'probability': 0.9855, 'type': 'Person', 'normalized_text': 'Depp'}]","[{'start': 89, 'end': 95, 'tag': 'metoo'}]",
1078635204317720577,2018-12-29T23:52:12.000Z,"@Thax0001 @low2985 @kathygriffin @realamberheard My point is, you should aim your criticism at the woman who did it and not the movement she was vaguely associated with.",Twitter Web App,1079163203354009606,2657754290,en,"[{'type': 'replied_to', 'id': '1079156842532605952'}]","[{'start': 10, 'end': 18, 'username': 'low2985', 'id': '27065314'}, {'start': 19, 'end': 32, 'username': 'kathygriffin', 'id': '21148293'}, {'start': 33, 'end': 48, 'username': 'realamberheard', 'id': '807003567605227520'}]",0,1,0,0,"[{'start': 0, 'end': 13, 'username': 'kathygriffin', 'id': '21148293'}]","[{'start': 76, 'end': 82, 'tag': 'TipIt'}]",21148293,2018-12-28T02:25:09.000Z,"@kathygriffin You rock!  Thank you, we should split a box of wine sometime! #TipIt",Twitter for iPhone,13,9,76,2,1078476918549172229,807003567605227520,en,realamberheard,807003567605227520,2016-12-08T23:26:58.000Z,190462,220,1151,567,Amber Heard,https://t.co/Ze18Ek9SOI,"Los Angeles, CA","Actor and Activist, semi-professional disruptor, ice cream advocate and shameless teacup yorkie-lover",https://pbs.twimg.com/profile_images/1383196364792680448/N8CdupEu_normal.jpg,stylethefuture,2657754290,2014-07-18T21:14:50.000Z,2746,4239,19969,0,Jessica Ogden,https://t.co/gWrprBjYdj,"Suffolk, England","Resisting dehumanisation since 2012.

Feminist rescuing herself. 

Nowhere to hide from the force. 

Insta: jessica_ogden",https://pbs.twimg.com/profile_images/1166069228912414720/Wh3mQ931_normal.jpg,,,
2657754290,2018-12-29T23:26:55.000Z,"@foodieebooks @low2985 @kathygriffin @realamberheard I am not judging  #metoo movt at all, I think its a much needed and valued movement.
My concern is not with them but with an individual manipulating their ideals for their own gain.

I think you misunderstood my point entirely.",Twitter for Android,1079156842532605952,1078635204317720577,en,"[{'type': 'replied_to', 'id': '1079147594885095424'}]","[{'start': 14, 'end': 22, 'username': 'low2985', 'id': '27065314'}, {'start': 23, 'end': 36, 'username': 'kathygriffin', 'id': '21148293'}, {'start': 37, 'end': 52, 'username': 'realamberheard', 'id': '807003567605227520'}]",0,1,1,0,"[{'start': 0, 'end': 13, 'username': 'kathygriffin', 'id': '21148293'}]","[{'start': 76, 'end': 82, 'tag': 'TipIt'}]",21148293,2018-12-28T02:25:09.000Z,"@kathygriffin You rock!  Thank you, we should split a box of wine sometime! #TipIt",Twitter for iPhone,13,9,76,2,1078476918549172229,807003567605227520,en,realamberheard,807003567605227520,2016-12-08T23:26:58.000Z,190462,220,1151,567,Amber Heard,https://t.co/Ze18Ek9SOI,"Los Angeles, CA","Actor and Activist, semi-professional disruptor, ice cream advocate and shameless teacup yorkie-lover",https://pbs.twimg.com/profile_images/1383196364792680448/N8CdupEu_normal.jpg,thackerayarty,1078635204317720577,2018-12-28T12:54:07.000Z,697,750,10057,0,Thackeray 🇬🇧🇺🇦,,UK,"Music, Family, Designing, Teaching.",https://pbs.twimg.com/profile_images/1477454862170341381/GMRyjhYQ_normal.jpg,,"[{'start': 71, 'end': 77, 'tag': 'metoo'}]",
1078635204317720577,2018-12-29T22:50:10.000Z,"@Thax0001 @low2985 @kathygriffin @realamberheard That is just a question of thier morality, both sexes have immoral members. You can't judge the #MeToo movement for one womans actions. I don't judge all men on what anti-feminists say to me.",Twitter Web App,1079147594885095424,2657754290,en,"[{'type': 'replied_to', 'id': '1079144996434034688'}]","[{'start': 10, 'end': 18, 'username': 'low2985', 'id': '27065314'}, {'start': 19, 'end': 32, 'username': 'kathygriffin', 'id': '21148293'}, {'start': 33, 'end': 48, 'username': 'realamberheard', 'id': '807003567605227520'}]",0,1,0,0,"[{'start': 0, 'end': 13, 'username': 'kathygriffin', 'id': '21148293'}]","[{'start': 76, 'end': 82, 'tag': 'TipIt'}]",21148293,2018-12-28T02:25:09.000Z,"@kathygriffin You rock!  Thank you, we should split a box of wine sometime! #TipIt",Twitter for iPhone,13,9,76,2,1078476918549172229,807003567605227520,en,realamberheard,807003567605227520,2016-12-08T23:26:58.000Z,190462,220,1151,567,Amber Heard,https://t.co/Ze18Ek9SOI,"Los Angeles, CA","Actor and Activist, semi-professional disruptor, ice cream advocate and shameless teacup yorkie-lover",https://pbs.twimg.com/profile_images/1383196364792680448/N8CdupEu_normal.jpg,stylethefuture,2657754290,2014-07-18T21:14:50.000Z,2746,4239,19969,0,Jessica Ogden,https://t.co/gWrprBjYdj,"Suffolk, England","Resisting dehumanisation since 2012.

Feminist rescuing herself. 

Nowhere to hide from the force. 

Insta: jessica_ogden",https://pbs.twimg.com/profile_images/1166069228912414720/Wh3mQ931_normal.jpg,,"[{'start': 145, 'end': 151, 'tag': 'MeToo'}]",
2657754290,2018-12-29T22:39:51.000Z,"@foodieebooks @low2985 @kathygriffin @realamberheard I didn't say that men haven't lied, no the #metoo movt isn't for that.
When an allegation in made &amp; dismissed with prejudice by a Judge, it's set to ruin a person's life &amp; that of their family, that is wrong.
Heard has used the movt for her own gain, that is also wrong.",Twitter for Android,1079144996434034688,1078635204317720577,en,"[{'type': 'replied_to', 'id': '1079140542498394114'}]","[{'start': 14, 'end': 22, 'username': 'low2985', 'id': '27065314'}, {'start': 23, 'end': 36, 'username': 'kathygriffin', 'id': '21148293'}, {'start': 37, 'end': 52, 'username': 'realamberheard', 'id': '807003567605227520'}]",0,1,1,0,"[{'start': 0, 'end': 13, 'username': 'kathygriffin', 'id': '21148293'}]","[{'start': 76, 'end': 82, 'tag': 'TipIt'}]",21148293,2018-12-28T02:25:09.000Z,"@kathygriffin You rock!  Thank you, we should split a box of wine sometime! #TipIt",Twitter for iPhone,13,9,76,2,1078476918549172229,807003567605227520,en,realamberheard,807003567605227520,2016-12-08T23:26:58.000Z,190462,220,1151,567,Amber Heard,https://t.co/Ze18Ek9SOI,"Los Angeles, CA","Actor and Activist, semi-professional disruptor, ice cream advocate and shameless teacup yorkie-lover",https://pbs.twimg.com/profile_images/1383196364792680448/N8CdupEu_normal.jpg,thackerayarty,1078635204317720577,2018-12-28T12:54:07.000Z,697,750,10057,0,Thackeray 🇬🇧🇺🇦,,UK,"Music, Family, Designing, Teaching.",https://pbs.twimg.com/profile_images/1477454862170341381/GMRyjhYQ_normal.jpg,,"[{'start': 96, 'end': 102, 'tag': 'metoo'}]",
1078635204317720577,2018-12-29T22:22:09.000Z,@Thax0001 @low2985 @kathygriffin @realamberheard I think men may have told a few lies too in the past. Obviously the #metoo movement isn't for filing false police reports.,Twitter Web App,1079140542498394114,2657754290,en,"[{'type': 'replied_to', 'id': '1079139379019464705'}]","[{'start': 10, 'end': 18, 'username': 'low2985', 'id': '27065314'}, {'start': 19, 'end': 32, 'username': 'kathygriffin', 'id': '21148293'}, {'start': 33, 'end': 48, 'username': 'realamberheard', 'id': '807003567605227520'}]",0,1,0,0,"[{'start': 0, 'end': 13, 'username': 'kathygriffin', 'id': '21148293'}]","[{'start': 76, 'end': 82, 'tag': 'TipIt'}]",21148293,2018-12-28T02:25:09.000Z,"@kathygriffin You rock!  Thank you, we should split a box of wine sometime! #TipIt",Twitter for iPhone,13,9,76,2,1078476918549172229,807003567605227520,en,realamberheard,807003567605227520,2016-12-08T23:26:58.000Z,190462,220,1151,567,Amber Heard,https://t.co/Ze18Ek9SOI,"Los Angeles, CA","Actor and Activist, semi-professional disruptor, ice cream advocate and shameless teacup yorkie-lover",https://pbs.twimg.com/profile_images/1383196364792680448/N8CdupEu_normal.jpg,stylethefuture,2657754290,2014-07-18T21:14:50.000Z,2746,4239,19969,0,Jessica Ogden,https://t.co/gWrprBjYdj,"Suffolk, England","Resisting dehumanisation since 2012.

Feminist rescuing herself. 

Nowhere to hide from the force. 

Insta: jessica_ogden",https://pbs.twimg.com/profile_images/1166069228912414720/Wh3mQ931_normal.jpg,,"[{'start': 117, 'end': 123, 'tag': 'metoo'}]",
2657754290,2018-12-29T22:17:32.000Z,"@foodieebooks @low2985 @kathygriffin @realamberheard There is more evidence of Heard abusing Depp, including her admitting it in court docs, than there was of Depp abusing Heard.
As for the Police being involved, the LAPD were called &amp; they could find no evidence of him abusing her when they arrived at the apartment.
She lied.",Twitter for Android,1079139379019464705,1078635204317720577,en,"[{'type': 'replied_to', 'id': '1079126828110016514'}]","[{'start': 14, 'end': 22, 'username': 'low2985', 'id': '27065314'}, {'start': 23, 'end': 36, 'username': 'kathygriffin', 'id': '21148293'}, {'start': 37, 'end': 52, 'username': 'realamberheard', 'id': '807003567605227520'}]",0,1,1,0,"[{'start': 0, 'end': 13, 'username': 'kathygriffin', 'id': '21148293'}]","[{'start': 76, 'end': 82, 'tag': 'TipIt'}]",21148293,2018-12-28T02:25:09.000Z,"@kathygriffin You rock!  Thank you, we should split a box of wine sometime! #TipIt",Twitter for iPhone,13,9,76,2,1078476918549172229,807003567605227520,en,realamberheard,807003567605227520,2016-12-08T23:26:58.000Z,190462,220,1151,567,Amber Heard,https://t.co/Ze18Ek9SOI,"Los Angeles, CA","Actor and Activist, semi-professional disruptor, ice cream advocate and shameless teacup yorkie-lover",https://pbs.twimg.com/profile_images/1383196364792680448/N8CdupEu_normal.jpg,thackerayarty,1078635204317720577,2018-12-28T12:54:07.000Z,697,750,10057,0,Thackeray 🇬🇧🇺🇦,,UK,"Music, Family, Designing, Teaching.",https://pbs.twimg.com/profile_images/1477454862170341381/GMRyjhYQ_normal.jpg,"[{'start': 93, 'end': 96, 'probability': 0.9707, 'type': 'Person', 'normalized_text': 'Depp'}, {'start': 159, 'end': 162, 'probability': 0.9747, 'type': 'Person', 'normalized_text': 'Depp'}, {'start': 217, 'end': 220, 'probability': 0.3861, 'type': 'Organization', 'normalized_text': 'LAPD'}]",,
1078635204317720577,2018-12-29T21:27:39.000Z,@Thax0001 @low2985 @kathygriffin @realamberheard What men have been falsely accused of abuse? Go to the police if you know for a fact it's a false accusation.,Twitter Web App,1079126828110016514,2657754290,en,"[{'type': 'replied_to', 'id': '1079123788082622464'}]","[{'start': 10, 'end': 18, 'username': 'low2985', 'id': '27065314'}, {'start': 19, 'end': 32, 'username': 'kathygriffin', 'id': '21148293'}, {'start': 33, 'end': 48, 'username': 'realamberheard', 'id': '807003567605227520'}]",0,1,0,0,"[{'start': 0, 'end': 13, 'username': 'kathygriffin', 'id': '21148293'}]","[{'start': 76, 'end': 82, 'tag': 'TipIt'}]",21148293,2018-12-28T02:25:09.000Z,"@kathygriffin You rock!  Thank you, we should split a box of wine sometime! #TipIt",Twitter for iPhone,13,9,76,2,1078476918549172229,807003567605227520,en,realamberheard,807003567605227520,2016-12-08T23:26:58.000Z,190462,220,1151,567,Amber Heard,https://t.co/Ze18Ek9SOI,"Los Angeles, CA","Actor and Activist, semi-professional disruptor, ice cream advocate and shameless teacup yorkie-lover",https://pbs.twimg.com/profile_images/1383196364792680448/N8CdupEu_normal.jpg,stylethefuture,2657754290,2014-07-18T21:14:50.000Z,2746,4239,19969,0,Jessica Ogden,https://t.co/gWrprBjYdj,"Suffolk, England","Resisting dehumanisation since 2012.

Feminist rescuing herself. 

Nowhere to hide from the force. 

Insta: jessica_ogden",https://pbs.twimg.com/profile_images/1166069228912414720/Wh3mQ931_normal.jpg,,,
27065314,2018-12-29T21:15:34.000Z,"@low2985 @kathygriffin @realamberheard Yeah do that. Kindred spirits!
You could discuss why some women falsely accuse men of DV &amp; use the #MeToo movement to further their own career whilst making a mockery of those of us that have survived real abuse.
You both disgust me, and it would be great if you could disappear.",Twitter for Android,1079123788082622464,1078635204317720577,en,"[{'type': 'replied_to', 'id': '1078818392277164032'}]","[{'start': 0, 'end': 8, 'username': 'low2985', 'id': '27065314'}, {'start': 9, 'end': 22, 'username': 'kathygriffin', 'id': '21148293'}, {'start': 23, 'end': 38, 'username': 'realamberheard', 'id': '807003567605227520'}]",0,1,1,0,"[{'start': 0, 'end': 13, 'username': 'kathygriffin', 'id': '21148293'}]","[{'start': 76, 'end': 82, 'tag': 'TipIt'}]",21148293,2018-12-28T02:25:09.000Z,"@kathygriffin You rock!  Thank you, we should split a box of wine sometime! #TipIt",Twitter for iPhone,13,9,76,2,1078476918549172229,807003567605227520,en,realamberheard,807003567605227520,2016-12-08T23:26:58.000Z,190462,220,1151,567,Amber Heard,https://t.co/Ze18Ek9SOI,"Los Angeles, CA","Actor and Activist, semi-professional disruptor, ice cream advocate and shameless teacup yorkie-lover",https://pbs.twimg.com/profile_images/1383196364792680448/N8CdupEu_normal.jpg,thackerayarty,1078635204317720577,2018-12-28T12:54:07.000Z,697,750,10057,0,Thackeray 🇬🇧🇺🇦,,UK,"Music, Family, Designing, Teaching.",https://pbs.twimg.com/profile_images/1477454862170341381/GMRyjhYQ_normal.jpg,,"[{'start': 142, 'end': 148, 'tag': 'MeToo'}]",
21148293,2018-12-29T19:33:25.000Z,@kathygriffin @realamberheard Cheers to your successful careers #pathetic https://t.co/3FOwT19NhS,Twitter for Android,1079098078395813894,815993795057741829,en,"[{'type': 'replied_to', 'id': '1078770746078314496'}]","[{'start': 0, 'end': 13, 'username': 'kathygriffin', 'id': '21148293'}, {'start': 14, 'end': 29, 'username': 'realamberheard', 'id': '807003567605227520'}]",0,0,1,0,"[{'start': 0, 'end': 13, 'username': 'kathygriffin', 'id': '21148293'}]","[{'start': 76, 'end': 82, 'tag': 'TipIt'}]",21148293,2018-12-28T02:25:09.000Z,"@kathygriffin You rock!  Thank you, we should split a box of wine sometime! #TipIt",Twitter for iPhone,13,9,76,2,1078476918549172229,807003567605227520,en,realamberheard,807003567605227520,2016-12-08T23:26:58.000Z,190462,220,1151,567,Amber Heard,https://t.co/Ze18Ek9SOI,"Los Angeles, CA","Actor and Activist, semi-professional disruptor, ice cream advocate and shameless teacup yorkie-lover",https://pbs.twimg.com/profile_images/1383196364792680448/N8CdupEu_normal.jpg,Lifeisabirdsong,815993795057741829,2017-01-02T18:50:55.000Z,905,225,19096,3,Ang_Xim,,,I support Johnny Depp,https://pbs.twimg.com/profile_images/1323370018155847682/7tK_liLc_normal.png,,"[{'start': 64, 'end': 73, 'tag': 'pathetic'}]","[{'start': 74, 'end': 97, 'url': 'https://t.co/3FOwT19NhS', 'expanded_url': 'https://twitter.com/Lifeisabirdsong/status/1079098078395813894/photo/1', 'display_url': 'pic.twitter.com/3FOwT19NhS'}]"
1016802918635376640,2018-12-29T14:37:57.000Z,@RobertJauregui7 @kathygriffin @realamberheard I’m sure @realamberheard will get video......there’s always a charity she can give someone else’s money to.,Twitter for iPad,1079023724907646976,820791558836539392,en,"[{'type': 'replied_to', 'id': '1078777169487282176'}]","[{'start': 17, 'end': 30, 'username': 'kathygriffin', 'id': '21148293'}, {'start': 31, 'end': 46, 'username': 'realamberheard', 'id': '807003567605227520'}, {'start': 56, 'end': 71, 'username': 'realamberheard', 'id': '807003567605227520'}]",0,0,0,0,"[{'start': 0, 'end': 13, 'username': 'kathygriffin', 'id': '21148293'}]","[{'start': 76, 'end': 82, 'tag': 'TipIt'}]",21148293,2018-12-28T02:25:09.000Z,"@kathygriffin You rock!  Thank you, we should split a box of wine sometime! #TipIt",Twitter for iPhone,13,9,76,2,1078476918549172229,807003567605227520,en,realamberheard,807003567605227520,2016-12-08T23:26:58.000Z,190462,220,1151,567,Amber Heard,https://t.co/Ze18Ek9SOI,"Los Angeles, CA","Actor and Activist, semi-professional disruptor, ice cream advocate and shameless teacup yorkie-lover",https://pbs.twimg.com/profile_images/1383196364792680448/N8CdupEu_normal.jpg,professor_gumby,820791558836539392,2017-01-16T00:35:32.000Z,127,571,7639,0,Professor R.J. Gumby,,In the Night Kitchen,~ I’m a witty little ditty ~,https://pbs.twimg.com/profile_images/1235102429634531329/_FltZQhb_normal.jpg,,,
21148293,2018-12-29T13:12:40.000Z,@kathygriffin @realamberheard Be careful drinking wine with @realamberheard..she makes video recordings with her phone so she can “donate” to charity with someone else’s money.,Twitter for iPad,1079002262725382144,820791558836539392,en,"[{'type': 'replied_to', 'id': '1078770746078314496'}]","[{'start': 0, 'end': 13, 'username': 'kathygriffin', 'id': '21148293'}, {'start': 14, 'end': 29, 'username': 'realamberheard', 'id': '807003567605227520'}, {'start': 60, 'end': 75, 'username': 'realamberheard', 'id': '807003567605227520'}]",1,1,11,0,"[{'start': 0, 'end': 13, 'username': 'kathygriffin', 'id': '21148293'}]","[{'start': 76, 'end': 82, 'tag': 'TipIt'}]",21148293,2018-12-28T02:25:09.000Z,"@kathygriffin You rock!  Thank you, we should split a box of wine sometime! #TipIt",Twitter for iPhone,13,9,76,2,1078476918549172229,807003567605227520,en,realamberheard,807003567605227520,2016-12-08T23:26:58.000Z,190462,220,1151,567,Amber Heard,https://t.co/Ze18Ek9SOI,"Los Angeles, CA","Actor and Activist, semi-professional disruptor, ice cream advocate and shameless teacup yorkie-lover",https://pbs.twimg.com/profile_images/1383196364792680448/N8CdupEu_normal.jpg,professor_gumby,820791558836539392,2017-01-16T00:35:32.000Z,127,571,7639,0,Professor R.J. Gumby,,In the Night Kitchen,~ I’m a witty little ditty ~,https://pbs.twimg.com/profile_images/1235102429634531329/_FltZQhb_normal.jpg,,,
21148293,2018-12-29T01:02:02.000Z,@kathygriffin @realamberheard Disgusting,Twitter for iPhone,1078818392277164032,27065314,en,"[{'type': 'replied_to', 'id': '1078770746078314496'}]","[{'start': 0, 'end': 13, 'username': 'kathygriffin', 'id': '21148293'}, {'start': 14, 'end': 29, 'username': 'realamberheard', 'id': '807003567605227520'}]",0,1,2,0,"[{'start': 0, 'end': 13, 'username': 'kathygriffin', 'id': '21148293'}]","[{'start': 76, 'end': 82, 'tag': 'TipIt'}]",21148293,2018-12-28T02:25:09.000Z,"@kathygriffin You rock!  Thank you, we should split a box of wine sometime! #TipIt",Twitter for iPhone,13,9,76,2,1078476918549172229,807003567605227520,en,realamberheard,807003567605227520,2016-12-08T23:26:58.000Z,190462,220,1151,567,Amber Heard,https://t.co/Ze18Ek9SOI,"Los Angeles, CA","Actor and Activist, semi-professional disruptor, ice cream advocate and shameless teacup yorkie-lover",https://pbs.twimg.com/profile_images/1383196364792680448/N8CdupEu_normal.jpg,low2985,27065314,2009-03-27T18:34:57.000Z,831,1913,24368,0,laura🏴‍☠️,,United Kingdom,Karma Is A Bitch😘 MUFC⚽️♥️#DontBuyTheSun Fake Feminist Not Welcome #FuckTheTories,https://pbs.twimg.com/profile_images/878677451647406085/Cd7fnh0M_normal.jpg,,,
21148293,2018-12-28T23:39:18.000Z,@kathygriffin @realamberheard You are disgusting for defending this liar &amp; abuser. I'm A REAL DV survivor &amp; amber heard is a huge insult to real victims! She abused him then FRAMED HIM AFTER He rejected her demands in a blackmail letter. Its beyond disgusting that this violent woman keeps getting glorified 😡 https://t.co/oeluLZRDaJ,Twitter for Android,1078797570451886080,529984830,en,"[{'type': 'replied_to', 'id': '1078770746078314496'}]","[{'start': 0, 'end': 13, 'username': 'kathygriffin', 'id': '21148293'}, {'start': 14, 'end': 29, 'username': 'realamberheard', 'id': '807003567605227520'}]",2,0,6,0,"[{'start': 0, 'end': 13, 'username': 'kathygriffin', 'id': '21148293'}]","[{'start': 76, 'end': 82, 'tag': 'TipIt'}]",21148293,2018-12-28T02:25:09.000Z,"@kathygriffin You rock!  Thank you, we should split a box of wine sometime! #TipIt",Twitter for iPhone,13,9,76,2,1078476918549172229,807003567605227520,en,realamberheard,807003567605227520,2016-12-08T23:26:58.000Z,190462,220,1151,567,Amber Heard,https://t.co/Ze18Ek9SOI,"Los Angeles, CA","Actor and Activist, semi-professional disruptor, ice cream advocate and shameless teacup yorkie-lover",https://pbs.twimg.com/profile_images/1383196364792680448/N8CdupEu_normal.jpg,hazeleyeangel78,529984830,2012-03-20T00:33:50.000Z,1091,1970,11216,4,melissa s.78,,"Pennsylvania, USA",old username was @ mrsluv78.,https://pbs.twimg.com/profile_images/1280342285876629508/GyPc6tNT_normal.jpg,"[{'start': 108, 'end': 112, 'probability': 0.8053, 'type': 'Person', 'normalized_text': 'amber'}]",,"[{'start': 318, 'end': 341, 'url': 'https://t.co/oeluLZRDaJ', 'expanded_url': 'https://twitter.com/mrsluv78/status/1078797570451886080/photo/1', 'display_url': 'pic.twitter.com/oeluLZRDaJ'}, {'start': 318, 'end': 341, 'url': 'https://t.co/oeluLZRDaJ', 'expanded_url': 'https://twitter.com/mrsluv78/status/1078797570451886080/photo/1', 'display_url': 'pic.twitter.com/oeluLZRDaJ'}, {'start': 318, 'end': 341, 'url': 'https://t.co/oeluLZRDaJ', 'expanded_url': 'https://twitter.com/mrsluv78/status/1078797570451886080/photo/1', 'display_url': 'pic.twitter.com/oeluLZRDaJ'}, {'start': 318, 'end': 341, 'url': 'https://t.co/oeluLZRDaJ', 'expanded_url': 'https://twitter.com/mrsluv78/status/1078797570451886080/photo/1', 'display_url': 'pic.twitter.com/oeluLZRDaJ'}]"
807003567605227520,2018-12-28T21:52:43.000Z,"@realamberheard Anytime, gurrrl!",Twitter for iPhone,1078770746078314496,21148293,en,"[{'type': 'replied_to', 'id': '1078476918549172229'}]","[{'start': 0, 'end': 15, 'username': 'realamberheard', 'id': '807003567605227520'}]",6,6,26,1,"[{'start': 0, 'end': 13, 'username': 'kathygriffin', 'id': '21148293'}]","[{'start': 76, 'end': 82, 'tag': 'TipIt'}]",21148293,2018-12-28T02:25:09.000Z,"@kathygriffin You rock!  Thank you, we should split a box of wine sometime! #TipIt",Twitter for iPhone,13,9,76,2,1078476918549172229,807003567605227520,en,realamberheard,807003567605227520,2016-12-08T23:26:58.000Z,190462,220,1151,567,Amber Heard,https://t.co/Ze18Ek9SOI,"Los Angeles, CA","Actor and Activist, semi-professional disruptor, ice cream advocate and shameless teacup yorkie-lover",https://pbs.twimg.com/profile_images/1383196364792680448/N8CdupEu_normal.jpg,kathygriffin,21148293,2009-02-17T23:54:04.000Z,2101005,1142,44193,18199,Kathy Griffin,https://t.co/nWTPu96DU1,,Mayor of Zero F**Ksville. 2-Time Emmy & Grammy Award Winning Comedian. 2-Time NYT Bestselling Author. 23 specials. 1 feature film.,https://pbs.twimg.com/profile_images/1110276766243786753/5PdmhehD_normal.jpg,,,
807003567605227520,2018-12-28T20:26:03.000Z,"@realamberheard @kathygriffin Go watch Big Hero 6 with albert. Also, what have you heard and what do you hear?",Twitter for Android,1078748936498831360,1078432567827808257,en,"[{'type': 'replied_to', 'id': '1078476918549172229'}]","[{'start': 0, 'end': 15, 'username': 'realamberheard', 'id': '807003567605227520'}, {'start': 16, 'end': 29, 'username': 'kathygriffin', 'id': '21148293'}]",0,0,0,0,"[{'start': 0, 'end': 13, 'username': 'kathygriffin', 'id': '21148293'}]","[{'start': 76, 'end': 82, 'tag': 'TipIt'}]",21148293,2018-12-28T02:25:09.000Z,"@kathygriffin You rock!  Thank you, we should split a box of wine sometime! #TipIt",Twitter for iPhone,13,9,76,2,1078476918549172229,807003567605227520,en,realamberheard,807003567605227520,2016-12-08T23:26:58.000Z,190462,220,1151,567,Amber Heard,https://t.co/Ze18Ek9SOI,"Los Angeles, CA","Actor and Activist, semi-professional disruptor, ice cream advocate and shameless teacup yorkie-lover",https://pbs.twimg.com/profile_images/1383196364792680448/N8CdupEu_normal.jpg,ShiftysNewLand,1078432567827808257,2018-12-27T23:28:55.000Z,4,23,99,0,DayWasntHere,,,Zaza,https://pbs.twimg.com/profile_images/1357020910847483907/_2Mk_bIC_normal.jpg,"[{'start': 39, 'end': 48, 'probability': 0.5961, 'type': 'Other', 'normalized_text': 'Big Hero 6'}]",,
807003567605227520,2018-12-28T10:55:38.000Z,"@realamberheard @kathygriffin #Shelives4him wakes every day to think and talk, his name on her lips her experiences she makes up for him she will not face the truth she could not exist without him she would not have anything if she had not married him.",Twitter Web Client,1078605385999757312,1078602959242620929,en,"[{'type': 'replied_to', 'id': '1078476918549172229'}]","[{'start': 0, 'end': 15, 'username': 'realamberheard', 'id': '807003567605227520'}, {'start': 16, 'end': 29, 'username': 'kathygriffin', 'id': '21148293'}]",0,0,2,0,"[{'start': 0, 'end': 13, 'username': 'kathygriffin', 'id': '21148293'}]","[{'start': 76, 'end': 82, 'tag': 'TipIt'}]",21148293,2018-12-28T02:25:09.000Z,"@kathygriffin You rock!  Thank you, we should split a box of wine sometime! #TipIt",Twitter for iPhone,13,9,76,2,1078476918549172229,807003567605227520,en,realamberheard,807003567605227520,2016-12-08T23:26:58.000Z,190462,220,1151,567,Amber Heard,https://t.co/Ze18Ek9SOI,"Los Angeles, CA","Actor and Activist, semi-professional disruptor, ice cream advocate and shameless teacup yorkie-lover",https://pbs.twimg.com/profile_images/1383196364792680448/N8CdupEu_normal.jpg,RangRobbie,1078602959242620929,2018-12-28T10:45:59.000Z,0,0,3,0,robbieRang,,,,https://abs.twimg.com/sticky/default_profile_images/default_profile_normal.png,,"[{'start': 30, 'end': 43, 'tag': 'Shelives4him'}]",
807003567605227520,2018-12-28T03:34:01.000Z,@realamberheard @kathygriffin 💖💖💖,Twitter for iPhone,1078494250642227200,957947512538595329,und,"[{'type': 'replied_to', 'id': '1078476918549172229'}]","[{'start': 0, 'end': 15, 'username': 'realamberheard', 'id': '807003567605227520'}, {'start': 16, 'end': 29, 'username': 'kathygriffin', 'id': '21148293'}]",0,0,0,0,"[{'start': 0, 'end': 13, 'username': 'kathygriffin', 'id': '21148293'}]","[{'start': 76, 'end': 82, 'tag': 'TipIt'}]",21148293,2018-12-28T02:25:09.000Z,"@kathygriffin You rock!  Thank you, we should split a box of wine sometime! #TipIt",Twitter for iPhone,13,9,76,2,1078476918549172229,807003567605227520,en,realamberheard,807003567605227520,2016-12-08T23:26:58.000Z,190462,220,1151,567,Amber Heard,https://t.co/Ze18Ek9SOI,"Los Angeles, CA","Actor and Activist, semi-professional disruptor, ice cream advocate and shameless teacup yorkie-lover",https://pbs.twimg.com/profile_images/1383196364792680448/N8CdupEu_normal.jpg,SimonSoo99,957947512538595329,2018-01-29T12:04:19.000Z,4,59,78,0,Simon Soo,,,,https://pbs.twimg.com/profile_images/1078446693677297669/5G3qQls3_normal.jpg,,,
807003567605227520,2018-12-28T02:27:09.000Z,@realamberheard @kathygriffin YASSSS! DO IT! Share it with Maggie too! #Queens! 👑 👑 👑,Twitter Web Client,1078477423992336384,47495880,en,"[{'type': 'replied_to', 'id': '1078476918549172229'}]","[{'start': 0, 'end': 15, 'username': 'realamberheard', 'id': '807003567605227520'}, {'start': 16, 'end': 29, 'username': 'kathygriffin', 'id': '21148293'}]",0,0,5,0,"[{'start': 0, 'end': 13, 'username': 'kathygriffin', 'id': '21148293'}]","[{'start': 76, 'end': 82, 'tag': 'TipIt'}]",21148293,2018-12-28T02:25:09.000Z,"@kathygriffin You rock!  Thank you, we should split a box of wine sometime! #TipIt",Twitter for iPhone,13,9,76,2,1078476918549172229,807003567605227520,en,realamberheard,807003567605227520,2016-12-08T23:26:58.000Z,190462,220,1151,567,Amber Heard,https://t.co/Ze18Ek9SOI,"Los Angeles, CA","Actor and Activist, semi-professional disruptor, ice cream advocate and shameless teacup yorkie-lover",https://pbs.twimg.com/profile_images/1383196364792680448/N8CdupEu_normal.jpg,total_silliness,47495880,2009-06-16T00:50:13.000Z,385,799,19279,5,Katie,,"Los Angeles, CA",Professional Nap Taker and Nap Dress Wearer. Hoarder of books and red lipstick. She/Her.,https://pbs.twimg.com/profile_images/378800000526968506/ba2d2bc448cf91c8994ca0a60860432a_normal.jpeg,"[{'start': 59, 'end': 64, 'probability': 0.9851, 'type': 'Person', 'normalized_text': 'Maggie'}]","[{'start': 71, 'end': 78, 'tag': 'Queens'}]",
