referenced_tweets,id,lang,text,created_at,source,author_id,in_reply_to_user_id,entities.mentions,entities.hashtags,public_metrics.retweet_count,public_metrics.reply_count,public_metrics.like_count,public_metrics.quote_count,replied_tweet.referenced_tweets,replied_tweet.id,replied_tweet.entities.hashtags,replied_tweet.entities.urls,replied_tweet.lang,replied_tweet.text,replied_tweet.created_at,replied_tweet.source,replied_tweet.author_id,replied_tweet.public_metrics.retweet_count,replied_tweet.public_metrics.reply_count,replied_tweet.public_metrics.like_count,replied_tweet.public_metrics.quote_count,replied_tweet.author.public_metrics.followers_count,replied_tweet.author.public_metrics.following_count,replied_tweet.author.public_metrics.tweet_count,replied_tweet.author.public_metrics.listed_count,replied_tweet.author.created_at,replied_tweet.author.id,replied_tweet.author.location,replied_tweet.author.name,replied_tweet.author.profile_image_url,replied_tweet.author.username,replied_tweet.author.url,replied_tweet.author.description,author.public_metrics.followers_count,author.public_metrics.following_count,author.public_metrics.tweet_count,author.public_metrics.listed_count,author.created_at,author.id,author.location,author.name,author.profile_image_url,author.username,author.url,author.description,entities.annotations,entities.urls
"[{'type': 'replied_to', 'id': '1086788465520300032'}]",1090303311809597440,en,@realamberheard #heforshe ...... UN Should provide her,2019-01-29T17:39:01.000Z,Twitter for Android,835484945162383361,807003567605227520,"[{'start': 0, 'end': 15, 'username': 'realamberheard', 'id': '807003567605227520'}]","[{'start': 16, 'end': 25, 'tag': 'heforshe'}]",0,0,0,0,"[{'type': 'quoted', 'id': '1082340854952546305'}]",1086788465520300032,"[{'start': 0, 'end': 10, 'tag': 'SaveRahaf'}]","[{'start': 11, 'end': 34, 'url': 'https://t.co/0lxzJeRSTi', 'expanded_url': 'https://twitter.com/rdfrs/status/1082340854952546305', 'display_url': 'twitter.com/rdfrs/status/1…'}]",und,#SaveRahaf https://t.co/0lxzJeRSTi,2019-01-20T00:52:16.000Z,Twitter for iPad,807003567605227520,91,24,713,17,190464,220,1151,568,2016-12-08T23:26:58.000Z,807003567605227520,"Los Angeles, CA",Amber Heard,https://pbs.twimg.com/profile_images/1383196364792680448/N8CdupEu_normal.jpg,realamberheard,https://t.co/Ze18Ek9SOI,"Actor and Activist, semi-professional disruptor, ice cream advocate and shameless teacup yorkie-lover",8,22,39,0,2017-02-25T13:41:48.000Z,835484945162383361,"Uttar Pradesh, India",Enkit Singh,https://pbs.twimg.com/profile_images/1297694008483799040/0DdTGKhe_normal.jpg,enkits01,,Everything burns,,
"[{'type': 'replied_to', 'id': '1086788465520300032'}]",1089015216787066880,en,@realamberheard Richard Dawkins and overlooking islam..no way!😂,2019-01-26T04:20:35.000Z,Twitter Web Client,122644626,807003567605227520,"[{'start': 0, 'end': 15, 'username': 'realamberheard', 'id': '807003567605227520'}]",,0,0,0,0,"[{'type': 'quoted', 'id': '1082340854952546305'}]",1086788465520300032,"[{'start': 0, 'end': 10, 'tag': 'SaveRahaf'}]","[{'start': 11, 'end': 34, 'url': 'https://t.co/0lxzJeRSTi', 'expanded_url': 'https://twitter.com/rdfrs/status/1082340854952546305', 'display_url': 'twitter.com/rdfrs/status/1…'}]",und,#SaveRahaf https://t.co/0lxzJeRSTi,2019-01-20T00:52:16.000Z,Twitter for iPad,807003567605227520,91,24,713,17,190464,220,1151,568,2016-12-08T23:26:58.000Z,807003567605227520,"Los Angeles, CA",Amber Heard,https://pbs.twimg.com/profile_images/1383196364792680448/N8CdupEu_normal.jpg,realamberheard,https://t.co/Ze18Ek9SOI,"Actor and Activist, semi-professional disruptor, ice cream advocate and shameless teacup yorkie-lover",1075,2278,60541,0,2010-03-13T11:47:35.000Z,122644626,The Netherlands,Ronald Klijn 🏂 💉💉💉,https://pbs.twimg.com/profile_images/1506952369392828417/ouKGmbqQ_normal.jpg,Gettunoiu,,Psychology. Politics. That 1080 guy. Meat=Murder. 99% read-only until ?,"[{'start': 16, 'end': 30, 'probability': 0.9962, 'type': 'Person', 'normalized_text': 'Richard Dawkins'}]",
"[{'type': 'replied_to', 'id': '1086788465520300032'}]",1087717321425203201,en,"@realamberheard Why do not you talk about Nada Ali @NadaAli63996837 ?
Oh yes she is Muslim and veiled does not deserve sympathy 
So This is for you https://t.co/d2hFExMHLB",2019-01-22T14:23:12.000Z,Twitter for Android,1057221937892605952,807003567605227520,"[{'start': 0, 'end': 15, 'username': 'realamberheard', 'id': '807003567605227520'}]",,0,0,1,0,"[{'type': 'quoted', 'id': '1082340854952546305'}]",1086788465520300032,"[{'start': 0, 'end': 10, 'tag': 'SaveRahaf'}]","[{'start': 11, 'end': 34, 'url': 'https://t.co/0lxzJeRSTi', 'expanded_url': 'https://twitter.com/rdfrs/status/1082340854952546305', 'display_url': 'twitter.com/rdfrs/status/1…'}]",und,#SaveRahaf https://t.co/0lxzJeRSTi,2019-01-20T00:52:16.000Z,Twitter for iPad,807003567605227520,91,24,713,17,190464,220,1151,568,2016-12-08T23:26:58.000Z,807003567605227520,"Los Angeles, CA",Amber Heard,https://pbs.twimg.com/profile_images/1383196364792680448/N8CdupEu_normal.jpg,realamberheard,https://t.co/Ze18Ek9SOI,"Actor and Activist, semi-professional disruptor, ice cream advocate and shameless teacup yorkie-lover",180,316,15929,0,2018-10-30T10:45:27.000Z,1057221937892605952,,RASHA.,https://pbs.twimg.com/profile_images/1488348411313197061/eiNCWZ--_normal.jpg,Quesigue_,,سوف تلهو بنا الحياة وتخسر,"[{'start': 42, 'end': 49, 'probability': 0.8954, 'type': 'Person', 'normalized_text': 'Nada Ali'}, {'start': 84, 'end': 89, 'probability': 0.4576, 'type': 'Person', 'normalized_text': 'Muslim'}]","[{'start': 148, 'end': 171, 'url': 'https://t.co/d2hFExMHLB', 'expanded_url': 'https://twitter.com/Quesigue_/status/1087717321425203201/photo/1', 'display_url': 'pic.twitter.com/d2hFExMHLB'}]"
"[{'type': 'replied_to', 'id': '1086788465520300032'}]",1087014456423563264,en,@realamberheard Johnny Depp,2019-01-20T15:50:16.000Z,Twitter Web App,711520862663483393,807003567605227520,"[{'start': 0, 'end': 15, 'username': 'realamberheard', 'id': '807003567605227520'}]",,0,0,2,0,"[{'type': 'quoted', 'id': '1082340854952546305'}]",1086788465520300032,"[{'start': 0, 'end': 10, 'tag': 'SaveRahaf'}]","[{'start': 11, 'end': 34, 'url': 'https://t.co/0lxzJeRSTi', 'expanded_url': 'https://twitter.com/rdfrs/status/1082340854952546305', 'display_url': 'twitter.com/rdfrs/status/1…'}]",und,#SaveRahaf https://t.co/0lxzJeRSTi,2019-01-20T00:52:16.000Z,Twitter for iPad,807003567605227520,91,24,713,17,190464,220,1151,568,2016-12-08T23:26:58.000Z,807003567605227520,"Los Angeles, CA",Amber Heard,https://pbs.twimg.com/profile_images/1383196364792680448/N8CdupEu_normal.jpg,realamberheard,https://t.co/Ze18Ek9SOI,"Actor and Activist, semi-professional disruptor, ice cream advocate and shameless teacup yorkie-lover",299,604,18661,1,2016-03-20T11:52:47.000Z,711520862663483393,Sad Hill Cemetery,Shalashaska,https://pbs.twimg.com/profile_images/1492950749680218118/ICQdPH3e_normal.jpg,gelndo,,Roses are red violets are blue I'm big boss and so are you | member in the breakfast club |outlaw to the end | in @kojipro2015 we trust,"[{'start': 16, 'end': 26, 'probability': 0.9856, 'type': 'Person', 'normalized_text': 'Johnny Depp'}]",
"[{'type': 'replied_to', 'id': '1086788465520300032'}]",1086986594530312192,en,@realamberheard I am a fan my name is Tayshawn you is my favorite I will love to work with you I really do want to come work with you,2019-01-20T13:59:34.000Z,Twitter for iPhone,1075918621220712448,807003567605227520,"[{'start': 0, 'end': 15, 'username': 'realamberheard', 'id': '807003567605227520'}]",,0,0,0,0,"[{'type': 'quoted', 'id': '1082340854952546305'}]",1086788465520300032,"[{'start': 0, 'end': 10, 'tag': 'SaveRahaf'}]","[{'start': 11, 'end': 34, 'url': 'https://t.co/0lxzJeRSTi', 'expanded_url': 'https://twitter.com/rdfrs/status/1082340854952546305', 'display_url': 'twitter.com/rdfrs/status/1…'}]",und,#SaveRahaf https://t.co/0lxzJeRSTi,2019-01-20T00:52:16.000Z,Twitter for iPad,807003567605227520,91,24,713,17,190464,220,1151,568,2016-12-08T23:26:58.000Z,807003567605227520,"Los Angeles, CA",Amber Heard,https://pbs.twimg.com/profile_images/1383196364792680448/N8CdupEu_normal.jpg,realamberheard,https://t.co/Ze18Ek9SOI,"Actor and Activist, semi-professional disruptor, ice cream advocate and shameless teacup yorkie-lover",4,52,28,0,2018-12-21T00:59:23.000Z,1075918621220712448,"Minnesota, USA",Tayshawn Williams,https://pbs.twimg.com/profile_images/1075919832082776064/8ptD0zAx_normal.jpg,TayshawnWilli14,,Khloe Kardashian,"[{'start': 38, 'end': 45, 'probability': 0.7299, 'type': 'Person', 'normalized_text': 'Tayshawn'}]",
"[{'type': 'replied_to', 'id': '1086788465520300032'}]",1086914419790102528,und,@realamberheard 🏃‍♂️,2019-01-20T09:12:46.000Z,Twitter for iPhone,1054126563975929857,807003567605227520,"[{'start': 0, 'end': 15, 'username': 'realamberheard', 'id': '807003567605227520'}]",,0,0,0,0,"[{'type': 'quoted', 'id': '1082340854952546305'}]",1086788465520300032,"[{'start': 0, 'end': 10, 'tag': 'SaveRahaf'}]","[{'start': 11, 'end': 34, 'url': 'https://t.co/0lxzJeRSTi', 'expanded_url': 'https://twitter.com/rdfrs/status/1082340854952546305', 'display_url': 'twitter.com/rdfrs/status/1…'}]",und,#SaveRahaf https://t.co/0lxzJeRSTi,2019-01-20T00:52:16.000Z,Twitter for iPad,807003567605227520,91,24,713,17,190464,220,1151,568,2016-12-08T23:26:58.000Z,807003567605227520,"Los Angeles, CA",Amber Heard,https://pbs.twimg.com/profile_images/1383196364792680448/N8CdupEu_normal.jpg,realamberheard,https://t.co/Ze18Ek9SOI,"Actor and Activist, semi-professional disruptor, ice cream advocate and shameless teacup yorkie-lover",20,170,871,0,2018-10-21T21:45:32.000Z,1054126563975929857,"Liverpool, England",Nabeel abd,https://pbs.twimg.com/profile_images/1054126883741274112/m4vzrKfb_normal.jpg,FayedNabeel,,,,
"[{'type': 'replied_to', 'id': '1086796321317621760'}]",1086911825122377728,en,@alssess1 @Neil_George8412 @realamberheard Spoken like a man who has no concept of what freedom means.,2019-01-20T09:02:27.000Z,Twitter for Android,77713529,2170588311,"[{'start': 0, 'end': 9, 'username': 'alssess1', 'id': '2170588311'}, {'start': 10, 'end': 26, 'username': 'Neil_George8412', 'id': '113129259'}, {'start': 27, 'end': 42, 'username': 'realamberheard', 'id': '807003567605227520'}]",,0,0,0,0,"[{'type': 'quoted', 'id': '1082340854952546305'}]",1086788465520300032,"[{'start': 0, 'end': 10, 'tag': 'SaveRahaf'}]","[{'start': 11, 'end': 34, 'url': 'https://t.co/0lxzJeRSTi', 'expanded_url': 'https://twitter.com/rdfrs/status/1082340854952546305', 'display_url': 'twitter.com/rdfrs/status/1…'}]",und,#SaveRahaf https://t.co/0lxzJeRSTi,2019-01-20T00:52:16.000Z,Twitter for iPad,807003567605227520,91,24,713,17,190464,220,1151,568,2016-12-08T23:26:58.000Z,807003567605227520,"Los Angeles, CA",Amber Heard,https://pbs.twimg.com/profile_images/1383196364792680448/N8CdupEu_normal.jpg,realamberheard,https://t.co/Ze18Ek9SOI,"Actor and Activist, semi-professional disruptor, ice cream advocate and shameless teacup yorkie-lover",20,41,1113,0,2009-09-27T11:09:52.000Z,77713529,England ,Peter,https://pbs.twimg.com/profile_images/1289248814/9P9wLJgO_normal,slidingwave,,Ageing bodysurfer,,
"[{'type': 'replied_to', 'id': '1086788465520300032'}]",1086878398360760320,en,"@realamberheard Hey, i m totally in support of this but maybe if u look deep and do a bit research the UN and the  world kept quiet when it was about the Yemeni girl a.k.a Nada seeking asylum in Canada. They let rafa in and welcomed her but Nada cuz she is from Yemen they want to deport her.",2019-01-20T06:49:38.000Z,Twitter for Android,1407649740,807003567605227520,"[{'start': 0, 'end': 15, 'username': 'realamberheard', 'id': '807003567605227520'}]",,0,0,0,0,"[{'type': 'quoted', 'id': '1082340854952546305'}]",1086788465520300032,"[{'start': 0, 'end': 10, 'tag': 'SaveRahaf'}]","[{'start': 11, 'end': 34, 'url': 'https://t.co/0lxzJeRSTi', 'expanded_url': 'https://twitter.com/rdfrs/status/1082340854952546305', 'display_url': 'twitter.com/rdfrs/status/1…'}]",und,#SaveRahaf https://t.co/0lxzJeRSTi,2019-01-20T00:52:16.000Z,Twitter for iPad,807003567605227520,91,24,713,17,190464,220,1151,568,2016-12-08T23:26:58.000Z,807003567605227520,"Los Angeles, CA",Amber Heard,https://pbs.twimg.com/profile_images/1383196364792680448/N8CdupEu_normal.jpg,realamberheard,https://t.co/Ze18Ek9SOI,"Actor and Activist, semi-professional disruptor, ice cream advocate and shameless teacup yorkie-lover",238,983,6144,0,2013-05-06T12:47:56.000Z,1407649740,"Muscat,Oman",尸Ʌ尺卞廾,https://pbs.twimg.com/profile_images/1089660595459293184/bjRzy-Po_normal.jpg,parthdas154,https://t.co/J7VowVZ4nv,"DJ from Zoelectric Project.


Flair for driving progressive, dark & underground mixing.


Exquisitely mean & purely honest.","[{'start': 195, 'end': 200, 'probability': 0.9961, 'type': 'Place', 'normalized_text': 'Canada'}, {'start': 212, 'end': 215, 'probability': 0.5633, 'type': 'Person', 'normalized_text': 'rafa'}, {'start': 262, 'end': 266, 'probability': 0.963, 'type': 'Place', 'normalized_text': 'Yemen'}]",
"[{'type': 'replied_to', 'id': '1086788465520300032'}]",1086852782240350208,und,@realamberheard 🙌❤💖💕🐬🐳🐋🐳🐬🐬🐳 @realamberheard https://t.co/JUNJOmRCPp,2019-01-20T05:07:50.000Z,Twitter for Android,1071614258096431104,807003567605227520,"[{'start': 0, 'end': 15, 'username': 'realamberheard', 'id': '807003567605227520'}, {'start': 28, 'end': 43, 'username': 'realamberheard', 'id': '807003567605227520'}]",,0,0,0,0,"[{'type': 'quoted', 'id': '1082340854952546305'}]",1086788465520300032,"[{'start': 0, 'end': 10, 'tag': 'SaveRahaf'}]","[{'start': 11, 'end': 34, 'url': 'https://t.co/0lxzJeRSTi', 'expanded_url': 'https://twitter.com/rdfrs/status/1082340854952546305', 'display_url': 'twitter.com/rdfrs/status/1…'}]",und,#SaveRahaf https://t.co/0lxzJeRSTi,2019-01-20T00:52:16.000Z,Twitter for iPad,807003567605227520,91,24,713,17,190464,220,1151,568,2016-12-08T23:26:58.000Z,807003567605227520,"Los Angeles, CA",Amber Heard,https://pbs.twimg.com/profile_images/1383196364792680448/N8CdupEu_normal.jpg,realamberheard,https://t.co/Ze18Ek9SOI,"Actor and Activist, semi-professional disruptor, ice cream advocate and shameless teacup yorkie-lover",5,82,389,0,2018-12-09T03:55:23.000Z,1071614258096431104,"DKI Jakarta,bali,Indonesia",Joya_wahid                          🐬🐳🐬🐳🐋🐳🐬,https://pbs.twimg.com/profile_images/1123131394597634050/m5Toggin_normal.jpg,Joyawahid1,,"@Lisaandriansalon💇💆💄💅
Hair n make up",,"[{'start': 44, 'end': 67, 'url': 'https://t.co/JUNJOmRCPp', 'expanded_url': 'https://twitter.com/Joyawahid1/status/1086852782240350208/photo/1', 'display_url': 'pic.twitter.com/JUNJOmRCPp'}]"
"[{'type': 'replied_to', 'id': '1086813556606230530'}]",1086814308959440897,ar,@Ellen86_ @realamberheard اقلبي وجهك,2019-01-20T02:34:57.000Z,Twitter for iPhone,735405559,967064246755495936,"[{'start': 10, 'end': 25, 'username': 'realamberheard', 'id': '807003567605227520'}]",,0,0,1,0,"[{'type': 'quoted', 'id': '1082340854952546305'}]",1086788465520300032,"[{'start': 0, 'end': 10, 'tag': 'SaveRahaf'}]","[{'start': 11, 'end': 34, 'url': 'https://t.co/0lxzJeRSTi', 'expanded_url': 'https://twitter.com/rdfrs/status/1082340854952546305', 'display_url': 'twitter.com/rdfrs/status/1…'}]",und,#SaveRahaf https://t.co/0lxzJeRSTi,2019-01-20T00:52:16.000Z,Twitter for iPad,807003567605227520,91,24,713,17,190464,220,1151,568,2016-12-08T23:26:58.000Z,807003567605227520,"Los Angeles, CA",Amber Heard,https://pbs.twimg.com/profile_images/1383196364792680448/N8CdupEu_normal.jpg,realamberheard,https://t.co/Ze18Ek9SOI,"Actor and Activist, semi-professional disruptor, ice cream advocate and shameless teacup yorkie-lover",554,294,14520,3,2012-08-03T19:24:45.000Z,735405559,Riyadh,زياد بن عبدالله,https://pbs.twimg.com/profile_images/1367862525883277313/tGB7d-_0_normal.jpg,1zyss,,Financial management 🇺🇸- Investor - living the dream - Prince of Bel Air ⚠️ - Playing NFS in real life #NAV,,
"[{'type': 'replied_to', 'id': '1086805530746781696'}]",1086813556606230530,ar,@Ziiyad_1419 @realamberheard احذف يامتخلف,2019-01-20T02:31:58.000Z,Twitter for iPhone,967064246755495936,735405559,"[{'start': 13, 'end': 28, 'username': 'realamberheard', 'id': '807003567605227520'}]",,0,1,1,0,"[{'type': 'quoted', 'id': '1082340854952546305'}]",1086788465520300032,"[{'start': 0, 'end': 10, 'tag': 'SaveRahaf'}]","[{'start': 11, 'end': 34, 'url': 'https://t.co/0lxzJeRSTi', 'expanded_url': 'https://twitter.com/rdfrs/status/1082340854952546305', 'display_url': 'twitter.com/rdfrs/status/1…'}]",und,#SaveRahaf https://t.co/0lxzJeRSTi,2019-01-20T00:52:16.000Z,Twitter for iPad,807003567605227520,91,24,713,17,190464,220,1151,568,2016-12-08T23:26:58.000Z,807003567605227520,"Los Angeles, CA",Amber Heard,https://pbs.twimg.com/profile_images/1383196364792680448/N8CdupEu_normal.jpg,realamberheard,https://t.co/Ze18Ek9SOI,"Actor and Activist, semi-professional disruptor, ice cream advocate and shameless teacup yorkie-lover",268,259,7124,5,2018-02-23T15:50:58.000Z,967064246755495936,,Ale,https://pbs.twimg.com/profile_images/1501955904043995143/VtSTNf7u_normal.jpg,urlilharlot,,dreaming away your life,,
"[{'type': 'replied_to', 'id': '1086788465520300032'}]",1086805530746781696,en,"@realamberheard Bit*h u dont know what u talking About 

 So delete this tweet 👀",2019-01-20T02:00:05.000Z,Twitter for iPhone,735405559,807003567605227520,"[{'start': 0, 'end': 15, 'username': 'realamberheard', 'id': '807003567605227520'}]",,0,1,2,0,"[{'type': 'quoted', 'id': '1082340854952546305'}]",1086788465520300032,"[{'start': 0, 'end': 10, 'tag': 'SaveRahaf'}]","[{'start': 11, 'end': 34, 'url': 'https://t.co/0lxzJeRSTi', 'expanded_url': 'https://twitter.com/rdfrs/status/1082340854952546305', 'display_url': 'twitter.com/rdfrs/status/1…'}]",und,#SaveRahaf https://t.co/0lxzJeRSTi,2019-01-20T00:52:16.000Z,Twitter for iPad,807003567605227520,91,24,713,17,190464,220,1151,568,2016-12-08T23:26:58.000Z,807003567605227520,"Los Angeles, CA",Amber Heard,https://pbs.twimg.com/profile_images/1383196364792680448/N8CdupEu_normal.jpg,realamberheard,https://t.co/Ze18Ek9SOI,"Actor and Activist, semi-professional disruptor, ice cream advocate and shameless teacup yorkie-lover",554,294,14520,3,2012-08-03T19:24:45.000Z,735405559,Riyadh,زياد بن عبدالله,https://pbs.twimg.com/profile_images/1367862525883277313/tGB7d-_0_normal.jpg,1zyss,,Financial management 🇺🇸- Investor - living the dream - Prince of Bel Air ⚠️ - Playing NFS in real life #NAV,,
"[{'type': 'replied_to', 'id': '1086788465520300032'}]",1086800592645828609,en,@realamberheard Not Your Business 🙂,2019-01-20T01:40:27.000Z,Twitter for iPhone,797932033,807003567605227520,"[{'start': 0, 'end': 15, 'username': 'realamberheard', 'id': '807003567605227520'}]",,0,0,1,0,"[{'type': 'quoted', 'id': '1082340854952546305'}]",1086788465520300032,"[{'start': 0, 'end': 10, 'tag': 'SaveRahaf'}]","[{'start': 11, 'end': 34, 'url': 'https://t.co/0lxzJeRSTi', 'expanded_url': 'https://twitter.com/rdfrs/status/1082340854952546305', 'display_url': 'twitter.com/rdfrs/status/1…'}]",und,#SaveRahaf https://t.co/0lxzJeRSTi,2019-01-20T00:52:16.000Z,Twitter for iPad,807003567605227520,91,24,713,17,190464,220,1151,568,2016-12-08T23:26:58.000Z,807003567605227520,"Los Angeles, CA",Amber Heard,https://pbs.twimg.com/profile_images/1383196364792680448/N8CdupEu_normal.jpg,realamberheard,https://t.co/Ze18Ek9SOI,"Actor and Activist, semi-professional disruptor, ice cream advocate and shameless teacup yorkie-lover",187,409,20782,1,2012-09-02T09:50:06.000Z,797932033,Jeddah,AB,https://pbs.twimg.com/profile_images/1416964282764382209/p__QVNRw_normal.jpg,aboody997,,Desperate,,
"[{'type': 'replied_to', 'id': '1086788465520300032'}]",1086800201225043968,und,@realamberheard Why?,2019-01-20T01:38:54.000Z,Twitter for Android,1083538331336654848,807003567605227520,"[{'start': 0, 'end': 15, 'username': 'realamberheard', 'id': '807003567605227520'}]",,0,0,0,0,"[{'type': 'quoted', 'id': '1082340854952546305'}]",1086788465520300032,"[{'start': 0, 'end': 10, 'tag': 'SaveRahaf'}]","[{'start': 11, 'end': 34, 'url': 'https://t.co/0lxzJeRSTi', 'expanded_url': 'https://twitter.com/rdfrs/status/1082340854952546305', 'display_url': 'twitter.com/rdfrs/status/1…'}]",und,#SaveRahaf https://t.co/0lxzJeRSTi,2019-01-20T00:52:16.000Z,Twitter for iPad,807003567605227520,91,24,713,17,190464,220,1151,568,2016-12-08T23:26:58.000Z,807003567605227520,"Los Angeles, CA",Amber Heard,https://pbs.twimg.com/profile_images/1383196364792680448/N8CdupEu_normal.jpg,realamberheard,https://t.co/Ze18Ek9SOI,"Actor and Activist, semi-professional disruptor, ice cream advocate and shameless teacup yorkie-lover",0,22,5,0,2019-01-11T01:37:24.000Z,1083538331336654848,,Natan,https://abs.twimg.com/sticky/default_profile_images/default_profile_normal.png,Natan67462614,,,,
"[{'type': 'replied_to', 'id': '1086788465520300032'}]",1086792471101820933,en,"@realamberheard Islam gives more rights to women then men. Her countrys laws and the culture were the problem here. I agree she needs to be helped and protected. That's what Islam would say, regardless of her faith or choice to cover herself.",2019-01-20T01:08:11.000Z,Twitter for Android,2235609953,807003567605227520,"[{'start': 0, 'end': 15, 'username': 'realamberheard', 'id': '807003567605227520'}]",,0,0,0,0,"[{'type': 'quoted', 'id': '1082340854952546305'}]",1086788465520300032,"[{'start': 0, 'end': 10, 'tag': 'SaveRahaf'}]","[{'start': 11, 'end': 34, 'url': 'https://t.co/0lxzJeRSTi', 'expanded_url': 'https://twitter.com/rdfrs/status/1082340854952546305', 'display_url': 'twitter.com/rdfrs/status/1…'}]",und,#SaveRahaf https://t.co/0lxzJeRSTi,2019-01-20T00:52:16.000Z,Twitter for iPad,807003567605227520,91,24,713,17,190464,220,1151,568,2016-12-08T23:26:58.000Z,807003567605227520,"Los Angeles, CA",Amber Heard,https://pbs.twimg.com/profile_images/1383196364792680448/N8CdupEu_normal.jpg,realamberheard,https://t.co/Ze18Ek9SOI,"Actor and Activist, semi-professional disruptor, ice cream advocate and shameless teacup yorkie-lover",61,881,580,0,2013-12-21T01:52:01.000Z,2235609953,,Death,https://pbs.twimg.com/profile_images/440977021808943104/Hpc0FOuq_normal.jpeg,princeali365,,,"[{'start': 16, 'end': 20, 'probability': 0.625, 'type': 'Person', 'normalized_text': 'Islam'}, {'start': 174, 'end': 178, 'probability': 0.5696, 'type': 'Person', 'normalized_text': 'Islam'}]",
"[{'type': 'replied_to', 'id': '1086788465520300032'}]",1086792411127238660,und,@realamberheard 😍💛💚,2019-01-20T01:07:57.000Z,Twitter for Android,1077909687641681920,807003567605227520,"[{'start': 0, 'end': 15, 'username': 'realamberheard', 'id': '807003567605227520'}]",,0,0,0,0,"[{'type': 'quoted', 'id': '1082340854952546305'}]",1086788465520300032,"[{'start': 0, 'end': 10, 'tag': 'SaveRahaf'}]","[{'start': 11, 'end': 34, 'url': 'https://t.co/0lxzJeRSTi', 'expanded_url': 'https://twitter.com/rdfrs/status/1082340854952546305', 'display_url': 'twitter.com/rdfrs/status/1…'}]",und,#SaveRahaf https://t.co/0lxzJeRSTi,2019-01-20T00:52:16.000Z,Twitter for iPad,807003567605227520,91,24,713,17,190464,220,1151,568,2016-12-08T23:26:58.000Z,807003567605227520,"Los Angeles, CA",Amber Heard,https://pbs.twimg.com/profile_images/1383196364792680448/N8CdupEu_normal.jpg,realamberheard,https://t.co/Ze18Ek9SOI,"Actor and Activist, semi-professional disruptor, ice cream advocate and shameless teacup yorkie-lover",0,1,40,0,2018-12-26T12:51:10.000Z,1077909687641681920,,happy lee,https://pbs.twimg.com/profile_images/1077915934952583168/Y3UAXb3q_normal.jpg,love_amderheard,,I'm happy,,
"[{'type': 'replied_to', 'id': '1086788465520300032'}]",1086791200701435905,en,@realamberheard You’re a bit late.,2019-01-20T01:03:08.000Z,Twitter for iPhone,1569707556,807003567605227520,"[{'start': 0, 'end': 15, 'username': 'realamberheard', 'id': '807003567605227520'}]",,1,0,3,0,"[{'type': 'quoted', 'id': '1082340854952546305'}]",1086788465520300032,"[{'start': 0, 'end': 10, 'tag': 'SaveRahaf'}]","[{'start': 11, 'end': 34, 'url': 'https://t.co/0lxzJeRSTi', 'expanded_url': 'https://twitter.com/rdfrs/status/1082340854952546305', 'display_url': 'twitter.com/rdfrs/status/1…'}]",und,#SaveRahaf https://t.co/0lxzJeRSTi,2019-01-20T00:52:16.000Z,Twitter for iPad,807003567605227520,91,24,713,17,190464,220,1151,568,2016-12-08T23:26:58.000Z,807003567605227520,"Los Angeles, CA",Amber Heard,https://pbs.twimg.com/profile_images/1383196364792680448/N8CdupEu_normal.jpg,realamberheard,https://t.co/Ze18Ek9SOI,"Actor and Activist, semi-professional disruptor, ice cream advocate and shameless teacup yorkie-lover",15003,4343,252633,215,2013-07-05T04:50:52.000Z,1569707556,Australia July 2014,Inventor of the bullshit detector. 🇺🇦,https://pbs.twimg.com/profile_images/1482309728646873089/75GisaIR_normal.jpg,ScepticalAussie,,"Leftish - former researcher - tweeting funny, interesting...science; PC or not. I despise politicians. Don’t like it? Follow someone else #LGBT Get Vaccinated",,
"[{'type': 'replied_to', 'id': '1086788465520300032'}]",1086791107499999232,en,@realamberheard Hope she'll be safe in #Canada 🙏,2019-01-20T01:02:46.000Z,Twitter for Android,4396120342,807003567605227520,"[{'start': 0, 'end': 15, 'username': 'realamberheard', 'id': '807003567605227520'}]","[{'start': 39, 'end': 46, 'tag': 'Canada'}]",0,0,1,0,"[{'type': 'quoted', 'id': '1082340854952546305'}]",1086788465520300032,"[{'start': 0, 'end': 10, 'tag': 'SaveRahaf'}]","[{'start': 11, 'end': 34, 'url': 'https://t.co/0lxzJeRSTi', 'expanded_url': 'https://twitter.com/rdfrs/status/1082340854952546305', 'display_url': 'twitter.com/rdfrs/status/1…'}]",und,#SaveRahaf https://t.co/0lxzJeRSTi,2019-01-20T00:52:16.000Z,Twitter for iPad,807003567605227520,91,24,713,17,190464,220,1151,568,2016-12-08T23:26:58.000Z,807003567605227520,"Los Angeles, CA",Amber Heard,https://pbs.twimg.com/profile_images/1383196364792680448/N8CdupEu_normal.jpg,realamberheard,https://t.co/Ze18Ek9SOI,"Actor and Activist, semi-professional disruptor, ice cream advocate and shameless teacup yorkie-lover",678,296,58624,26,2015-12-06T17:21:06.000Z,4396120342,,STIRGUS SACCHETTI,https://pbs.twimg.com/profile_images/1378175478478082050/UKLiQPuk_normal.jpg,stirgussa,,"Only two things are infinite, the universe and human stupidity, and I'm not sure about the former. - Albert Einstein and Me!",,
"[{'type': 'replied_to', 'id': '1086788465520300032'}]",1086789490994302976,en,"@realamberheard Dear amber,this teaches us the worlds religions does not provide any freedom whatsoever!!🤔🤔🤔🤔",2019-01-20T00:56:20.000Z,Twitter for Android,989633741114003456,807003567605227520,"[{'start': 0, 'end': 15, 'username': 'realamberheard', 'id': '807003567605227520'}]",,0,0,0,0,"[{'type': 'quoted', 'id': '1082340854952546305'}]",1086788465520300032,"[{'start': 0, 'end': 10, 'tag': 'SaveRahaf'}]","[{'start': 11, 'end': 34, 'url': 'https://t.co/0lxzJeRSTi', 'expanded_url': 'https://twitter.com/rdfrs/status/1082340854952546305', 'display_url': 'twitter.com/rdfrs/status/1…'}]",und,#SaveRahaf https://t.co/0lxzJeRSTi,2019-01-20T00:52:16.000Z,Twitter for iPad,807003567605227520,91,24,713,17,190464,220,1151,568,2016-12-08T23:26:58.000Z,807003567605227520,"Los Angeles, CA",Amber Heard,https://pbs.twimg.com/profile_images/1383196364792680448/N8CdupEu_normal.jpg,realamberheard,https://t.co/Ze18Ek9SOI,"Actor and Activist, semi-professional disruptor, ice cream advocate and shameless teacup yorkie-lover",39,269,44974,0,2018-04-26T22:34:05.000Z,989633741114003456,"Long Island,new York",Paulwalwanis,https://abs.twimg.com/sticky/default_profile_images/default_profile_normal.png,Paulwalwanis7,,"Comedy,counselor","[{'start': 21, 'end': 25, 'probability': 0.8379, 'type': 'Person', 'normalized_text': 'amber'}]",
"[{'type': 'replied_to', 'id': '1086788465520300032'}]",1086788528837677057,es,@realamberheard Mera😍,2019-01-20T00:52:31.000Z,Twitter for Android,761979742115405824,807003567605227520,"[{'start': 0, 'end': 15, 'username': 'realamberheard', 'id': '807003567605227520'}]",,0,0,2,0,"[{'type': 'quoted', 'id': '1082340854952546305'}]",1086788465520300032,"[{'start': 0, 'end': 10, 'tag': 'SaveRahaf'}]","[{'start': 11, 'end': 34, 'url': 'https://t.co/0lxzJeRSTi', 'expanded_url': 'https://twitter.com/rdfrs/status/1082340854952546305', 'display_url': 'twitter.com/rdfrs/status/1…'}]",und,#SaveRahaf https://t.co/0lxzJeRSTi,2019-01-20T00:52:16.000Z,Twitter for iPad,807003567605227520,91,24,713,17,190464,220,1151,568,2016-12-08T23:26:58.000Z,807003567605227520,"Los Angeles, CA",Amber Heard,https://pbs.twimg.com/profile_images/1383196364792680448/N8CdupEu_normal.jpg,realamberheard,https://t.co/Ze18Ek9SOI,"Actor and Activist, semi-professional disruptor, ice cream advocate and shameless teacup yorkie-lover",7,92,145,0,2016-08-06T17:38:22.000Z,761979742115405824,,Jammil Andres,https://abs.twimg.com/sticky/default_profile_images/default_profile_normal.png,JammilAndres,,,,
