lang,id,text,created_at,author_id,in_reply_to_user_id,source,referenced_tweets,entities.urls,entities.mentions,public_metrics.retweet_count,public_metrics.reply_count,public_metrics.like_count,public_metrics.quote_count,replied_tweet.entities.urls,replied_tweet.entities.hashtags,replied_tweet.entities.annotations,replied_tweet.lang,replied_tweet.id,replied_tweet.text,replied_tweet.created_at,replied_tweet.public_metrics.retweet_count,replied_tweet.public_metrics.reply_count,replied_tweet.public_metrics.like_count,replied_tweet.public_metrics.quote_count,replied_tweet.author_id,replied_tweet.source,replied_tweet.author.location,replied_tweet.author.profile_image_url,replied_tweet.author.id,replied_tweet.author.name,replied_tweet.author.created_at,replied_tweet.author.username,replied_tweet.author.url,replied_tweet.author.description,replied_tweet.author.public_metrics.followers_count,replied_tweet.author.public_metrics.following_count,replied_tweet.author.public_metrics.tweet_count,replied_tweet.author.public_metrics.listed_count,author.location,author.profile_image_url,author.id,author.name,author.created_at,author.username,author.url,author.description,author.public_metrics.followers_count,author.public_metrics.following_count,author.public_metrics.tweet_count,author.public_metrics.listed_count,entities.hashtags,entities.annotations
en,1088486264586809346,@realamberheard and he https://t.co/M4x8ZXfpji,2019-01-24T17:18:43.000Z,1062363850824146944,807003567605227520,Twitter for Android,"[{'type': 'replied_to', 'id': '1087488108294270977'}]","[{'start': 23, 'end': 46, 'url': 'https://t.co/M4x8ZXfpji', 'expanded_url': 'https://twitter.com/Mehmetn92144388/status/1088486264586809346/photo/1', 'display_url': 'pic.twitter.com/M4x8ZXfpji'}]","[{'start': 0, 'end': 15, 'username': 'realamberheard', 'id': '807003567605227520'}]",0,0,1,0,"[{'start': 195, 'end': 218, 'url': 'https://t.co/RKaH0gO6JF', 'expanded_url': 'https://twitter.com/realamberheard/status/1087488108294270977/photo/1', 'display_url': 'pic.twitter.com/RKaH0gO6JF'}]","[{'start': 187, 'end': 194, 'tag': 'MLKDay'}]","[{'start': 165, 'end': 185, 'probability': 0.9271, 'type': 'Person', 'normalized_text': 'Dr Martin Luther King'}]",en,1087488108294270977,"“Commit yourself to the noble struggle for equal rights. You will make a greater person of yourself, a great nation of your country, and a finer world to live in.” -Dr Martin Luther King #MLKDay https://t.co/RKaH0gO6JF",2019-01-21T23:12:24.000Z,204,30,1221,5,807003567605227520,Twitter for iPhone,"Los Angeles, CA",https://pbs.twimg.com/profile_images/1383196364792680448/N8CdupEu_normal.jpg,807003567605227520,Amber Heard,2016-12-08T23:26:58.000Z,realamberheard,https://t.co/Ze18Ek9SOI,"Actor and Activist, semi-professional disruptor, ice cream advocate and shameless teacup yorkie-lover",190464,220,1151,568,Istanbul Turkey,https://pbs.twimg.com/profile_images/1092955202184007680/6ECtmwx-_normal.jpg,1062363850824146944,Mehmet Önder,2018-11-13T15:17:34.000Z,Mehmetn92144388,,"PEACE is only Islam.Every person will find happiness;

every man will find himself;

God's book in one place,

The Koran. ALLAH ALLAH ALLAH.",12,178,353,0,,
en,1088106577163362309,@realamberheard https://t.co/R5GxUSZxTr                                          look what i found. aw.,2019-01-23T16:09:58.000Z,852164541924421632,807003567605227520,Twitter for iPhone,"[{'type': 'quoted', 'id': '1087780071857741824'}, {'type': 'replied_to', 'id': '1087488108294270977'}]","[{'start': 16, 'end': 39, 'url': 'https://t.co/R5GxUSZxTr', 'expanded_url': 'https://twitter.com/TMZ/status/1087780071857741824', 'display_url': 'twitter.com/TMZ/status/108…'}]","[{'start': 0, 'end': 15, 'username': 'realamberheard', 'id': '807003567605227520'}]",0,0,1,0,"[{'start': 195, 'end': 218, 'url': 'https://t.co/RKaH0gO6JF', 'expanded_url': 'https://twitter.com/realamberheard/status/1087488108294270977/photo/1', 'display_url': 'pic.twitter.com/RKaH0gO6JF'}]","[{'start': 187, 'end': 194, 'tag': 'MLKDay'}]","[{'start': 165, 'end': 185, 'probability': 0.9271, 'type': 'Person', 'normalized_text': 'Dr Martin Luther King'}]",en,1087488108294270977,"“Commit yourself to the noble struggle for equal rights. You will make a greater person of yourself, a great nation of your country, and a finer world to live in.” -Dr Martin Luther King #MLKDay https://t.co/RKaH0gO6JF",2019-01-21T23:12:24.000Z,204,30,1221,5,807003567605227520,Twitter for iPhone,"Los Angeles, CA",https://pbs.twimg.com/profile_images/1383196364792680448/N8CdupEu_normal.jpg,807003567605227520,Amber Heard,2016-12-08T23:26:58.000Z,realamberheard,https://t.co/Ze18Ek9SOI,"Actor and Activist, semi-professional disruptor, ice cream advocate and shameless teacup yorkie-lover",190464,220,1151,568,eu; ar 56 ♡,https://pbs.twimg.com/profile_images/1500204791045234689/YMREdfCt_normal.jpg,852164541924421632,bahar🧋talks about bruno,2017-04-12T14:20:34.000Z,meniloeil,https://t.co/mbzEaGkMud,need to purge the poison from our system ☽☾ | 🐝,166,166,1322,0,,
ca,1087745964964700160,@realamberheard 🙌 a toast 🍸💖💕❤❤@realamberheaed 🐬🐋🐳🐬🐳🐳🐳 aquamennnn https://t.co/ebOziayChQ,2019-01-22T16:17:02.000Z,1071614258096431104,807003567605227520,Twitter for Android,"[{'type': 'replied_to', 'id': '1087488108294270977'}]","[{'start': 66, 'end': 89, 'url': 'https://t.co/ebOziayChQ', 'expanded_url': 'https://twitter.com/Joyawahid1/status/1087745964964700160/photo/1', 'display_url': 'pic.twitter.com/ebOziayChQ'}]","[{'start': 0, 'end': 15, 'username': 'realamberheard', 'id': '807003567605227520'}]",0,0,0,0,"[{'start': 195, 'end': 218, 'url': 'https://t.co/RKaH0gO6JF', 'expanded_url': 'https://twitter.com/realamberheard/status/1087488108294270977/photo/1', 'display_url': 'pic.twitter.com/RKaH0gO6JF'}]","[{'start': 187, 'end': 194, 'tag': 'MLKDay'}]","[{'start': 165, 'end': 185, 'probability': 0.9271, 'type': 'Person', 'normalized_text': 'Dr Martin Luther King'}]",en,1087488108294270977,"“Commit yourself to the noble struggle for equal rights. You will make a greater person of yourself, a great nation of your country, and a finer world to live in.” -Dr Martin Luther King #MLKDay https://t.co/RKaH0gO6JF",2019-01-21T23:12:24.000Z,204,30,1221,5,807003567605227520,Twitter for iPhone,"Los Angeles, CA",https://pbs.twimg.com/profile_images/1383196364792680448/N8CdupEu_normal.jpg,807003567605227520,Amber Heard,2016-12-08T23:26:58.000Z,realamberheard,https://t.co/Ze18Ek9SOI,"Actor and Activist, semi-professional disruptor, ice cream advocate and shameless teacup yorkie-lover",190464,220,1151,568,"DKI Jakarta,bali,Indonesia",https://pbs.twimg.com/profile_images/1123131394597634050/m5Toggin_normal.jpg,1071614258096431104,Joya_wahid                          🐬🐳🐬🐳🐋🐳🐬,2018-12-09T03:55:23.000Z,Joyawahid1,,"@Lisaandriansalon💇💆💄💅
Hair n make up",5,82,389,0,,
und,1087686561469091840,@realamberheard 💘💓💕💖💗💞💟❣💝,2019-01-22T12:20:59.000Z,1077909687641681920,807003567605227520,Twitter for Android,"[{'type': 'replied_to', 'id': '1087488108294270977'}]",,"[{'start': 0, 'end': 15, 'username': 'realamberheard', 'id': '807003567605227520'}]",0,0,0,0,"[{'start': 195, 'end': 218, 'url': 'https://t.co/RKaH0gO6JF', 'expanded_url': 'https://twitter.com/realamberheard/status/1087488108294270977/photo/1', 'display_url': 'pic.twitter.com/RKaH0gO6JF'}]","[{'start': 187, 'end': 194, 'tag': 'MLKDay'}]","[{'start': 165, 'end': 185, 'probability': 0.9271, 'type': 'Person', 'normalized_text': 'Dr Martin Luther King'}]",en,1087488108294270977,"“Commit yourself to the noble struggle for equal rights. You will make a greater person of yourself, a great nation of your country, and a finer world to live in.” -Dr Martin Luther King #MLKDay https://t.co/RKaH0gO6JF",2019-01-21T23:12:24.000Z,204,30,1221,5,807003567605227520,Twitter for iPhone,"Los Angeles, CA",https://pbs.twimg.com/profile_images/1383196364792680448/N8CdupEu_normal.jpg,807003567605227520,Amber Heard,2016-12-08T23:26:58.000Z,realamberheard,https://t.co/Ze18Ek9SOI,"Actor and Activist, semi-professional disruptor, ice cream advocate and shameless teacup yorkie-lover",190464,220,1151,568,,https://pbs.twimg.com/profile_images/1077915934952583168/Y3UAXb3q_normal.jpg,1077909687641681920,happy lee,2018-12-26T12:51:10.000Z,love_amderheard,,I'm happy,0,1,40,0,,
en,1087654082938957824,@realamberheard Sweet,2019-01-22T10:11:55.000Z,939496411753725952,807003567605227520,Twitter for Android,"[{'type': 'replied_to', 'id': '1087488108294270977'}]",,"[{'start': 0, 'end': 15, 'username': 'realamberheard', 'id': '807003567605227520'}]",0,0,0,0,"[{'start': 195, 'end': 218, 'url': 'https://t.co/RKaH0gO6JF', 'expanded_url': 'https://twitter.com/realamberheard/status/1087488108294270977/photo/1', 'display_url': 'pic.twitter.com/RKaH0gO6JF'}]","[{'start': 187, 'end': 194, 'tag': 'MLKDay'}]","[{'start': 165, 'end': 185, 'probability': 0.9271, 'type': 'Person', 'normalized_text': 'Dr Martin Luther King'}]",en,1087488108294270977,"“Commit yourself to the noble struggle for equal rights. You will make a greater person of yourself, a great nation of your country, and a finer world to live in.” -Dr Martin Luther King #MLKDay https://t.co/RKaH0gO6JF",2019-01-21T23:12:24.000Z,204,30,1221,5,807003567605227520,Twitter for iPhone,"Los Angeles, CA",https://pbs.twimg.com/profile_images/1383196364792680448/N8CdupEu_normal.jpg,807003567605227520,Amber Heard,2016-12-08T23:26:58.000Z,realamberheard,https://t.co/Ze18Ek9SOI,"Actor and Activist, semi-professional disruptor, ice cream advocate and shameless teacup yorkie-lover",190464,220,1151,568,India,https://pbs.twimg.com/profile_images/1223896043839840256/Jz93B_IC_normal.jpg,939496411753725952,Výsàkh,2017-12-09T14:06:14.000Z,TheRealVysakh,,"| Movie    |  TV series   |  Lover
❤
|  Artist   
|  MBA Holder   |  Subtitle Maker ✍️",893,1483,3664,1,,
en,1087611639132766209,@realamberheard This will inspire all of us to fight for a better future.,2019-01-22T07:23:16.000Z,874649054357078017,807003567605227520,Twitter for iPhone,"[{'type': 'replied_to', 'id': '1087488108294270977'}]",,"[{'start': 0, 'end': 15, 'username': 'realamberheard', 'id': '807003567605227520'}]",0,0,0,0,"[{'start': 195, 'end': 218, 'url': 'https://t.co/RKaH0gO6JF', 'expanded_url': 'https://twitter.com/realamberheard/status/1087488108294270977/photo/1', 'display_url': 'pic.twitter.com/RKaH0gO6JF'}]","[{'start': 187, 'end': 194, 'tag': 'MLKDay'}]","[{'start': 165, 'end': 185, 'probability': 0.9271, 'type': 'Person', 'normalized_text': 'Dr Martin Luther King'}]",en,1087488108294270977,"“Commit yourself to the noble struggle for equal rights. You will make a greater person of yourself, a great nation of your country, and a finer world to live in.” -Dr Martin Luther King #MLKDay https://t.co/RKaH0gO6JF",2019-01-21T23:12:24.000Z,204,30,1221,5,807003567605227520,Twitter for iPhone,"Los Angeles, CA",https://pbs.twimg.com/profile_images/1383196364792680448/N8CdupEu_normal.jpg,807003567605227520,Amber Heard,2016-12-08T23:26:58.000Z,realamberheard,https://t.co/Ze18Ek9SOI,"Actor and Activist, semi-professional disruptor, ice cream advocate and shameless teacup yorkie-lover",190464,220,1151,568,Deutschland,https://pbs.twimg.com/profile_images/874651176238628864/c2YxlFJN_normal.jpg,874649054357078017,Mad Chan,2017-06-13T15:25:59.000Z,m_im59,,,3,74,24,0,,
und,1087579587020836864,@realamberheard https://t.co/VnIsPFI3AU,2019-01-22T05:15:54.000Z,413178781,807003567605227520,Twitter for iPhone,"[{'type': 'replied_to', 'id': '1087488108294270977'}]","[{'start': 16, 'end': 39, 'url': 'https://t.co/VnIsPFI3AU', 'expanded_url': 'http://Www.fromindiawithlove.org/our-film', 'display_url': 'fromindiawithlove.org/our-film'}]","[{'start': 0, 'end': 15, 'username': 'realamberheard', 'id': '807003567605227520'}]",0,0,0,0,"[{'start': 195, 'end': 218, 'url': 'https://t.co/RKaH0gO6JF', 'expanded_url': 'https://twitter.com/realamberheard/status/1087488108294270977/photo/1', 'display_url': 'pic.twitter.com/RKaH0gO6JF'}]","[{'start': 187, 'end': 194, 'tag': 'MLKDay'}]","[{'start': 165, 'end': 185, 'probability': 0.9271, 'type': 'Person', 'normalized_text': 'Dr Martin Luther King'}]",en,1087488108294270977,"“Commit yourself to the noble struggle for equal rights. You will make a greater person of yourself, a great nation of your country, and a finer world to live in.” -Dr Martin Luther King #MLKDay https://t.co/RKaH0gO6JF",2019-01-21T23:12:24.000Z,204,30,1221,5,807003567605227520,Twitter for iPhone,"Los Angeles, CA",https://pbs.twimg.com/profile_images/1383196364792680448/N8CdupEu_normal.jpg,807003567605227520,Amber Heard,2016-12-08T23:26:58.000Z,realamberheard,https://t.co/Ze18Ek9SOI,"Actor and Activist, semi-professional disruptor, ice cream advocate and shameless teacup yorkie-lover",190464,220,1151,568,Los Angeles,https://pbs.twimg.com/profile_images/639873444121808896/q94rZdts_normal.jpg,413178781,mandar apte,2011-11-15T15:38:06.000Z,mandarapte108,https://t.co/LTreBWXqOM,former Shell GameChanger social innovation | scholar at George Mason U | now director https://t.co/fkxngn6NN7 | Art of Living meditation teacher| Tedx speaker,899,540,4855,69,,
en,1087530547491074048,@realamberheard #MLKDay I'm pleased to give free access to our documentary film - The Greatest Freedom Show on Earth.  It's believed that Martin Luther King took inspiration from the annual celebration held in Detroit/Windsor honouring the of Emancipation of Slaves - https://t.co/ktIL3DB0uv,2019-01-22T02:01:02.000Z,85594765,807003567605227520,Twitter Web Client,"[{'type': 'replied_to', 'id': '1087488108294270977'}]","[{'start': 268, 'end': 291, 'url': 'https://t.co/ktIL3DB0uv', 'expanded_url': 'https://vimeo.com/289874443', 'display_url': 'vimeo.com/289874443'}]","[{'start': 0, 'end': 15, 'username': 'realamberheard', 'id': '807003567605227520'}]",0,0,0,0,"[{'start': 195, 'end': 218, 'url': 'https://t.co/RKaH0gO6JF', 'expanded_url': 'https://twitter.com/realamberheard/status/1087488108294270977/photo/1', 'display_url': 'pic.twitter.com/RKaH0gO6JF'}]","[{'start': 187, 'end': 194, 'tag': 'MLKDay'}]","[{'start': 165, 'end': 185, 'probability': 0.9271, 'type': 'Person', 'normalized_text': 'Dr Martin Luther King'}]",en,1087488108294270977,"“Commit yourself to the noble struggle for equal rights. You will make a greater person of yourself, a great nation of your country, and a finer world to live in.” -Dr Martin Luther King #MLKDay https://t.co/RKaH0gO6JF",2019-01-21T23:12:24.000Z,204,30,1221,5,807003567605227520,Twitter for iPhone,"Los Angeles, CA",https://pbs.twimg.com/profile_images/1383196364792680448/N8CdupEu_normal.jpg,807003567605227520,Amber Heard,2016-12-08T23:26:58.000Z,realamberheard,https://t.co/Ze18Ek9SOI,"Actor and Activist, semi-professional disruptor, ice cream advocate and shameless teacup yorkie-lover",190464,220,1151,568,"Ottawa, Canada",https://pbs.twimg.com/profile_images/1163410258016034816/JHEKlhEL_normal.jpg,85594765,BobbyHuggs,2009-10-27T15:41:18.000Z,Bobbyhuggs,http://t.co/LpPI5cVVBc,Dangerously Creative - Internet Pioneer/ Mentor / Award Winning Documentary Filmmaker TVO/PBS @PrimeVideo  WASN'T PAID TO TAKE A VACCINE TO HELP THE WORLD,1151,3380,10690,23,"[{'start': 16, 'end': 23, 'tag': 'MLKDay'}]","[{'start': 82, 'end': 106, 'probability': 0.7023, 'type': 'Other', 'normalized_text': 'The Greatest Freedom Show'}, {'start': 138, 'end': 155, 'probability': 0.9092, 'type': 'Person', 'normalized_text': 'Martin Luther King'}, {'start': 210, 'end': 216, 'probability': 0.9935, 'type': 'Place', 'normalized_text': 'Detroit'}, {'start': 218, 'end': 224, 'probability': 0.744, 'type': 'Place', 'normalized_text': 'Windsor'}]"
es,1087529692939325440,@realamberheard Apenas Vi acuaman y te luciste mujer felicidades!,2019-01-22T01:57:38.000Z,2960147526,807003567605227520,Twitter for Android,"[{'type': 'replied_to', 'id': '1087488108294270977'}]",,"[{'start': 0, 'end': 15, 'username': 'realamberheard', 'id': '807003567605227520'}]",0,0,0,0,"[{'start': 195, 'end': 218, 'url': 'https://t.co/RKaH0gO6JF', 'expanded_url': 'https://twitter.com/realamberheard/status/1087488108294270977/photo/1', 'display_url': 'pic.twitter.com/RKaH0gO6JF'}]","[{'start': 187, 'end': 194, 'tag': 'MLKDay'}]","[{'start': 165, 'end': 185, 'probability': 0.9271, 'type': 'Person', 'normalized_text': 'Dr Martin Luther King'}]",en,1087488108294270977,"“Commit yourself to the noble struggle for equal rights. You will make a greater person of yourself, a great nation of your country, and a finer world to live in.” -Dr Martin Luther King #MLKDay https://t.co/RKaH0gO6JF",2019-01-21T23:12:24.000Z,204,30,1221,5,807003567605227520,Twitter for iPhone,"Los Angeles, CA",https://pbs.twimg.com/profile_images/1383196364792680448/N8CdupEu_normal.jpg,807003567605227520,Amber Heard,2016-12-08T23:26:58.000Z,realamberheard,https://t.co/Ze18Ek9SOI,"Actor and Activist, semi-professional disruptor, ice cream advocate and shameless teacup yorkie-lover",190464,220,1151,568,Asgard,https://pbs.twimg.com/profile_images/660157988141830144/_l2uEyul_normal.jpg,2960147526,diarmund,2015-01-06T00:42:45.000Z,iskandar1358,,,21,358,450,0,,
und,1087505765080944640,@realamberheard ❤👊 #MLKDay,2019-01-22T00:22:33.000Z,1054247451677417472,807003567605227520,Twitter for Android,"[{'type': 'replied_to', 'id': '1087488108294270977'}]",,"[{'start': 0, 'end': 15, 'username': 'realamberheard', 'id': '807003567605227520'}]",0,0,0,0,"[{'start': 195, 'end': 218, 'url': 'https://t.co/RKaH0gO6JF', 'expanded_url': 'https://twitter.com/realamberheard/status/1087488108294270977/photo/1', 'display_url': 'pic.twitter.com/RKaH0gO6JF'}]","[{'start': 187, 'end': 194, 'tag': 'MLKDay'}]","[{'start': 165, 'end': 185, 'probability': 0.9271, 'type': 'Person', 'normalized_text': 'Dr Martin Luther King'}]",en,1087488108294270977,"“Commit yourself to the noble struggle for equal rights. You will make a greater person of yourself, a great nation of your country, and a finer world to live in.” -Dr Martin Luther King #MLKDay https://t.co/RKaH0gO6JF",2019-01-21T23:12:24.000Z,204,30,1221,5,807003567605227520,Twitter for iPhone,"Los Angeles, CA",https://pbs.twimg.com/profile_images/1383196364792680448/N8CdupEu_normal.jpg,807003567605227520,Amber Heard,2016-12-08T23:26:58.000Z,realamberheard,https://t.co/Ze18Ek9SOI,"Actor and Activist, semi-professional disruptor, ice cream advocate and shameless teacup yorkie-lover",190464,220,1151,568,,https://pbs.twimg.com/profile_images/1292297331119972352/hEE_YCpp_normal.jpg,1054247451677417472,Paula Jabour🇧🇷⚘,2018-10-22T05:45:54.000Z,Paula_Jabour,,"OMG! Stop the flat earth, I gotta jump! 
#SexNoGender #ProtectTheChildren 
#FreeSpeech #WomanIsNotADirtyWord",493,945,3494,0,"[{'start': 19, 'end': 26, 'tag': 'MLKDay'}]",
en,1087502014660128768,"@realamberheard Mad respect for the wisdom of this man...I'm not american but his words resonate with force and fury all over the world, until these days https://t.co/7EwDOAlvoM",2019-01-22T00:07:39.000Z,4396120342,807003567605227520,Twitter for Android,"[{'type': 'replied_to', 'id': '1087488108294270977'}]","[{'start': 154, 'end': 177, 'url': 'https://t.co/7EwDOAlvoM', 'expanded_url': 'https://twitter.com/stirgussa/status/1087502014660128768/photo/1', 'display_url': 'pic.twitter.com/7EwDOAlvoM'}]","[{'start': 0, 'end': 15, 'username': 'realamberheard', 'id': '807003567605227520'}]",1,0,2,0,"[{'start': 195, 'end': 218, 'url': 'https://t.co/RKaH0gO6JF', 'expanded_url': 'https://twitter.com/realamberheard/status/1087488108294270977/photo/1', 'display_url': 'pic.twitter.com/RKaH0gO6JF'}]","[{'start': 187, 'end': 194, 'tag': 'MLKDay'}]","[{'start': 165, 'end': 185, 'probability': 0.9271, 'type': 'Person', 'normalized_text': 'Dr Martin Luther King'}]",en,1087488108294270977,"“Commit yourself to the noble struggle for equal rights. You will make a greater person of yourself, a great nation of your country, and a finer world to live in.” -Dr Martin Luther King #MLKDay https://t.co/RKaH0gO6JF",2019-01-21T23:12:24.000Z,204,30,1221,5,807003567605227520,Twitter for iPhone,"Los Angeles, CA",https://pbs.twimg.com/profile_images/1383196364792680448/N8CdupEu_normal.jpg,807003567605227520,Amber Heard,2016-12-08T23:26:58.000Z,realamberheard,https://t.co/Ze18Ek9SOI,"Actor and Activist, semi-professional disruptor, ice cream advocate and shameless teacup yorkie-lover",190464,220,1151,568,,https://pbs.twimg.com/profile_images/1378175478478082050/UKLiQPuk_normal.jpg,4396120342,STIRGUS SACCHETTI,2015-12-06T17:21:06.000Z,stirgussa,,"Only two things are infinite, the universe and human stupidity, and I'm not sure about the former. - Albert Einstein and Me!",678,296,58624,26,,
en,1087498533358452738,@realamberheard Dr King inspired the quote I created for myself. In life u have only two choices. You either choose love or u choose hate. That decision is up 2 u. But with love u have no regrets cause u can say I did everything. ☮❤🙂,2019-01-21T23:53:49.000Z,1048681219746140162,807003567605227520,Twitter for Android,"[{'type': 'replied_to', 'id': '1087488108294270977'}]",,"[{'start': 0, 'end': 15, 'username': 'realamberheard', 'id': '807003567605227520'}]",0,0,1,0,"[{'start': 195, 'end': 218, 'url': 'https://t.co/RKaH0gO6JF', 'expanded_url': 'https://twitter.com/realamberheard/status/1087488108294270977/photo/1', 'display_url': 'pic.twitter.com/RKaH0gO6JF'}]","[{'start': 187, 'end': 194, 'tag': 'MLKDay'}]","[{'start': 165, 'end': 185, 'probability': 0.9271, 'type': 'Person', 'normalized_text': 'Dr Martin Luther King'}]",en,1087488108294270977,"“Commit yourself to the noble struggle for equal rights. You will make a greater person of yourself, a great nation of your country, and a finer world to live in.” -Dr Martin Luther King #MLKDay https://t.co/RKaH0gO6JF",2019-01-21T23:12:24.000Z,204,30,1221,5,807003567605227520,Twitter for iPhone,"Los Angeles, CA",https://pbs.twimg.com/profile_images/1383196364792680448/N8CdupEu_normal.jpg,807003567605227520,Amber Heard,2016-12-08T23:26:58.000Z,realamberheard,https://t.co/Ze18Ek9SOI,"Actor and Activist, semi-professional disruptor, ice cream advocate and shameless teacup yorkie-lover",190464,220,1151,568,United States,https://pbs.twimg.com/profile_images/1502321336148008967/R8OT5wEP_normal.jpg,1048681219746140162,Kevin Endicott,2018-10-06T21:07:41.000Z,TheRealKevinTE,,"Equality is the only way to create a better future.....

#PickASide
#RaiseAFist",66711,57143,74969,66,,
en,1087497088294965249,@realamberheard I must https://t.co/dk4CoBkkkv,2019-01-21T23:48:05.000Z,1218701514,807003567605227520,Twitter Web Client,"[{'type': 'replied_to', 'id': '1087488108294270977'}]","[{'start': 23, 'end': 46, 'url': 'https://t.co/dk4CoBkkkv', 'expanded_url': 'https://www.youtube.com/watch?v=t1TcDHrkQYg', 'display_url': 'youtube.com/watch?v=t1TcDH…'}]","[{'start': 0, 'end': 15, 'username': 'realamberheard', 'id': '807003567605227520'}]",0,0,0,0,"[{'start': 195, 'end': 218, 'url': 'https://t.co/RKaH0gO6JF', 'expanded_url': 'https://twitter.com/realamberheard/status/1087488108294270977/photo/1', 'display_url': 'pic.twitter.com/RKaH0gO6JF'}]","[{'start': 187, 'end': 194, 'tag': 'MLKDay'}]","[{'start': 165, 'end': 185, 'probability': 0.9271, 'type': 'Person', 'normalized_text': 'Dr Martin Luther King'}]",en,1087488108294270977,"“Commit yourself to the noble struggle for equal rights. You will make a greater person of yourself, a great nation of your country, and a finer world to live in.” -Dr Martin Luther King #MLKDay https://t.co/RKaH0gO6JF",2019-01-21T23:12:24.000Z,204,30,1221,5,807003567605227520,Twitter for iPhone,"Los Angeles, CA",https://pbs.twimg.com/profile_images/1383196364792680448/N8CdupEu_normal.jpg,807003567605227520,Amber Heard,2016-12-08T23:26:58.000Z,realamberheard,https://t.co/Ze18Ek9SOI,"Actor and Activist, semi-professional disruptor, ice cream advocate and shameless teacup yorkie-lover",190464,220,1151,568,Suomi,https://pbs.twimg.com/profile_images/1192199243144011776/TFHwCejS_normal.jpg,1218701514,Janski Hoo,2013-02-25T14:10:22.000Z,justmeeomg,https://t.co/w0tkz48SqE,"Definitely a dreamer, thinker etc. ...😇😎
+40 Hunter of lost youth...
Mies, joka unohti munakuvansa kameraan... Viina addickti kait..?",150,1187,6023,0,,
en,1087497027875946497,"@realamberheard That quote really reminds me of you, Amber!❤ You're a real inspiration.",2019-01-21T23:47:50.000Z,2694255254,807003567605227520,Twitter for Android,"[{'type': 'replied_to', 'id': '1087488108294270977'}]",,"[{'start': 0, 'end': 15, 'username': 'realamberheard', 'id': '807003567605227520'}]",0,0,1,0,"[{'start': 195, 'end': 218, 'url': 'https://t.co/RKaH0gO6JF', 'expanded_url': 'https://twitter.com/realamberheard/status/1087488108294270977/photo/1', 'display_url': 'pic.twitter.com/RKaH0gO6JF'}]","[{'start': 187, 'end': 194, 'tag': 'MLKDay'}]","[{'start': 165, 'end': 185, 'probability': 0.9271, 'type': 'Person', 'normalized_text': 'Dr Martin Luther King'}]",en,1087488108294270977,"“Commit yourself to the noble struggle for equal rights. You will make a greater person of yourself, a great nation of your country, and a finer world to live in.” -Dr Martin Luther King #MLKDay https://t.co/RKaH0gO6JF",2019-01-21T23:12:24.000Z,204,30,1221,5,807003567605227520,Twitter for iPhone,"Los Angeles, CA",https://pbs.twimg.com/profile_images/1383196364792680448/N8CdupEu_normal.jpg,807003567605227520,Amber Heard,2016-12-08T23:26:58.000Z,realamberheard,https://t.co/Ze18Ek9SOI,"Actor and Activist, semi-professional disruptor, ice cream advocate and shameless teacup yorkie-lover",190464,220,1151,568,,https://pbs.twimg.com/profile_images/1439426410465091590/k4iYAuuV_normal.jpg,2694255254,Drew,2014-07-31T00:06:43.000Z,DrewTWhite01,,,990,2918,113780,5,,"[{'start': 53, 'end': 57, 'probability': 0.9579, 'type': 'Person', 'normalized_text': 'Amber'}]"
und,1087496166487543809,@realamberheard https://t.co/ofTk8CW2D3,2019-01-21T23:44:25.000Z,205799510,807003567605227520,Twitter Web App,"[{'type': 'quoted', 'id': '1086270150830145537'}, {'type': 'replied_to', 'id': '1087488108294270977'}]","[{'start': 16, 'end': 39, 'url': 'https://t.co/ofTk8CW2D3', 'expanded_url': 'https://twitter.com/BerniceKing/status/1086270150830145537', 'display_url': 'twitter.com/BerniceKing/st…'}]","[{'start': 0, 'end': 15, 'username': 'realamberheard', 'id': '807003567605227520'}]",0,0,1,0,"[{'start': 195, 'end': 218, 'url': 'https://t.co/RKaH0gO6JF', 'expanded_url': 'https://twitter.com/realamberheard/status/1087488108294270977/photo/1', 'display_url': 'pic.twitter.com/RKaH0gO6JF'}]","[{'start': 187, 'end': 194, 'tag': 'MLKDay'}]","[{'start': 165, 'end': 185, 'probability': 0.9271, 'type': 'Person', 'normalized_text': 'Dr Martin Luther King'}]",en,1087488108294270977,"“Commit yourself to the noble struggle for equal rights. You will make a greater person of yourself, a great nation of your country, and a finer world to live in.” -Dr Martin Luther King #MLKDay https://t.co/RKaH0gO6JF",2019-01-21T23:12:24.000Z,204,30,1221,5,807003567605227520,Twitter for iPhone,"Los Angeles, CA",https://pbs.twimg.com/profile_images/1383196364792680448/N8CdupEu_normal.jpg,807003567605227520,Amber Heard,2016-12-08T23:26:58.000Z,realamberheard,https://t.co/Ze18Ek9SOI,"Actor and Activist, semi-professional disruptor, ice cream advocate and shameless teacup yorkie-lover",190464,220,1151,568,Canada,https://pbs.twimg.com/profile_images/1485800451626917894/xJSYyK38_normal.jpg,205799510,PhilllChabbb,2010-10-21T16:41:26.000Z,PhilllChabbb,,Sometimes makes weird little games/art,1492,32,8638,71,,
en,1087493315057078277,"@realamberheard Its a shame that such a simply obvious concept like equality gets buried under tonnes of inadequacies. MLK could see the hidden treasure, why can`t we?........thank you Dr. King.",2019-01-21T23:33:05.000Z,4923128929,807003567605227520,Twitter Web Client,"[{'type': 'replied_to', 'id': '1087488108294270977'}]",,"[{'start': 0, 'end': 15, 'username': 'realamberheard', 'id': '807003567605227520'}]",0,0,0,0,"[{'start': 195, 'end': 218, 'url': 'https://t.co/RKaH0gO6JF', 'expanded_url': 'https://twitter.com/realamberheard/status/1087488108294270977/photo/1', 'display_url': 'pic.twitter.com/RKaH0gO6JF'}]","[{'start': 187, 'end': 194, 'tag': 'MLKDay'}]","[{'start': 165, 'end': 185, 'probability': 0.9271, 'type': 'Person', 'normalized_text': 'Dr Martin Luther King'}]",en,1087488108294270977,"“Commit yourself to the noble struggle for equal rights. You will make a greater person of yourself, a great nation of your country, and a finer world to live in.” -Dr Martin Luther King #MLKDay https://t.co/RKaH0gO6JF",2019-01-21T23:12:24.000Z,204,30,1221,5,807003567605227520,Twitter for iPhone,"Los Angeles, CA",https://pbs.twimg.com/profile_images/1383196364792680448/N8CdupEu_normal.jpg,807003567605227520,Amber Heard,2016-12-08T23:26:58.000Z,realamberheard,https://t.co/Ze18Ek9SOI,"Actor and Activist, semi-professional disruptor, ice cream advocate and shameless teacup yorkie-lover",190464,220,1151,568,,https://abs.twimg.com/sticky/default_profile_images/default_profile_normal.png,4923128929,roberto varro,2016-02-18T00:14:02.000Z,roberto4u2,,,20,100,1490,0,,"[{'start': 185, 'end': 192, 'probability': 0.9681, 'type': 'Person', 'normalized_text': 'Dr. King'}]"
en,1087488835943129089,@realamberheard What a great person... I’ve studied it on my own because in my country it’s not included he was such an amazing person who wrote his name in history forever with his actions ... something that you can do too if you continue with your ideals and actions like you are doing #MLKday,2019-01-21T23:15:17.000Z,2542931639,807003567605227520,Twitter for iPhone,"[{'type': 'replied_to', 'id': '1087488108294270977'}]",,"[{'start': 0, 'end': 15, 'username': 'realamberheard', 'id': '807003567605227520'}]",0,0,1,0,"[{'start': 195, 'end': 218, 'url': 'https://t.co/RKaH0gO6JF', 'expanded_url': 'https://twitter.com/realamberheard/status/1087488108294270977/photo/1', 'display_url': 'pic.twitter.com/RKaH0gO6JF'}]","[{'start': 187, 'end': 194, 'tag': 'MLKDay'}]","[{'start': 165, 'end': 185, 'probability': 0.9271, 'type': 'Person', 'normalized_text': 'Dr Martin Luther King'}]",en,1087488108294270977,"“Commit yourself to the noble struggle for equal rights. You will make a greater person of yourself, a great nation of your country, and a finer world to live in.” -Dr Martin Luther King #MLKDay https://t.co/RKaH0gO6JF",2019-01-21T23:12:24.000Z,204,30,1221,5,807003567605227520,Twitter for iPhone,"Los Angeles, CA",https://pbs.twimg.com/profile_images/1383196364792680448/N8CdupEu_normal.jpg,807003567605227520,Amber Heard,2016-12-08T23:26:58.000Z,realamberheard,https://t.co/Ze18Ek9SOI,"Actor and Activist, semi-professional disruptor, ice cream advocate and shameless teacup yorkie-lover",190464,220,1151,568,"Lombardy, Italy",https://pbs.twimg.com/profile_images/822104056378327041/ZGbpIK4E_normal.jpg,2542931639,IT-CIMBrieLarson,2014-05-12T12:42:21.000Z,ARolla101,,"big fan of @Cimorelliband, followed by 6/6 of the girls, couldn't met them for unlucky events but still hoping for that 😍",466,836,10315,4,"[{'start': 288, 'end': 295, 'tag': 'MLKday'}]",
en,1087488674642776064,"@realamberheard Dear amber ,no one should be denied their equal rights ever!!",2019-01-21T23:14:39.000Z,989633741114003456,807003567605227520,Twitter for Android,"[{'type': 'replied_to', 'id': '1087488108294270977'}]",,"[{'start': 0, 'end': 15, 'username': 'realamberheard', 'id': '807003567605227520'}]",0,0,2,0,"[{'start': 195, 'end': 218, 'url': 'https://t.co/RKaH0gO6JF', 'expanded_url': 'https://twitter.com/realamberheard/status/1087488108294270977/photo/1', 'display_url': 'pic.twitter.com/RKaH0gO6JF'}]","[{'start': 187, 'end': 194, 'tag': 'MLKDay'}]","[{'start': 165, 'end': 185, 'probability': 0.9271, 'type': 'Person', 'normalized_text': 'Dr Martin Luther King'}]",en,1087488108294270977,"“Commit yourself to the noble struggle for equal rights. You will make a greater person of yourself, a great nation of your country, and a finer world to live in.” -Dr Martin Luther King #MLKDay https://t.co/RKaH0gO6JF",2019-01-21T23:12:24.000Z,204,30,1221,5,807003567605227520,Twitter for iPhone,"Los Angeles, CA",https://pbs.twimg.com/profile_images/1383196364792680448/N8CdupEu_normal.jpg,807003567605227520,Amber Heard,2016-12-08T23:26:58.000Z,realamberheard,https://t.co/Ze18Ek9SOI,"Actor and Activist, semi-professional disruptor, ice cream advocate and shameless teacup yorkie-lover",190464,220,1151,568,"Long Island,new York",https://abs.twimg.com/sticky/default_profile_images/default_profile_normal.png,989633741114003456,Paulwalwanis,2018-04-26T22:34:05.000Z,Paulwalwanis7,,"Comedy,counselor",39,269,44974,0,,"[{'start': 21, 'end': 25, 'probability': 0.8264, 'type': 'Person', 'normalized_text': 'amber'}]"
en,1087488585530568705,@realamberheard I agree with you 100% my friend,2019-01-21T23:14:18.000Z,23121649,807003567605227520,Twitter for iPhone,"[{'type': 'replied_to', 'id': '1087488108294270977'}]",,"[{'start': 0, 'end': 15, 'username': 'realamberheard', 'id': '807003567605227520'}]",0,0,0,0,"[{'start': 195, 'end': 218, 'url': 'https://t.co/RKaH0gO6JF', 'expanded_url': 'https://twitter.com/realamberheard/status/1087488108294270977/photo/1', 'display_url': 'pic.twitter.com/RKaH0gO6JF'}]","[{'start': 187, 'end': 194, 'tag': 'MLKDay'}]","[{'start': 165, 'end': 185, 'probability': 0.9271, 'type': 'Person', 'normalized_text': 'Dr Martin Luther King'}]",en,1087488108294270977,"“Commit yourself to the noble struggle for equal rights. You will make a greater person of yourself, a great nation of your country, and a finer world to live in.” -Dr Martin Luther King #MLKDay https://t.co/RKaH0gO6JF",2019-01-21T23:12:24.000Z,204,30,1221,5,807003567605227520,Twitter for iPhone,"Los Angeles, CA",https://pbs.twimg.com/profile_images/1383196364792680448/N8CdupEu_normal.jpg,807003567605227520,Amber Heard,2016-12-08T23:26:58.000Z,realamberheard,https://t.co/Ze18Ek9SOI,"Actor and Activist, semi-professional disruptor, ice cream advocate and shameless teacup yorkie-lover",190464,220,1151,568,"Cary, NC",https://pbs.twimg.com/profile_images/1379555910620708864/XsKzVd1k_normal.jpg,23121649,Bryan Nason,2009-03-06T21:30:30.000Z,BryanNason0420,,#Flash #Geoff Johns#DC Comics I am Challenge Junkie I have watched since season 1 and BOSTON pro sports,91,562,5497,0,,
