referenced_tweets,id,lang,text,created_at,source,author_id,in_reply_to_user_id,entities.mentions,public_metrics.retweet_count,public_metrics.reply_count,public_metrics.like_count,public_metrics.quote_count,replied_tweet.entities.mentions,replied_tweet.entities.hashtags,replied_tweet.entities.annotations,replied_tweet.id,replied_tweet.lang,replied_tweet.text,replied_tweet.created_at,replied_tweet.source,replied_tweet.author_id,replied_tweet.public_metrics.retweet_count,replied_tweet.public_metrics.reply_count,replied_tweet.public_metrics.like_count,replied_tweet.public_metrics.quote_count,replied_tweet.author.public_metrics.followers_count,replied_tweet.author.public_metrics.following_count,replied_tweet.author.public_metrics.tweet_count,replied_tweet.author.public_metrics.listed_count,replied_tweet.author.created_at,replied_tweet.author.id,replied_tweet.author.location,replied_tweet.author.name,replied_tweet.author.profile_image_url,replied_tweet.author.username,replied_tweet.author.url,replied_tweet.author.description,author.public_metrics.followers_count,author.public_metrics.following_count,author.public_metrics.tweet_count,author.public_metrics.listed_count,author.created_at,author.id,author.name,author.profile_image_url,author.username,author.url,author.description,author.location,entities.urls,entities.annotations
"[{'type': 'replied_to', 'id': '1088969210825338880'}]",1089946166656188418,en,@realamberheard @UN_Women @UsingCEDAW @CEDAWYOUTH thank you for women,2019-01-28T17:59:51.000Z,Twitter for iPad,1033248851526803456,807003567605227520,"[{'start': 0, 'end': 15, 'username': 'realamberheard', 'id': '807003567605227520'}, {'start': 16, 'end': 25, 'username': 'UN_Women', 'id': '17137628'}, {'start': 26, 'end': 37, 'username': 'UsingCEDAW', 'id': '2483451613'}, {'start': 38, 'end': 49, 'username': 'CEDAWYOUTH', 'id': '762608199132286976'}]",0,0,0,0,"[{'start': 189, 'end': 198, 'username': 'UN_Women', 'id': '17137628'}, {'start': 199, 'end': 210, 'username': 'UsingCEDAW', 'id': '2483451613'}, {'start': 212, 'end': 223, 'username': 'CEDAWYOUTH', 'id': '762608199132286976'}]","[{'start': 30, 'end': 42, 'tag': 'womenrights'}, {'start': 89, 'end': 95, 'tag': 'women'}, {'start': 102, 'end': 114, 'tag': 'humanrights'}, {'start': 143, 'end': 152, 'tag': 'fracking'}, {'start': 159, 'end': 177, 'tag': 'fracking4plastics'}]","[{'start': 0, 'end': 1, 'probability': 0.8538, 'type': 'Place', 'normalized_text': 'UK'}, {'start': 177, 'end': 178, 'probability': 0.974, 'type': 'Place', 'normalized_text': 'UK'}]",1088969210825338880,en,"UK gov can't properly protect #womenrights . Only comprehensive ban can properly protect #women &amp; #humanrights from destructive impacts of #fracking &amp; #fracking4plastics in the UK. @UN_Women @UsingCEDAW 
@CEDAWYOUTH",2019-01-26T01:17:46.000Z,Twitter for iPhone,807003567605227520,64,26,483,3,190464,220,1151,568,2016-12-08T23:26:58.000Z,807003567605227520,"Los Angeles, CA",Amber Heard,https://pbs.twimg.com/profile_images/1383196364792680448/N8CdupEu_normal.jpg,realamberheard,https://t.co/Ze18Ek9SOI,"Actor and Activist, semi-professional disruptor, ice cream advocate and shameless teacup yorkie-lover",7,212,46,1,2018-08-25T07:04:57.000Z,1033248851526803456,Christine chen,https://pbs.twimg.com/profile_images/1064750747659554816/e6ospalE_normal.jpg,Christi01980826,,,,,
"[{'type': 'replied_to', 'id': '1089330733720711169'}]",1089336050265346048,en,@CaterinaPierce8 @realamberheard @UN_Women @UsingCEDAW @CEDAWYOUTH Just the truth all over the internet in case people wants to deny. Sometimes we all need reminds....| on her case that reality exist and we all know she’s the abuser SHE CONFESSED UNDER OATH AND WAS ARRESTED FOR BEATING HER EX WIFE,2019-01-27T01:35:27.000Z,Twitter for iPhone,1050721822092812289,236473797,"[{'start': 0, 'end': 16, 'username': 'CaterinaPierce8', 'id': '236473797'}, {'start': 17, 'end': 32, 'username': 'realamberheard', 'id': '807003567605227520'}, {'start': 33, 'end': 42, 'username': 'UN_Women', 'id': '17137628'}, {'start': 43, 'end': 54, 'username': 'UsingCEDAW', 'id': '2483451613'}, {'start': 55, 'end': 66, 'username': 'CEDAWYOUTH', 'id': '762608199132286976'}]",0,0,1,0,"[{'start': 189, 'end': 198, 'username': 'UN_Women', 'id': '17137628'}, {'start': 199, 'end': 210, 'username': 'UsingCEDAW', 'id': '2483451613'}, {'start': 212, 'end': 223, 'username': 'CEDAWYOUTH', 'id': '762608199132286976'}]","[{'start': 30, 'end': 42, 'tag': 'womenrights'}, {'start': 89, 'end': 95, 'tag': 'women'}, {'start': 102, 'end': 114, 'tag': 'humanrights'}, {'start': 143, 'end': 152, 'tag': 'fracking'}, {'start': 159, 'end': 177, 'tag': 'fracking4plastics'}]","[{'start': 0, 'end': 1, 'probability': 0.8538, 'type': 'Place', 'normalized_text': 'UK'}, {'start': 177, 'end': 178, 'probability': 0.974, 'type': 'Place', 'normalized_text': 'UK'}]",1088969210825338880,en,"UK gov can't properly protect #womenrights . Only comprehensive ban can properly protect #women &amp; #humanrights from destructive impacts of #fracking &amp; #fracking4plastics in the UK. @UN_Women @UsingCEDAW 
@CEDAWYOUTH",2019-01-26T01:17:46.000Z,Twitter for iPhone,807003567605227520,64,26,483,3,190464,220,1151,568,2016-12-08T23:26:58.000Z,807003567605227520,"Los Angeles, CA",Amber Heard,https://pbs.twimg.com/profile_images/1383196364792680448/N8CdupEu_normal.jpg,realamberheard,https://t.co/Ze18Ek9SOI,"Actor and Activist, semi-professional disruptor, ice cream advocate and shameless teacup yorkie-lover",412,300,12987,1,2018-10-12T12:16:18.000Z,1050721822092812289,Susan,https://pbs.twimg.com/profile_images/1340701831975096320/g92j12jM_normal.jpg,teamdepp_,,•✿ Johnny is definition of love ✿•,#ibelievehim,,
"[{'type': 'replied_to', 'id': '1089219704248516608'}]",1089330733720711169,en,@SusanFaria5 @realamberheard @UN_Women @UsingCEDAW @CEDAWYOUTH Ahahahahahah you won hands down LOL,2019-01-27T01:14:20.000Z,Twitter for Android,236473797,1050721822092812289,"[{'start': 0, 'end': 12, 'username': 'SusanFaria5', 'id': '1357420881601957888'}, {'start': 13, 'end': 28, 'username': 'realamberheard', 'id': '807003567605227520'}, {'start': 29, 'end': 38, 'username': 'UN_Women', 'id': '17137628'}, {'start': 39, 'end': 50, 'username': 'UsingCEDAW', 'id': '2483451613'}, {'start': 51, 'end': 62, 'username': 'CEDAWYOUTH', 'id': '762608199132286976'}]",0,1,1,0,"[{'start': 189, 'end': 198, 'username': 'UN_Women', 'id': '17137628'}, {'start': 199, 'end': 210, 'username': 'UsingCEDAW', 'id': '2483451613'}, {'start': 212, 'end': 223, 'username': 'CEDAWYOUTH', 'id': '762608199132286976'}]","[{'start': 30, 'end': 42, 'tag': 'womenrights'}, {'start': 89, 'end': 95, 'tag': 'women'}, {'start': 102, 'end': 114, 'tag': 'humanrights'}, {'start': 143, 'end': 152, 'tag': 'fracking'}, {'start': 159, 'end': 177, 'tag': 'fracking4plastics'}]","[{'start': 0, 'end': 1, 'probability': 0.8538, 'type': 'Place', 'normalized_text': 'UK'}, {'start': 177, 'end': 178, 'probability': 0.974, 'type': 'Place', 'normalized_text': 'UK'}]",1088969210825338880,en,"UK gov can't properly protect #womenrights . Only comprehensive ban can properly protect #women &amp; #humanrights from destructive impacts of #fracking &amp; #fracking4plastics in the UK. @UN_Women @UsingCEDAW 
@CEDAWYOUTH",2019-01-26T01:17:46.000Z,Twitter for iPhone,807003567605227520,64,26,483,3,190464,220,1151,568,2016-12-08T23:26:58.000Z,807003567605227520,"Los Angeles, CA",Amber Heard,https://pbs.twimg.com/profile_images/1383196364792680448/N8CdupEu_normal.jpg,realamberheard,https://t.co/Ze18Ek9SOI,"Actor and Activist, semi-professional disruptor, ice cream advocate and shameless teacup yorkie-lover",26,61,272,1,2011-01-10T17:34:28.000Z,236473797,Sara Silvestri,https://pbs.twimg.com/profile_images/1277331724431699972/XsWQSRmn_normal.jpg,CaterinaPierce8,,,"London, England",,
"[{'type': 'replied_to', 'id': '1088969210825338880'}]",1089219704248516608,en,@realamberheard @UN_Women @UsingCEDAW @CEDAWYOUTH Afraid for your life huh? https://t.co/ejrrOHHlYr,2019-01-26T17:53:08.000Z,Twitter for iPhone,1050721822092812289,807003567605227520,"[{'start': 0, 'end': 15, 'username': 'realamberheard', 'id': '807003567605227520'}, {'start': 16, 'end': 25, 'username': 'UN_Women', 'id': '17137628'}, {'start': 26, 'end': 37, 'username': 'UsingCEDAW', 'id': '2483451613'}, {'start': 38, 'end': 49, 'username': 'CEDAWYOUTH', 'id': '762608199132286976'}]",1,1,6,0,"[{'start': 189, 'end': 198, 'username': 'UN_Women', 'id': '17137628'}, {'start': 199, 'end': 210, 'username': 'UsingCEDAW', 'id': '2483451613'}, {'start': 212, 'end': 223, 'username': 'CEDAWYOUTH', 'id': '762608199132286976'}]","[{'start': 30, 'end': 42, 'tag': 'womenrights'}, {'start': 89, 'end': 95, 'tag': 'women'}, {'start': 102, 'end': 114, 'tag': 'humanrights'}, {'start': 143, 'end': 152, 'tag': 'fracking'}, {'start': 159, 'end': 177, 'tag': 'fracking4plastics'}]","[{'start': 0, 'end': 1, 'probability': 0.8538, 'type': 'Place', 'normalized_text': 'UK'}, {'start': 177, 'end': 178, 'probability': 0.974, 'type': 'Place', 'normalized_text': 'UK'}]",1088969210825338880,en,"UK gov can't properly protect #womenrights . Only comprehensive ban can properly protect #women &amp; #humanrights from destructive impacts of #fracking &amp; #fracking4plastics in the UK. @UN_Women @UsingCEDAW 
@CEDAWYOUTH",2019-01-26T01:17:46.000Z,Twitter for iPhone,807003567605227520,64,26,483,3,190464,220,1151,568,2016-12-08T23:26:58.000Z,807003567605227520,"Los Angeles, CA",Amber Heard,https://pbs.twimg.com/profile_images/1383196364792680448/N8CdupEu_normal.jpg,realamberheard,https://t.co/Ze18Ek9SOI,"Actor and Activist, semi-professional disruptor, ice cream advocate and shameless teacup yorkie-lover",412,300,12987,1,2018-10-12T12:16:18.000Z,1050721822092812289,Susan,https://pbs.twimg.com/profile_images/1340701831975096320/g92j12jM_normal.jpg,teamdepp_,,•✿ Johnny is definition of love ✿•,#ibelievehim,"[{'start': 76, 'end': 99, 'url': 'https://t.co/ejrrOHHlYr', 'expanded_url': 'https://twitter.com/SusanFaria5/status/1089219704248516608/photo/1', 'display_url': 'pic.twitter.com/ejrrOHHlYr'}]",
"[{'type': 'replied_to', 'id': '1089146581188784129'}]",1089195268191469568,en,@GheorghiuAndy @realamberheard @UN_Women @UsingCEDAW @CEDAWYOUTH @talkfracking @frackfreeunited @F_F_Ryedale @FrackFreeEY @delphinelevialv @duycks @FoodWaterEurope @foodandwater @DamienShort @ConcernedHPs @nusuk @FrackFreeUpton @LeighCoghill @ukycc @WenonahHauter @FFAshfield Signed with pride for fair and just world 💚@FrackFreeDonny @talkfracking @BanAllFracking @frackfreesyorks @SOSBiscathorpe @FrackFreeDee @FrackFreeNotts @LockedGateLancs,2019-01-26T16:16:02.000Z,Twitter for iPad,916668690145382400,801427383723106305,"[{'start': 0, 'end': 14, 'username': 'GheorghiuAndy', 'id': '801427383723106305'}, {'start': 15, 'end': 30, 'username': 'realamberheard', 'id': '807003567605227520'}, {'start': 31, 'end': 40, 'username': 'UN_Women', 'id': '17137628'}, {'start': 41, 'end': 52, 'username': 'UsingCEDAW', 'id': '2483451613'}, {'start': 53, 'end': 64, 'username': 'CEDAWYOUTH', 'id': '762608199132286976'}, {'start': 65, 'end': 78, 'username': 'talkfracking', 'id': '2295940350'}, {'start': 96, 'end': 108, 'username': 'F_F_Ryedale', 'id': '2725764036'}, {'start': 109, 'end': 121, 'username': 'FrackFreeEY', 'id': '2722747341'}, {'start': 122, 'end': 138, 'username': 'delphinelevialv', 'id': '130768923'}, {'start': 139, 'end': 146, 'username': 'duycks', 'id': '49155241'}, {'start': 147, 'end': 163, 'username': 'FoodWaterEurope', 'id': '608368317'}, {'start': 164, 'end': 177, 'username': 'foodandwater', 'id': '15300520'}, {'start': 178, 'end': 190, 'username': 'DamienShort', 'id': '259897430'}, {'start': 191, 'end': 204, 'username': 'ConcernedHPs', 'id': '1066664656968794112'}, {'start': 205, 'end': 211, 'username': 'nusuk', 'id': '19904718'}, {'start': 212, 'end': 227, 'username': 'FrackFreeUpton', 'id': '2405017574'}, {'start': 228, 'end': 241, 'username': 'LeighCoghill', 'id': '2254886540'}, {'start': 242, 'end': 248, 'username': 'ukycc', 'id': '48062303'}, {'start': 249, 'end': 263, 'username': 'WenonahHauter', 'id': '615159419'}, {'start': 264, 'end': 275, 'username': 'FFAshfield', 'id': '735586844520370176'}, {'start': 319, 'end': 334, 'username': 'FrackFreeDonny', 'id': '824597620396032000'}, {'start': 335, 'end': 348, 'username': 'talkfracking', 'id': '2295940350'}, {'start': 365, 'end': 381, 'username': 'frackfreesyorks', 'id': '1962827090'}, {'start': 398, 'end': 411, 'username': 'FrackFreeDee', 'id': '2402046727'}, {'start': 412, 'end': 427, 'username': 'FrackFreeNotts', 'id': '2364118021'}, {'start': 428, 'end': 444, 'username': 'LockedGateLancs', 'id': '1348725006059114497'}]",1,0,2,0,"[{'start': 189, 'end': 198, 'username': 'UN_Women', 'id': '17137628'}, {'start': 199, 'end': 210, 'username': 'UsingCEDAW', 'id': '2483451613'}, {'start': 212, 'end': 223, 'username': 'CEDAWYOUTH', 'id': '762608199132286976'}]","[{'start': 30, 'end': 42, 'tag': 'womenrights'}, {'start': 89, 'end': 95, 'tag': 'women'}, {'start': 102, 'end': 114, 'tag': 'humanrights'}, {'start': 143, 'end': 152, 'tag': 'fracking'}, {'start': 159, 'end': 177, 'tag': 'fracking4plastics'}]","[{'start': 0, 'end': 1, 'probability': 0.8538, 'type': 'Place', 'normalized_text': 'UK'}, {'start': 177, 'end': 178, 'probability': 0.974, 'type': 'Place', 'normalized_text': 'UK'}]",1088969210825338880,en,"UK gov can't properly protect #womenrights . Only comprehensive ban can properly protect #women &amp; #humanrights from destructive impacts of #fracking &amp; #fracking4plastics in the UK. @UN_Women @UsingCEDAW 
@CEDAWYOUTH",2019-01-26T01:17:46.000Z,Twitter for iPhone,807003567605227520,64,26,483,3,190464,220,1151,568,2016-12-08T23:26:58.000Z,807003567605227520,"Los Angeles, CA",Amber Heard,https://pbs.twimg.com/profile_images/1383196364792680448/N8CdupEu_normal.jpg,realamberheard,https://t.co/Ze18Ek9SOI,"Actor and Activist, semi-professional disruptor, ice cream advocate and shameless teacup yorkie-lover",642,274,7363,8,2017-10-07T14:17:01.000Z,916668690145382400,FrackFreeMisson,https://pbs.twimg.com/profile_images/985599824300036097/TjH0s1Ep_normal.jpg,FrackFreeMisson,https://t.co/qzjVkSAEWN,"Small village in north Nottinghamshire, supporting our wildlife and environment for future generations. Monitoring site DN10 6ET",North Notts,,
"[{'type': 'replied_to', 'id': '1088969210825338880'}]",1089159823004884998,und,@realamberheard @UN_Women @UsingCEDAW @CEDAWYOUTH ❤💙❤💙❤💗❤💗❤💖💓💖💓💙,2019-01-26T13:55:12.000Z,Twitter for Android,1077909687641681920,807003567605227520,"[{'start': 0, 'end': 15, 'username': 'realamberheard', 'id': '807003567605227520'}, {'start': 16, 'end': 25, 'username': 'UN_Women', 'id': '17137628'}, {'start': 26, 'end': 37, 'username': 'UsingCEDAW', 'id': '2483451613'}, {'start': 38, 'end': 49, 'username': 'CEDAWYOUTH', 'id': '762608199132286976'}]",0,0,0,0,"[{'start': 189, 'end': 198, 'username': 'UN_Women', 'id': '17137628'}, {'start': 199, 'end': 210, 'username': 'UsingCEDAW', 'id': '2483451613'}, {'start': 212, 'end': 223, 'username': 'CEDAWYOUTH', 'id': '762608199132286976'}]","[{'start': 30, 'end': 42, 'tag': 'womenrights'}, {'start': 89, 'end': 95, 'tag': 'women'}, {'start': 102, 'end': 114, 'tag': 'humanrights'}, {'start': 143, 'end': 152, 'tag': 'fracking'}, {'start': 159, 'end': 177, 'tag': 'fracking4plastics'}]","[{'start': 0, 'end': 1, 'probability': 0.8538, 'type': 'Place', 'normalized_text': 'UK'}, {'start': 177, 'end': 178, 'probability': 0.974, 'type': 'Place', 'normalized_text': 'UK'}]",1088969210825338880,en,"UK gov can't properly protect #womenrights . Only comprehensive ban can properly protect #women &amp; #humanrights from destructive impacts of #fracking &amp; #fracking4plastics in the UK. @UN_Women @UsingCEDAW 
@CEDAWYOUTH",2019-01-26T01:17:46.000Z,Twitter for iPhone,807003567605227520,64,26,483,3,190464,220,1151,568,2016-12-08T23:26:58.000Z,807003567605227520,"Los Angeles, CA",Amber Heard,https://pbs.twimg.com/profile_images/1383196364792680448/N8CdupEu_normal.jpg,realamberheard,https://t.co/Ze18Ek9SOI,"Actor and Activist, semi-professional disruptor, ice cream advocate and shameless teacup yorkie-lover",0,1,40,0,2018-12-26T12:51:10.000Z,1077909687641681920,happy lee,https://pbs.twimg.com/profile_images/1077915934952583168/Y3UAXb3q_normal.jpg,love_amderheard,,I'm happy,,,
"[{'type': 'replied_to', 'id': '1088969210825338880'}]",1089154206676799490,en,@realamberheard @AmberHeardIT @UN_Women @UsingCEDAW @CEDAWYOUTH So proud you ❤👊,2019-01-26T13:32:53.000Z,Twitter for Android,1054247451677417472,807003567605227520,"[{'start': 0, 'end': 15, 'username': 'realamberheard', 'id': '807003567605227520'}, {'start': 16, 'end': 29, 'username': 'AmberHeardIT', 'id': '79199888'}, {'start': 30, 'end': 39, 'username': 'UN_Women', 'id': '17137628'}, {'start': 40, 'end': 51, 'username': 'UsingCEDAW', 'id': '2483451613'}, {'start': 52, 'end': 63, 'username': 'CEDAWYOUTH', 'id': '762608199132286976'}]",0,0,0,0,"[{'start': 189, 'end': 198, 'username': 'UN_Women', 'id': '17137628'}, {'start': 199, 'end': 210, 'username': 'UsingCEDAW', 'id': '2483451613'}, {'start': 212, 'end': 223, 'username': 'CEDAWYOUTH', 'id': '762608199132286976'}]","[{'start': 30, 'end': 42, 'tag': 'womenrights'}, {'start': 89, 'end': 95, 'tag': 'women'}, {'start': 102, 'end': 114, 'tag': 'humanrights'}, {'start': 143, 'end': 152, 'tag': 'fracking'}, {'start': 159, 'end': 177, 'tag': 'fracking4plastics'}]","[{'start': 0, 'end': 1, 'probability': 0.8538, 'type': 'Place', 'normalized_text': 'UK'}, {'start': 177, 'end': 178, 'probability': 0.974, 'type': 'Place', 'normalized_text': 'UK'}]",1088969210825338880,en,"UK gov can't properly protect #womenrights . Only comprehensive ban can properly protect #women &amp; #humanrights from destructive impacts of #fracking &amp; #fracking4plastics in the UK. @UN_Women @UsingCEDAW 
@CEDAWYOUTH",2019-01-26T01:17:46.000Z,Twitter for iPhone,807003567605227520,64,26,483,3,190464,220,1151,568,2016-12-08T23:26:58.000Z,807003567605227520,"Los Angeles, CA",Amber Heard,https://pbs.twimg.com/profile_images/1383196364792680448/N8CdupEu_normal.jpg,realamberheard,https://t.co/Ze18Ek9SOI,"Actor and Activist, semi-professional disruptor, ice cream advocate and shameless teacup yorkie-lover",493,945,3494,0,2018-10-22T05:45:54.000Z,1054247451677417472,Paula Jabour🇧🇷⚘,https://pbs.twimg.com/profile_images/1292297331119972352/hEE_YCpp_normal.jpg,Paula_Jabour,,"OMG! Stop the flat earth, I gotta jump! 
#SexNoGender #ProtectTheChildren 
#FreeSpeech #WomanIsNotADirtyWord",,,
"[{'type': 'replied_to', 'id': '1088969210825338880'}]",1089146581188784129,en,@realamberheard @UN_Women @UsingCEDAW @CEDAWYOUTH Read our joint report here https://t.co/BIVAopjmq3 @talkfracking @frackfreeunited @F_F_Ryedale @FrackFreeEY @delphinelevialv @duycks @FoodWaterEurope @foodandwater @DamienShort @ConcernedHPs @nusuk @FrackFreeMisson @FrackFreeUpton @LeighCoghill @ukycc @WenonahHauter @FFAshfield https://t.co/RLXNDjPltH,2019-01-26T13:02:34.000Z,Twitter Web Client,801427383723106305,807003567605227520,"[{'start': 0, 'end': 15, 'username': 'realamberheard', 'id': '807003567605227520'}, {'start': 16, 'end': 25, 'username': 'UN_Women', 'id': '17137628'}, {'start': 26, 'end': 37, 'username': 'UsingCEDAW', 'id': '2483451613'}, {'start': 38, 'end': 49, 'username': 'CEDAWYOUTH', 'id': '762608199132286976'}, {'start': 101, 'end': 114, 'username': 'talkfracking', 'id': '2295940350'}, {'start': 132, 'end': 144, 'username': 'F_F_Ryedale', 'id': '2725764036'}, {'start': 145, 'end': 157, 'username': 'FrackFreeEY', 'id': '2722747341'}, {'start': 158, 'end': 174, 'username': 'delphinelevialv', 'id': '130768923'}, {'start': 175, 'end': 182, 'username': 'duycks', 'id': '49155241'}, {'start': 183, 'end': 199, 'username': 'FoodWaterEurope', 'id': '608368317'}, {'start': 200, 'end': 213, 'username': 'foodandwater', 'id': '15300520'}, {'start': 214, 'end': 226, 'username': 'DamienShort', 'id': '259897430'}, {'start': 227, 'end': 240, 'username': 'ConcernedHPs', 'id': '1066664656968794112'}, {'start': 241, 'end': 247, 'username': 'nusuk', 'id': '19904718'}, {'start': 248, 'end': 264, 'username': 'FrackFreeMisson', 'id': '916668690145382400'}, {'start': 265, 'end': 280, 'username': 'FrackFreeUpton', 'id': '2405017574'}, {'start': 281, 'end': 294, 'username': 'LeighCoghill', 'id': '2254886540'}, {'start': 295, 'end': 301, 'username': 'ukycc', 'id': '48062303'}, {'start': 302, 'end': 316, 'username': 'WenonahHauter', 'id': '615159419'}, {'start': 317, 'end': 328, 'username': 'FFAshfield', 'id': '735586844520370176'}]",7,1,5,0,"[{'start': 189, 'end': 198, 'username': 'UN_Women', 'id': '17137628'}, {'start': 199, 'end': 210, 'username': 'UsingCEDAW', 'id': '2483451613'}, {'start': 212, 'end': 223, 'username': 'CEDAWYOUTH', 'id': '762608199132286976'}]","[{'start': 30, 'end': 42, 'tag': 'womenrights'}, {'start': 89, 'end': 95, 'tag': 'women'}, {'start': 102, 'end': 114, 'tag': 'humanrights'}, {'start': 143, 'end': 152, 'tag': 'fracking'}, {'start': 159, 'end': 177, 'tag': 'fracking4plastics'}]","[{'start': 0, 'end': 1, 'probability': 0.8538, 'type': 'Place', 'normalized_text': 'UK'}, {'start': 177, 'end': 178, 'probability': 0.974, 'type': 'Place', 'normalized_text': 'UK'}]",1088969210825338880,en,"UK gov can't properly protect #womenrights . Only comprehensive ban can properly protect #women &amp; #humanrights from destructive impacts of #fracking &amp; #fracking4plastics in the UK. @UN_Women @UsingCEDAW 
@CEDAWYOUTH",2019-01-26T01:17:46.000Z,Twitter for iPhone,807003567605227520,64,26,483,3,190464,220,1151,568,2016-12-08T23:26:58.000Z,807003567605227520,"Los Angeles, CA",Amber Heard,https://pbs.twimg.com/profile_images/1383196364792680448/N8CdupEu_normal.jpg,realamberheard,https://t.co/Ze18Ek9SOI,"Actor and Activist, semi-professional disruptor, ice cream advocate and shameless teacup yorkie-lover",1844,180,18984,57,2016-11-23T14:09:12.000Z,801427383723106305,Andy Gheorghiu,https://pbs.twimg.com/profile_images/1432288006996692995/N-X41R3l_normal.jpg,GheorghiuAndy,,#NoFracking #NoLNG Stop #Fracking4plastics campaigner & consultant for climate/environmental protection & energy policy. Posts reflect personal views.,"Nordhessen, Germany","[{'start': 77, 'end': 100, 'url': 'https://t.co/BIVAopjmq3', 'expanded_url': 'https://bit.ly/2DB77tS', 'display_url': 'bit.ly/2DB77tS'}, {'start': 329, 'end': 352, 'url': 'https://t.co/RLXNDjPltH', 'expanded_url': 'https://twitter.com/GheorghiuAndy/status/1089146581188784129/photo/1', 'display_url': 'pic.twitter.com/RLXNDjPltH'}, {'start': 329, 'end': 352, 'url': 'https://t.co/RLXNDjPltH', 'expanded_url': 'https://twitter.com/GheorghiuAndy/status/1089146581188784129/photo/1', 'display_url': 'pic.twitter.com/RLXNDjPltH'}]",
"[{'type': 'replied_to', 'id': '1088969210825338880'}]",1089119229100474368,en,"@realamberheard @UN_Women @UsingCEDAW @CEDAWYOUTH Alright, I knew some one there KING William, Please help me, I need some money.",2019-01-26T11:13:53.000Z,Twitter Web Client,3036891512,807003567605227520,"[{'start': 0, 'end': 15, 'username': 'realamberheard', 'id': '807003567605227520'}, {'start': 16, 'end': 25, 'username': 'UN_Women', 'id': '17137628'}, {'start': 26, 'end': 37, 'username': 'UsingCEDAW', 'id': '2483451613'}, {'start': 38, 'end': 49, 'username': 'CEDAWYOUTH', 'id': '762608199132286976'}]",0,0,0,0,"[{'start': 189, 'end': 198, 'username': 'UN_Women', 'id': '17137628'}, {'start': 199, 'end': 210, 'username': 'UsingCEDAW', 'id': '2483451613'}, {'start': 212, 'end': 223, 'username': 'CEDAWYOUTH', 'id': '762608199132286976'}]","[{'start': 30, 'end': 42, 'tag': 'womenrights'}, {'start': 89, 'end': 95, 'tag': 'women'}, {'start': 102, 'end': 114, 'tag': 'humanrights'}, {'start': 143, 'end': 152, 'tag': 'fracking'}, {'start': 159, 'end': 177, 'tag': 'fracking4plastics'}]","[{'start': 0, 'end': 1, 'probability': 0.8538, 'type': 'Place', 'normalized_text': 'UK'}, {'start': 177, 'end': 178, 'probability': 0.974, 'type': 'Place', 'normalized_text': 'UK'}]",1088969210825338880,en,"UK gov can't properly protect #womenrights . Only comprehensive ban can properly protect #women &amp; #humanrights from destructive impacts of #fracking &amp; #fracking4plastics in the UK. @UN_Women @UsingCEDAW 
@CEDAWYOUTH",2019-01-26T01:17:46.000Z,Twitter for iPhone,807003567605227520,64,26,483,3,190464,220,1151,568,2016-12-08T23:26:58.000Z,807003567605227520,"Los Angeles, CA",Amber Heard,https://pbs.twimg.com/profile_images/1383196364792680448/N8CdupEu_normal.jpg,realamberheard,https://t.co/Ze18Ek9SOI,"Actor and Activist, semi-professional disruptor, ice cream advocate and shameless teacup yorkie-lover",108,311,16469,2,2015-02-22T19:38:36.000Z,3036891512,Nandakumar Mani,https://pbs.twimg.com/profile_images/1494350104890728456/5Z4srAfQ_normal.jpg,NandakumarMani,,RETD.ADMINISTRATIVE DIRECTOR.,"Chennai, India",,"[{'start': 81, 'end': 92, 'probability': 0.9271, 'type': 'Person', 'normalized_text': 'KING William'}]"
"[{'type': 'replied_to', 'id': '1088969210825338880'}]",1089091179042476032,en,@realamberheard @UN_Women @UsingCEDAW @CEDAWYOUTH YEEEEES! We are with you love,2019-01-26T09:22:26.000Z,Twitter for iPhone,769845877,807003567605227520,"[{'start': 0, 'end': 15, 'username': 'realamberheard', 'id': '807003567605227520'}, {'start': 16, 'end': 25, 'username': 'UN_Women', 'id': '17137628'}, {'start': 26, 'end': 37, 'username': 'UsingCEDAW', 'id': '2483451613'}, {'start': 38, 'end': 49, 'username': 'CEDAWYOUTH', 'id': '762608199132286976'}]",0,0,0,0,"[{'start': 189, 'end': 198, 'username': 'UN_Women', 'id': '17137628'}, {'start': 199, 'end': 210, 'username': 'UsingCEDAW', 'id': '2483451613'}, {'start': 212, 'end': 223, 'username': 'CEDAWYOUTH', 'id': '762608199132286976'}]","[{'start': 30, 'end': 42, 'tag': 'womenrights'}, {'start': 89, 'end': 95, 'tag': 'women'}, {'start': 102, 'end': 114, 'tag': 'humanrights'}, {'start': 143, 'end': 152, 'tag': 'fracking'}, {'start': 159, 'end': 177, 'tag': 'fracking4plastics'}]","[{'start': 0, 'end': 1, 'probability': 0.8538, 'type': 'Place', 'normalized_text': 'UK'}, {'start': 177, 'end': 178, 'probability': 0.974, 'type': 'Place', 'normalized_text': 'UK'}]",1088969210825338880,en,"UK gov can't properly protect #womenrights . Only comprehensive ban can properly protect #women &amp; #humanrights from destructive impacts of #fracking &amp; #fracking4plastics in the UK. @UN_Women @UsingCEDAW 
@CEDAWYOUTH",2019-01-26T01:17:46.000Z,Twitter for iPhone,807003567605227520,64,26,483,3,190464,220,1151,568,2016-12-08T23:26:58.000Z,807003567605227520,"Los Angeles, CA",Amber Heard,https://pbs.twimg.com/profile_images/1383196364792680448/N8CdupEu_normal.jpg,realamberheard,https://t.co/Ze18Ek9SOI,"Actor and Activist, semi-professional disruptor, ice cream advocate and shameless teacup yorkie-lover",1073,167,89251,12,2012-08-20T16:49:26.000Z,769845877,Rebeca,https://pbs.twimg.com/profile_images/1495491779621273610/BW2P3wah_normal.jpg,aquawomxn,,"“Water is not my weakness, it’s all yours.”. Mera Stan 🔱",Atlântida,,
"[{'type': 'replied_to', 'id': '1088969210825338880'}]",1089021567755968512,en,"@realamberheard @UN_Women @UsingCEDAW @CEDAWYOUTH A glance of the eye you draw hearts, oh you sweet smile that makes, I'm tempted ahaa,,arafiQ song,🎤🎶🎶🐳🐬🐋🐋🐬💖💕💕💞@realamberheard https://t.co/debDxbCg8t",2019-01-26T04:45:49.000Z,Twitter for Android,1071614258096431104,807003567605227520,"[{'start': 0, 'end': 15, 'username': 'realamberheard', 'id': '807003567605227520'}, {'start': 16, 'end': 25, 'username': 'UN_Women', 'id': '17137628'}, {'start': 26, 'end': 37, 'username': 'UsingCEDAW', 'id': '2483451613'}, {'start': 38, 'end': 49, 'username': 'CEDAWYOUTH', 'id': '762608199132286976'}, {'start': 160, 'end': 175, 'username': 'realamberheard', 'id': '807003567605227520'}]",0,0,5,0,"[{'start': 189, 'end': 198, 'username': 'UN_Women', 'id': '17137628'}, {'start': 199, 'end': 210, 'username': 'UsingCEDAW', 'id': '2483451613'}, {'start': 212, 'end': 223, 'username': 'CEDAWYOUTH', 'id': '762608199132286976'}]","[{'start': 30, 'end': 42, 'tag': 'womenrights'}, {'start': 89, 'end': 95, 'tag': 'women'}, {'start': 102, 'end': 114, 'tag': 'humanrights'}, {'start': 143, 'end': 152, 'tag': 'fracking'}, {'start': 159, 'end': 177, 'tag': 'fracking4plastics'}]","[{'start': 0, 'end': 1, 'probability': 0.8538, 'type': 'Place', 'normalized_text': 'UK'}, {'start': 177, 'end': 178, 'probability': 0.974, 'type': 'Place', 'normalized_text': 'UK'}]",1088969210825338880,en,"UK gov can't properly protect #womenrights . Only comprehensive ban can properly protect #women &amp; #humanrights from destructive impacts of #fracking &amp; #fracking4plastics in the UK. @UN_Women @UsingCEDAW 
@CEDAWYOUTH",2019-01-26T01:17:46.000Z,Twitter for iPhone,807003567605227520,64,26,483,3,190464,220,1151,568,2016-12-08T23:26:58.000Z,807003567605227520,"Los Angeles, CA",Amber Heard,https://pbs.twimg.com/profile_images/1383196364792680448/N8CdupEu_normal.jpg,realamberheard,https://t.co/Ze18Ek9SOI,"Actor and Activist, semi-professional disruptor, ice cream advocate and shameless teacup yorkie-lover",5,82,389,0,2018-12-09T03:55:23.000Z,1071614258096431104,Joya_wahid                          🐬🐳🐬🐳🐋🐳🐬,https://pbs.twimg.com/profile_images/1123131394597634050/m5Toggin_normal.jpg,Joyawahid1,,"@Lisaandriansalon💇💆💄💅
Hair n make up","DKI Jakarta,bali,Indonesia","[{'start': 176, 'end': 199, 'url': 'https://t.co/debDxbCg8t', 'expanded_url': 'https://twitter.com/Joyawahid1/status/1089021567755968512/video/1', 'display_url': 'pic.twitter.com/debDxbCg8t'}]",
"[{'type': 'replied_to', 'id': '1088969210825338880'}]",1089016462403092480,en,"@realamberheard @UN_Women @UsingCEDAW @CEDAWYOUTH Dear amber ,all the worlds goverment are having issues as their system is falling apart!",2019-01-26T04:25:32.000Z,Twitter for Android,989633741114003456,807003567605227520,"[{'start': 0, 'end': 15, 'username': 'realamberheard', 'id': '807003567605227520'}, {'start': 16, 'end': 25, 'username': 'UN_Women', 'id': '17137628'}, {'start': 26, 'end': 37, 'username': 'UsingCEDAW', 'id': '2483451613'}, {'start': 38, 'end': 49, 'username': 'CEDAWYOUTH', 'id': '762608199132286976'}]",0,0,1,0,"[{'start': 189, 'end': 198, 'username': 'UN_Women', 'id': '17137628'}, {'start': 199, 'end': 210, 'username': 'UsingCEDAW', 'id': '2483451613'}, {'start': 212, 'end': 223, 'username': 'CEDAWYOUTH', 'id': '762608199132286976'}]","[{'start': 30, 'end': 42, 'tag': 'womenrights'}, {'start': 89, 'end': 95, 'tag': 'women'}, {'start': 102, 'end': 114, 'tag': 'humanrights'}, {'start': 143, 'end': 152, 'tag': 'fracking'}, {'start': 159, 'end': 177, 'tag': 'fracking4plastics'}]","[{'start': 0, 'end': 1, 'probability': 0.8538, 'type': 'Place', 'normalized_text': 'UK'}, {'start': 177, 'end': 178, 'probability': 0.974, 'type': 'Place', 'normalized_text': 'UK'}]",1088969210825338880,en,"UK gov can't properly protect #womenrights . Only comprehensive ban can properly protect #women &amp; #humanrights from destructive impacts of #fracking &amp; #fracking4plastics in the UK. @UN_Women @UsingCEDAW 
@CEDAWYOUTH",2019-01-26T01:17:46.000Z,Twitter for iPhone,807003567605227520,64,26,483,3,190464,220,1151,568,2016-12-08T23:26:58.000Z,807003567605227520,"Los Angeles, CA",Amber Heard,https://pbs.twimg.com/profile_images/1383196364792680448/N8CdupEu_normal.jpg,realamberheard,https://t.co/Ze18Ek9SOI,"Actor and Activist, semi-professional disruptor, ice cream advocate and shameless teacup yorkie-lover",39,269,44974,0,2018-04-26T22:34:05.000Z,989633741114003456,Paulwalwanis,https://abs.twimg.com/sticky/default_profile_images/default_profile_normal.png,Paulwalwanis7,,"Comedy,counselor","Long Island,new York",,"[{'start': 55, 'end': 59, 'probability': 0.6029, 'type': 'Person', 'normalized_text': 'amber'}]"
"[{'type': 'replied_to', 'id': '1088969210825338880'}]",1088998193617080327,es,@realamberheard @UN_Women @UsingCEDAW @CEDAWYOUTH Tú eres una mujer guerrera 😊,2019-01-26T03:12:56.000Z,Twitter Web App,841039715830706176,807003567605227520,"[{'start': 0, 'end': 15, 'username': 'realamberheard', 'id': '807003567605227520'}, {'start': 16, 'end': 25, 'username': 'UN_Women', 'id': '17137628'}, {'start': 26, 'end': 37, 'username': 'UsingCEDAW', 'id': '2483451613'}, {'start': 38, 'end': 49, 'username': 'CEDAWYOUTH', 'id': '762608199132286976'}]",0,0,1,0,"[{'start': 189, 'end': 198, 'username': 'UN_Women', 'id': '17137628'}, {'start': 199, 'end': 210, 'username': 'UsingCEDAW', 'id': '2483451613'}, {'start': 212, 'end': 223, 'username': 'CEDAWYOUTH', 'id': '762608199132286976'}]","[{'start': 30, 'end': 42, 'tag': 'womenrights'}, {'start': 89, 'end': 95, 'tag': 'women'}, {'start': 102, 'end': 114, 'tag': 'humanrights'}, {'start': 143, 'end': 152, 'tag': 'fracking'}, {'start': 159, 'end': 177, 'tag': 'fracking4plastics'}]","[{'start': 0, 'end': 1, 'probability': 0.8538, 'type': 'Place', 'normalized_text': 'UK'}, {'start': 177, 'end': 178, 'probability': 0.974, 'type': 'Place', 'normalized_text': 'UK'}]",1088969210825338880,en,"UK gov can't properly protect #womenrights . Only comprehensive ban can properly protect #women &amp; #humanrights from destructive impacts of #fracking &amp; #fracking4plastics in the UK. @UN_Women @UsingCEDAW 
@CEDAWYOUTH",2019-01-26T01:17:46.000Z,Twitter for iPhone,807003567605227520,64,26,483,3,190464,220,1151,568,2016-12-08T23:26:58.000Z,807003567605227520,"Los Angeles, CA",Amber Heard,https://pbs.twimg.com/profile_images/1383196364792680448/N8CdupEu_normal.jpg,realamberheard,https://t.co/Ze18Ek9SOI,"Actor and Activist, semi-professional disruptor, ice cream advocate and shameless teacup yorkie-lover",0,10,17,0,2017-03-12T21:34:28.000Z,841039715830706176,Giovanni Martinez,https://abs.twimg.com/sticky/default_profile_images/default_profile_normal.png,Giovann23225058,,,,,
"[{'type': 'replied_to', 'id': '1088969210825338880'}]",1088983385643671552,fr,@realamberheard @UN_Women @UsingCEDAW @CEDAWYOUTH ilysm,2019-01-26T02:14:06.000Z,Twitter for Android,2694255254,807003567605227520,"[{'start': 0, 'end': 15, 'username': 'realamberheard', 'id': '807003567605227520'}, {'start': 16, 'end': 25, 'username': 'UN_Women', 'id': '17137628'}, {'start': 26, 'end': 37, 'username': 'UsingCEDAW', 'id': '2483451613'}, {'start': 38, 'end': 49, 'username': 'CEDAWYOUTH', 'id': '762608199132286976'}]",0,0,0,0,"[{'start': 189, 'end': 198, 'username': 'UN_Women', 'id': '17137628'}, {'start': 199, 'end': 210, 'username': 'UsingCEDAW', 'id': '2483451613'}, {'start': 212, 'end': 223, 'username': 'CEDAWYOUTH', 'id': '762608199132286976'}]","[{'start': 30, 'end': 42, 'tag': 'womenrights'}, {'start': 89, 'end': 95, 'tag': 'women'}, {'start': 102, 'end': 114, 'tag': 'humanrights'}, {'start': 143, 'end': 152, 'tag': 'fracking'}, {'start': 159, 'end': 177, 'tag': 'fracking4plastics'}]","[{'start': 0, 'end': 1, 'probability': 0.8538, 'type': 'Place', 'normalized_text': 'UK'}, {'start': 177, 'end': 178, 'probability': 0.974, 'type': 'Place', 'normalized_text': 'UK'}]",1088969210825338880,en,"UK gov can't properly protect #womenrights . Only comprehensive ban can properly protect #women &amp; #humanrights from destructive impacts of #fracking &amp; #fracking4plastics in the UK. @UN_Women @UsingCEDAW 
@CEDAWYOUTH",2019-01-26T01:17:46.000Z,Twitter for iPhone,807003567605227520,64,26,483,3,190464,220,1151,568,2016-12-08T23:26:58.000Z,807003567605227520,"Los Angeles, CA",Amber Heard,https://pbs.twimg.com/profile_images/1383196364792680448/N8CdupEu_normal.jpg,realamberheard,https://t.co/Ze18Ek9SOI,"Actor and Activist, semi-professional disruptor, ice cream advocate and shameless teacup yorkie-lover",990,2918,113780,5,2014-07-31T00:06:43.000Z,2694255254,Drew,https://pbs.twimg.com/profile_images/1439426410465091590/k4iYAuuV_normal.jpg,DrewTWhite01,,,,,
"[{'type': 'replied_to', 'id': '1088969210825338880'}]",1088983351179051010,en,"@realamberheard @UN_Women @UsingCEDAW @CEDAWYOUTH I do not like thee, Doctor Fell, The reason why – I cannot tell;",2019-01-26T02:13:57.000Z,Twitter Web Client,887432416578732032,807003567605227520,"[{'start': 0, 'end': 15, 'username': 'realamberheard', 'id': '807003567605227520'}, {'start': 16, 'end': 25, 'username': 'UN_Women', 'id': '17137628'}, {'start': 26, 'end': 37, 'username': 'UsingCEDAW', 'id': '2483451613'}, {'start': 38, 'end': 49, 'username': 'CEDAWYOUTH', 'id': '762608199132286976'}]",0,0,0,0,"[{'start': 189, 'end': 198, 'username': 'UN_Women', 'id': '17137628'}, {'start': 199, 'end': 210, 'username': 'UsingCEDAW', 'id': '2483451613'}, {'start': 212, 'end': 223, 'username': 'CEDAWYOUTH', 'id': '762608199132286976'}]","[{'start': 30, 'end': 42, 'tag': 'womenrights'}, {'start': 89, 'end': 95, 'tag': 'women'}, {'start': 102, 'end': 114, 'tag': 'humanrights'}, {'start': 143, 'end': 152, 'tag': 'fracking'}, {'start': 159, 'end': 177, 'tag': 'fracking4plastics'}]","[{'start': 0, 'end': 1, 'probability': 0.8538, 'type': 'Place', 'normalized_text': 'UK'}, {'start': 177, 'end': 178, 'probability': 0.974, 'type': 'Place', 'normalized_text': 'UK'}]",1088969210825338880,en,"UK gov can't properly protect #womenrights . Only comprehensive ban can properly protect #women &amp; #humanrights from destructive impacts of #fracking &amp; #fracking4plastics in the UK. @UN_Women @UsingCEDAW 
@CEDAWYOUTH",2019-01-26T01:17:46.000Z,Twitter for iPhone,807003567605227520,64,26,483,3,190464,220,1151,568,2016-12-08T23:26:58.000Z,807003567605227520,"Los Angeles, CA",Amber Heard,https://pbs.twimg.com/profile_images/1383196364792680448/N8CdupEu_normal.jpg,realamberheard,https://t.co/Ze18Ek9SOI,"Actor and Activist, semi-professional disruptor, ice cream advocate and shameless teacup yorkie-lover",15,26,1382,0,2017-07-18T22:02:30.000Z,887432416578732032,Bottle Necks,https://pbs.twimg.com/profile_images/1155971982988496896/yVoiSm1D_normal.jpg,HowdieallRip,https://t.co/aDqatZteml,"Never pass up an opportunity to help old ladies ,open doors for strangers and rock along!",Star Lane,,
"[{'type': 'replied_to', 'id': '1088969210825338880'}]",1088981686304546816,und,@realamberheard @UN_Women @UsingCEDAW @CEDAWYOUTH 👏,2019-01-26T02:07:20.000Z,Twitter for Android,276097327,807003567605227520,"[{'start': 0, 'end': 15, 'username': 'realamberheard', 'id': '807003567605227520'}, {'start': 16, 'end': 25, 'username': 'UN_Women', 'id': '17137628'}, {'start': 26, 'end': 37, 'username': 'UsingCEDAW', 'id': '2483451613'}, {'start': 38, 'end': 49, 'username': 'CEDAWYOUTH', 'id': '762608199132286976'}]",0,0,0,0,"[{'start': 189, 'end': 198, 'username': 'UN_Women', 'id': '17137628'}, {'start': 199, 'end': 210, 'username': 'UsingCEDAW', 'id': '2483451613'}, {'start': 212, 'end': 223, 'username': 'CEDAWYOUTH', 'id': '762608199132286976'}]","[{'start': 30, 'end': 42, 'tag': 'womenrights'}, {'start': 89, 'end': 95, 'tag': 'women'}, {'start': 102, 'end': 114, 'tag': 'humanrights'}, {'start': 143, 'end': 152, 'tag': 'fracking'}, {'start': 159, 'end': 177, 'tag': 'fracking4plastics'}]","[{'start': 0, 'end': 1, 'probability': 0.8538, 'type': 'Place', 'normalized_text': 'UK'}, {'start': 177, 'end': 178, 'probability': 0.974, 'type': 'Place', 'normalized_text': 'UK'}]",1088969210825338880,en,"UK gov can't properly protect #womenrights . Only comprehensive ban can properly protect #women &amp; #humanrights from destructive impacts of #fracking &amp; #fracking4plastics in the UK. @UN_Women @UsingCEDAW 
@CEDAWYOUTH",2019-01-26T01:17:46.000Z,Twitter for iPhone,807003567605227520,64,26,483,3,190464,220,1151,568,2016-12-08T23:26:58.000Z,807003567605227520,"Los Angeles, CA",Amber Heard,https://pbs.twimg.com/profile_images/1383196364792680448/N8CdupEu_normal.jpg,realamberheard,https://t.co/Ze18Ek9SOI,"Actor and Activist, semi-professional disruptor, ice cream advocate and shameless teacup yorkie-lover",6,109,1669,0,2011-04-02T16:59:58.000Z,276097327,Leônidas Junior,https://pbs.twimg.com/profile_images/1418708491246743555/55L7MdoH_normal.jpg,leonidasdiamant,,"Corretor de Imoveis no Estado do SP
e Gamer na horas vagas .",,,
"[{'type': 'replied_to', 'id': '1088969210825338880'}]",1088973168230973440,en,@realamberheard @UN_Women @UsingCEDAW @CEDAWYOUTH Just shut up,2019-01-26T01:33:30.000Z,Twitter for Android,885524729708281856,807003567605227520,"[{'start': 0, 'end': 15, 'username': 'realamberheard', 'id': '807003567605227520'}, {'start': 16, 'end': 25, 'username': 'UN_Women', 'id': '17137628'}, {'start': 26, 'end': 37, 'username': 'UsingCEDAW', 'id': '2483451613'}, {'start': 38, 'end': 49, 'username': 'CEDAWYOUTH', 'id': '762608199132286976'}]",0,0,4,0,"[{'start': 189, 'end': 198, 'username': 'UN_Women', 'id': '17137628'}, {'start': 199, 'end': 210, 'username': 'UsingCEDAW', 'id': '2483451613'}, {'start': 212, 'end': 223, 'username': 'CEDAWYOUTH', 'id': '762608199132286976'}]","[{'start': 30, 'end': 42, 'tag': 'womenrights'}, {'start': 89, 'end': 95, 'tag': 'women'}, {'start': 102, 'end': 114, 'tag': 'humanrights'}, {'start': 143, 'end': 152, 'tag': 'fracking'}, {'start': 159, 'end': 177, 'tag': 'fracking4plastics'}]","[{'start': 0, 'end': 1, 'probability': 0.8538, 'type': 'Place', 'normalized_text': 'UK'}, {'start': 177, 'end': 178, 'probability': 0.974, 'type': 'Place', 'normalized_text': 'UK'}]",1088969210825338880,en,"UK gov can't properly protect #womenrights . Only comprehensive ban can properly protect #women &amp; #humanrights from destructive impacts of #fracking &amp; #fracking4plastics in the UK. @UN_Women @UsingCEDAW 
@CEDAWYOUTH",2019-01-26T01:17:46.000Z,Twitter for iPhone,807003567605227520,64,26,483,3,190464,220,1151,568,2016-12-08T23:26:58.000Z,807003567605227520,"Los Angeles, CA",Amber Heard,https://pbs.twimg.com/profile_images/1383196364792680448/N8CdupEu_normal.jpg,realamberheard,https://t.co/Ze18Ek9SOI,"Actor and Activist, semi-professional disruptor, ice cream advocate and shameless teacup yorkie-lover",33,544,4504,0,2017-07-13T15:42:02.000Z,885524729708281856,Allegedly Allegedly,https://pbs.twimg.com/profile_images/1490427155565711370/1n5NdI1X_normal.jpg,Emmasc0,,"Stand for what is right, even if you are standing alone.",,,
"[{'type': 'replied_to', 'id': '1088969210825338880'}]",1088971706176290816,en,@realamberheard @UN_Women @UsingCEDAW @CEDAWYOUTH @realamberheard speaking of women's rights.. here's something to check out.. https://t.co/4Ksb5xgaxm,2019-01-26T01:27:41.000Z,Twitter for Android,1048681219746140162,807003567605227520,"[{'start': 0, 'end': 15, 'username': 'realamberheard', 'id': '807003567605227520'}, {'start': 16, 'end': 25, 'username': 'UN_Women', 'id': '17137628'}, {'start': 26, 'end': 37, 'username': 'UsingCEDAW', 'id': '2483451613'}, {'start': 38, 'end': 49, 'username': 'CEDAWYOUTH', 'id': '762608199132286976'}, {'start': 50, 'end': 65, 'username': 'realamberheard', 'id': '807003567605227520'}]",0,0,1,0,"[{'start': 189, 'end': 198, 'username': 'UN_Women', 'id': '17137628'}, {'start': 199, 'end': 210, 'username': 'UsingCEDAW', 'id': '2483451613'}, {'start': 212, 'end': 223, 'username': 'CEDAWYOUTH', 'id': '762608199132286976'}]","[{'start': 30, 'end': 42, 'tag': 'womenrights'}, {'start': 89, 'end': 95, 'tag': 'women'}, {'start': 102, 'end': 114, 'tag': 'humanrights'}, {'start': 143, 'end': 152, 'tag': 'fracking'}, {'start': 159, 'end': 177, 'tag': 'fracking4plastics'}]","[{'start': 0, 'end': 1, 'probability': 0.8538, 'type': 'Place', 'normalized_text': 'UK'}, {'start': 177, 'end': 178, 'probability': 0.974, 'type': 'Place', 'normalized_text': 'UK'}]",1088969210825338880,en,"UK gov can't properly protect #womenrights . Only comprehensive ban can properly protect #women &amp; #humanrights from destructive impacts of #fracking &amp; #fracking4plastics in the UK. @UN_Women @UsingCEDAW 
@CEDAWYOUTH",2019-01-26T01:17:46.000Z,Twitter for iPhone,807003567605227520,64,26,483,3,190464,220,1151,568,2016-12-08T23:26:58.000Z,807003567605227520,"Los Angeles, CA",Amber Heard,https://pbs.twimg.com/profile_images/1383196364792680448/N8CdupEu_normal.jpg,realamberheard,https://t.co/Ze18Ek9SOI,"Actor and Activist, semi-professional disruptor, ice cream advocate and shameless teacup yorkie-lover",66711,57143,74969,66,2018-10-06T21:07:41.000Z,1048681219746140162,Kevin Endicott,https://pbs.twimg.com/profile_images/1502321336148008967/R8OT5wEP_normal.jpg,TheRealKevinTE,,"Equality is the only way to create a better future.....

#PickASide
#RaiseAFist",United States,"[{'start': 127, 'end': 150, 'url': 'https://t.co/4Ksb5xgaxm', 'expanded_url': 'https://www.independent.co.uk/news/world/americas/trump-domestic-abuse-sexual-assault-definition-womens-rights-justice-department-a8744546.html?amp#click=https://t.co/fnadDYtYKT', 'display_url': 'independent.co.uk/news/world/ame…'}]",
"[{'type': 'replied_to', 'id': '1088969210825338880'}]",1088970925171752961,en,@realamberheard @UN_Women @UsingCEDAW @CEDAWYOUTH Things can only receive value. People can give value people over things.,2019-01-26T01:24:35.000Z,Twitter for Android,2411655860,807003567605227520,"[{'start': 0, 'end': 15, 'username': 'realamberheard', 'id': '807003567605227520'}, {'start': 16, 'end': 25, 'username': 'UN_Women', 'id': '17137628'}, {'start': 26, 'end': 37, 'username': 'UsingCEDAW', 'id': '2483451613'}, {'start': 38, 'end': 49, 'username': 'CEDAWYOUTH', 'id': '762608199132286976'}]",0,0,0,0,"[{'start': 189, 'end': 198, 'username': 'UN_Women', 'id': '17137628'}, {'start': 199, 'end': 210, 'username': 'UsingCEDAW', 'id': '2483451613'}, {'start': 212, 'end': 223, 'username': 'CEDAWYOUTH', 'id': '762608199132286976'}]","[{'start': 30, 'end': 42, 'tag': 'womenrights'}, {'start': 89, 'end': 95, 'tag': 'women'}, {'start': 102, 'end': 114, 'tag': 'humanrights'}, {'start': 143, 'end': 152, 'tag': 'fracking'}, {'start': 159, 'end': 177, 'tag': 'fracking4plastics'}]","[{'start': 0, 'end': 1, 'probability': 0.8538, 'type': 'Place', 'normalized_text': 'UK'}, {'start': 177, 'end': 178, 'probability': 0.974, 'type': 'Place', 'normalized_text': 'UK'}]",1088969210825338880,en,"UK gov can't properly protect #womenrights . Only comprehensive ban can properly protect #women &amp; #humanrights from destructive impacts of #fracking &amp; #fracking4plastics in the UK. @UN_Women @UsingCEDAW 
@CEDAWYOUTH",2019-01-26T01:17:46.000Z,Twitter for iPhone,807003567605227520,64,26,483,3,190464,220,1151,568,2016-12-08T23:26:58.000Z,807003567605227520,"Los Angeles, CA",Amber Heard,https://pbs.twimg.com/profile_images/1383196364792680448/N8CdupEu_normal.jpg,realamberheard,https://t.co/Ze18Ek9SOI,"Actor and Activist, semi-professional disruptor, ice cream advocate and shameless teacup yorkie-lover",23,150,2280,0,2014-03-25T23:00:42.000Z,2411655860,john foley,https://pbs.twimg.com/profile_images/1013723146044747776/SaEqAFcE_normal.jpg,TruthseekerJohn,,I loved River and hate Friends.,"Plant City, FL",,
"[{'type': 'replied_to', 'id': '1088969210825338880'}]",1088969598651772928,en,"@realamberheard Hi, i love you",2019-01-26T01:19:19.000Z,Twitter for iPhone,510635275,807003567605227520,"[{'start': 0, 'end': 15, 'username': 'realamberheard', 'id': '807003567605227520'}]",0,0,2,0,"[{'start': 189, 'end': 198, 'username': 'UN_Women', 'id': '17137628'}, {'start': 199, 'end': 210, 'username': 'UsingCEDAW', 'id': '2483451613'}, {'start': 212, 'end': 223, 'username': 'CEDAWYOUTH', 'id': '762608199132286976'}]","[{'start': 30, 'end': 42, 'tag': 'womenrights'}, {'start': 89, 'end': 95, 'tag': 'women'}, {'start': 102, 'end': 114, 'tag': 'humanrights'}, {'start': 143, 'end': 152, 'tag': 'fracking'}, {'start': 159, 'end': 177, 'tag': 'fracking4plastics'}]","[{'start': 0, 'end': 1, 'probability': 0.8538, 'type': 'Place', 'normalized_text': 'UK'}, {'start': 177, 'end': 178, 'probability': 0.974, 'type': 'Place', 'normalized_text': 'UK'}]",1088969210825338880,en,"UK gov can't properly protect #womenrights . Only comprehensive ban can properly protect #women &amp; #humanrights from destructive impacts of #fracking &amp; #fracking4plastics in the UK. @UN_Women @UsingCEDAW 
@CEDAWYOUTH",2019-01-26T01:17:46.000Z,Twitter for iPhone,807003567605227520,64,26,483,3,190464,220,1151,568,2016-12-08T23:26:58.000Z,807003567605227520,"Los Angeles, CA",Amber Heard,https://pbs.twimg.com/profile_images/1383196364792680448/N8CdupEu_normal.jpg,realamberheard,https://t.co/Ze18Ek9SOI,"Actor and Activist, semi-professional disruptor, ice cream advocate and shameless teacup yorkie-lover",2535,472,117944,31,2012-03-01T18:20:56.000Z,510635275,biah,https://pbs.twimg.com/profile_images/1471267521311514631/DKzf_wnd_normal.jpg,aelingalathniuz,https://t.co/bxksupKdPu,(she/her) aaron warner supremacist | sophiet shelleyhennig stephaniecorneliussen amberheard kayascods hero_ft annatodd and not you,terrasen | velaris ,,
