created_at,source,referenced_tweets,lang,id,in_reply_to_user_id,text,author_id,entities.urls,entities.mentions,public_metrics.retweet_count,public_metrics.reply_count,public_metrics.like_count,public_metrics.quote_count,replied_tweet.created_at,replied_tweet.source,replied_tweet.entities.hashtags,replied_tweet.entities.urls,replied_tweet.entities.mentions,replied_tweet.lang,replied_tweet.id,replied_tweet.text,replied_tweet.author_id,replied_tweet.public_metrics.retweet_count,replied_tweet.public_metrics.reply_count,replied_tweet.public_metrics.like_count,replied_tweet.public_metrics.quote_count,replied_tweet.author.url,replied_tweet.author.username,replied_tweet.author.description,replied_tweet.author.id,replied_tweet.author.location,replied_tweet.author.profile_image_url,replied_tweet.author.created_at,replied_tweet.author.public_metrics.followers_count,replied_tweet.author.public_metrics.following_count,replied_tweet.author.public_metrics.tweet_count,replied_tweet.author.public_metrics.listed_count,replied_tweet.author.name,author.url,author.username,author.description,author.id,author.profile_image_url,author.created_at,author.public_metrics.followers_count,author.public_metrics.following_count,author.public_metrics.tweet_count,author.public_metrics.listed_count,author.name,author.location,entities.annotations,entities.hashtags
2019-02-17T22:07:12.000Z,Twitter for Android,"[{'type': 'replied_to', 'id': '1090454791975661568'}]",und,1097256173936541697,807003567605227520,@realamberheard @kathygriffin https://t.co/1XnZE0dRGV,52845791,"[{'start': 30, 'end': 53, 'url': 'https://t.co/1XnZE0dRGV', 'expanded_url': 'https://twitter.com/1985thiago/status/1097256173936541697/photo/1', 'display_url': 'pic.twitter.com/1XnZE0dRGV'}]","[{'start': 0, 'end': 15, 'username': 'realamberheard', 'id': '807003567605227520'}, {'start': 16, 'end': 29, 'username': 'kathygriffin', 'id': '21148293'}]",0,0,0,0,2019-01-30T03:40:56.000Z,Twitter for iPhone,"[{'start': 134, 'end': 149, 'tag': 'LAwomensdinner'}]","[{'start': 150, 'end': 173, 'url': 'https://t.co/jp4duLIPX5', 'expanded_url': 'https://twitter.com/realamberheard/status/1090454791975661568/photo/1', 'display_url': 'pic.twitter.com/jp4duLIPX5'}]","[{'start': 46, 'end': 59, 'username': 'kathygriffin', 'id': '21148293'}]",en,1090454791975661568,"To be clear: super BFF, NOT hostage. Right, ⁦⁦@kathygriffin⁩ , right?! Seriously, couldn’t imagine a better addition to the inaugural #LAwomensdinner https://t.co/jp4duLIPX5",807003567605227520,95,31,1279,5,https://t.co/Ze18Ek9SOI,realamberheard,"Actor and Activist, semi-professional disruptor, ice cream advocate and shameless teacup yorkie-lover",807003567605227520,"Los Angeles, CA",https://pbs.twimg.com/profile_images/1383196364792680448/N8CdupEu_normal.jpg,2016-12-08T23:26:58.000Z,190464,220,1151,568,Amber Heard,,1985thiago,,52845791,https://pbs.twimg.com/profile_images/1503902208777244674/qnP34miv_normal.jpg,2009-07-01T20:47:11.000Z,241,3062,17114,0,thiago,,,
2019-02-06T23:46:10.000Z,Twitter Web Client,"[{'type': 'replied_to', 'id': '1090454791975661568'}]",in,1093294812017639424,807003567605227520,"@realamberheard @kathygriffin https://t.co/SHfcVmjUdd

Hohohoh, Psicos togather!",1347822451,"[{'start': 30, 'end': 53, 'url': 'https://t.co/SHfcVmjUdd', 'expanded_url': 'https://eu.usatoday.com/story/life/movies/2016/06/07/amber-heard-arrested-2009-charge-hitting-girlfriend/85563338/', 'display_url': 'eu.usatoday.com/story/life/mov…'}]","[{'start': 0, 'end': 15, 'username': 'realamberheard', 'id': '807003567605227520'}, {'start': 16, 'end': 29, 'username': 'kathygriffin', 'id': '21148293'}]",0,0,1,0,2019-01-30T03:40:56.000Z,Twitter for iPhone,"[{'start': 134, 'end': 149, 'tag': 'LAwomensdinner'}]","[{'start': 150, 'end': 173, 'url': 'https://t.co/jp4duLIPX5', 'expanded_url': 'https://twitter.com/realamberheard/status/1090454791975661568/photo/1', 'display_url': 'pic.twitter.com/jp4duLIPX5'}]","[{'start': 46, 'end': 59, 'username': 'kathygriffin', 'id': '21148293'}]",en,1090454791975661568,"To be clear: super BFF, NOT hostage. Right, ⁦⁦@kathygriffin⁩ , right?! Seriously, couldn’t imagine a better addition to the inaugural #LAwomensdinner https://t.co/jp4duLIPX5",807003567605227520,95,31,1279,5,https://t.co/Ze18Ek9SOI,realamberheard,"Actor and Activist, semi-professional disruptor, ice cream advocate and shameless teacup yorkie-lover",807003567605227520,"Los Angeles, CA",https://pbs.twimg.com/profile_images/1383196364792680448/N8CdupEu_normal.jpg,2016-12-08T23:26:58.000Z,190464,220,1151,568,Amber Heard,,ProteoTenno,"😐😑😥😨😫😰🤢🤮 
And the sea was created.",1347822451,https://pbs.twimg.com/profile_images/1172885391432724481/REgGV-VT_normal.jpg,2013-04-12T21:54:23.000Z,73,452,12946,0,John Phillips,,,
2019-01-31T17:30:56.000Z,Twitter Web App,"[{'type': 'replied_to', 'id': '1090454791975661568'}]",en,1091026056033812480,807003567605227520,@realamberheard @kathygriffin You two look like sisters! ❤❤❤,428121540,,"[{'start': 0, 'end': 15, 'username': 'realamberheard', 'id': '807003567605227520'}, {'start': 16, 'end': 29, 'username': 'kathygriffin', 'id': '21148293'}]",0,0,0,0,2019-01-30T03:40:56.000Z,Twitter for iPhone,"[{'start': 134, 'end': 149, 'tag': 'LAwomensdinner'}]","[{'start': 150, 'end': 173, 'url': 'https://t.co/jp4duLIPX5', 'expanded_url': 'https://twitter.com/realamberheard/status/1090454791975661568/photo/1', 'display_url': 'pic.twitter.com/jp4duLIPX5'}]","[{'start': 46, 'end': 59, 'username': 'kathygriffin', 'id': '21148293'}]",en,1090454791975661568,"To be clear: super BFF, NOT hostage. Right, ⁦⁦@kathygriffin⁩ , right?! Seriously, couldn’t imagine a better addition to the inaugural #LAwomensdinner https://t.co/jp4duLIPX5",807003567605227520,95,31,1279,5,https://t.co/Ze18Ek9SOI,realamberheard,"Actor and Activist, semi-professional disruptor, ice cream advocate and shameless teacup yorkie-lover",807003567605227520,"Los Angeles, CA",https://pbs.twimg.com/profile_images/1383196364792680448/N8CdupEu_normal.jpg,2016-12-08T23:26:58.000Z,190464,220,1151,568,Amber Heard,,psychobabyboo,I live with crazy people and wild animals,428121540,https://pbs.twimg.com/profile_images/3582988631/ffb7d93e077d08afa21833cb908d774e_normal.jpeg,2011-12-04T11:06:47.000Z,1,25,15,0,Debbie Krause,Strongsville OH,,
2019-01-31T00:21:31.000Z,Twitter for iPhone,"[{'type': 'replied_to', 'id': '1090454791975661568'}]",en,1090766992448110592,807003567605227520,"@realamberheard @kathygriffin I back every woman and liberal cause, except anything that uplifts Kathy Griffin. How anybody gives her anything positive makes me wonder. As bad that Trump is do is Kathy Griffin! If anybody gay disparages her she castigates them...forget about anybody else!",133088005,,"[{'start': 0, 'end': 15, 'username': 'realamberheard', 'id': '807003567605227520'}, {'start': 16, 'end': 29, 'username': 'kathygriffin', 'id': '21148293'}]",0,0,2,0,2019-01-30T03:40:56.000Z,Twitter for iPhone,"[{'start': 134, 'end': 149, 'tag': 'LAwomensdinner'}]","[{'start': 150, 'end': 173, 'url': 'https://t.co/jp4duLIPX5', 'expanded_url': 'https://twitter.com/realamberheard/status/1090454791975661568/photo/1', 'display_url': 'pic.twitter.com/jp4duLIPX5'}]","[{'start': 46, 'end': 59, 'username': 'kathygriffin', 'id': '21148293'}]",en,1090454791975661568,"To be clear: super BFF, NOT hostage. Right, ⁦⁦@kathygriffin⁩ , right?! Seriously, couldn’t imagine a better addition to the inaugural #LAwomensdinner https://t.co/jp4duLIPX5",807003567605227520,95,31,1279,5,https://t.co/Ze18Ek9SOI,realamberheard,"Actor and Activist, semi-professional disruptor, ice cream advocate and shameless teacup yorkie-lover",807003567605227520,"Los Angeles, CA",https://pbs.twimg.com/profile_images/1383196364792680448/N8CdupEu_normal.jpg,2016-12-08T23:26:58.000Z,190464,220,1151,568,Amber Heard,,antonio2259,Stephen's Minister (lay minister trained to assist people dealing with life's problems.,133088005,https://pbs.twimg.com/profile_images/770773663192719364/Uo9KOnTu_normal.jpg,2010-04-15T00:30:58.000Z,31,33,2713,0,Tony Phillips,"Linglestown, PA","[{'start': 97, 'end': 109, 'probability': 0.9874, 'type': 'Person', 'normalized_text': 'Kathy Griffin'}, {'start': 181, 'end': 185, 'probability': 0.9996, 'type': 'Person', 'normalized_text': 'Trump'}, {'start': 196, 'end': 208, 'probability': 0.9979, 'type': 'Person', 'normalized_text': 'Kathy Griffin'}]",
2019-01-30T21:59:03.000Z,Twitter for iPhone,"[{'type': 'replied_to', 'id': '1090454791975661568'}]",und,1090731139906453505,807003567605227520,@realamberheard @kathygriffin #bipride,1363618039,,"[{'start': 0, 'end': 15, 'username': 'realamberheard', 'id': '807003567605227520'}, {'start': 16, 'end': 29, 'username': 'kathygriffin', 'id': '21148293'}]",0,0,0,0,2019-01-30T03:40:56.000Z,Twitter for iPhone,"[{'start': 134, 'end': 149, 'tag': 'LAwomensdinner'}]","[{'start': 150, 'end': 173, 'url': 'https://t.co/jp4duLIPX5', 'expanded_url': 'https://twitter.com/realamberheard/status/1090454791975661568/photo/1', 'display_url': 'pic.twitter.com/jp4duLIPX5'}]","[{'start': 46, 'end': 59, 'username': 'kathygriffin', 'id': '21148293'}]",en,1090454791975661568,"To be clear: super BFF, NOT hostage. Right, ⁦⁦@kathygriffin⁩ , right?! Seriously, couldn’t imagine a better addition to the inaugural #LAwomensdinner https://t.co/jp4duLIPX5",807003567605227520,95,31,1279,5,https://t.co/Ze18Ek9SOI,realamberheard,"Actor and Activist, semi-professional disruptor, ice cream advocate and shameless teacup yorkie-lover",807003567605227520,"Los Angeles, CA",https://pbs.twimg.com/profile_images/1383196364792680448/N8CdupEu_normal.jpg,2016-12-08T23:26:58.000Z,190464,220,1151,568,Amber Heard,,authenticpaint,atheist. bisexual. cowboy. epicene. polyamorous.,1363618039,https://pbs.twimg.com/profile_images/535226399570034688/mkfhxHSD_normal.jpeg,2013-04-19T05:00:06.000Z,1388,15,228952,0,authentic paint,,,"[{'start': 30, 'end': 38, 'tag': 'bipride'}]"
2019-01-30T21:37:02.000Z,Twitter Web Client,"[{'type': 'replied_to', 'id': '1090454791975661568'}]",en,1090725599071621120,807003567605227520,@realamberheard @kathygriffin AND  AT  620-309-0126,910215715495530496,,"[{'start': 0, 'end': 15, 'username': 'realamberheard', 'id': '807003567605227520'}, {'start': 16, 'end': 29, 'username': 'kathygriffin', 'id': '21148293'}]",0,0,0,0,2019-01-30T03:40:56.000Z,Twitter for iPhone,"[{'start': 134, 'end': 149, 'tag': 'LAwomensdinner'}]","[{'start': 150, 'end': 173, 'url': 'https://t.co/jp4duLIPX5', 'expanded_url': 'https://twitter.com/realamberheard/status/1090454791975661568/photo/1', 'display_url': 'pic.twitter.com/jp4duLIPX5'}]","[{'start': 46, 'end': 59, 'username': 'kathygriffin', 'id': '21148293'}]",en,1090454791975661568,"To be clear: super BFF, NOT hostage. Right, ⁦⁦@kathygriffin⁩ , right?! Seriously, couldn’t imagine a better addition to the inaugural #LAwomensdinner https://t.co/jp4duLIPX5",807003567605227520,95,31,1279,5,https://t.co/Ze18Ek9SOI,realamberheard,"Actor and Activist, semi-professional disruptor, ice cream advocate and shameless teacup yorkie-lover",807003567605227520,"Los Angeles, CA",https://pbs.twimg.com/profile_images/1383196364792680448/N8CdupEu_normal.jpg,2016-12-08T23:26:58.000Z,190464,220,1151,568,Amber Heard,,LordDyjuan,,910215715495530496,https://abs.twimg.com/sticky/default_profile_images/default_profile_normal.png,2017-09-19T18:55:12.000Z,166,4224,22114,0,LORD REV DYJUAN,,,
2019-01-30T21:36:44.000Z,Twitter Web Client,"[{'type': 'replied_to', 'id': '1090454791975661568'}]",en,1090725525126086657,807003567605227520,@realamberheard @kathygriffin HELLO   I  AM  THEE  LORD  REV  DYJUAN D  BARNES  YAHWEH  PH.D ESQ  MD  AND  IN  20/20  I  AM  GOING  TO  WIN  THEE  WHITE  HOUSE  FROM  PRESIDENT  TRUMP  ALL  PRAISE  2  &amp; 4  YAHWEH   NOW  FOR  MORE  INFORMATION  REACH  ME  AT  1640  WEST  CRAWFORD  STREET  SALINA  KS  67401,910215715495530496,,"[{'start': 0, 'end': 15, 'username': 'realamberheard', 'id': '807003567605227520'}, {'start': 16, 'end': 29, 'username': 'kathygriffin', 'id': '21148293'}]",0,0,0,0,2019-01-30T03:40:56.000Z,Twitter for iPhone,"[{'start': 134, 'end': 149, 'tag': 'LAwomensdinner'}]","[{'start': 150, 'end': 173, 'url': 'https://t.co/jp4duLIPX5', 'expanded_url': 'https://twitter.com/realamberheard/status/1090454791975661568/photo/1', 'display_url': 'pic.twitter.com/jp4duLIPX5'}]","[{'start': 46, 'end': 59, 'username': 'kathygriffin', 'id': '21148293'}]",en,1090454791975661568,"To be clear: super BFF, NOT hostage. Right, ⁦⁦@kathygriffin⁩ , right?! Seriously, couldn’t imagine a better addition to the inaugural #LAwomensdinner https://t.co/jp4duLIPX5",807003567605227520,95,31,1279,5,https://t.co/Ze18Ek9SOI,realamberheard,"Actor and Activist, semi-professional disruptor, ice cream advocate and shameless teacup yorkie-lover",807003567605227520,"Los Angeles, CA",https://pbs.twimg.com/profile_images/1383196364792680448/N8CdupEu_normal.jpg,2016-12-08T23:26:58.000Z,190464,220,1151,568,Amber Heard,,LordDyjuan,,910215715495530496,https://abs.twimg.com/sticky/default_profile_images/default_profile_normal.png,2017-09-19T18:55:12.000Z,166,4224,22114,0,LORD REV DYJUAN,,"[{'start': 178, 'end': 182, 'probability': 0.6924, 'type': 'Person', 'normalized_text': 'TRUMP'}, {'start': 259, 'end': 298, 'probability': 0.3553, 'type': 'Place', 'normalized_text': '1640 WEST CRAWFORD STREET SALINA KS'}]",
2019-01-30T19:24:24.000Z,Twitter Web Client,"[{'type': 'replied_to', 'id': '1090455664332365824'}]",en,1090692220343197697,1066817845034713088,"@osx1998 @realamberheard @kathygriffin In any case, she is just a pathetic spiteful green monster.😆 https://t.co/EX1aG48Dem",1068827163577778177,"[{'start': 100, 'end': 123, 'url': 'https://t.co/EX1aG48Dem', 'expanded_url': 'https://twitter.com/Franche90213092/status/1090692220343197697/photo/1', 'display_url': 'pic.twitter.com/EX1aG48Dem'}]","[{'start': 0, 'end': 8, 'username': 'osx1998', 'id': '1066817845034713088'}, {'start': 9, 'end': 24, 'username': 'realamberheard', 'id': '807003567605227520'}, {'start': 25, 'end': 38, 'username': 'kathygriffin', 'id': '21148293'}]",0,0,1,0,2019-01-30T03:40:56.000Z,Twitter for iPhone,"[{'start': 134, 'end': 149, 'tag': 'LAwomensdinner'}]","[{'start': 150, 'end': 173, 'url': 'https://t.co/jp4duLIPX5', 'expanded_url': 'https://twitter.com/realamberheard/status/1090454791975661568/photo/1', 'display_url': 'pic.twitter.com/jp4duLIPX5'}]","[{'start': 46, 'end': 59, 'username': 'kathygriffin', 'id': '21148293'}]",en,1090454791975661568,"To be clear: super BFF, NOT hostage. Right, ⁦⁦@kathygriffin⁩ , right?! Seriously, couldn’t imagine a better addition to the inaugural #LAwomensdinner https://t.co/jp4duLIPX5",807003567605227520,95,31,1279,5,https://t.co/Ze18Ek9SOI,realamberheard,"Actor and Activist, semi-professional disruptor, ice cream advocate and shameless teacup yorkie-lover",807003567605227520,"Los Angeles, CA",https://pbs.twimg.com/profile_images/1383196364792680448/N8CdupEu_normal.jpg,2016-12-08T23:26:58.000Z,190464,220,1151,568,Amber Heard,,Franche90213092,,1068827163577778177,https://pbs.twimg.com/profile_images/1069131861186752512/PS_vvhId_normal.jpg,2018-12-01T11:20:28.000Z,0,0,41,0,Francheska,,,
2019-01-30T16:02:21.000Z,Twitter Web Client,"[{'type': 'replied_to', 'id': '1090455664332365824'}]",en,1090641376621019136,1066817845034713088,@osx1998 @realamberheard @kathygriffin best friends with a child molester ?🙁🙁,1068827163577778177,,"[{'start': 0, 'end': 8, 'username': 'osx1998', 'id': '1066817845034713088'}, {'start': 9, 'end': 24, 'username': 'realamberheard', 'id': '807003567605227520'}, {'start': 25, 'end': 38, 'username': 'kathygriffin', 'id': '21148293'}]",0,0,0,0,2019-01-30T03:40:56.000Z,Twitter for iPhone,"[{'start': 134, 'end': 149, 'tag': 'LAwomensdinner'}]","[{'start': 150, 'end': 173, 'url': 'https://t.co/jp4duLIPX5', 'expanded_url': 'https://twitter.com/realamberheard/status/1090454791975661568/photo/1', 'display_url': 'pic.twitter.com/jp4duLIPX5'}]","[{'start': 46, 'end': 59, 'username': 'kathygriffin', 'id': '21148293'}]",en,1090454791975661568,"To be clear: super BFF, NOT hostage. Right, ⁦⁦@kathygriffin⁩ , right?! Seriously, couldn’t imagine a better addition to the inaugural #LAwomensdinner https://t.co/jp4duLIPX5",807003567605227520,95,31,1279,5,https://t.co/Ze18Ek9SOI,realamberheard,"Actor and Activist, semi-professional disruptor, ice cream advocate and shameless teacup yorkie-lover",807003567605227520,"Los Angeles, CA",https://pbs.twimg.com/profile_images/1383196364792680448/N8CdupEu_normal.jpg,2016-12-08T23:26:58.000Z,190464,220,1151,568,Amber Heard,,Franche90213092,,1068827163577778177,https://pbs.twimg.com/profile_images/1069131861186752512/PS_vvhId_normal.jpg,2018-12-01T11:20:28.000Z,0,0,41,0,Francheska,,,
2019-01-30T16:01:33.000Z,Twitter for iPhone,"[{'type': 'replied_to', 'id': '1090454791975661568'}]",und,1090641173042135041,807003567605227520,@realamberheard @kathygriffin 🤮,2888705878,,"[{'start': 0, 'end': 15, 'username': 'realamberheard', 'id': '807003567605227520'}, {'start': 16, 'end': 29, 'username': 'kathygriffin', 'id': '21148293'}]",0,0,1,0,2019-01-30T03:40:56.000Z,Twitter for iPhone,"[{'start': 134, 'end': 149, 'tag': 'LAwomensdinner'}]","[{'start': 150, 'end': 173, 'url': 'https://t.co/jp4duLIPX5', 'expanded_url': 'https://twitter.com/realamberheard/status/1090454791975661568/photo/1', 'display_url': 'pic.twitter.com/jp4duLIPX5'}]","[{'start': 46, 'end': 59, 'username': 'kathygriffin', 'id': '21148293'}]",en,1090454791975661568,"To be clear: super BFF, NOT hostage. Right, ⁦⁦@kathygriffin⁩ , right?! Seriously, couldn’t imagine a better addition to the inaugural #LAwomensdinner https://t.co/jp4duLIPX5",807003567605227520,95,31,1279,5,https://t.co/Ze18Ek9SOI,realamberheard,"Actor and Activist, semi-professional disruptor, ice cream advocate and shameless teacup yorkie-lover",807003567605227520,"Los Angeles, CA",https://pbs.twimg.com/profile_images/1383196364792680448/N8CdupEu_normal.jpg,2016-12-08T23:26:58.000Z,190464,220,1151,568,Amber Heard,,Bgordo92,In which direction would you run? USNA92,2888705878,https://pbs.twimg.com/profile_images/1304398822798503936/dZvCxoXx_normal.jpg,2014-11-23T01:51:42.000Z,245,646,4637,4,Bryan Gordon,Rhode Island,,
2019-01-30T14:53:00.000Z,Twitter for Android,"[{'type': 'replied_to', 'id': '1090454791975661568'}]",und,1090623922498809858,807003567605227520,@realamberheard @kathygriffin https://t.co/U12nlB9R3G,1090248564238741504,"[{'start': 30, 'end': 53, 'url': 'https://t.co/U12nlB9R3G', 'expanded_url': 'https://twitter.com/SreenuS14232285/status/1090623922498809858/photo/1', 'display_url': 'pic.twitter.com/U12nlB9R3G'}]","[{'start': 0, 'end': 15, 'username': 'realamberheard', 'id': '807003567605227520'}, {'start': 16, 'end': 29, 'username': 'kathygriffin', 'id': '21148293'}]",0,0,1,0,2019-01-30T03:40:56.000Z,Twitter for iPhone,"[{'start': 134, 'end': 149, 'tag': 'LAwomensdinner'}]","[{'start': 150, 'end': 173, 'url': 'https://t.co/jp4duLIPX5', 'expanded_url': 'https://twitter.com/realamberheard/status/1090454791975661568/photo/1', 'display_url': 'pic.twitter.com/jp4duLIPX5'}]","[{'start': 46, 'end': 59, 'username': 'kathygriffin', 'id': '21148293'}]",en,1090454791975661568,"To be clear: super BFF, NOT hostage. Right, ⁦⁦@kathygriffin⁩ , right?! Seriously, couldn’t imagine a better addition to the inaugural #LAwomensdinner https://t.co/jp4duLIPX5",807003567605227520,95,31,1279,5,https://t.co/Ze18Ek9SOI,realamberheard,"Actor and Activist, semi-professional disruptor, ice cream advocate and shameless teacup yorkie-lover",807003567605227520,"Los Angeles, CA",https://pbs.twimg.com/profile_images/1383196364792680448/N8CdupEu_normal.jpg,2016-12-08T23:26:58.000Z,190464,220,1151,568,Amber Heard,,SreenuS14232285,Be Happy,1090248564238741504,https://pbs.twimg.com/profile_images/1090257018542161921/v_c59SsP_normal.jpg,2019-01-29T14:01:28.000Z,0,4,7,0,Sreenu Sree,India,,
2019-01-30T14:52:07.000Z,Twitter for Android,"[{'type': 'replied_to', 'id': '1090454791975661568'}]",en,1090623701043671040,807003567605227520,@realamberheard @kathygriffin Awesome,1090248564238741504,,"[{'start': 0, 'end': 15, 'username': 'realamberheard', 'id': '807003567605227520'}, {'start': 16, 'end': 29, 'username': 'kathygriffin', 'id': '21148293'}]",0,0,0,0,2019-01-30T03:40:56.000Z,Twitter for iPhone,"[{'start': 134, 'end': 149, 'tag': 'LAwomensdinner'}]","[{'start': 150, 'end': 173, 'url': 'https://t.co/jp4duLIPX5', 'expanded_url': 'https://twitter.com/realamberheard/status/1090454791975661568/photo/1', 'display_url': 'pic.twitter.com/jp4duLIPX5'}]","[{'start': 46, 'end': 59, 'username': 'kathygriffin', 'id': '21148293'}]",en,1090454791975661568,"To be clear: super BFF, NOT hostage. Right, ⁦⁦@kathygriffin⁩ , right?! Seriously, couldn’t imagine a better addition to the inaugural #LAwomensdinner https://t.co/jp4duLIPX5",807003567605227520,95,31,1279,5,https://t.co/Ze18Ek9SOI,realamberheard,"Actor and Activist, semi-professional disruptor, ice cream advocate and shameless teacup yorkie-lover",807003567605227520,"Los Angeles, CA",https://pbs.twimg.com/profile_images/1383196364792680448/N8CdupEu_normal.jpg,2016-12-08T23:26:58.000Z,190464,220,1151,568,Amber Heard,,SreenuS14232285,Be Happy,1090248564238741504,https://pbs.twimg.com/profile_images/1090257018542161921/v_c59SsP_normal.jpg,2019-01-29T14:01:28.000Z,0,4,7,0,Sreenu Sree,India,,
2019-01-30T14:36:32.000Z,Twitter for Android,"[{'type': 'replied_to', 'id': '1090454791975661568'}]",en,1090619776618168320,807003567605227520,@realamberheard @kathygriffin This photo means the world! 😍❤ You girls are amazing and so inspiring ❤ Thank you for fighting for what is right 💪❤,785148392498421760,,"[{'start': 0, 'end': 15, 'username': 'realamberheard', 'id': '807003567605227520'}, {'start': 16, 'end': 29, 'username': 'kathygriffin', 'id': '21148293'}]",0,0,0,0,2019-01-30T03:40:56.000Z,Twitter for iPhone,"[{'start': 134, 'end': 149, 'tag': 'LAwomensdinner'}]","[{'start': 150, 'end': 173, 'url': 'https://t.co/jp4duLIPX5', 'expanded_url': 'https://twitter.com/realamberheard/status/1090454791975661568/photo/1', 'display_url': 'pic.twitter.com/jp4duLIPX5'}]","[{'start': 46, 'end': 59, 'username': 'kathygriffin', 'id': '21148293'}]",en,1090454791975661568,"To be clear: super BFF, NOT hostage. Right, ⁦⁦@kathygriffin⁩ , right?! Seriously, couldn’t imagine a better addition to the inaugural #LAwomensdinner https://t.co/jp4duLIPX5",807003567605227520,95,31,1279,5,https://t.co/Ze18Ek9SOI,realamberheard,"Actor and Activist, semi-professional disruptor, ice cream advocate and shameless teacup yorkie-lover",807003567605227520,"Los Angeles, CA",https://pbs.twimg.com/profile_images/1383196364792680448/N8CdupEu_normal.jpg,2016-12-08T23:26:58.000Z,190464,220,1151,568,Amber Heard,,CoraMelodie,"Actress/Producer & UNHCR Special Envoy #AngelinaJolie | Actress, Activist & Human Rights Champion @realamberheard | @JeniferOfficiel 

#IStandWithYouAmberHeard",785148392498421760,https://pbs.twimg.com/profile_images/1138826096386936837/71Iwj2dh_normal.jpg,2016-10-09T16:02:18.000Z,738,720,49396,28,Cora Melodie,"Bordeaux, France",,
2019-01-30T13:16:08.000Z,Twitter for Android,"[{'type': 'replied_to', 'id': '1090454791975661568'}]",und,1090599543882874880,807003567605227520,@realamberheard @kathygriffin Ahhh 😍❤👊,1054247451677417472,,"[{'start': 0, 'end': 15, 'username': 'realamberheard', 'id': '807003567605227520'}, {'start': 16, 'end': 29, 'username': 'kathygriffin', 'id': '21148293'}]",0,0,0,0,2019-01-30T03:40:56.000Z,Twitter for iPhone,"[{'start': 134, 'end': 149, 'tag': 'LAwomensdinner'}]","[{'start': 150, 'end': 173, 'url': 'https://t.co/jp4duLIPX5', 'expanded_url': 'https://twitter.com/realamberheard/status/1090454791975661568/photo/1', 'display_url': 'pic.twitter.com/jp4duLIPX5'}]","[{'start': 46, 'end': 59, 'username': 'kathygriffin', 'id': '21148293'}]",en,1090454791975661568,"To be clear: super BFF, NOT hostage. Right, ⁦⁦@kathygriffin⁩ , right?! Seriously, couldn’t imagine a better addition to the inaugural #LAwomensdinner https://t.co/jp4duLIPX5",807003567605227520,95,31,1279,5,https://t.co/Ze18Ek9SOI,realamberheard,"Actor and Activist, semi-professional disruptor, ice cream advocate and shameless teacup yorkie-lover",807003567605227520,"Los Angeles, CA",https://pbs.twimg.com/profile_images/1383196364792680448/N8CdupEu_normal.jpg,2016-12-08T23:26:58.000Z,190464,220,1151,568,Amber Heard,,Paula_Jabour,"OMG! Stop the flat earth, I gotta jump! 
#SexNoGender #ProtectTheChildren 
#FreeSpeech #WomanIsNotADirtyWord",1054247451677417472,https://pbs.twimg.com/profile_images/1292297331119972352/hEE_YCpp_normal.jpg,2018-10-22T05:45:54.000Z,493,945,3494,0,Paula Jabour🇧🇷⚘,,,
2019-01-30T06:59:43.000Z,Twitter for Android,"[{'type': 'replied_to', 'id': '1090454791975661568'}]",und,1090504817448026113,807003567605227520,@realamberheard @kathygriffin #girlpower #girlsrule #girlsempowerment 💪❤️,79199888,,"[{'start': 0, 'end': 15, 'username': 'realamberheard', 'id': '807003567605227520'}, {'start': 16, 'end': 29, 'username': 'kathygriffin', 'id': '21148293'}]",0,0,0,0,2019-01-30T03:40:56.000Z,Twitter for iPhone,"[{'start': 134, 'end': 149, 'tag': 'LAwomensdinner'}]","[{'start': 150, 'end': 173, 'url': 'https://t.co/jp4duLIPX5', 'expanded_url': 'https://twitter.com/realamberheard/status/1090454791975661568/photo/1', 'display_url': 'pic.twitter.com/jp4duLIPX5'}]","[{'start': 46, 'end': 59, 'username': 'kathygriffin', 'id': '21148293'}]",en,1090454791975661568,"To be clear: super BFF, NOT hostage. Right, ⁦⁦@kathygriffin⁩ , right?! Seriously, couldn’t imagine a better addition to the inaugural #LAwomensdinner https://t.co/jp4duLIPX5",807003567605227520,95,31,1279,5,https://t.co/Ze18Ek9SOI,realamberheard,"Actor and Activist, semi-professional disruptor, ice cream advocate and shameless teacup yorkie-lover",807003567605227520,"Los Angeles, CA",https://pbs.twimg.com/profile_images/1383196364792680448/N8CdupEu_normal.jpg,2016-12-08T23:26:58.000Z,190464,220,1151,568,Amber Heard,https://t.co/w3BraCgc4s,AmberHeardIT,"First  Italian FANPAGE dedicated to @realamberheard. Follow us for the latest updates, pictures and news! On Amber Heard Italia, u HEARD it first 🇮🇹",79199888,https://pbs.twimg.com/profile_images/1412490122365374481/EAftEZpa_normal.jpg,2009-10-02T14:50:54.000Z,7233,344,39219,34,Amber Heard Italia Fans,Since 2009,,"[{'start': 30, 'end': 40, 'tag': 'girlpower'}, {'start': 41, 'end': 51, 'tag': 'girlsrule'}, {'start': 52, 'end': 69, 'tag': 'girlsempowerment'}]"
2019-01-30T06:11:52.000Z,Twitter for Android,"[{'type': 'replied_to', 'id': '1090454791975661568'}]",es,1090492775647326208,807003567605227520,"@realamberheard @kathygriffin un futuro te pediría bailar,,
we love u @realamberheard 
💃❤🐬🐳🐋🐬🐳🐳 https://t.co/WjgvS9gpS9",1071614258096431104,"[{'start': 96, 'end': 119, 'url': 'https://t.co/WjgvS9gpS9', 'expanded_url': 'https://twitter.com/Joyawahid1/status/1090492775647326208/video/1', 'display_url': 'pic.twitter.com/WjgvS9gpS9'}]","[{'start': 0, 'end': 15, 'username': 'realamberheard', 'id': '807003567605227520'}, {'start': 16, 'end': 29, 'username': 'kathygriffin', 'id': '21148293'}, {'start': 70, 'end': 85, 'username': 'realamberheard', 'id': '807003567605227520'}]",0,0,0,0,2019-01-30T03:40:56.000Z,Twitter for iPhone,"[{'start': 134, 'end': 149, 'tag': 'LAwomensdinner'}]","[{'start': 150, 'end': 173, 'url': 'https://t.co/jp4duLIPX5', 'expanded_url': 'https://twitter.com/realamberheard/status/1090454791975661568/photo/1', 'display_url': 'pic.twitter.com/jp4duLIPX5'}]","[{'start': 46, 'end': 59, 'username': 'kathygriffin', 'id': '21148293'}]",en,1090454791975661568,"To be clear: super BFF, NOT hostage. Right, ⁦⁦@kathygriffin⁩ , right?! Seriously, couldn’t imagine a better addition to the inaugural #LAwomensdinner https://t.co/jp4duLIPX5",807003567605227520,95,31,1279,5,https://t.co/Ze18Ek9SOI,realamberheard,"Actor and Activist, semi-professional disruptor, ice cream advocate and shameless teacup yorkie-lover",807003567605227520,"Los Angeles, CA",https://pbs.twimg.com/profile_images/1383196364792680448/N8CdupEu_normal.jpg,2016-12-08T23:26:58.000Z,190464,220,1151,568,Amber Heard,,Joyawahid1,"@Lisaandriansalon💇💆💄💅
Hair n make up",1071614258096431104,https://pbs.twimg.com/profile_images/1123131394597634050/m5Toggin_normal.jpg,2018-12-09T03:55:23.000Z,5,82,389,0,Joya_wahid                          🐬🐳🐬🐳🐋🐳🐬,"DKI Jakarta,bali,Indonesia",,
2019-01-30T05:13:48.000Z,Twitter for iPhone,"[{'type': 'replied_to', 'id': '1090454791975661568'}]",en,1090478161479970817,807003567605227520,@realamberheard @kathygriffin Awww Amber you're so cuddly and that's super adroable,984192419401891840,,"[{'start': 0, 'end': 15, 'username': 'realamberheard', 'id': '807003567605227520'}, {'start': 16, 'end': 29, 'username': 'kathygriffin', 'id': '21148293'}]",0,0,1,0,2019-01-30T03:40:56.000Z,Twitter for iPhone,"[{'start': 134, 'end': 149, 'tag': 'LAwomensdinner'}]","[{'start': 150, 'end': 173, 'url': 'https://t.co/jp4duLIPX5', 'expanded_url': 'https://twitter.com/realamberheard/status/1090454791975661568/photo/1', 'display_url': 'pic.twitter.com/jp4duLIPX5'}]","[{'start': 46, 'end': 59, 'username': 'kathygriffin', 'id': '21148293'}]",en,1090454791975661568,"To be clear: super BFF, NOT hostage. Right, ⁦⁦@kathygriffin⁩ , right?! Seriously, couldn’t imagine a better addition to the inaugural #LAwomensdinner https://t.co/jp4duLIPX5",807003567605227520,95,31,1279,5,https://t.co/Ze18Ek9SOI,realamberheard,"Actor and Activist, semi-professional disruptor, ice cream advocate and shameless teacup yorkie-lover",807003567605227520,"Los Angeles, CA",https://pbs.twimg.com/profile_images/1383196364792680448/N8CdupEu_normal.jpg,2016-12-08T23:26:58.000Z,190464,220,1151,568,Amber Heard,https://t.co/3QScE2Bpau,Ratia_Kys,Sarah Alder’s defense attorney,984192419401891840,https://pbs.twimg.com/profile_images/1150635896338694144/HkHZH7St_normal.jpg,2018-04-11T22:12:13.000Z,839,132,27588,0,Ratia,Fort Salem,"[{'start': 35, 'end': 39, 'probability': 0.9138, 'type': 'Person', 'normalized_text': 'Amber'}]",
2019-01-30T05:08:29.000Z,Twitter for Android,"[{'type': 'replied_to', 'id': '1090454791975661568'}]",en,1090476824822464518,807003567605227520,@realamberheard i want a hug like that :(,836429581154455552,,"[{'start': 0, 'end': 15, 'username': 'realamberheard', 'id': '807003567605227520'}]",0,0,0,0,2019-01-30T03:40:56.000Z,Twitter for iPhone,"[{'start': 134, 'end': 149, 'tag': 'LAwomensdinner'}]","[{'start': 150, 'end': 173, 'url': 'https://t.co/jp4duLIPX5', 'expanded_url': 'https://twitter.com/realamberheard/status/1090454791975661568/photo/1', 'display_url': 'pic.twitter.com/jp4duLIPX5'}]","[{'start': 46, 'end': 59, 'username': 'kathygriffin', 'id': '21148293'}]",en,1090454791975661568,"To be clear: super BFF, NOT hostage. Right, ⁦⁦@kathygriffin⁩ , right?! Seriously, couldn’t imagine a better addition to the inaugural #LAwomensdinner https://t.co/jp4duLIPX5",807003567605227520,95,31,1279,5,https://t.co/Ze18Ek9SOI,realamberheard,"Actor and Activist, semi-professional disruptor, ice cream advocate and shameless teacup yorkie-lover",807003567605227520,"Los Angeles, CA",https://pbs.twimg.com/profile_images/1383196364792680448/N8CdupEu_normal.jpg,2016-12-08T23:26:58.000Z,190464,220,1151,568,Amber Heard,https://t.co/YTE1ctDLRw,stawrynight,"don’t be afraid, just wanna tell you hi. | MAMAMOO | KARD",836429581154455552,https://pbs.twimg.com/profile_images/1505595957613846537/gmTOra_L_normal.jpg,2017-02-28T04:15:27.000Z,1571,542,19963,0,m. ɞ,choi jinri • park sunyoung ,,
2019-01-30T04:38:56.000Z,Twitter for iPhone,"[{'type': 'replied_to', 'id': '1090454791975661568'}]",en,1090469387214061568,807003567605227520,@realamberheard @kathygriffin This is the CUTEST tbh 💋💯,17945218,,"[{'start': 0, 'end': 15, 'username': 'realamberheard', 'id': '807003567605227520'}, {'start': 16, 'end': 29, 'username': 'kathygriffin', 'id': '21148293'}]",0,0,0,0,2019-01-30T03:40:56.000Z,Twitter for iPhone,"[{'start': 134, 'end': 149, 'tag': 'LAwomensdinner'}]","[{'start': 150, 'end': 173, 'url': 'https://t.co/jp4duLIPX5', 'expanded_url': 'https://twitter.com/realamberheard/status/1090454791975661568/photo/1', 'display_url': 'pic.twitter.com/jp4duLIPX5'}]","[{'start': 46, 'end': 59, 'username': 'kathygriffin', 'id': '21148293'}]",en,1090454791975661568,"To be clear: super BFF, NOT hostage. Right, ⁦⁦@kathygriffin⁩ , right?! Seriously, couldn’t imagine a better addition to the inaugural #LAwomensdinner https://t.co/jp4duLIPX5",807003567605227520,95,31,1279,5,https://t.co/Ze18Ek9SOI,realamberheard,"Actor and Activist, semi-professional disruptor, ice cream advocate and shameless teacup yorkie-lover",807003567605227520,"Los Angeles, CA",https://pbs.twimg.com/profile_images/1383196364792680448/N8CdupEu_normal.jpg,2016-12-08T23:26:58.000Z,190464,220,1151,568,Amber Heard,https://t.co/POVKcRAv0s,katekelton,"Jordan from Haven, Martine from Bullet In The Face, Christy from Harold & Kumar go to White Castle, Biker from It Wasn’t Me, TicTac girl. Bifurcated sleeper ;}",17945218,https://pbs.twimg.com/profile_images/1440495615398465545/EEOJEnkF_normal.jpg,2008-12-07T18:32:54.000Z,4922,2258,76352,140,kate kelton,,,
2019-01-30T04:22:10.000Z,Twitter Web Client,"[{'type': 'replied_to', 'id': '1090454791975661568'}]",en,1090465166024630272,807003567605227520,"@realamberheard @kathygriffin I've admired both of you for your talents for many years. Never thought two of my faves would one day join together for the strong resilient and intelligent women that they are, fighting for what's right, making this a better place for all of us. Thanks for showing us the💪🏻!",47495880,,"[{'start': 0, 'end': 15, 'username': 'realamberheard', 'id': '807003567605227520'}, {'start': 16, 'end': 29, 'username': 'kathygriffin', 'id': '21148293'}]",0,0,9,0,2019-01-30T03:40:56.000Z,Twitter for iPhone,"[{'start': 134, 'end': 149, 'tag': 'LAwomensdinner'}]","[{'start': 150, 'end': 173, 'url': 'https://t.co/jp4duLIPX5', 'expanded_url': 'https://twitter.com/realamberheard/status/1090454791975661568/photo/1', 'display_url': 'pic.twitter.com/jp4duLIPX5'}]","[{'start': 46, 'end': 59, 'username': 'kathygriffin', 'id': '21148293'}]",en,1090454791975661568,"To be clear: super BFF, NOT hostage. Right, ⁦⁦@kathygriffin⁩ , right?! Seriously, couldn’t imagine a better addition to the inaugural #LAwomensdinner https://t.co/jp4duLIPX5",807003567605227520,95,31,1279,5,https://t.co/Ze18Ek9SOI,realamberheard,"Actor and Activist, semi-professional disruptor, ice cream advocate and shameless teacup yorkie-lover",807003567605227520,"Los Angeles, CA",https://pbs.twimg.com/profile_images/1383196364792680448/N8CdupEu_normal.jpg,2016-12-08T23:26:58.000Z,190464,220,1151,568,Amber Heard,,total_silliness,Professional Nap Taker and Nap Dress Wearer. Hoarder of books and red lipstick. She/Her.,47495880,https://pbs.twimg.com/profile_images/378800000526968506/ba2d2bc448cf91c8994ca0a60860432a_normal.jpeg,2009-06-16T00:50:13.000Z,385,799,19279,5,Katie,"Los Angeles, CA",,
2019-01-30T04:09:39.000Z,Twitter Web Client,"[{'type': 'replied_to', 'id': '1090456237953576960'}]",en,1090462018992328704,1040655074471501824,@Wildcattjoe @realamberheard @kathygriffin Why would you put your number on someones wall? You want a lot of third party calls in your phone bill? Or Robo calls or prank calls?,24027418,,"[{'start': 0, 'end': 12, 'username': 'Wildcattjoe', 'id': '1040655074471501824'}, {'start': 13, 'end': 28, 'username': 'realamberheard', 'id': '807003567605227520'}, {'start': 29, 'end': 42, 'username': 'kathygriffin', 'id': '21148293'}]",0,0,0,0,2019-01-30T03:40:56.000Z,Twitter for iPhone,"[{'start': 134, 'end': 149, 'tag': 'LAwomensdinner'}]","[{'start': 150, 'end': 173, 'url': 'https://t.co/jp4duLIPX5', 'expanded_url': 'https://twitter.com/realamberheard/status/1090454791975661568/photo/1', 'display_url': 'pic.twitter.com/jp4duLIPX5'}]","[{'start': 46, 'end': 59, 'username': 'kathygriffin', 'id': '21148293'}]",en,1090454791975661568,"To be clear: super BFF, NOT hostage. Right, ⁦⁦@kathygriffin⁩ , right?! Seriously, couldn’t imagine a better addition to the inaugural #LAwomensdinner https://t.co/jp4duLIPX5",807003567605227520,95,31,1279,5,https://t.co/Ze18Ek9SOI,realamberheard,"Actor and Activist, semi-professional disruptor, ice cream advocate and shameless teacup yorkie-lover",807003567605227520,"Los Angeles, CA",https://pbs.twimg.com/profile_images/1383196364792680448/N8CdupEu_normal.jpg,2016-12-08T23:26:58.000Z,190464,220,1151,568,Amber Heard,https://t.co/wFIOzBPI8V,Enewstorybrooke,Entertainment,24027418,https://pbs.twimg.com/profile_images/1491074483158929417/HE6WU9FD_normal.jpg,2009-03-12T20:22:37.000Z,528,874,7455,6,Cookie D. Ford Tsao- Ayala 💎,USA,"[{'start': 150, 'end': 153, 'probability': 0.6804, 'type': 'Person', 'normalized_text': 'Robo'}]",
2019-01-30T03:58:46.000Z,Twitter for Android,"[{'type': 'replied_to', 'id': '1090454791975661568'}]",en,1090459277972684801,807003567605227520,"@realamberheard @kathygriffin 😅😅
You rule, girls!! https://t.co/w06NFna4Hb",4396120342,"[{'start': 51, 'end': 74, 'url': 'https://t.co/w06NFna4Hb', 'expanded_url': 'https://twitter.com/stirgussa/status/1090459277972684801/photo/1', 'display_url': 'pic.twitter.com/w06NFna4Hb'}]","[{'start': 0, 'end': 15, 'username': 'realamberheard', 'id': '807003567605227520'}, {'start': 16, 'end': 29, 'username': 'kathygriffin', 'id': '21148293'}]",0,0,2,0,2019-01-30T03:40:56.000Z,Twitter for iPhone,"[{'start': 134, 'end': 149, 'tag': 'LAwomensdinner'}]","[{'start': 150, 'end': 173, 'url': 'https://t.co/jp4duLIPX5', 'expanded_url': 'https://twitter.com/realamberheard/status/1090454791975661568/photo/1', 'display_url': 'pic.twitter.com/jp4duLIPX5'}]","[{'start': 46, 'end': 59, 'username': 'kathygriffin', 'id': '21148293'}]",en,1090454791975661568,"To be clear: super BFF, NOT hostage. Right, ⁦⁦@kathygriffin⁩ , right?! Seriously, couldn’t imagine a better addition to the inaugural #LAwomensdinner https://t.co/jp4duLIPX5",807003567605227520,95,31,1279,5,https://t.co/Ze18Ek9SOI,realamberheard,"Actor and Activist, semi-professional disruptor, ice cream advocate and shameless teacup yorkie-lover",807003567605227520,"Los Angeles, CA",https://pbs.twimg.com/profile_images/1383196364792680448/N8CdupEu_normal.jpg,2016-12-08T23:26:58.000Z,190464,220,1151,568,Amber Heard,,stirgussa,"Only two things are infinite, the universe and human stupidity, and I'm not sure about the former. - Albert Einstein and Me!",4396120342,https://pbs.twimg.com/profile_images/1378175478478082050/UKLiQPuk_normal.jpg,2015-12-06T17:21:06.000Z,678,296,58624,26,STIRGUS SACCHETTI,,,
2019-01-30T03:50:45.000Z,Twitter for Android,"[{'type': 'replied_to', 'id': '1090454791975661568'}]",en,1090457263154839552,807003567605227520,"@realamberheard @kathygriffin I dont know looks likes a  hostage to me 😉😂 u ladies look amazing @kathygriffin @realamberheard 

#EqualityForAll 
Stop #ViolenceAgainstWomen #violence
Stop #ViolenceAgainstLGBTQ",1048681219746140162,,"[{'start': 0, 'end': 15, 'username': 'realamberheard', 'id': '807003567605227520'}, {'start': 16, 'end': 29, 'username': 'kathygriffin', 'id': '21148293'}, {'start': 96, 'end': 109, 'username': 'kathygriffin', 'id': '21148293'}, {'start': 110, 'end': 125, 'username': 'realamberheard', 'id': '807003567605227520'}]",0,0,0,0,2019-01-30T03:40:56.000Z,Twitter for iPhone,"[{'start': 134, 'end': 149, 'tag': 'LAwomensdinner'}]","[{'start': 150, 'end': 173, 'url': 'https://t.co/jp4duLIPX5', 'expanded_url': 'https://twitter.com/realamberheard/status/1090454791975661568/photo/1', 'display_url': 'pic.twitter.com/jp4duLIPX5'}]","[{'start': 46, 'end': 59, 'username': 'kathygriffin', 'id': '21148293'}]",en,1090454791975661568,"To be clear: super BFF, NOT hostage. Right, ⁦⁦@kathygriffin⁩ , right?! Seriously, couldn’t imagine a better addition to the inaugural #LAwomensdinner https://t.co/jp4duLIPX5",807003567605227520,95,31,1279,5,https://t.co/Ze18Ek9SOI,realamberheard,"Actor and Activist, semi-professional disruptor, ice cream advocate and shameless teacup yorkie-lover",807003567605227520,"Los Angeles, CA",https://pbs.twimg.com/profile_images/1383196364792680448/N8CdupEu_normal.jpg,2016-12-08T23:26:58.000Z,190464,220,1151,568,Amber Heard,,TheRealKevinTE,"Equality is the only way to create a better future.....

#PickASide
#RaiseAFist",1048681219746140162,https://pbs.twimg.com/profile_images/1502321336148008967/R8OT5wEP_normal.jpg,2018-10-06T21:07:41.000Z,66711,57143,74969,66,Kevin Endicott,United States,,"[{'start': 128, 'end': 143, 'tag': 'EqualityForAll'}, {'start': 150, 'end': 171, 'tag': 'ViolenceAgainstWomen'}, {'start': 172, 'end': 181, 'tag': 'violence'}, {'start': 187, 'end': 208, 'tag': 'ViolenceAgainstLGBTQ'}]"
2019-01-30T03:49:23.000Z,Twitter Web Client,"[{'type': 'replied_to', 'id': '1090454791975661568'}]",und,1090456918877847553,807003567605227520,@realamberheard @kathygriffin 🤣🤣 #FriendshipGoals 💖💖,4883689452,,"[{'start': 0, 'end': 15, 'username': 'realamberheard', 'id': '807003567605227520'}, {'start': 16, 'end': 29, 'username': 'kathygriffin', 'id': '21148293'}]",0,0,1,0,2019-01-30T03:40:56.000Z,Twitter for iPhone,"[{'start': 134, 'end': 149, 'tag': 'LAwomensdinner'}]","[{'start': 150, 'end': 173, 'url': 'https://t.co/jp4duLIPX5', 'expanded_url': 'https://twitter.com/realamberheard/status/1090454791975661568/photo/1', 'display_url': 'pic.twitter.com/jp4duLIPX5'}]","[{'start': 46, 'end': 59, 'username': 'kathygriffin', 'id': '21148293'}]",en,1090454791975661568,"To be clear: super BFF, NOT hostage. Right, ⁦⁦@kathygriffin⁩ , right?! Seriously, couldn’t imagine a better addition to the inaugural #LAwomensdinner https://t.co/jp4duLIPX5",807003567605227520,95,31,1279,5,https://t.co/Ze18Ek9SOI,realamberheard,"Actor and Activist, semi-professional disruptor, ice cream advocate and shameless teacup yorkie-lover",807003567605227520,"Los Angeles, CA",https://pbs.twimg.com/profile_images/1383196364792680448/N8CdupEu_normal.jpg,2016-12-08T23:26:58.000Z,190464,220,1151,568,Amber Heard,,santi_care,2002.03.15~2019.12.03❤,4883689452,https://pbs.twimg.com/profile_images/1238129820367613952/SaC0RiXN_normal.jpg,2016-02-09T16:10:59.000Z,781,164,89684,0,알렉스🧶,,,"[{'start': 33, 'end': 49, 'tag': 'FriendshipGoals'}]"
2019-01-30T03:48:09.000Z,Twitter Web Client,"[{'type': 'replied_to', 'id': '1090454791975661568'}]",en,1090456606658256896,807003567605227520,"@realamberheard @kathygriffin 😄😄haha, I don`t know, that kind of looks like a bad escape attempt!.....I hope you had a fun and engaging evening!",4923128929,,"[{'start': 0, 'end': 15, 'username': 'realamberheard', 'id': '807003567605227520'}, {'start': 16, 'end': 29, 'username': 'kathygriffin', 'id': '21148293'}]",0,0,0,0,2019-01-30T03:40:56.000Z,Twitter for iPhone,"[{'start': 134, 'end': 149, 'tag': 'LAwomensdinner'}]","[{'start': 150, 'end': 173, 'url': 'https://t.co/jp4duLIPX5', 'expanded_url': 'https://twitter.com/realamberheard/status/1090454791975661568/photo/1', 'display_url': 'pic.twitter.com/jp4duLIPX5'}]","[{'start': 46, 'end': 59, 'username': 'kathygriffin', 'id': '21148293'}]",en,1090454791975661568,"To be clear: super BFF, NOT hostage. Right, ⁦⁦@kathygriffin⁩ , right?! Seriously, couldn’t imagine a better addition to the inaugural #LAwomensdinner https://t.co/jp4duLIPX5",807003567605227520,95,31,1279,5,https://t.co/Ze18Ek9SOI,realamberheard,"Actor and Activist, semi-professional disruptor, ice cream advocate and shameless teacup yorkie-lover",807003567605227520,"Los Angeles, CA",https://pbs.twimg.com/profile_images/1383196364792680448/N8CdupEu_normal.jpg,2016-12-08T23:26:58.000Z,190464,220,1151,568,Amber Heard,,roberto4u2,,4923128929,https://abs.twimg.com/sticky/default_profile_images/default_profile_normal.png,2016-02-18T00:14:02.000Z,20,100,1490,0,roberto varro,,,
2019-01-30T03:44:56.000Z,Twitter for iPhone,"[{'type': 'replied_to', 'id': '1090454791975661568'}]",es,1090455795660148736,807003567605227520,@realamberheard @kathygriffin Bendiciones🙏🏻 https://t.co/gsaxWfkAh2,490983455,"[{'start': 44, 'end': 67, 'url': 'https://t.co/gsaxWfkAh2', 'expanded_url': 'https://twitter.com/sec1386/status/1090455795660148736/photo/1', 'display_url': 'pic.twitter.com/gsaxWfkAh2'}]","[{'start': 0, 'end': 15, 'username': 'realamberheard', 'id': '807003567605227520'}, {'start': 16, 'end': 29, 'username': 'kathygriffin', 'id': '21148293'}]",0,0,0,0,2019-01-30T03:40:56.000Z,Twitter for iPhone,"[{'start': 134, 'end': 149, 'tag': 'LAwomensdinner'}]","[{'start': 150, 'end': 173, 'url': 'https://t.co/jp4duLIPX5', 'expanded_url': 'https://twitter.com/realamberheard/status/1090454791975661568/photo/1', 'display_url': 'pic.twitter.com/jp4duLIPX5'}]","[{'start': 46, 'end': 59, 'username': 'kathygriffin', 'id': '21148293'}]",en,1090454791975661568,"To be clear: super BFF, NOT hostage. Right, ⁦⁦@kathygriffin⁩ , right?! Seriously, couldn’t imagine a better addition to the inaugural #LAwomensdinner https://t.co/jp4duLIPX5",807003567605227520,95,31,1279,5,https://t.co/Ze18Ek9SOI,realamberheard,"Actor and Activist, semi-professional disruptor, ice cream advocate and shameless teacup yorkie-lover",807003567605227520,"Los Angeles, CA",https://pbs.twimg.com/profile_images/1383196364792680448/N8CdupEu_normal.jpg,2016-12-08T23:26:58.000Z,190464,220,1151,568,Amber Heard,,sec1386,"Un día tus mentiras llegarán muy lejos, pero no podrás alcanzarme.",490983455,https://pbs.twimg.com/profile_images/1424022541434163208/PHSeVnLP_normal.jpg,2012-02-13T03:54:27.000Z,145,318,22490,1,saú שאול (no soy un bot),,,
2019-01-30T03:42:23.000Z,Twitter for Android,"[{'type': 'replied_to', 'id': '1090454791975661568'}]",und,1090455156943187973,807003567605227520,@realamberheard @kathygriffin 😍😍😍,4204211255,,"[{'start': 0, 'end': 15, 'username': 'realamberheard', 'id': '807003567605227520'}, {'start': 16, 'end': 29, 'username': 'kathygriffin', 'id': '21148293'}]",0,0,0,0,2019-01-30T03:40:56.000Z,Twitter for iPhone,"[{'start': 134, 'end': 149, 'tag': 'LAwomensdinner'}]","[{'start': 150, 'end': 173, 'url': 'https://t.co/jp4duLIPX5', 'expanded_url': 'https://twitter.com/realamberheard/status/1090454791975661568/photo/1', 'display_url': 'pic.twitter.com/jp4duLIPX5'}]","[{'start': 46, 'end': 59, 'username': 'kathygriffin', 'id': '21148293'}]",en,1090454791975661568,"To be clear: super BFF, NOT hostage. Right, ⁦⁦@kathygriffin⁩ , right?! Seriously, couldn’t imagine a better addition to the inaugural #LAwomensdinner https://t.co/jp4duLIPX5",807003567605227520,95,31,1279,5,https://t.co/Ze18Ek9SOI,realamberheard,"Actor and Activist, semi-professional disruptor, ice cream advocate and shameless teacup yorkie-lover",807003567605227520,"Los Angeles, CA",https://pbs.twimg.com/profile_images/1383196364792680448/N8CdupEu_normal.jpg,2016-12-08T23:26:58.000Z,190464,220,1151,568,Amber Heard,,dakotarias,𝚋𝚎 𝚜𝚝𝚛𝚘𝚗𝚐 𝚊𝚗𝚍 𝚋𝚛𝚊𝚟𝚎 †,4204211255,https://pbs.twimg.com/profile_images/1507128865436614668/pBGJYljr_normal.jpg,2015-11-16T19:47:59.000Z,2501,935,137354,22,mi,"actores, books, ecv.",,
2019-01-30T03:41:28.000Z,Twitter for iPhone,"[{'type': 'replied_to', 'id': '1090454791975661568'}]",es,1090454927254663170,807003567605227520,@realamberheard @kathygriffin Te amo ♥️,2194667917,,"[{'start': 0, 'end': 15, 'username': 'realamberheard', 'id': '807003567605227520'}, {'start': 16, 'end': 29, 'username': 'kathygriffin', 'id': '21148293'}]",0,0,0,0,2019-01-30T03:40:56.000Z,Twitter for iPhone,"[{'start': 134, 'end': 149, 'tag': 'LAwomensdinner'}]","[{'start': 150, 'end': 173, 'url': 'https://t.co/jp4duLIPX5', 'expanded_url': 'https://twitter.com/realamberheard/status/1090454791975661568/photo/1', 'display_url': 'pic.twitter.com/jp4duLIPX5'}]","[{'start': 46, 'end': 59, 'username': 'kathygriffin', 'id': '21148293'}]",en,1090454791975661568,"To be clear: super BFF, NOT hostage. Right, ⁦⁦@kathygriffin⁩ , right?! Seriously, couldn’t imagine a better addition to the inaugural #LAwomensdinner https://t.co/jp4duLIPX5",807003567605227520,95,31,1279,5,https://t.co/Ze18Ek9SOI,realamberheard,"Actor and Activist, semi-professional disruptor, ice cream advocate and shameless teacup yorkie-lover",807003567605227520,"Los Angeles, CA",https://pbs.twimg.com/profile_images/1383196364792680448/N8CdupEu_normal.jpg,2016-12-08T23:26:58.000Z,190464,220,1151,568,Amber Heard,https://t.co/VUD8FLZsSj,mafterlife_,• librianja • cevans • sapiofobica • workaholic • sonserina • doidinha •,2194667917,https://pbs.twimg.com/profile_images/1447233423148523520/0xLiM4vU_normal.jpg,2013-11-14T18:32:34.000Z,1652,1424,33950,0,Doja Khaith,"São Paulo, Brasil",,
