text,source,referenced_tweets,in_reply_to_user_id,lang,id,created_at,author_id,public_metrics.retweet_count,public_metrics.reply_count,public_metrics.like_count,public_metrics.quote_count,entities.mentions,entities.annotations,replied_tweet.text,replied_tweet.source,replied_tweet.referenced_tweets,replied_tweet.public_metrics.retweet_count,replied_tweet.public_metrics.reply_count,replied_tweet.public_metrics.like_count,replied_tweet.public_metrics.quote_count,replied_tweet.lang,replied_tweet.id,replied_tweet.created_at,replied_tweet.entities.urls,replied_tweet.author_id,replied_tweet.author.public_metrics.followers_count,replied_tweet.author.public_metrics.following_count,replied_tweet.author.public_metrics.tweet_count,replied_tweet.author.public_metrics.listed_count,replied_tweet.author.location,replied_tweet.author.profile_image_url,replied_tweet.author.url,replied_tweet.author.username,replied_tweet.author.description,replied_tweet.author.id,replied_tweet.author.name,replied_tweet.author.created_at,author.public_metrics.followers_count,author.public_metrics.following_count,author.public_metrics.tweet_count,author.public_metrics.listed_count,author.location,author.profile_image_url,author.url,author.username,author.description,author.id,author.name,author.created_at,entities.urls,entities.hashtags
@adamman316 @realamberheard But enough about obama.,Twitter Web App,"[{'type': 'replied_to', 'id': '1094436500253626368'}]",89932002,en,1099460215903342595,2019-02-24T00:05:17.000Z,231672203,0,0,0,0,"[{'start': 0, 'end': 11, 'username': 'adamman316', 'id': '89932002'}, {'start': 12, 'end': 27, 'username': 'realamberheard', 'id': '807003567605227520'}]","[{'start': 45, 'end': 49, 'probability': 0.9805, 'type': 'Person', 'normalized_text': 'obama'}]",Can he PLEASE be gonorrea already? https://t.co/Mmrsophq0q,Twitter for iPhone,"[{'type': 'quoted', 'id': '1092994378048643077'}]",129,50,1416,9,en,1094385272165490689,2019-02-09T23:59:16.000Z,"[{'start': 35, 'end': 58, 'url': 'https://t.co/Mmrsophq0q', 'expanded_url': 'https://twitter.com/TheDailyShow/status/1092994378048643077', 'display_url': 'twitter.com/TheDailyShow/s…'}]",807003567605227520,190464,220,1151,568,"Los Angeles, CA",https://pbs.twimg.com/profile_images/1383196364792680448/N8CdupEu_normal.jpg,https://t.co/Ze18Ek9SOI,realamberheard,"Actor and Activist, semi-professional disruptor, ice cream advocate and shameless teacup yorkie-lover",807003567605227520,Amber Heard,2016-12-08T23:26:58.000Z,4923,5337,50638,3,"Long Island, NY",https://pbs.twimg.com/profile_images/966912616185528322/Si_mZl38_normal.jpg,,BeckLuvsBunnies,"Blue state Deplorable blocked by @Shaunking @Georgegalloway @eugenegu @johnpavlovitz @pattyarquette

#RESIST46
#MAGA #Isles
#BackTheBlue",231672203,Let's Go Brandon #WalkAway 🚂 🇺🇸 🇮🇱 🇺🇸 🇮🇱,2010-12-29T04:35:41.000Z,,
@realamberheard @Cheesy_Nut https://t.co/ODKdxpIcbq,Twitter for Android,"[{'type': 'replied_to', 'id': '1094385272165490689'}]",807003567605227520,und,1095048087075090432,2019-02-11T19:53:03.000Z,1076537252317155329,0,1,0,0,"[{'start': 0, 'end': 15, 'username': 'realamberheard', 'id': '807003567605227520'}, {'start': 16, 'end': 27, 'username': 'Cheesy_Nut', 'id': '1024967796893999104'}]",,Can he PLEASE be gonorrea already? https://t.co/Mmrsophq0q,Twitter for iPhone,"[{'type': 'quoted', 'id': '1092994378048643077'}]",129,50,1416,9,en,1094385272165490689,2019-02-09T23:59:16.000Z,"[{'start': 35, 'end': 58, 'url': 'https://t.co/Mmrsophq0q', 'expanded_url': 'https://twitter.com/TheDailyShow/status/1092994378048643077', 'display_url': 'twitter.com/TheDailyShow/s…'}]",807003567605227520,190464,220,1151,568,"Los Angeles, CA",https://pbs.twimg.com/profile_images/1383196364792680448/N8CdupEu_normal.jpg,https://t.co/Ze18Ek9SOI,realamberheard,"Actor and Activist, semi-professional disruptor, ice cream advocate and shameless teacup yorkie-lover",807003567605227520,Amber Heard,2016-12-08T23:26:58.000Z,12,59,2420,0,"24.4539° N, 54.3773° E",https://pbs.twimg.com/profile_images/1098203773732741121/t2txzeWc_normal.jpg,,Ben70205634,,1076537252317155329,Ben,2018-12-22T17:57:36.000Z,"[{'start': 28, 'end': 51, 'url': 'https://t.co/ODKdxpIcbq', 'expanded_url': 'https://twitter.com/Ben70205634/status/1095048087075090432/photo/1', 'display_url': 'pic.twitter.com/ODKdxpIcbq'}]",
@realamberheard I'm in love w u,Twitter for Android,"[{'type': 'replied_to', 'id': '1094385272165490689'}]",807003567605227520,en,1094710171639500800,2019-02-10T21:30:18.000Z,878538696,0,0,0,0,"[{'start': 0, 'end': 15, 'username': 'realamberheard', 'id': '807003567605227520'}]",,Can he PLEASE be gonorrea already? https://t.co/Mmrsophq0q,Twitter for iPhone,"[{'type': 'quoted', 'id': '1092994378048643077'}]",129,50,1416,9,en,1094385272165490689,2019-02-09T23:59:16.000Z,"[{'start': 35, 'end': 58, 'url': 'https://t.co/Mmrsophq0q', 'expanded_url': 'https://twitter.com/TheDailyShow/status/1092994378048643077', 'display_url': 'twitter.com/TheDailyShow/s…'}]",807003567605227520,190464,220,1151,568,"Los Angeles, CA",https://pbs.twimg.com/profile_images/1383196364792680448/N8CdupEu_normal.jpg,https://t.co/Ze18Ek9SOI,realamberheard,"Actor and Activist, semi-professional disruptor, ice cream advocate and shameless teacup yorkie-lover",807003567605227520,Amber Heard,2016-12-08T23:26:58.000Z,769,964,19225,3,California,https://pbs.twimg.com/profile_images/1383650989094277125/PtqqhTup_normal.jpg,,horned_halo,,878538696,𝓪𝓷𝓰𝓮𝓵,2012-10-13T19:42:36.000Z,,
@LiloEverdeen @realamberheard Yeeep,Twitter for iPhone,"[{'type': 'replied_to', 'id': '1094672067897819136'}]",128559625,und,1094672166912774144,2019-02-10T18:59:17.000Z,968793001,1,0,3,0,"[{'start': 0, 'end': 13, 'username': 'LiloEverdeen', 'id': '128559625'}, {'start': 14, 'end': 29, 'username': 'realamberheard', 'id': '807003567605227520'}]",,Can he PLEASE be gonorrea already? https://t.co/Mmrsophq0q,Twitter for iPhone,"[{'type': 'quoted', 'id': '1092994378048643077'}]",129,50,1416,9,en,1094385272165490689,2019-02-09T23:59:16.000Z,"[{'start': 35, 'end': 58, 'url': 'https://t.co/Mmrsophq0q', 'expanded_url': 'https://twitter.com/TheDailyShow/status/1092994378048643077', 'display_url': 'twitter.com/TheDailyShow/s…'}]",807003567605227520,190464,220,1151,568,"Los Angeles, CA",https://pbs.twimg.com/profile_images/1383196364792680448/N8CdupEu_normal.jpg,https://t.co/Ze18Ek9SOI,realamberheard,"Actor and Activist, semi-professional disruptor, ice cream advocate and shameless teacup yorkie-lover",807003567605227520,Amber Heard,2016-12-08T23:26:58.000Z,1313,1348,161561,46,🇨🇴Bogotá -The city of stars✨,https://pbs.twimg.com/profile_images/1475312674066112514/Pin4I_KH_normal.jpg,https://t.co/tW4xEC1ace,JustReadAndLove,"29. Editor 📚. Pensive baker 🧁. I like to fangirl at way too many books, tv shows and movies. Santa Fe 🦁 LAFC 🖤 ACFC💖 #SiNoLeGustaNoLea. D.4. Gryffinbae.",968793001,🦁🌺 La La Cindy 🎥📚,2012-11-24T20:53:24.000Z,,
@realamberheard @JustReadAndLove Ya sabemos que se la pasa viendo Narcos,Twitter for Android,"[{'type': 'replied_to', 'id': '1094385272165490689'}]",807003567605227520,es,1094672067897819136,2019-02-10T18:58:53.000Z,128559625,1,1,4,0,"[{'start': 0, 'end': 15, 'username': 'realamberheard', 'id': '807003567605227520'}, {'start': 16, 'end': 32, 'username': 'JustReadAndLove', 'id': '968793001'}]","[{'start': 66, 'end': 71, 'probability': 0.4584, 'type': 'Other', 'normalized_text': 'Narcos'}]",Can he PLEASE be gonorrea already? https://t.co/Mmrsophq0q,Twitter for iPhone,"[{'type': 'quoted', 'id': '1092994378048643077'}]",129,50,1416,9,en,1094385272165490689,2019-02-09T23:59:16.000Z,"[{'start': 35, 'end': 58, 'url': 'https://t.co/Mmrsophq0q', 'expanded_url': 'https://twitter.com/TheDailyShow/status/1092994378048643077', 'display_url': 'twitter.com/TheDailyShow/s…'}]",807003567605227520,190464,220,1151,568,"Los Angeles, CA",https://pbs.twimg.com/profile_images/1383196364792680448/N8CdupEu_normal.jpg,https://t.co/Ze18Ek9SOI,realamberheard,"Actor and Activist, semi-professional disruptor, ice cream advocate and shameless teacup yorkie-lover",807003567605227520,Amber Heard,2016-12-08T23:26:58.000Z,1099,1877,87144,30,Cali - Colombia,https://pbs.twimg.com/profile_images/1495592883264663553/NYD92tzc_normal.jpg,,LiloEverdeen,"#ManchesterUnited #AmericadeCali #USWNT #CP23 #WonderWoman Se habla de comics, cine, de fútbol femenino, pero sobre todo se insulta a los árbitros y a los DT.",128559625,Lilo Everdeen 😹,2010-04-01T13:43:28.000Z,,
@realamberheard Trump starring in Gonorrea With The Wind!,Twitter for iPad,"[{'type': 'replied_to', 'id': '1094385272165490689'}]",807003567605227520,en,1094651811380805632,2019-02-10T17:38:24.000Z,2466595837,0,0,0,0,"[{'start': 0, 'end': 15, 'username': 'realamberheard', 'id': '807003567605227520'}]","[{'start': 16, 'end': 20, 'probability': 0.9952, 'type': 'Person', 'normalized_text': 'Trump'}, {'start': 34, 'end': 55, 'probability': 0.8444, 'type': 'Other', 'normalized_text': 'Gonorrea With The Wind'}]",Can he PLEASE be gonorrea already? https://t.co/Mmrsophq0q,Twitter for iPhone,"[{'type': 'quoted', 'id': '1092994378048643077'}]",129,50,1416,9,en,1094385272165490689,2019-02-09T23:59:16.000Z,"[{'start': 35, 'end': 58, 'url': 'https://t.co/Mmrsophq0q', 'expanded_url': 'https://twitter.com/TheDailyShow/status/1092994378048643077', 'display_url': 'twitter.com/TheDailyShow/s…'}]",807003567605227520,190464,220,1151,568,"Los Angeles, CA",https://pbs.twimg.com/profile_images/1383196364792680448/N8CdupEu_normal.jpg,https://t.co/Ze18Ek9SOI,realamberheard,"Actor and Activist, semi-professional disruptor, ice cream advocate and shameless teacup yorkie-lover",807003567605227520,Amber Heard,2016-12-08T23:26:58.000Z,868,1620,129506,13,"Minneapolis,  MN",https://pbs.twimg.com/profile_images/1352313361552310275/h9vrIn04_normal.jpg,,tridog57,"Actor, director, sometime photographer, unrepentant punster, and all around nice guy.  ;-)",2466595837,Hazen B.Markoe,2014-04-27T19:55:53.000Z,,
@realamberheard After watching West Wing and am wondering if there is a way to take out @realDonaldTrump &amp; @VP so @SpeakerPelosi can take the presidency #25thAmendment https://t.co/1jokHhUlf6,Twitter for Android,"[{'type': 'replied_to', 'id': '1094385272165490689'}]",807003567605227520,en,1094645815535173634,2019-02-10T17:14:34.000Z,1368127447,0,0,0,0,"[{'start': 0, 'end': 15, 'username': 'realamberheard', 'id': '807003567605227520'}, {'start': 88, 'end': 104, 'username': 'realDonaldTrump', 'id': '25073877'}, {'start': 111, 'end': 114, 'username': 'VP', 'id': '803694179079458816'}, {'start': 118, 'end': 132, 'username': 'SpeakerPelosi', 'id': '15764644'}]","[{'start': 31, 'end': 39, 'probability': 0.5061, 'type': 'Organization', 'normalized_text': 'West Wing'}]",Can he PLEASE be gonorrea already? https://t.co/Mmrsophq0q,Twitter for iPhone,"[{'type': 'quoted', 'id': '1092994378048643077'}]",129,50,1416,9,en,1094385272165490689,2019-02-09T23:59:16.000Z,"[{'start': 35, 'end': 58, 'url': 'https://t.co/Mmrsophq0q', 'expanded_url': 'https://twitter.com/TheDailyShow/status/1092994378048643077', 'display_url': 'twitter.com/TheDailyShow/s…'}]",807003567605227520,190464,220,1151,568,"Los Angeles, CA",https://pbs.twimg.com/profile_images/1383196364792680448/N8CdupEu_normal.jpg,https://t.co/Ze18Ek9SOI,realamberheard,"Actor and Activist, semi-professional disruptor, ice cream advocate and shameless teacup yorkie-lover",807003567605227520,Amber Heard,2016-12-08T23:26:58.000Z,102,595,4853,2,,https://pbs.twimg.com/profile_images/746983183317614592/X7zUWGL3_normal.jpg,,LuciM79,Drag(on) Queen of Essex and no nonsense B!@$#,1368127447,Luci Morningstar,2013-04-20T22:15:33.000Z,"[{'start': 172, 'end': 195, 'url': 'https://t.co/1jokHhUlf6', 'expanded_url': 'https://en.wikipedia.org/wiki/Twenty-fifth_Amendment_to_the_United_States_Constitution?wprov=sfla1', 'display_url': 'en.wikipedia.org/wiki/Twenty-fi…', 'images': [{'url': 'https://pbs.twimg.com/news_img/1474009787440394241/S_vHFjaL?format=jpg&name=orig', 'width': 1200, 'height': 1267}, {'url': 'https://pbs.twimg.com/news_img/1474009787440394241/S_vHFjaL?format=jpg&name=150x150', 'width': 150, 'height': 150}], 'status': 200, 'title': 'Twenty-fifth Amendment to the United States Constitution - Wikipedia', 'unwound_url': 'https://en.wikipedia.org/wiki/Twenty-fifth_Amendment_to_the_United_States_Constitution?wprov=sfla1'}]","[{'start': 157, 'end': 171, 'tag': '25thAmendment'}]"
@realamberheard LMFAO nice! I'm gonna start using this one 😂,Twitter for Android,"[{'type': 'replied_to', 'id': '1094385272165490689'}]",807003567605227520,en,1094637856797179905,2019-02-10T16:42:57.000Z,64580802,0,0,0,0,"[{'start': 0, 'end': 15, 'username': 'realamberheard', 'id': '807003567605227520'}]",,Can he PLEASE be gonorrea already? https://t.co/Mmrsophq0q,Twitter for iPhone,"[{'type': 'quoted', 'id': '1092994378048643077'}]",129,50,1416,9,en,1094385272165490689,2019-02-09T23:59:16.000Z,"[{'start': 35, 'end': 58, 'url': 'https://t.co/Mmrsophq0q', 'expanded_url': 'https://twitter.com/TheDailyShow/status/1092994378048643077', 'display_url': 'twitter.com/TheDailyShow/s…'}]",807003567605227520,190464,220,1151,568,"Los Angeles, CA",https://pbs.twimg.com/profile_images/1383196364792680448/N8CdupEu_normal.jpg,https://t.co/Ze18Ek9SOI,realamberheard,"Actor and Activist, semi-professional disruptor, ice cream advocate and shameless teacup yorkie-lover",807003567605227520,Amber Heard,2016-12-08T23:26:58.000Z,1104,220,86322,11,+18 • Chile🇨🇱,https://pbs.twimg.com/profile_images/1501222745421467650/pYKy6EmW_normal.jpg,https://t.co/eK370sQrw8,arrivaIgirI,''and there's nothing like a mad woman. what a shame she went mad. no one likes a mad woman. you made her like that.'' - t.s. • she/her,64580802,stefany,2009-08-11T01:19:38.000Z,,
@realamberheard Bug be gone!,Twitter for Android,"[{'type': 'replied_to', 'id': '1094385272165490689'}]",807003567605227520,en,1094633359777693698,2019-02-10T16:25:04.000Z,16226459,0,0,0,0,"[{'start': 0, 'end': 15, 'username': 'realamberheard', 'id': '807003567605227520'}]",,Can he PLEASE be gonorrea already? https://t.co/Mmrsophq0q,Twitter for iPhone,"[{'type': 'quoted', 'id': '1092994378048643077'}]",129,50,1416,9,en,1094385272165490689,2019-02-09T23:59:16.000Z,"[{'start': 35, 'end': 58, 'url': 'https://t.co/Mmrsophq0q', 'expanded_url': 'https://twitter.com/TheDailyShow/status/1092994378048643077', 'display_url': 'twitter.com/TheDailyShow/s…'}]",807003567605227520,190464,220,1151,568,"Los Angeles, CA",https://pbs.twimg.com/profile_images/1383196364792680448/N8CdupEu_normal.jpg,https://t.co/Ze18Ek9SOI,realamberheard,"Actor and Activist, semi-professional disruptor, ice cream advocate and shameless teacup yorkie-lover",807003567605227520,Amber Heard,2016-12-08T23:26:58.000Z,113,340,769,10,Texas,https://pbs.twimg.com/profile_images/994753179018514432/YGmvI5_V_normal.jpg,,leroytapia,"Book Author, Artist,  photographer...(Life is funny, enjoy the ride.) ( ツ Happiness is contagious, hope you catch it! -Leroy Tapia)",16226459,LeRoy Tapia,2008-09-10T19:26:26.000Z,,
"@realamberheard @jcocamilo es hermosa, talentosa y grosera ❤️ cada vez más perfecta",Twitter for Android,"[{'type': 'replied_to', 'id': '1094385272165490689'}]",807003567605227520,es,1094615192535777280,2019-02-10T15:12:53.000Z,168386710,0,0,0,0,"[{'start': 0, 'end': 15, 'username': 'realamberheard', 'id': '807003567605227520'}, {'start': 16, 'end': 26, 'username': 'jcocamilo', 'id': '247085340'}]",,Can he PLEASE be gonorrea already? https://t.co/Mmrsophq0q,Twitter for iPhone,"[{'type': 'quoted', 'id': '1092994378048643077'}]",129,50,1416,9,en,1094385272165490689,2019-02-09T23:59:16.000Z,"[{'start': 35, 'end': 58, 'url': 'https://t.co/Mmrsophq0q', 'expanded_url': 'https://twitter.com/TheDailyShow/status/1092994378048643077', 'display_url': 'twitter.com/TheDailyShow/s…'}]",807003567605227520,190464,220,1151,568,"Los Angeles, CA",https://pbs.twimg.com/profile_images/1383196364792680448/N8CdupEu_normal.jpg,https://t.co/Ze18Ek9SOI,realamberheard,"Actor and Activist, semi-professional disruptor, ice cream advocate and shameless teacup yorkie-lover",807003567605227520,Amber Heard,2016-12-08T23:26:58.000Z,450,619,5832,29,,https://pbs.twimg.com/profile_images/1485437791593021442/5_49ROpt_normal.jpg,https://t.co/wjHKnApGHr,jgomegi,"Ing. de Sistemas, lector de #astronomía y #tecnología. @Microsoft user. Fan de #DCcómics",168386710,Juan Pablo Gómez Gil,2010-07-19T05:35:00.000Z,,
"@realamberheard Pleas,,,Cash-Investor for me,,,Thank....",Twitter Web Client,"[{'type': 'replied_to', 'id': '1094385272165490689'}]",807003567605227520,en,1094601870331514880,2019-02-10T14:19:57.000Z,728274848754110464,0,0,0,0,"[{'start': 0, 'end': 15, 'username': 'realamberheard', 'id': '807003567605227520'}]",,Can he PLEASE be gonorrea already? https://t.co/Mmrsophq0q,Twitter for iPhone,"[{'type': 'quoted', 'id': '1092994378048643077'}]",129,50,1416,9,en,1094385272165490689,2019-02-09T23:59:16.000Z,"[{'start': 35, 'end': 58, 'url': 'https://t.co/Mmrsophq0q', 'expanded_url': 'https://twitter.com/TheDailyShow/status/1092994378048643077', 'display_url': 'twitter.com/TheDailyShow/s…'}]",807003567605227520,190464,220,1151,568,"Los Angeles, CA",https://pbs.twimg.com/profile_images/1383196364792680448/N8CdupEu_normal.jpg,https://t.co/Ze18Ek9SOI,realamberheard,"Actor and Activist, semi-professional disruptor, ice cream advocate and shameless teacup yorkie-lover",807003567605227520,Amber Heard,2016-12-08T23:26:58.000Z,734,5007,23200,50,Bratislava,https://pbs.twimg.com/profile_images/1499739852870492171/pCwXQNgW_normal.jpg,,norbert_kukla,"Who lives my dream?.Sto cercando,,Who borrow money?,-""Startup-Application""-5.000.-80.000.€. SK14 8330 0000 0027 0199 3526./SWIFT-FIOZSKBAXXX.,Grazie,Thank.",728274848754110464,Norbert,2016-05-05T17:27:09.000Z,,
@realamberheard 😂😂😂👍🏻,Twitter for iPad,"[{'type': 'replied_to', 'id': '1094385272165490689'}]",807003567605227520,und,1094567492893192192,2019-02-10T12:03:21.000Z,135503306,0,0,0,0,"[{'start': 0, 'end': 15, 'username': 'realamberheard', 'id': '807003567605227520'}]",,Can he PLEASE be gonorrea already? https://t.co/Mmrsophq0q,Twitter for iPhone,"[{'type': 'quoted', 'id': '1092994378048643077'}]",129,50,1416,9,en,1094385272165490689,2019-02-09T23:59:16.000Z,"[{'start': 35, 'end': 58, 'url': 'https://t.co/Mmrsophq0q', 'expanded_url': 'https://twitter.com/TheDailyShow/status/1092994378048643077', 'display_url': 'twitter.com/TheDailyShow/s…'}]",807003567605227520,190464,220,1151,568,"Los Angeles, CA",https://pbs.twimg.com/profile_images/1383196364792680448/N8CdupEu_normal.jpg,https://t.co/Ze18Ek9SOI,realamberheard,"Actor and Activist, semi-professional disruptor, ice cream advocate and shameless teacup yorkie-lover",807003567605227520,Amber Heard,2016-12-08T23:26:58.000Z,66,202,3419,11,UK,https://pbs.twimg.com/profile_images/843269468/gnm_normal.jpg,,RossoRacer,"Synthesist & Lotus fan. Redhead. Composer, sound & VST designer/beta tester, web designer, gamer, satirist, Zythologist, pool player, juggler & skier.",135503306,Gary Morgan,2010-04-21T13:50:00.000Z,,
"@realamberheard Don’t worry.  A gigantic penicillin shot is on the way courtesy of Robert Mueller.  I finished reading “Grant” by the way, thanks for that recommendation.  Chernow is such a vivid wordsmith.  You have to read “Enlightenment Now” by Steven Pinker if you haven’t already.  Amazing.",Twitter for iPhone,"[{'type': 'replied_to', 'id': '1094385272165490689'}]",807003567605227520,en,1094507709225930752,2019-02-10T08:05:47.000Z,2161983944,0,0,1,0,"[{'start': 0, 'end': 15, 'username': 'realamberheard', 'id': '807003567605227520'}]","[{'start': 83, 'end': 96, 'probability': 0.9867, 'type': 'Person', 'normalized_text': 'Robert Mueller'}, {'start': 172, 'end': 178, 'probability': 0.7241, 'type': 'Person', 'normalized_text': 'Chernow'}, {'start': 248, 'end': 260, 'probability': 0.9967, 'type': 'Person', 'normalized_text': 'Steven Pinker'}]",Can he PLEASE be gonorrea already? https://t.co/Mmrsophq0q,Twitter for iPhone,"[{'type': 'quoted', 'id': '1092994378048643077'}]",129,50,1416,9,en,1094385272165490689,2019-02-09T23:59:16.000Z,"[{'start': 35, 'end': 58, 'url': 'https://t.co/Mmrsophq0q', 'expanded_url': 'https://twitter.com/TheDailyShow/status/1092994378048643077', 'display_url': 'twitter.com/TheDailyShow/s…'}]",807003567605227520,190464,220,1151,568,"Los Angeles, CA",https://pbs.twimg.com/profile_images/1383196364792680448/N8CdupEu_normal.jpg,https://t.co/Ze18Ek9SOI,realamberheard,"Actor and Activist, semi-professional disruptor, ice cream advocate and shameless teacup yorkie-lover",807003567605227520,Amber Heard,2016-12-08T23:26:58.000Z,75967,2383,25746,407,"San Antonio, TX",https://pbs.twimg.com/profile_images/1375288251460689923/IlWZ76Bz_normal.jpg,,TheRealDoctorT,"Nephrologist. I observe. I write. Cherish your stories. Listen to each other’s. Writing in Medium, Physician’s Weekly, WSJ, NPR. Owner of @iggythepetrock",2161983944,"Sayed Tabatabai, MD",2013-10-29T02:14:34.000Z,,
"@realamberheard If he goes then the rich elite simply replace him with another puppet, someone less volatile and easier to manage. It's a lose lose situation.",Twitter Web App,"[{'type': 'replied_to', 'id': '1094385272165490689'}]",807003567605227520,en,1094506715322744832,2019-02-10T08:01:50.000Z,1018596639676751872,0,0,0,0,"[{'start': 0, 'end': 15, 'username': 'realamberheard', 'id': '807003567605227520'}]",,Can he PLEASE be gonorrea already? https://t.co/Mmrsophq0q,Twitter for iPhone,"[{'type': 'quoted', 'id': '1092994378048643077'}]",129,50,1416,9,en,1094385272165490689,2019-02-09T23:59:16.000Z,"[{'start': 35, 'end': 58, 'url': 'https://t.co/Mmrsophq0q', 'expanded_url': 'https://twitter.com/TheDailyShow/status/1092994378048643077', 'display_url': 'twitter.com/TheDailyShow/s…'}]",807003567605227520,190464,220,1151,568,"Los Angeles, CA",https://pbs.twimg.com/profile_images/1383196364792680448/N8CdupEu_normal.jpg,https://t.co/Ze18Ek9SOI,realamberheard,"Actor and Activist, semi-professional disruptor, ice cream advocate and shameless teacup yorkie-lover",807003567605227520,Amber Heard,2016-12-08T23:26:58.000Z,4,77,1605,1,,https://abs.twimg.com/sticky/default_profile_images/default_profile_normal.png,,NeutralizerThe,,1018596639676751872,TheNeutralizer,2018-07-15T20:42:18.000Z,,
@realamberheard Amber❤️,Twitter for iPhone,"[{'type': 'replied_to', 'id': '1094385272165490689'}]",807003567605227520,en,1094471294978945026,2019-02-10T05:41:05.000Z,3258255463,0,0,0,0,"[{'start': 0, 'end': 15, 'username': 'realamberheard', 'id': '807003567605227520'}]","[{'start': 16, 'end': 20, 'probability': 0.867, 'type': 'Person', 'normalized_text': 'Amber'}]",Can he PLEASE be gonorrea already? https://t.co/Mmrsophq0q,Twitter for iPhone,"[{'type': 'quoted', 'id': '1092994378048643077'}]",129,50,1416,9,en,1094385272165490689,2019-02-09T23:59:16.000Z,"[{'start': 35, 'end': 58, 'url': 'https://t.co/Mmrsophq0q', 'expanded_url': 'https://twitter.com/TheDailyShow/status/1092994378048643077', 'display_url': 'twitter.com/TheDailyShow/s…'}]",807003567605227520,190464,220,1151,568,"Los Angeles, CA",https://pbs.twimg.com/profile_images/1383196364792680448/N8CdupEu_normal.jpg,https://t.co/Ze18Ek9SOI,realamberheard,"Actor and Activist, semi-professional disruptor, ice cream advocate and shameless teacup yorkie-lover",807003567605227520,Amber Heard,2016-12-08T23:26:58.000Z,6,66,15,0,,https://pbs.twimg.com/profile_images/937233880511217667/DT4_5f6X_normal.jpg,,QuixoticXreal,Roblox,3258255463,QuixoticX,2015-06-27T23:49:39.000Z,,
@realamberheard We all love you .Amber ❤️❤️❤️,Twitter for iPhone,"[{'type': 'replied_to', 'id': '1094385272165490689'}]",807003567605227520,en,1094469240986324992,2019-02-10T05:32:55.000Z,1080476186235400192,0,0,1,0,"[{'start': 0, 'end': 15, 'username': 'realamberheard', 'id': '807003567605227520'}]","[{'start': 33, 'end': 37, 'probability': 0.9628, 'type': 'Person', 'normalized_text': 'Amber'}]",Can he PLEASE be gonorrea already? https://t.co/Mmrsophq0q,Twitter for iPhone,"[{'type': 'quoted', 'id': '1092994378048643077'}]",129,50,1416,9,en,1094385272165490689,2019-02-09T23:59:16.000Z,"[{'start': 35, 'end': 58, 'url': 'https://t.co/Mmrsophq0q', 'expanded_url': 'https://twitter.com/TheDailyShow/status/1092994378048643077', 'display_url': 'twitter.com/TheDailyShow/s…'}]",807003567605227520,190464,220,1151,568,"Los Angeles, CA",https://pbs.twimg.com/profile_images/1383196364792680448/N8CdupEu_normal.jpg,https://t.co/Ze18Ek9SOI,realamberheard,"Actor and Activist, semi-professional disruptor, ice cream advocate and shameless teacup yorkie-lover",807003567605227520,Amber Heard,2016-12-08T23:26:58.000Z,6,66,21,0,"Los Angeles, CA",https://pbs.twimg.com/profile_images/1175385936567291904/jGy2rAPj_normal.jpg,,Timothy18051484,,1080476186235400192,Timothy Lin,2019-01-02T14:49:31.000Z,,
@realamberheard 💃💃🐬🐳🐬🐳@realamberheard https://t.co/2g9KbFSCpH,Twitter for Android,"[{'type': 'replied_to', 'id': '1094385272165490689'}]",807003567605227520,und,1094465202697887745,2019-02-10T05:16:53.000Z,1071614258096431104,0,0,0,0,"[{'start': 0, 'end': 15, 'username': 'realamberheard', 'id': '807003567605227520'}, {'start': 22, 'end': 37, 'username': 'realamberheard', 'id': '807003567605227520'}]",,Can he PLEASE be gonorrea already? https://t.co/Mmrsophq0q,Twitter for iPhone,"[{'type': 'quoted', 'id': '1092994378048643077'}]",129,50,1416,9,en,1094385272165490689,2019-02-09T23:59:16.000Z,"[{'start': 35, 'end': 58, 'url': 'https://t.co/Mmrsophq0q', 'expanded_url': 'https://twitter.com/TheDailyShow/status/1092994378048643077', 'display_url': 'twitter.com/TheDailyShow/s…'}]",807003567605227520,190464,220,1151,568,"Los Angeles, CA",https://pbs.twimg.com/profile_images/1383196364792680448/N8CdupEu_normal.jpg,https://t.co/Ze18Ek9SOI,realamberheard,"Actor and Activist, semi-professional disruptor, ice cream advocate and shameless teacup yorkie-lover",807003567605227520,Amber Heard,2016-12-08T23:26:58.000Z,5,82,389,0,"DKI Jakarta,bali,Indonesia",https://pbs.twimg.com/profile_images/1123131394597634050/m5Toggin_normal.jpg,,Joyawahid1,"@Lisaandriansalon💇💆💄💅
Hair n make up",1071614258096431104,Joya_wahid                          🐬🐳🐬🐳🐋🐳🐬,2018-12-09T03:55:23.000Z,"[{'start': 38, 'end': 61, 'url': 'https://t.co/2g9KbFSCpH', 'expanded_url': 'https://twitter.com/Joyawahid1/status/1094465202697887745/video/1', 'display_url': 'pic.twitter.com/2g9KbFSCpH'}]",
@realamberheard @cosmonautzzz His temper shows he is always crabby,Twitter for iPhone,"[{'type': 'replied_to', 'id': '1094385272165490689'}]",807003567605227520,en,1094456413961764864,2019-02-10T04:41:57.000Z,635909552,0,0,0,0,"[{'start': 0, 'end': 15, 'username': 'realamberheard', 'id': '807003567605227520'}, {'start': 16, 'end': 29, 'username': 'cosmonautzzz', 'id': '752472211'}]",,Can he PLEASE be gonorrea already? https://t.co/Mmrsophq0q,Twitter for iPhone,"[{'type': 'quoted', 'id': '1092994378048643077'}]",129,50,1416,9,en,1094385272165490689,2019-02-09T23:59:16.000Z,"[{'start': 35, 'end': 58, 'url': 'https://t.co/Mmrsophq0q', 'expanded_url': 'https://twitter.com/TheDailyShow/status/1092994378048643077', 'display_url': 'twitter.com/TheDailyShow/s…'}]",807003567605227520,190464,220,1151,568,"Los Angeles, CA",https://pbs.twimg.com/profile_images/1383196364792680448/N8CdupEu_normal.jpg,https://t.co/Ze18Ek9SOI,realamberheard,"Actor and Activist, semi-professional disruptor, ice cream advocate and shameless teacup yorkie-lover",807003567605227520,Amber Heard,2016-12-08T23:26:58.000Z,194,371,14403,12,"Austin Metro, TX",https://pbs.twimg.com/profile_images/446972974982115328/rj3J5foq_normal.jpeg,https://t.co/Ohw0G1uWD9,tomandtish_tom,Social worker. Lover of craft beer and BBQ. He/his.,635909552,Tom white,2012-07-15T04:54:42.000Z,,
"@realamberheard Ooooo, I love communicable disease jokes!!!",Twitter for iPhone,"[{'type': 'replied_to', 'id': '1094385272165490689'}]",807003567605227520,en,1094440421831323648,2019-02-10T03:38:24.000Z,349068967,0,0,0,0,"[{'start': 0, 'end': 15, 'username': 'realamberheard', 'id': '807003567605227520'}]",,Can he PLEASE be gonorrea already? https://t.co/Mmrsophq0q,Twitter for iPhone,"[{'type': 'quoted', 'id': '1092994378048643077'}]",129,50,1416,9,en,1094385272165490689,2019-02-09T23:59:16.000Z,"[{'start': 35, 'end': 58, 'url': 'https://t.co/Mmrsophq0q', 'expanded_url': 'https://twitter.com/TheDailyShow/status/1092994378048643077', 'display_url': 'twitter.com/TheDailyShow/s…'}]",807003567605227520,190464,220,1151,568,"Los Angeles, CA",https://pbs.twimg.com/profile_images/1383196364792680448/N8CdupEu_normal.jpg,https://t.co/Ze18Ek9SOI,realamberheard,"Actor and Activist, semi-professional disruptor, ice cream advocate and shameless teacup yorkie-lover",807003567605227520,Amber Heard,2016-12-08T23:26:58.000Z,94,1679,12844,0,eug,https://pbs.twimg.com/profile_images/1481716814899859456/1nCdeoFv_normal.jpg,,xjdamon,i waste my time on the blazers and ducks / this account is 50% jokes & lies,349068967,No. 1 Rockets Superfan,2011-08-05T13:59:31.000Z,,
"@realamberheard He is not be the most right person to lead a country , he is a douchebag...but I don’t wish for anyone regardless of race, language or religion to suffer from any disease. Have a nice day Amber .",Twitter for iPhone,"[{'type': 'replied_to', 'id': '1094385272165490689'}]",807003567605227520,en,1094438741089734656,2019-02-10T03:31:44.000Z,1097416244,0,0,1,0,"[{'start': 0, 'end': 15, 'username': 'realamberheard', 'id': '807003567605227520'}]","[{'start': 204, 'end': 208, 'probability': 0.8782, 'type': 'Person', 'normalized_text': 'Amber'}]",Can he PLEASE be gonorrea already? https://t.co/Mmrsophq0q,Twitter for iPhone,"[{'type': 'quoted', 'id': '1092994378048643077'}]",129,50,1416,9,en,1094385272165490689,2019-02-09T23:59:16.000Z,"[{'start': 35, 'end': 58, 'url': 'https://t.co/Mmrsophq0q', 'expanded_url': 'https://twitter.com/TheDailyShow/status/1092994378048643077', 'display_url': 'twitter.com/TheDailyShow/s…'}]",807003567605227520,190464,220,1151,568,"Los Angeles, CA",https://pbs.twimg.com/profile_images/1383196364792680448/N8CdupEu_normal.jpg,https://t.co/Ze18Ek9SOI,realamberheard,"Actor and Activist, semi-professional disruptor, ice cream advocate and shameless teacup yorkie-lover",807003567605227520,Amber Heard,2016-12-08T23:26:58.000Z,297,292,10458,2,,https://pbs.twimg.com/profile_images/1500571630246203392/1Az_6xXX_normal.jpg,,HalValentineTTV,,1097416244,Hal ❓,2013-01-17T06:50:45.000Z,,
@realamberheard He’s The Worst President We Ever Had. What a Moron Running This Country. Thank You For Your Post. @realamberheard,Twitter Web App,"[{'type': 'replied_to', 'id': '1094385272165490689'}]",807003567605227520,en,1094436500253626368,2019-02-10T03:22:49.000Z,89932002,0,1,0,0,"[{'start': 0, 'end': 15, 'username': 'realamberheard', 'id': '807003567605227520'}, {'start': 114, 'end': 129, 'username': 'realamberheard', 'id': '807003567605227520'}]",,Can he PLEASE be gonorrea already? https://t.co/Mmrsophq0q,Twitter for iPhone,"[{'type': 'quoted', 'id': '1092994378048643077'}]",129,50,1416,9,en,1094385272165490689,2019-02-09T23:59:16.000Z,"[{'start': 35, 'end': 58, 'url': 'https://t.co/Mmrsophq0q', 'expanded_url': 'https://twitter.com/TheDailyShow/status/1092994378048643077', 'display_url': 'twitter.com/TheDailyShow/s…'}]",807003567605227520,190464,220,1151,568,"Los Angeles, CA",https://pbs.twimg.com/profile_images/1383196364792680448/N8CdupEu_normal.jpg,https://t.co/Ze18Ek9SOI,realamberheard,"Actor and Activist, semi-professional disruptor, ice cream advocate and shameless teacup yorkie-lover",807003567605227520,Amber Heard,2016-12-08T23:26:58.000Z,199,511,6881,1,New Jersey ,https://pbs.twimg.com/profile_images/997201781074509824/TMB9JJpW_normal.jpg,,adamman316,"“Bullying Is a National Crisis!” I’m from Queens, NY, Jersey Raised. Die Heart NY Mets, Jets, Knicks and Rangers Fan.",89932002,Adam Ostroff,2009-11-14T13:00:09.000Z,,
@realamberheard Hep hes definitely been a bit crabby lately,Twitter Web Client,"[{'type': 'replied_to', 'id': '1094385272165490689'}]",807003567605227520,en,1094419268488388608,2019-02-10T02:14:21.000Z,40618915,0,0,1,0,"[{'start': 0, 'end': 15, 'username': 'realamberheard', 'id': '807003567605227520'}]",,Can he PLEASE be gonorrea already? https://t.co/Mmrsophq0q,Twitter for iPhone,"[{'type': 'quoted', 'id': '1092994378048643077'}]",129,50,1416,9,en,1094385272165490689,2019-02-09T23:59:16.000Z,"[{'start': 35, 'end': 58, 'url': 'https://t.co/Mmrsophq0q', 'expanded_url': 'https://twitter.com/TheDailyShow/status/1092994378048643077', 'display_url': 'twitter.com/TheDailyShow/s…'}]",807003567605227520,190464,220,1151,568,"Los Angeles, CA",https://pbs.twimg.com/profile_images/1383196364792680448/N8CdupEu_normal.jpg,https://t.co/Ze18Ek9SOI,realamberheard,"Actor and Activist, semi-professional disruptor, ice cream advocate and shameless teacup yorkie-lover",807003567605227520,Amber Heard,2016-12-08T23:26:58.000Z,94,310,6390,6,Dark side of the moon,https://pbs.twimg.com/profile_images/215527023/catsi_normal.jpg,,Catsi563,"Slayer of ebil dragon windmill thingys, Rider of Pengys, natural disaster in the making, chaos personified, I like donuts. =^_^=",40618915,Catseye563,2009-05-17T06:18:10.000Z,,
@realamberheard It was to show all youll dems how much youll hate Donald trump,Twitter Web Client,"[{'type': 'replied_to', 'id': '1094385272165490689'}]",807003567605227520,en,1094417140550115328,2019-02-10T02:05:54.000Z,261488030,0,0,0,0,"[{'start': 0, 'end': 15, 'username': 'realamberheard', 'id': '807003567605227520'}]","[{'start': 66, 'end': 77, 'probability': 0.983, 'type': 'Person', 'normalized_text': 'Donald trump'}]",Can he PLEASE be gonorrea already? https://t.co/Mmrsophq0q,Twitter for iPhone,"[{'type': 'quoted', 'id': '1092994378048643077'}]",129,50,1416,9,en,1094385272165490689,2019-02-09T23:59:16.000Z,"[{'start': 35, 'end': 58, 'url': 'https://t.co/Mmrsophq0q', 'expanded_url': 'https://twitter.com/TheDailyShow/status/1092994378048643077', 'display_url': 'twitter.com/TheDailyShow/s…'}]",807003567605227520,190464,220,1151,568,"Los Angeles, CA",https://pbs.twimg.com/profile_images/1383196364792680448/N8CdupEu_normal.jpg,https://t.co/Ze18Ek9SOI,realamberheard,"Actor and Activist, semi-professional disruptor, ice cream advocate and shameless teacup yorkie-lover",807003567605227520,Amber Heard,2016-12-08T23:26:58.000Z,235,2563,4366,0,"Louisville, KY",https://pbs.twimg.com/profile_images/1348836809468506112/_ypOzdMq_normal.jpg,https://t.co/t3WPVPwH4Q,jakeprp88,Im 35 single man live in louisville kentucky have austim called asbergerslooking for a Christian girl i live in a special needs group home,261488030,jake paul swann,2011-03-06T02:10:35.000Z,,
@realamberheard https://t.co/kk2VTvedIG,Twitter for Android,"[{'type': 'replied_to', 'id': '1094385272165490689'}]",807003567605227520,und,1094410570177097729,2019-02-10T01:39:47.000Z,888521465120870400,0,1,1,0,"[{'start': 0, 'end': 15, 'username': 'realamberheard', 'id': '807003567605227520'}]",,Can he PLEASE be gonorrea already? https://t.co/Mmrsophq0q,Twitter for iPhone,"[{'type': 'quoted', 'id': '1092994378048643077'}]",129,50,1416,9,en,1094385272165490689,2019-02-09T23:59:16.000Z,"[{'start': 35, 'end': 58, 'url': 'https://t.co/Mmrsophq0q', 'expanded_url': 'https://twitter.com/TheDailyShow/status/1092994378048643077', 'display_url': 'twitter.com/TheDailyShow/s…'}]",807003567605227520,190464,220,1151,568,"Los Angeles, CA",https://pbs.twimg.com/profile_images/1383196364792680448/N8CdupEu_normal.jpg,https://t.co/Ze18Ek9SOI,realamberheard,"Actor and Activist, semi-professional disruptor, ice cream advocate and shameless teacup yorkie-lover",807003567605227520,Amber Heard,2016-12-08T23:26:58.000Z,225,1966,3352,5,United States,https://pbs.twimg.com/profile_images/1363141618245730307/7-RqZqDm_normal.jpg,,smarra63,Pamp it. #bitcoin. #ethereum. #defi. 💎🤲 🌋,888521465120870400,sjmarra.crypto,2017-07-21T22:10:00.000Z,"[{'start': 16, 'end': 39, 'url': 'https://t.co/kk2VTvedIG', 'expanded_url': 'https://twitter.com/MarraSteve/status/1094410570177097729/photo/1', 'display_url': 'pic.twitter.com/kk2VTvedIG'}]",
@realamberheard 😂😂😂😂,Twitter Web App,"[{'type': 'replied_to', 'id': '1094385272165490689'}]",807003567605227520,und,1094404526168248320,2019-02-10T01:15:46.000Z,1054247451677417472,0,0,0,0,"[{'start': 0, 'end': 15, 'username': 'realamberheard', 'id': '807003567605227520'}]",,Can he PLEASE be gonorrea already? https://t.co/Mmrsophq0q,Twitter for iPhone,"[{'type': 'quoted', 'id': '1092994378048643077'}]",129,50,1416,9,en,1094385272165490689,2019-02-09T23:59:16.000Z,"[{'start': 35, 'end': 58, 'url': 'https://t.co/Mmrsophq0q', 'expanded_url': 'https://twitter.com/TheDailyShow/status/1092994378048643077', 'display_url': 'twitter.com/TheDailyShow/s…'}]",807003567605227520,190464,220,1151,568,"Los Angeles, CA",https://pbs.twimg.com/profile_images/1383196364792680448/N8CdupEu_normal.jpg,https://t.co/Ze18Ek9SOI,realamberheard,"Actor and Activist, semi-professional disruptor, ice cream advocate and shameless teacup yorkie-lover",807003567605227520,Amber Heard,2016-12-08T23:26:58.000Z,493,945,3494,0,,https://pbs.twimg.com/profile_images/1292297331119972352/hEE_YCpp_normal.jpg,,Paula_Jabour,"OMG! Stop the flat earth, I gotta jump! 
#SexNoGender #ProtectTheChildren 
#FreeSpeech #WomanIsNotADirtyWord",1054247451677417472,Paula Jabour🇧🇷⚘,2018-10-22T05:45:54.000Z,,
@realamberheard We love you Amber,Twitter for Android,"[{'type': 'replied_to', 'id': '1094385272165490689'}]",807003567605227520,en,1094403968787251200,2019-02-10T01:13:33.000Z,3454516397,0,0,0,0,"[{'start': 0, 'end': 15, 'username': 'realamberheard', 'id': '807003567605227520'}]","[{'start': 28, 'end': 32, 'probability': 0.9463, 'type': 'Person', 'normalized_text': 'Amber'}]",Can he PLEASE be gonorrea already? https://t.co/Mmrsophq0q,Twitter for iPhone,"[{'type': 'quoted', 'id': '1092994378048643077'}]",129,50,1416,9,en,1094385272165490689,2019-02-09T23:59:16.000Z,"[{'start': 35, 'end': 58, 'url': 'https://t.co/Mmrsophq0q', 'expanded_url': 'https://twitter.com/TheDailyShow/status/1092994378048643077', 'display_url': 'twitter.com/TheDailyShow/s…'}]",807003567605227520,190464,220,1151,568,"Los Angeles, CA",https://pbs.twimg.com/profile_images/1383196364792680448/N8CdupEu_normal.jpg,https://t.co/Ze18Ek9SOI,realamberheard,"Actor and Activist, semi-professional disruptor, ice cream advocate and shameless teacup yorkie-lover",807003567605227520,Amber Heard,2016-12-08T23:26:58.000Z,152,2232,2447,3,Neu York Nalgas,https://pbs.twimg.com/profile_images/893976698978480128/bKJB5tbR_normal.jpg,,chayannedetown,Del Verde que Gana Titulos y de cada equipo del exterior donde juegue un Colombiano. Bilingüe un 3%.,3454516397,Hincha del Buen Fútbol,2015-08-27T05:31:28.000Z,,
@realamberheard The f u 👏 Amber there’s so many choices and he got the “F” “U” clap,Twitter for iPhone,"[{'type': 'replied_to', 'id': '1094385272165490689'}]",807003567605227520,en,1094401205479112704,2019-02-10T01:02:35.000Z,1009968504336998405,0,0,1,0,"[{'start': 0, 'end': 15, 'username': 'realamberheard', 'id': '807003567605227520'}]","[{'start': 27, 'end': 31, 'probability': 0.9149, 'type': 'Person', 'normalized_text': 'Amber'}]",Can he PLEASE be gonorrea already? https://t.co/Mmrsophq0q,Twitter for iPhone,"[{'type': 'quoted', 'id': '1092994378048643077'}]",129,50,1416,9,en,1094385272165490689,2019-02-09T23:59:16.000Z,"[{'start': 35, 'end': 58, 'url': 'https://t.co/Mmrsophq0q', 'expanded_url': 'https://twitter.com/TheDailyShow/status/1092994378048643077', 'display_url': 'twitter.com/TheDailyShow/s…'}]",807003567605227520,190464,220,1151,568,"Los Angeles, CA",https://pbs.twimg.com/profile_images/1383196364792680448/N8CdupEu_normal.jpg,https://t.co/Ze18Ek9SOI,realamberheard,"Actor and Activist, semi-professional disruptor, ice cream advocate and shameless teacup yorkie-lover",807003567605227520,Amber Heard,2016-12-08T23:26:58.000Z,22,235,1403,0,78704,https://pbs.twimg.com/profile_images/1071471226063908865/RhhWZIHR_normal.jpg,,AnaRodr08845291,"Hi, please enjoy my positive, happy, good juju posts, thanks! I sell fun and unique decor.",1009968504336998405,A. L. H. R.3,2018-06-22T01:17:10.000Z,,
@realamberheard Or @realamberheard real better yet https://t.co/3EE7OOFZce,Twitter for Android,"[{'type': 'replied_to', 'id': '1094385272165490689'}]",807003567605227520,en,1094400012044386304,2019-02-10T00:57:50.000Z,1048681219746140162,0,0,0,0,"[{'start': 0, 'end': 15, 'username': 'realamberheard', 'id': '807003567605227520'}, {'start': 19, 'end': 34, 'username': 'realamberheard', 'id': '807003567605227520'}]",,Can he PLEASE be gonorrea already? https://t.co/Mmrsophq0q,Twitter for iPhone,"[{'type': 'quoted', 'id': '1092994378048643077'}]",129,50,1416,9,en,1094385272165490689,2019-02-09T23:59:16.000Z,"[{'start': 35, 'end': 58, 'url': 'https://t.co/Mmrsophq0q', 'expanded_url': 'https://twitter.com/TheDailyShow/status/1092994378048643077', 'display_url': 'twitter.com/TheDailyShow/s…'}]",807003567605227520,190464,220,1151,568,"Los Angeles, CA",https://pbs.twimg.com/profile_images/1383196364792680448/N8CdupEu_normal.jpg,https://t.co/Ze18Ek9SOI,realamberheard,"Actor and Activist, semi-professional disruptor, ice cream advocate and shameless teacup yorkie-lover",807003567605227520,Amber Heard,2016-12-08T23:26:58.000Z,66711,57143,74969,66,United States,https://pbs.twimg.com/profile_images/1502321336148008967/R8OT5wEP_normal.jpg,,TheRealKevinTE,"Equality is the only way to create a better future.....

#PickASide
#RaiseAFist",1048681219746140162,Kevin Endicott,2018-10-06T21:07:41.000Z,"[{'start': 51, 'end': 74, 'url': 'https://t.co/3EE7OOFZce', 'expanded_url': 'https://twitter.com/therealkevinTE/status/1094400012044386304/photo/1', 'display_url': 'pic.twitter.com/3EE7OOFZce'}]",
"@realamberheard @realamberheard lmao.. yes PLEASE!!!
BTW I'm disappointed you have had a wardrobe malfunction report in awhile r u actually being civil🤣😂🤣 https://t.co/RuCmVPDf2I",Twitter for Android,"[{'type': 'replied_to', 'id': '1094385272165490689'}]",807003567605227520,en,1094399558824706050,2019-02-10T00:56:02.000Z,1048681219746140162,0,0,0,0,"[{'start': 0, 'end': 15, 'username': 'realamberheard', 'id': '807003567605227520'}, {'start': 16, 'end': 31, 'username': 'realamberheard', 'id': '807003567605227520'}]",,Can he PLEASE be gonorrea already? https://t.co/Mmrsophq0q,Twitter for iPhone,"[{'type': 'quoted', 'id': '1092994378048643077'}]",129,50,1416,9,en,1094385272165490689,2019-02-09T23:59:16.000Z,"[{'start': 35, 'end': 58, 'url': 'https://t.co/Mmrsophq0q', 'expanded_url': 'https://twitter.com/TheDailyShow/status/1092994378048643077', 'display_url': 'twitter.com/TheDailyShow/s…'}]",807003567605227520,190464,220,1151,568,"Los Angeles, CA",https://pbs.twimg.com/profile_images/1383196364792680448/N8CdupEu_normal.jpg,https://t.co/Ze18Ek9SOI,realamberheard,"Actor and Activist, semi-professional disruptor, ice cream advocate and shameless teacup yorkie-lover",807003567605227520,Amber Heard,2016-12-08T23:26:58.000Z,66711,57143,74969,66,United States,https://pbs.twimg.com/profile_images/1502321336148008967/R8OT5wEP_normal.jpg,,TheRealKevinTE,"Equality is the only way to create a better future.....

#PickASide
#RaiseAFist",1048681219746140162,Kevin Endicott,2018-10-06T21:07:41.000Z,"[{'start': 155, 'end': 178, 'url': 'https://t.co/RuCmVPDf2I', 'expanded_url': 'https://twitter.com/therealkevinTE/status/1094399558824706050/photo/1', 'display_url': 'pic.twitter.com/RuCmVPDf2I'}]",
"@realamberheard Dear amber,oh my!!! If you play it's time to pay, right?? 😂😂😂😂",Twitter for Android,"[{'type': 'replied_to', 'id': '1094385272165490689'}]",807003567605227520,en,1094395809708294144,2019-02-10T00:41:08.000Z,989633741114003456,0,0,1,0,"[{'start': 0, 'end': 15, 'username': 'realamberheard', 'id': '807003567605227520'}]","[{'start': 21, 'end': 25, 'probability': 0.8698, 'type': 'Person', 'normalized_text': 'amber'}]",Can he PLEASE be gonorrea already? https://t.co/Mmrsophq0q,Twitter for iPhone,"[{'type': 'quoted', 'id': '1092994378048643077'}]",129,50,1416,9,en,1094385272165490689,2019-02-09T23:59:16.000Z,"[{'start': 35, 'end': 58, 'url': 'https://t.co/Mmrsophq0q', 'expanded_url': 'https://twitter.com/TheDailyShow/status/1092994378048643077', 'display_url': 'twitter.com/TheDailyShow/s…'}]",807003567605227520,190464,220,1151,568,"Los Angeles, CA",https://pbs.twimg.com/profile_images/1383196364792680448/N8CdupEu_normal.jpg,https://t.co/Ze18Ek9SOI,realamberheard,"Actor and Activist, semi-professional disruptor, ice cream advocate and shameless teacup yorkie-lover",807003567605227520,Amber Heard,2016-12-08T23:26:58.000Z,39,269,44974,0,"Long Island,new York",https://abs.twimg.com/sticky/default_profile_images/default_profile_normal.png,,Paulwalwanis7,"Comedy,counselor",989633741114003456,Paulwalwanis,2018-04-26T22:34:05.000Z,,
@realamberheard https://t.co/Fljpg4oJjJ,Twitter for Android,"[{'type': 'replied_to', 'id': '1094385272165490689'}]",807003567605227520,und,1094389906519060481,2019-02-10T00:17:41.000Z,4396120342,0,0,4,0,"[{'start': 0, 'end': 15, 'username': 'realamberheard', 'id': '807003567605227520'}]",,Can he PLEASE be gonorrea already? https://t.co/Mmrsophq0q,Twitter for iPhone,"[{'type': 'quoted', 'id': '1092994378048643077'}]",129,50,1416,9,en,1094385272165490689,2019-02-09T23:59:16.000Z,"[{'start': 35, 'end': 58, 'url': 'https://t.co/Mmrsophq0q', 'expanded_url': 'https://twitter.com/TheDailyShow/status/1092994378048643077', 'display_url': 'twitter.com/TheDailyShow/s…'}]",807003567605227520,190464,220,1151,568,"Los Angeles, CA",https://pbs.twimg.com/profile_images/1383196364792680448/N8CdupEu_normal.jpg,https://t.co/Ze18Ek9SOI,realamberheard,"Actor and Activist, semi-professional disruptor, ice cream advocate and shameless teacup yorkie-lover",807003567605227520,Amber Heard,2016-12-08T23:26:58.000Z,678,296,58624,26,,https://pbs.twimg.com/profile_images/1378175478478082050/UKLiQPuk_normal.jpg,,stirgussa,"Only two things are infinite, the universe and human stupidity, and I'm not sure about the former. - Albert Einstein and Me!",4396120342,STIRGUS SACCHETTI,2015-12-06T17:21:06.000Z,"[{'start': 16, 'end': 39, 'url': 'https://t.co/Fljpg4oJjJ', 'expanded_url': 'https://twitter.com/stirgussa/status/1094389906519060481/photo/1', 'display_url': 'pic.twitter.com/Fljpg4oJjJ'}]",
"@realamberheard One, two, three: That's what she said! #Literally #ItWasThereFortheTaking",Twitter for Android,"[{'type': 'replied_to', 'id': '1094385272165490689'}]",807003567605227520,en,1094389009525047296,2019-02-10T00:14:07.000Z,41126083,0,0,0,0,"[{'start': 0, 'end': 15, 'username': 'realamberheard', 'id': '807003567605227520'}]",,Can he PLEASE be gonorrea already? https://t.co/Mmrsophq0q,Twitter for iPhone,"[{'type': 'quoted', 'id': '1092994378048643077'}]",129,50,1416,9,en,1094385272165490689,2019-02-09T23:59:16.000Z,"[{'start': 35, 'end': 58, 'url': 'https://t.co/Mmrsophq0q', 'expanded_url': 'https://twitter.com/TheDailyShow/status/1092994378048643077', 'display_url': 'twitter.com/TheDailyShow/s…'}]",807003567605227520,190464,220,1151,568,"Los Angeles, CA",https://pbs.twimg.com/profile_images/1383196364792680448/N8CdupEu_normal.jpg,https://t.co/Ze18Ek9SOI,realamberheard,"Actor and Activist, semi-professional disruptor, ice cream advocate and shameless teacup yorkie-lover",807003567605227520,Amber Heard,2016-12-08T23:26:58.000Z,203,1884,10247,12,Places Underrated ,https://pbs.twimg.com/profile_images/839631118630449152/z_VmzGQ7_normal.jpg,http://t.co/fMJ6asZdOo,SalvationWriter,Writing my heart out to show what's in my heart. In it for the glory.,41126083,Nick Astrinakis,2009-05-19T14:31:17.000Z,,"[{'start': 55, 'end': 65, 'tag': 'Literally'}, {'start': 66, 'end': 89, 'tag': 'ItWasThereFortheTaking'}]"
@realamberheard 😂😂😂,Twitter for Android,"[{'type': 'replied_to', 'id': '1094385272165490689'}]",807003567605227520,und,1094388365955399680,2019-02-10T00:11:33.000Z,785148392498421760,0,0,0,0,"[{'start': 0, 'end': 15, 'username': 'realamberheard', 'id': '807003567605227520'}]",,Can he PLEASE be gonorrea already? https://t.co/Mmrsophq0q,Twitter for iPhone,"[{'type': 'quoted', 'id': '1092994378048643077'}]",129,50,1416,9,en,1094385272165490689,2019-02-09T23:59:16.000Z,"[{'start': 35, 'end': 58, 'url': 'https://t.co/Mmrsophq0q', 'expanded_url': 'https://twitter.com/TheDailyShow/status/1092994378048643077', 'display_url': 'twitter.com/TheDailyShow/s…'}]",807003567605227520,190464,220,1151,568,"Los Angeles, CA",https://pbs.twimg.com/profile_images/1383196364792680448/N8CdupEu_normal.jpg,https://t.co/Ze18Ek9SOI,realamberheard,"Actor and Activist, semi-professional disruptor, ice cream advocate and shameless teacup yorkie-lover",807003567605227520,Amber Heard,2016-12-08T23:26:58.000Z,738,720,49396,28,"Bordeaux, France",https://pbs.twimg.com/profile_images/1138826096386936837/71Iwj2dh_normal.jpg,,CoraMelodie,"Actress/Producer & UNHCR Special Envoy #AngelinaJolie | Actress, Activist & Human Rights Champion @realamberheard | @JeniferOfficiel 

#IStandWithYouAmberHeard",785148392498421760,Cora Melodie,2016-10-09T16:02:18.000Z,,
@realamberheard Rs,Twitter for Android,"[{'type': 'replied_to', 'id': '1094385272165490689'}]",807003567605227520,und,1094387692979277825,2019-02-10T00:08:53.000Z,276097327,0,0,0,0,"[{'start': 0, 'end': 15, 'username': 'realamberheard', 'id': '807003567605227520'}]",,Can he PLEASE be gonorrea already? https://t.co/Mmrsophq0q,Twitter for iPhone,"[{'type': 'quoted', 'id': '1092994378048643077'}]",129,50,1416,9,en,1094385272165490689,2019-02-09T23:59:16.000Z,"[{'start': 35, 'end': 58, 'url': 'https://t.co/Mmrsophq0q', 'expanded_url': 'https://twitter.com/TheDailyShow/status/1092994378048643077', 'display_url': 'twitter.com/TheDailyShow/s…'}]",807003567605227520,190464,220,1151,568,"Los Angeles, CA",https://pbs.twimg.com/profile_images/1383196364792680448/N8CdupEu_normal.jpg,https://t.co/Ze18Ek9SOI,realamberheard,"Actor and Activist, semi-professional disruptor, ice cream advocate and shameless teacup yorkie-lover",807003567605227520,Amber Heard,2016-12-08T23:26:58.000Z,6,109,1669,0,,https://pbs.twimg.com/profile_images/1418708491246743555/55L7MdoH_normal.jpg,,leonidasdiamant,"Corretor de Imoveis no Estado do SP
e Gamer na horas vagas .",276097327,Leônidas Junior,2011-04-02T16:59:58.000Z,,
"@realamberheard Except, that *never goes away.",Mobile Web (M2),"[{'type': 'replied_to', 'id': '1094385272165490689'}]",807003567605227520,en,1094387060155273217,2019-02-10T00:06:22.000Z,14721782,0,0,0,0,"[{'start': 0, 'end': 15, 'username': 'realamberheard', 'id': '807003567605227520'}]",,Can he PLEASE be gonorrea already? https://t.co/Mmrsophq0q,Twitter for iPhone,"[{'type': 'quoted', 'id': '1092994378048643077'}]",129,50,1416,9,en,1094385272165490689,2019-02-09T23:59:16.000Z,"[{'start': 35, 'end': 58, 'url': 'https://t.co/Mmrsophq0q', 'expanded_url': 'https://twitter.com/TheDailyShow/status/1092994378048643077', 'display_url': 'twitter.com/TheDailyShow/s…'}]",807003567605227520,190464,220,1151,568,"Los Angeles, CA",https://pbs.twimg.com/profile_images/1383196364792680448/N8CdupEu_normal.jpg,https://t.co/Ze18Ek9SOI,realamberheard,"Actor and Activist, semi-professional disruptor, ice cream advocate and shameless teacup yorkie-lover",807003567605227520,Amber Heard,2016-12-08T23:26:58.000Z,88,408,10926,2,quantum space / foundations of stone,https://pbs.twimg.com/profile_images/54000633/Tubular3_normal.jpg,,eliazar,i'm more from what you'd call inner time....,14721782,eliazar,2008-05-10T05:24:59.000Z,,
@realamberheard https://t.co/wn0Ok5KG89,Twitter for iPhone,"[{'type': 'replied_to', 'id': '1094385272165490689'}]",807003567605227520,und,1094386385291640832,2019-02-10T00:03:41.000Z,1294835346,0,0,1,0,"[{'start': 0, 'end': 15, 'username': 'realamberheard', 'id': '807003567605227520'}]",,Can he PLEASE be gonorrea already? https://t.co/Mmrsophq0q,Twitter for iPhone,"[{'type': 'quoted', 'id': '1092994378048643077'}]",129,50,1416,9,en,1094385272165490689,2019-02-09T23:59:16.000Z,"[{'start': 35, 'end': 58, 'url': 'https://t.co/Mmrsophq0q', 'expanded_url': 'https://twitter.com/TheDailyShow/status/1092994378048643077', 'display_url': 'twitter.com/TheDailyShow/s…'}]",807003567605227520,190464,220,1151,568,"Los Angeles, CA",https://pbs.twimg.com/profile_images/1383196364792680448/N8CdupEu_normal.jpg,https://t.co/Ze18Ek9SOI,realamberheard,"Actor and Activist, semi-professional disruptor, ice cream advocate and shameless teacup yorkie-lover",807003567605227520,Amber Heard,2016-12-08T23:26:58.000Z,1727,1574,67376,7,"Sydney, New South Wales",https://pbs.twimg.com/profile_images/1236170394979065856/iXBeI_9l_normal.jpg,,AdsB81,A single guy living in Sydney. I'm just here to make you smile.,1294835346,Adam,2013-03-24T11:18:46.000Z,"[{'start': 16, 'end': 39, 'url': 'https://t.co/wn0Ok5KG89', 'expanded_url': 'https://twitter.com/AdsB81/status/1094386385291640832/photo/1', 'display_url': 'pic.twitter.com/wn0Ok5KG89'}]",
@realamberheard 😂😂😂,Twitter for Android,"[{'type': 'replied_to', 'id': '1094385272165490689'}]",807003567605227520,und,1094386115874832384,2019-02-10T00:02:37.000Z,79199888,2,0,3,0,"[{'start': 0, 'end': 15, 'username': 'realamberheard', 'id': '807003567605227520'}]",,Can he PLEASE be gonorrea already? https://t.co/Mmrsophq0q,Twitter for iPhone,"[{'type': 'quoted', 'id': '1092994378048643077'}]",129,50,1416,9,en,1094385272165490689,2019-02-09T23:59:16.000Z,"[{'start': 35, 'end': 58, 'url': 'https://t.co/Mmrsophq0q', 'expanded_url': 'https://twitter.com/TheDailyShow/status/1092994378048643077', 'display_url': 'twitter.com/TheDailyShow/s…'}]",807003567605227520,190464,220,1151,568,"Los Angeles, CA",https://pbs.twimg.com/profile_images/1383196364792680448/N8CdupEu_normal.jpg,https://t.co/Ze18Ek9SOI,realamberheard,"Actor and Activist, semi-professional disruptor, ice cream advocate and shameless teacup yorkie-lover",807003567605227520,Amber Heard,2016-12-08T23:26:58.000Z,7233,344,39219,34,Since 2009,https://pbs.twimg.com/profile_images/1412490122365374481/EAftEZpa_normal.jpg,https://t.co/w3BraCgc4s,AmberHeardIT,"First  Italian FANPAGE dedicated to @realamberheard. Follow us for the latest updates, pictures and news! On Amber Heard Italia, u HEARD it first 🇮🇹",79199888,Amber Heard Italia Fans,2009-10-02T14:50:54.000Z,,
@realamberheard Tell them girl https://t.co/338Rfh2tM5,Twitter for iPhone,"[{'type': 'replied_to', 'id': '1094385272165490689'}]",807003567605227520,en,1094385547420798978,2019-02-10T00:00:21.000Z,2825243620,1,0,15,0,"[{'start': 0, 'end': 15, 'username': 'realamberheard', 'id': '807003567605227520'}]",,Can he PLEASE be gonorrea already? https://t.co/Mmrsophq0q,Twitter for iPhone,"[{'type': 'quoted', 'id': '1092994378048643077'}]",129,50,1416,9,en,1094385272165490689,2019-02-09T23:59:16.000Z,"[{'start': 35, 'end': 58, 'url': 'https://t.co/Mmrsophq0q', 'expanded_url': 'https://twitter.com/TheDailyShow/status/1092994378048643077', 'display_url': 'twitter.com/TheDailyShow/s…'}]",807003567605227520,190464,220,1151,568,"Los Angeles, CA",https://pbs.twimg.com/profile_images/1383196364792680448/N8CdupEu_normal.jpg,https://t.co/Ze18Ek9SOI,realamberheard,"Actor and Activist, semi-professional disruptor, ice cream advocate and shameless teacup yorkie-lover",807003567605227520,Amber Heard,2016-12-08T23:26:58.000Z,463,772,14440,3,"Guanajuato, México",https://pbs.twimg.com/profile_images/1360479549700636675/0wz0Wos2_normal.jpg,https://t.co/xPOuut9P5e,Gemma_katycat,"22 || Me gusta la fotografía, 🌈 comunicologa, creadora de contenido, spots publicitarios y locución",2825243620,Gemma 🃏,2014-10-12T15:52:15.000Z,"[{'start': 31, 'end': 54, 'url': 'https://t.co/338Rfh2tM5', 'expanded_url': 'https://twitter.com/Gemma_katycat/status/1094385547420798978/photo/1', 'display_url': 'pic.twitter.com/338Rfh2tM5'}]",
@realamberheard 😂😂😂,Twitter for iPhone,"[{'type': 'replied_to', 'id': '1094385272165490689'}]",807003567605227520,und,1094385433662971905,2019-02-09T23:59:54.000Z,874984340,0,0,0,0,"[{'start': 0, 'end': 15, 'username': 'realamberheard', 'id': '807003567605227520'}]",,Can he PLEASE be gonorrea already? https://t.co/Mmrsophq0q,Twitter for iPhone,"[{'type': 'quoted', 'id': '1092994378048643077'}]",129,50,1416,9,en,1094385272165490689,2019-02-09T23:59:16.000Z,"[{'start': 35, 'end': 58, 'url': 'https://t.co/Mmrsophq0q', 'expanded_url': 'https://twitter.com/TheDailyShow/status/1092994378048643077', 'display_url': 'twitter.com/TheDailyShow/s…'}]",807003567605227520,190464,220,1151,568,"Los Angeles, CA",https://pbs.twimg.com/profile_images/1383196364792680448/N8CdupEu_normal.jpg,https://t.co/Ze18Ek9SOI,realamberheard,"Actor and Activist, semi-professional disruptor, ice cream advocate and shameless teacup yorkie-lover",807003567605227520,Amber Heard,2016-12-08T23:26:58.000Z,338,315,26825,15,,https://pbs.twimg.com/profile_images/1451763808968523777/qJNzYCWU_normal.jpg,,animalhugger91,Here to fangirl about fangirl things. I also retweet a lot of animal stuff and posts to raise social awareness. Beware my page. Pronouns: she/her,874984340,Lexi,2012-10-12T05:22:26.000Z,,
