source,text,author_id,lang,created_at,in_reply_to_user_id,id,referenced_tweets,entities.annotations,entities.mentions,public_metrics.retweet_count,public_metrics.reply_count,public_metrics.like_count,public_metrics.quote_count,replied_tweet.public_metrics.retweet_count,replied_tweet.public_metrics.reply_count,replied_tweet.public_metrics.like_count,replied_tweet.public_metrics.quote_count,replied_tweet.source,replied_tweet.entities.urls,replied_tweet.entities.hashtags,replied_tweet.text,replied_tweet.author_id,replied_tweet.lang,replied_tweet.created_at,replied_tweet.id,replied_tweet.referenced_tweets,replied_tweet.author.username,replied_tweet.author.location,replied_tweet.author.description,replied_tweet.author.id,replied_tweet.author.url,replied_tweet.author.profile_image_url,replied_tweet.author.name,replied_tweet.author.public_metrics.followers_count,replied_tweet.author.public_metrics.following_count,replied_tweet.author.public_metrics.tweet_count,replied_tweet.author.public_metrics.listed_count,replied_tweet.author.created_at,author.username,author.location,author.description,author.id,author.url,author.profile_image_url,author.name,author.public_metrics.followers_count,author.public_metrics.following_count,author.public_metrics.tweet_count,author.public_metrics.listed_count,author.created_at,entities.hashtags,entities.urls
Twitter for Android,"@realamberheard Starring Billy Bob, Easy Amber. We know the truth. There was no blood on the mirror. There was no paint on his hand yet the makeup was still there from POTC. And that is NOT his handwriting, it's YOURS YOU PSYCHOTIC BITCH.",913594627969748992,en,2019-03-23T03:21:21.000Z,807003567605227520,1109294031660437504,"[{'type': 'replied_to', 'id': '1095911865354354688'}]","[{'start': 25, 'end': 33, 'probability': 0.9877, 'type': 'Person', 'normalized_text': 'Billy Bob'}, {'start': 36, 'end': 45, 'probability': 0.7691, 'type': 'Person', 'normalized_text': 'Easy Amber'}]","[{'start': 0, 'end': 15, 'username': 'realamberheard', 'id': '807003567605227520'}]",0,0,0,0,117,41,690,6,Twitter for iPhone,"[{'start': 98, 'end': 121, 'url': 'https://t.co/1ATDPjUs4Z', 'expanded_url': 'https://twitter.com/emrazz/status/1095674457182687232', 'display_url': 'twitter.com/emrazz/status/…'}]","[{'start': 62, 'end': 82, 'tag': 'IgnoranceIsNotBliss'}]","If you’re not enraged, you’re not paying attention. Sorry but #IgnoranceIsNotBliss for some of us https://t.co/1ATDPjUs4Z",807003567605227520,en,2019-02-14T05:05:24.000Z,1095911865354354688,"[{'type': 'quoted', 'id': '1095674457182687232'}]",realamberheard,"Los Angeles, CA","Actor and Activist, semi-professional disruptor, ice cream advocate and shameless teacup yorkie-lover",807003567605227520,https://t.co/Ze18Ek9SOI,https://pbs.twimg.com/profile_images/1383196364792680448/N8CdupEu_normal.jpg,Amber Heard,190464,220,1151,568,2016-12-08T23:26:58.000Z,JessieAlternate,"California, USA",Just a person with a lot of opinions. Feminist and sexworker. DM for 18+ content.,913594627969748992,,https://pbs.twimg.com/profile_images/1395522825864110083/2A7p6lMo_normal.jpg,Nerdy Wordy and Flirty,243,1533,3272,6,2017-09-29T02:41:47.000Z,,
Twitter for Android,@realamberheard You are one hypocritical cunt you know that. #AmberHeardisanabuser,1070954260848758784,en,2019-03-19T08:33:01.000Z,807003567605227520,1107922914442018817,"[{'type': 'replied_to', 'id': '1095911865354354688'}]",,"[{'start': 0, 'end': 15, 'username': 'realamberheard', 'id': '807003567605227520'}]",0,0,0,0,117,41,690,6,Twitter for iPhone,"[{'start': 98, 'end': 121, 'url': 'https://t.co/1ATDPjUs4Z', 'expanded_url': 'https://twitter.com/emrazz/status/1095674457182687232', 'display_url': 'twitter.com/emrazz/status/…'}]","[{'start': 62, 'end': 82, 'tag': 'IgnoranceIsNotBliss'}]","If you’re not enraged, you’re not paying attention. Sorry but #IgnoranceIsNotBliss for some of us https://t.co/1ATDPjUs4Z",807003567605227520,en,2019-02-14T05:05:24.000Z,1095911865354354688,"[{'type': 'quoted', 'id': '1095674457182687232'}]",realamberheard,"Los Angeles, CA","Actor and Activist, semi-professional disruptor, ice cream advocate and shameless teacup yorkie-lover",807003567605227520,https://t.co/Ze18Ek9SOI,https://pbs.twimg.com/profile_images/1383196364792680448/N8CdupEu_normal.jpg,Amber Heard,190464,220,1151,568,2016-12-08T23:26:58.000Z,acarlidge,,,1070954260848758784,,https://pbs.twimg.com/profile_images/1070955696017965056/AbBH10L1_normal.jpg,Acarlidge,1,13,12,0,2018-12-07T08:12:47.000Z,"[{'start': 61, 'end': 82, 'tag': 'AmberHeardisanabuser'}]",
Twitter for iPhone,@realamberheard It is for you tho? 😂🤦🏼‍♀️,1099137075062935552,en,2019-03-17T00:43:12.000Z,807003567605227520,1107079906306019329,"[{'type': 'replied_to', 'id': '1095911865354354688'}]",,"[{'start': 0, 'end': 15, 'username': 'realamberheard', 'id': '807003567605227520'}]",0,0,1,0,117,41,690,6,Twitter for iPhone,"[{'start': 98, 'end': 121, 'url': 'https://t.co/1ATDPjUs4Z', 'expanded_url': 'https://twitter.com/emrazz/status/1095674457182687232', 'display_url': 'twitter.com/emrazz/status/…'}]","[{'start': 62, 'end': 82, 'tag': 'IgnoranceIsNotBliss'}]","If you’re not enraged, you’re not paying attention. Sorry but #IgnoranceIsNotBliss for some of us https://t.co/1ATDPjUs4Z",807003567605227520,en,2019-02-14T05:05:24.000Z,1095911865354354688,"[{'type': 'quoted', 'id': '1095674457182687232'}]",realamberheard,"Los Angeles, CA","Actor and Activist, semi-professional disruptor, ice cream advocate and shameless teacup yorkie-lover",807003567605227520,https://t.co/Ze18Ek9SOI,https://pbs.twimg.com/profile_images/1383196364792680448/N8CdupEu_normal.jpg,Amber Heard,190464,220,1151,568,2016-12-08T23:26:58.000Z,BrittanySand10,,,1099137075062935552,,https://pbs.twimg.com/profile_images/1112079246552453121/Cbj-ZJgJ_normal.jpg,Brittany Sand,2,31,19,0,2019-02-23T02:41:14.000Z,,
Twitter for Android,"@MarkHGrainger @realamberheard The abuser should be locked up you mean?
Well, bye bye Abuser Heard https://t.co/CzfFLhy91e",53017448,en,2019-03-13T15:22:33.000Z,115920971,1105851648642043904,"[{'type': 'replied_to', 'id': '1095930301740650498'}]",,"[{'start': 0, 'end': 14, 'username': 'MarkHGrainger', 'id': '115920971'}, {'start': 15, 'end': 30, 'username': 'realamberheard', 'id': '807003567605227520'}]",0,0,0,0,117,41,690,6,Twitter for iPhone,"[{'start': 98, 'end': 121, 'url': 'https://t.co/1ATDPjUs4Z', 'expanded_url': 'https://twitter.com/emrazz/status/1095674457182687232', 'display_url': 'twitter.com/emrazz/status/…'}]","[{'start': 62, 'end': 82, 'tag': 'IgnoranceIsNotBliss'}]","If you’re not enraged, you’re not paying attention. Sorry but #IgnoranceIsNotBliss for some of us https://t.co/1ATDPjUs4Z",807003567605227520,en,2019-02-14T05:05:24.000Z,1095911865354354688,"[{'type': 'quoted', 'id': '1095674457182687232'}]",realamberheard,"Los Angeles, CA","Actor and Activist, semi-professional disruptor, ice cream advocate and shameless teacup yorkie-lover",807003567605227520,https://t.co/Ze18Ek9SOI,https://pbs.twimg.com/profile_images/1383196364792680448/N8CdupEu_normal.jpg,Amber Heard,190464,220,1151,568,2016-12-08T23:26:58.000Z,Chibeau,one of my own imaginary worlds,"~ Mother of twins
~ Lover of music and cosplay
~ Amateur stargazer
~ Fan of science
~ All time proud geeky weirdo
~ Linguaphile
~ Versifier
~ Writer",53017448,,https://pbs.twimg.com/profile_images/1497530830251515918/xr-BZPyv_normal.jpg,Joyce 🇺🇦🌻,230,197,21739,0,2009-07-02T09:21:15.000Z,,"[{'start': 99, 'end': 122, 'url': 'https://t.co/CzfFLhy91e', 'expanded_url': 'https://twitter.com/Chibeau/status/1105851648642043904/photo/1', 'display_url': 'pic.twitter.com/CzfFLhy91e'}]"
Twitter for iPhone,"@realamberheard Well, you should know as a domestic abuser yourself. Crazy lying bitch.",193045488,en,2019-03-12T20:11:28.000Z,807003567605227520,1105561969023770624,"[{'type': 'replied_to', 'id': '1095911865354354688'}]",,"[{'start': 0, 'end': 15, 'username': 'realamberheard', 'id': '807003567605227520'}]",0,0,1,0,117,41,690,6,Twitter for iPhone,"[{'start': 98, 'end': 121, 'url': 'https://t.co/1ATDPjUs4Z', 'expanded_url': 'https://twitter.com/emrazz/status/1095674457182687232', 'display_url': 'twitter.com/emrazz/status/…'}]","[{'start': 62, 'end': 82, 'tag': 'IgnoranceIsNotBliss'}]","If you’re not enraged, you’re not paying attention. Sorry but #IgnoranceIsNotBliss for some of us https://t.co/1ATDPjUs4Z",807003567605227520,en,2019-02-14T05:05:24.000Z,1095911865354354688,"[{'type': 'quoted', 'id': '1095674457182687232'}]",realamberheard,"Los Angeles, CA","Actor and Activist, semi-professional disruptor, ice cream advocate and shameless teacup yorkie-lover",807003567605227520,https://t.co/Ze18Ek9SOI,https://pbs.twimg.com/profile_images/1383196364792680448/N8CdupEu_normal.jpg,Amber Heard,190464,220,1151,568,2016-12-08T23:26:58.000Z,StephanPop,,PoP will never be LoW BrOw,193045488,,https://pbs.twimg.com/profile_images/1386791118914920456/xUiusCbs_normal.jpg,StphnPoP,287,443,8066,4,2010-09-20T20:51:45.000Z,,
Twitter for iPhone,"@realamberheard Every single shooter behind the multiple mass shootings this week had a history of domestic violence / violence against women.  As much as we have a gun problem, we have another more insidious and long-standing problem that gets far less national attention...",2161983944,en,2019-02-17T19:39:21.000Z,807003567605227520,1097218967452745728,"[{'type': 'replied_to', 'id': '1095911865354354688'}]",,"[{'start': 0, 'end': 15, 'username': 'realamberheard', 'id': '807003567605227520'}]",0,0,2,0,117,41,690,6,Twitter for iPhone,"[{'start': 98, 'end': 121, 'url': 'https://t.co/1ATDPjUs4Z', 'expanded_url': 'https://twitter.com/emrazz/status/1095674457182687232', 'display_url': 'twitter.com/emrazz/status/…'}]","[{'start': 62, 'end': 82, 'tag': 'IgnoranceIsNotBliss'}]","If you’re not enraged, you’re not paying attention. Sorry but #IgnoranceIsNotBliss for some of us https://t.co/1ATDPjUs4Z",807003567605227520,en,2019-02-14T05:05:24.000Z,1095911865354354688,"[{'type': 'quoted', 'id': '1095674457182687232'}]",realamberheard,"Los Angeles, CA","Actor and Activist, semi-professional disruptor, ice cream advocate and shameless teacup yorkie-lover",807003567605227520,https://t.co/Ze18Ek9SOI,https://pbs.twimg.com/profile_images/1383196364792680448/N8CdupEu_normal.jpg,Amber Heard,190464,220,1151,568,2016-12-08T23:26:58.000Z,TheRealDoctorT,"San Antonio, TX","Nephrologist. I observe. I write. Cherish your stories. Listen to each other’s. Writing in Medium, Physician’s Weekly, WSJ, NPR. Owner of @iggythepetrock",2161983944,,https://pbs.twimg.com/profile_images/1375288251460689923/IlWZ76Bz_normal.jpg,"Sayed Tabatabai, MD",75967,2383,25746,407,2013-10-29T02:14:34.000Z,,
Twitter for Android,@realamberheard Always your business is the best,1008987526835703808,en,2019-02-16T17:47:16.000Z,807003567605227520,1096828369788903431,"[{'type': 'replied_to', 'id': '1095911865354354688'}]",,"[{'start': 0, 'end': 15, 'username': 'realamberheard', 'id': '807003567605227520'}]",0,0,0,0,117,41,690,6,Twitter for iPhone,"[{'start': 98, 'end': 121, 'url': 'https://t.co/1ATDPjUs4Z', 'expanded_url': 'https://twitter.com/emrazz/status/1095674457182687232', 'display_url': 'twitter.com/emrazz/status/…'}]","[{'start': 62, 'end': 82, 'tag': 'IgnoranceIsNotBliss'}]","If you’re not enraged, you’re not paying attention. Sorry but #IgnoranceIsNotBliss for some of us https://t.co/1ATDPjUs4Z",807003567605227520,en,2019-02-14T05:05:24.000Z,1095911865354354688,"[{'type': 'quoted', 'id': '1095674457182687232'}]",realamberheard,"Los Angeles, CA","Actor and Activist, semi-professional disruptor, ice cream advocate and shameless teacup yorkie-lover",807003567605227520,https://t.co/Ze18Ek9SOI,https://pbs.twimg.com/profile_images/1383196364792680448/N8CdupEu_normal.jpg,Amber Heard,190464,220,1151,568,2016-12-08T23:26:58.000Z,SeaWolf37960564,,,1008987526835703808,,https://abs.twimg.com/sticky/default_profile_images/default_profile_normal.png,Sea Wolf,4,3,204,0,2018-06-19T08:19:07.000Z,,
Twitter for iPhone,"@realamberheard You know Amber, I’ve had my teeth knocked out, eyes blacked and choked until I passed out. I was codependent and lied for him out of stupidity. I don’t think things like this will ever end  because most is kept hidden out of shame. Btw I did leave him.",598888198,en,2019-02-16T16:16:04.000Z,807003567605227520,1096805419903840258,"[{'type': 'replied_to', 'id': '1095911865354354688'}]","[{'start': 25, 'end': 29, 'probability': 0.9759, 'type': 'Person', 'normalized_text': 'Amber'}]","[{'start': 0, 'end': 15, 'username': 'realamberheard', 'id': '807003567605227520'}]",0,0,1,0,117,41,690,6,Twitter for iPhone,"[{'start': 98, 'end': 121, 'url': 'https://t.co/1ATDPjUs4Z', 'expanded_url': 'https://twitter.com/emrazz/status/1095674457182687232', 'display_url': 'twitter.com/emrazz/status/…'}]","[{'start': 62, 'end': 82, 'tag': 'IgnoranceIsNotBliss'}]","If you’re not enraged, you’re not paying attention. Sorry but #IgnoranceIsNotBliss for some of us https://t.co/1ATDPjUs4Z",807003567605227520,en,2019-02-14T05:05:24.000Z,1095911865354354688,"[{'type': 'quoted', 'id': '1095674457182687232'}]",realamberheard,"Los Angeles, CA","Actor and Activist, semi-professional disruptor, ice cream advocate and shameless teacup yorkie-lover",807003567605227520,https://t.co/Ze18Ek9SOI,https://pbs.twimg.com/profile_images/1383196364792680448/N8CdupEu_normal.jpg,Amber Heard,190464,220,1151,568,2016-12-08T23:26:58.000Z,ByrdDana,Missouri ,"Im divorced, three grown children, love art and music, especially rock really love muscle cars. Work in a casino and accept who I am. Depp is my favorite celeb.",598888198,,https://pbs.twimg.com/profile_images/1431485274916274178/mKJFGzCw_normal.jpg,StormyGirl54,720,1454,8320,1,2012-06-04T03:14:06.000Z,,
Twitter for Android,"@EggBall99 @realamberheard Legal, on the books, Master's degree. Nice try though.",74828223,en,2019-02-16T13:44:52.000Z,105273383,1096767369853038593,"[{'type': 'replied_to', 'id': '1096745575620464641'}]",,"[{'start': 0, 'end': 10, 'username': 'EggBall99', 'id': '105273383'}, {'start': 11, 'end': 26, 'username': 'realamberheard', 'id': '807003567605227520'}]",0,1,0,0,117,41,690,6,Twitter for iPhone,"[{'start': 98, 'end': 121, 'url': 'https://t.co/1ATDPjUs4Z', 'expanded_url': 'https://twitter.com/emrazz/status/1095674457182687232', 'display_url': 'twitter.com/emrazz/status/…'}]","[{'start': 62, 'end': 82, 'tag': 'IgnoranceIsNotBliss'}]","If you’re not enraged, you’re not paying attention. Sorry but #IgnoranceIsNotBliss for some of us https://t.co/1ATDPjUs4Z",807003567605227520,en,2019-02-14T05:05:24.000Z,1095911865354354688,"[{'type': 'quoted', 'id': '1095674457182687232'}]",realamberheard,"Los Angeles, CA","Actor and Activist, semi-professional disruptor, ice cream advocate and shameless teacup yorkie-lover",807003567605227520,https://t.co/Ze18Ek9SOI,https://pbs.twimg.com/profile_images/1383196364792680448/N8CdupEu_normal.jpg,Amber Heard,190464,220,1151,568,2016-12-08T23:26:58.000Z,Thoughtline,"Seattle, WA",She/her. Social worker. Singer/songwriter. Proud witch. Hoomin companion of goth bunny.,74828223,,https://pbs.twimg.com/profile_images/1268179293122658307/JUSrZcIy_normal.jpg,Lissa Rodriguez,205,433,9956,0,2009-09-16T20:25:09.000Z,,
Twitter for Android,"@delicatebliss @realamberheard we also know that you abused both Johnny and Tasya, time's up for you and your lies. https://t.co/Yx3DUwg02J",746719831,en,2019-02-14T19:32:48.000Z,172853326,1096130153925824513,"[{'type': 'replied_to', 'id': '1096018158861934592'}]","[{'start': 65, 'end': 70, 'probability': 0.9893, 'type': 'Person', 'normalized_text': 'Johnny'}, {'start': 76, 'end': 80, 'probability': 0.9871, 'type': 'Person', 'normalized_text': 'Tasya'}]","[{'start': 0, 'end': 14, 'username': 'delicatebliss', 'id': '172853326'}, {'start': 15, 'end': 30, 'username': 'realamberheard', 'id': '807003567605227520'}]",2,0,8,0,117,41,690,6,Twitter for iPhone,"[{'start': 98, 'end': 121, 'url': 'https://t.co/1ATDPjUs4Z', 'expanded_url': 'https://twitter.com/emrazz/status/1095674457182687232', 'display_url': 'twitter.com/emrazz/status/…'}]","[{'start': 62, 'end': 82, 'tag': 'IgnoranceIsNotBliss'}]","If you’re not enraged, you’re not paying attention. Sorry but #IgnoranceIsNotBliss for some of us https://t.co/1ATDPjUs4Z",807003567605227520,en,2019-02-14T05:05:24.000Z,1095911865354354688,"[{'type': 'quoted', 'id': '1095674457182687232'}]",realamberheard,"Los Angeles, CA","Actor and Activist, semi-professional disruptor, ice cream advocate and shameless teacup yorkie-lover",807003567605227520,https://t.co/Ze18Ek9SOI,https://pbs.twimg.com/profile_images/1383196364792680448/N8CdupEu_normal.jpg,Amber Heard,190464,220,1151,568,2016-12-08T23:26:58.000Z,siriustiltskin,Nárnia•Hogwarts•Storybrooke,"joanne rowling • gryffindor • narnian • outlawqueen • targaryen • stark • miley • sabrina • always • the sun, the moon, the truth • #JusticeForJohnnyDepp🏴‍☠️",746719831,https://t.co/7IHDo8doxB,https://pbs.twimg.com/profile_images/1505413782578806785/ZKz0C0H2_normal.jpg,palôma strike ➹ ⚯͛,2483,1010,238506,23,2012-08-09T06:55:35.000Z,,"[{'start': 116, 'end': 139, 'url': 'https://t.co/Yx3DUwg02J', 'expanded_url': 'https://twitter.com/smilerbrichta/status/1096130153925824513/photo/1', 'display_url': 'pic.twitter.com/Yx3DUwg02J'}]"
Twitter for Android,"@realamberheard @realamberheard agreed and #SilenceHelpsTheAbuser
#SpeakUp against #ViolenceAgainstWomen",1048681219746140162,en,2019-02-14T12:10:04.000Z,807003567605227520,1096018734618161152,"[{'type': 'replied_to', 'id': '1095911865354354688'}]",,"[{'start': 0, 'end': 15, 'username': 'realamberheard', 'id': '807003567605227520'}, {'start': 16, 'end': 31, 'username': 'realamberheard', 'id': '807003567605227520'}]",0,0,0,0,117,41,690,6,Twitter for iPhone,"[{'start': 98, 'end': 121, 'url': 'https://t.co/1ATDPjUs4Z', 'expanded_url': 'https://twitter.com/emrazz/status/1095674457182687232', 'display_url': 'twitter.com/emrazz/status/…'}]","[{'start': 62, 'end': 82, 'tag': 'IgnoranceIsNotBliss'}]","If you’re not enraged, you’re not paying attention. Sorry but #IgnoranceIsNotBliss for some of us https://t.co/1ATDPjUs4Z",807003567605227520,en,2019-02-14T05:05:24.000Z,1095911865354354688,"[{'type': 'quoted', 'id': '1095674457182687232'}]",realamberheard,"Los Angeles, CA","Actor and Activist, semi-professional disruptor, ice cream advocate and shameless teacup yorkie-lover",807003567605227520,https://t.co/Ze18Ek9SOI,https://pbs.twimg.com/profile_images/1383196364792680448/N8CdupEu_normal.jpg,Amber Heard,190464,220,1151,568,2016-12-08T23:26:58.000Z,TheRealKevinTE,United States,"Equality is the only way to create a better future.....

#PickASide
#RaiseAFist",1048681219746140162,,https://pbs.twimg.com/profile_images/1502321336148008967/R8OT5wEP_normal.jpg,Kevin Endicott,66711,57143,74969,66,2018-10-06T21:07:41.000Z,"[{'start': 43, 'end': 65, 'tag': 'SilenceHelpsTheAbuser'}, {'start': 66, 'end': 74, 'tag': 'SpeakUp'}, {'start': 83, 'end': 104, 'tag': 'ViolenceAgainstWomen'}]",
Twitter Web Client,"@realamberheard except you werent beaten by johnny depp, we all know this.",172853326,en,2019-02-14T12:07:46.000Z,807003567605227520,1096018158861934592,"[{'type': 'replied_to', 'id': '1095911865354354688'}]","[{'start': 44, 'end': 54, 'probability': 0.9829, 'type': 'Person', 'normalized_text': 'johnny depp'}]","[{'start': 0, 'end': 15, 'username': 'realamberheard', 'id': '807003567605227520'}]",1,1,10,0,117,41,690,6,Twitter for iPhone,"[{'start': 98, 'end': 121, 'url': 'https://t.co/1ATDPjUs4Z', 'expanded_url': 'https://twitter.com/emrazz/status/1095674457182687232', 'display_url': 'twitter.com/emrazz/status/…'}]","[{'start': 62, 'end': 82, 'tag': 'IgnoranceIsNotBliss'}]","If you’re not enraged, you’re not paying attention. Sorry but #IgnoranceIsNotBliss for some of us https://t.co/1ATDPjUs4Z",807003567605227520,en,2019-02-14T05:05:24.000Z,1095911865354354688,"[{'type': 'quoted', 'id': '1095674457182687232'}]",realamberheard,"Los Angeles, CA","Actor and Activist, semi-professional disruptor, ice cream advocate and shameless teacup yorkie-lover",807003567605227520,https://t.co/Ze18Ek9SOI,https://pbs.twimg.com/profile_images/1383196364792680448/N8CdupEu_normal.jpg,Amber Heard,190464,220,1151,568,2016-12-08T23:26:58.000Z,delicatebliss,No2FordTrudeauRepublicans,"Probably stanning several things at once cause that is how my brain works. 🎶📚🏰🌃
Ricardian and Francis Bacon is Shakespeare defender!",172853326,,https://pbs.twimg.com/profile_images/1491840977413316610/QObC8w8B_normal.jpg,Angie 👽🛸🌌,434,667,96870,27,2010-07-30T19:42:46.000Z,,
Twitter for Android,@VRotaheche @realamberheard ¡Yo también pienso lo mismo amigo!. ¡Lo violencia de género contra las mujeres debe de acabarse ya!,1158044418,es,2019-02-14T11:57:24.000Z,930295991735144449,1096015546817105920,"[{'type': 'replied_to', 'id': '1095914696006397953'}]",,"[{'start': 0, 'end': 11, 'username': 'VRotaheche', 'id': '930295991735144449'}, {'start': 12, 'end': 27, 'username': 'realamberheard', 'id': '807003567605227520'}]",0,0,1,0,117,41,690,6,Twitter for iPhone,"[{'start': 98, 'end': 121, 'url': 'https://t.co/1ATDPjUs4Z', 'expanded_url': 'https://twitter.com/emrazz/status/1095674457182687232', 'display_url': 'twitter.com/emrazz/status/…'}]","[{'start': 62, 'end': 82, 'tag': 'IgnoranceIsNotBliss'}]","If you’re not enraged, you’re not paying attention. Sorry but #IgnoranceIsNotBliss for some of us https://t.co/1ATDPjUs4Z",807003567605227520,en,2019-02-14T05:05:24.000Z,1095911865354354688,"[{'type': 'quoted', 'id': '1095674457182687232'}]",realamberheard,"Los Angeles, CA","Actor and Activist, semi-professional disruptor, ice cream advocate and shameless teacup yorkie-lover",807003567605227520,https://t.co/Ze18Ek9SOI,https://pbs.twimg.com/profile_images/1383196364792680448/N8CdupEu_normal.jpg,Amber Heard,190464,220,1151,568,2016-12-08T23:26:58.000Z,EmilioCaparrs1,"Málaga, España","es un estudiante y trabajador malagueño, es simpático, agradable, apañado y gracioso.Le gusta la música Italiana, la copla,etc.",1158044418,https://t.co/KFHpMpFoKc,https://pbs.twimg.com/profile_images/1285545778937724929/biPQKIo__normal.jpg,Emilio Caparrós,1856,5002,28508,25,2013-02-07T19:26:54.000Z,,
Twitter for iPhone,@realamberheard So important,20294410,en,2019-02-14T11:37:46.000Z,20294410,1096010609378746368,"[{'type': 'replied_to', 'id': '1096010555066728449'}]",,"[{'start': 0, 'end': 15, 'username': 'realamberheard', 'id': '807003567605227520'}]",0,1,0,0,117,41,690,6,Twitter for iPhone,"[{'start': 98, 'end': 121, 'url': 'https://t.co/1ATDPjUs4Z', 'expanded_url': 'https://twitter.com/emrazz/status/1095674457182687232', 'display_url': 'twitter.com/emrazz/status/…'}]","[{'start': 62, 'end': 82, 'tag': 'IgnoranceIsNotBliss'}]","If you’re not enraged, you’re not paying attention. Sorry but #IgnoranceIsNotBliss for some of us https://t.co/1ATDPjUs4Z",807003567605227520,en,2019-02-14T05:05:24.000Z,1095911865354354688,"[{'type': 'quoted', 'id': '1095674457182687232'}]",realamberheard,"Los Angeles, CA","Actor and Activist, semi-professional disruptor, ice cream advocate and shameless teacup yorkie-lover",807003567605227520,https://t.co/Ze18Ek9SOI,https://pbs.twimg.com/profile_images/1383196364792680448/N8CdupEu_normal.jpg,Amber Heard,190464,220,1151,568,2016-12-08T23:26:58.000Z,nitut1,"Santa Monica, CA","I'm Nitish, CEO of https://t.co/aUoScglITZ, screenwriter, independent producer universal, and speaker author and futurist. https://t.co/QOEAUbyF1b",20294410,https://t.co/lAjgMKGtPg,https://pbs.twimg.com/profile_images/526272543343509504/Yh7pl_Mw_normal.jpeg,Nitish Kannan,757,1539,6015,27,2009-02-07T04:45:02.000Z,,
Twitter for iPhone,@realamberheard You should see my human trafficking documentary you would love it,20294410,en,2019-02-14T11:37:33.000Z,807003567605227520,1096010555066728449,"[{'type': 'replied_to', 'id': '1095911865354354688'}]",,"[{'start': 0, 'end': 15, 'username': 'realamberheard', 'id': '807003567605227520'}]",0,1,1,0,117,41,690,6,Twitter for iPhone,"[{'start': 98, 'end': 121, 'url': 'https://t.co/1ATDPjUs4Z', 'expanded_url': 'https://twitter.com/emrazz/status/1095674457182687232', 'display_url': 'twitter.com/emrazz/status/…'}]","[{'start': 62, 'end': 82, 'tag': 'IgnoranceIsNotBliss'}]","If you’re not enraged, you’re not paying attention. Sorry but #IgnoranceIsNotBliss for some of us https://t.co/1ATDPjUs4Z",807003567605227520,en,2019-02-14T05:05:24.000Z,1095911865354354688,"[{'type': 'quoted', 'id': '1095674457182687232'}]",realamberheard,"Los Angeles, CA","Actor and Activist, semi-professional disruptor, ice cream advocate and shameless teacup yorkie-lover",807003567605227520,https://t.co/Ze18Ek9SOI,https://pbs.twimg.com/profile_images/1383196364792680448/N8CdupEu_normal.jpg,Amber Heard,190464,220,1151,568,2016-12-08T23:26:58.000Z,nitut1,"Santa Monica, CA","I'm Nitish, CEO of https://t.co/aUoScglITZ, screenwriter, independent producer universal, and speaker author and futurist. https://t.co/QOEAUbyF1b",20294410,https://t.co/lAjgMKGtPg,https://pbs.twimg.com/profile_images/526272543343509504/Yh7pl_Mw_normal.jpeg,Nitish Kannan,757,1539,6015,27,2009-02-07T04:45:02.000Z,,
Twitter for Android,@realamberheard happy Valentin day @realamberheard 💖💕💕💖🐳🐬🐳🐳❤ https://t.co/nBIqRTQ90c,1071614258096431104,en,2019-02-14T07:24:22.000Z,807003567605227520,1095946839075913728,"[{'type': 'replied_to', 'id': '1095911865354354688'}]","[{'start': 22, 'end': 29, 'probability': 0.9736, 'type': 'Person', 'normalized_text': 'Valentin'}]","[{'start': 0, 'end': 15, 'username': 'realamberheard', 'id': '807003567605227520'}, {'start': 35, 'end': 50, 'username': 'realamberheard', 'id': '807003567605227520'}]",0,0,0,0,117,41,690,6,Twitter for iPhone,"[{'start': 98, 'end': 121, 'url': 'https://t.co/1ATDPjUs4Z', 'expanded_url': 'https://twitter.com/emrazz/status/1095674457182687232', 'display_url': 'twitter.com/emrazz/status/…'}]","[{'start': 62, 'end': 82, 'tag': 'IgnoranceIsNotBliss'}]","If you’re not enraged, you’re not paying attention. Sorry but #IgnoranceIsNotBliss for some of us https://t.co/1ATDPjUs4Z",807003567605227520,en,2019-02-14T05:05:24.000Z,1095911865354354688,"[{'type': 'quoted', 'id': '1095674457182687232'}]",realamberheard,"Los Angeles, CA","Actor and Activist, semi-professional disruptor, ice cream advocate and shameless teacup yorkie-lover",807003567605227520,https://t.co/Ze18Ek9SOI,https://pbs.twimg.com/profile_images/1383196364792680448/N8CdupEu_normal.jpg,Amber Heard,190464,220,1151,568,2016-12-08T23:26:58.000Z,Joyawahid1,"DKI Jakarta,bali,Indonesia","@Lisaandriansalon💇💆💄💅
Hair n make up",1071614258096431104,,https://pbs.twimg.com/profile_images/1123131394597634050/m5Toggin_normal.jpg,Joya_wahid                          🐬🐳🐬🐳🐋🐳🐬,5,82,389,0,2018-12-09T03:55:23.000Z,,"[{'start': 61, 'end': 84, 'url': 'https://t.co/nBIqRTQ90c', 'expanded_url': 'https://twitter.com/Joyawahid1/status/1095946839075913728/video/1', 'display_url': 'pic.twitter.com/nBIqRTQ90c'}]"
Twitter for Android,"@realamberheard 54 cents on the dollar for Latinas, last I checked anyway.",74828223,en,2019-02-14T07:14:11.000Z,807003567605227520,1095944276783947779,"[{'type': 'replied_to', 'id': '1095911865354354688'}]",,"[{'start': 0, 'end': 15, 'username': 'realamberheard', 'id': '807003567605227520'}]",0,1,4,0,117,41,690,6,Twitter for iPhone,"[{'start': 98, 'end': 121, 'url': 'https://t.co/1ATDPjUs4Z', 'expanded_url': 'https://twitter.com/emrazz/status/1095674457182687232', 'display_url': 'twitter.com/emrazz/status/…'}]","[{'start': 62, 'end': 82, 'tag': 'IgnoranceIsNotBliss'}]","If you’re not enraged, you’re not paying attention. Sorry but #IgnoranceIsNotBliss for some of us https://t.co/1ATDPjUs4Z",807003567605227520,en,2019-02-14T05:05:24.000Z,1095911865354354688,"[{'type': 'quoted', 'id': '1095674457182687232'}]",realamberheard,"Los Angeles, CA","Actor and Activist, semi-professional disruptor, ice cream advocate and shameless teacup yorkie-lover",807003567605227520,https://t.co/Ze18Ek9SOI,https://pbs.twimg.com/profile_images/1383196364792680448/N8CdupEu_normal.jpg,Amber Heard,190464,220,1151,568,2016-12-08T23:26:58.000Z,Thoughtline,"Seattle, WA",She/her. Social worker. Singer/songwriter. Proud witch. Hoomin companion of goth bunny.,74828223,,https://pbs.twimg.com/profile_images/1268179293122658307/JUSrZcIy_normal.jpg,Lissa Rodriguez,205,433,9956,0,2009-09-16T20:25:09.000Z,,
Twitter for Android,@realamberheard You re right,1084863838846111746,en,2019-02-14T07:01:23.000Z,807003567605227520,1095941054459797505,"[{'type': 'replied_to', 'id': '1095911865354354688'}]",,"[{'start': 0, 'end': 15, 'username': 'realamberheard', 'id': '807003567605227520'}]",0,0,0,0,117,41,690,6,Twitter for iPhone,"[{'start': 98, 'end': 121, 'url': 'https://t.co/1ATDPjUs4Z', 'expanded_url': 'https://twitter.com/emrazz/status/1095674457182687232', 'display_url': 'twitter.com/emrazz/status/…'}]","[{'start': 62, 'end': 82, 'tag': 'IgnoranceIsNotBliss'}]","If you’re not enraged, you’re not paying attention. Sorry but #IgnoranceIsNotBliss for some of us https://t.co/1ATDPjUs4Z",807003567605227520,en,2019-02-14T05:05:24.000Z,1095911865354354688,"[{'type': 'quoted', 'id': '1095674457182687232'}]",realamberheard,"Los Angeles, CA","Actor and Activist, semi-professional disruptor, ice cream advocate and shameless teacup yorkie-lover",807003567605227520,https://t.co/Ze18Ek9SOI,https://pbs.twimg.com/profile_images/1383196364792680448/N8CdupEu_normal.jpg,Amber Heard,190464,220,1151,568,2016-12-08T23:26:58.000Z,halex944,"Paris, France",19y #blm @PSG_Inside❤💙@acmilan❤🖤,1084863838846111746,,https://pbs.twimg.com/profile_images/1473035125675986946/7oiuB7K-_normal.jpg,Alex,1325,812,106605,2,2019-01-14T17:24:29.000Z,,
Twitter for Android,@realamberheard If that's in America just imagine how it's in third world countries 😲😞,4396120342,en,2019-02-14T05:59:32.000Z,807003567605227520,1095925490026795008,"[{'type': 'replied_to', 'id': '1095911865354354688'}]","[{'start': 29, 'end': 35, 'probability': 0.9987, 'type': 'Place', 'normalized_text': 'America'}]","[{'start': 0, 'end': 15, 'username': 'realamberheard', 'id': '807003567605227520'}]",0,1,4,0,117,41,690,6,Twitter for iPhone,"[{'start': 98, 'end': 121, 'url': 'https://t.co/1ATDPjUs4Z', 'expanded_url': 'https://twitter.com/emrazz/status/1095674457182687232', 'display_url': 'twitter.com/emrazz/status/…'}]","[{'start': 62, 'end': 82, 'tag': 'IgnoranceIsNotBliss'}]","If you’re not enraged, you’re not paying attention. Sorry but #IgnoranceIsNotBliss for some of us https://t.co/1ATDPjUs4Z",807003567605227520,en,2019-02-14T05:05:24.000Z,1095911865354354688,"[{'type': 'quoted', 'id': '1095674457182687232'}]",realamberheard,"Los Angeles, CA","Actor and Activist, semi-professional disruptor, ice cream advocate and shameless teacup yorkie-lover",807003567605227520,https://t.co/Ze18Ek9SOI,https://pbs.twimg.com/profile_images/1383196364792680448/N8CdupEu_normal.jpg,Amber Heard,190464,220,1151,568,2016-12-08T23:26:58.000Z,stirgussa,,"Only two things are infinite, the universe and human stupidity, and I'm not sure about the former. - Albert Einstein and Me!",4396120342,,https://pbs.twimg.com/profile_images/1378175478478082050/UKLiQPuk_normal.jpg,STIRGUS SACCHETTI,678,296,58624,26,2015-12-06T17:21:06.000Z,,
Twitter Web App,"@realamberheard Let's work together; Republican guy &amp; Democrat woman.  I agree to quadruple $$ for rape investigations, the truly disabled....if you agree to end welfare for healthy people.  Deal??",316775459,en,2019-02-14T05:38:10.000Z,807003567605227520,1095920109900697601,"[{'type': 'replied_to', 'id': '1095911865354354688'}]","[{'start': 37, 'end': 46, 'probability': 0.6881, 'type': 'Organization', 'normalized_text': 'Republican'}, {'start': 54, 'end': 61, 'probability': 0.5812, 'type': 'Organization', 'normalized_text': 'Democrat'}]","[{'start': 0, 'end': 15, 'username': 'realamberheard', 'id': '807003567605227520'}]",0,0,0,0,117,41,690,6,Twitter for iPhone,"[{'start': 98, 'end': 121, 'url': 'https://t.co/1ATDPjUs4Z', 'expanded_url': 'https://twitter.com/emrazz/status/1095674457182687232', 'display_url': 'twitter.com/emrazz/status/…'}]","[{'start': 62, 'end': 82, 'tag': 'IgnoranceIsNotBliss'}]","If you’re not enraged, you’re not paying attention. Sorry but #IgnoranceIsNotBliss for some of us https://t.co/1ATDPjUs4Z",807003567605227520,en,2019-02-14T05:05:24.000Z,1095911865354354688,"[{'type': 'quoted', 'id': '1095674457182687232'}]",realamberheard,"Los Angeles, CA","Actor and Activist, semi-professional disruptor, ice cream advocate and shameless teacup yorkie-lover",807003567605227520,https://t.co/Ze18Ek9SOI,https://pbs.twimg.com/profile_images/1383196364792680448/N8CdupEu_normal.jpg,Amber Heard,190464,220,1151,568,2016-12-08T23:26:58.000Z,jasonmichael4,"Champlin, MN","You know me...I do WHAT I want, WHEN I want.",316775459,,https://pbs.twimg.com/profile_images/1100851027475976194/KsQk52Nm_normal.jpg,Jason Michael,25,80,2292,0,2011-06-13T23:22:34.000Z,,
Mobile Web (M2),@realamberheard Happy valentine's day,941145110091325440,en,2019-02-14T05:20:37.000Z,807003567605227520,1095915696788303872,"[{'type': 'replied_to', 'id': '1095911865354354688'}]",,"[{'start': 0, 'end': 15, 'username': 'realamberheard', 'id': '807003567605227520'}]",0,0,0,0,117,41,690,6,Twitter for iPhone,"[{'start': 98, 'end': 121, 'url': 'https://t.co/1ATDPjUs4Z', 'expanded_url': 'https://twitter.com/emrazz/status/1095674457182687232', 'display_url': 'twitter.com/emrazz/status/…'}]","[{'start': 62, 'end': 82, 'tag': 'IgnoranceIsNotBliss'}]","If you’re not enraged, you’re not paying attention. Sorry but #IgnoranceIsNotBliss for some of us https://t.co/1ATDPjUs4Z",807003567605227520,en,2019-02-14T05:05:24.000Z,1095911865354354688,"[{'type': 'quoted', 'id': '1095674457182687232'}]",realamberheard,"Los Angeles, CA","Actor and Activist, semi-professional disruptor, ice cream advocate and shameless teacup yorkie-lover",807003567605227520,https://t.co/Ze18Ek9SOI,https://pbs.twimg.com/profile_images/1383196364792680448/N8CdupEu_normal.jpg,Amber Heard,190464,220,1151,568,2016-12-08T23:26:58.000Z,Jamesosterberg5,,,941145110091325440,,https://abs.twimg.com/sticky/default_profile_images/default_profile_normal.png,James osterberg,0,196,5902,0,2017-12-14T03:17:34.000Z,,
Twitter Web App,@realamberheard Grrr!! https://t.co/zaECLONYP3,746561598098145280,und,2019-02-14T05:18:56.000Z,807003567605227520,1095915270575665152,"[{'type': 'replied_to', 'id': '1095911865354354688'}]",,"[{'start': 0, 'end': 15, 'username': 'realamberheard', 'id': '807003567605227520'}]",0,0,0,0,117,41,690,6,Twitter for iPhone,"[{'start': 98, 'end': 121, 'url': 'https://t.co/1ATDPjUs4Z', 'expanded_url': 'https://twitter.com/emrazz/status/1095674457182687232', 'display_url': 'twitter.com/emrazz/status/…'}]","[{'start': 62, 'end': 82, 'tag': 'IgnoranceIsNotBliss'}]","If you’re not enraged, you’re not paying attention. Sorry but #IgnoranceIsNotBliss for some of us https://t.co/1ATDPjUs4Z",807003567605227520,en,2019-02-14T05:05:24.000Z,1095911865354354688,"[{'type': 'quoted', 'id': '1095674457182687232'}]",realamberheard,"Los Angeles, CA","Actor and Activist, semi-professional disruptor, ice cream advocate and shameless teacup yorkie-lover",807003567605227520,https://t.co/Ze18Ek9SOI,https://pbs.twimg.com/profile_images/1383196364792680448/N8CdupEu_normal.jpg,Amber Heard,190464,220,1151,568,2016-12-08T23:26:58.000Z,DdubCooperpratt,YOU DON'T WANNA FREAKIN KNOW,"Bh sis, Kaniac & #FanFam obsessed with Bradley Cooper and @prattprattpratt Followed by Donnie and Danny @BoyGeorge @sethpetersonla @PaulaAbdul and @aaroncarter",746561598098145280,,https://pbs.twimg.com/profile_images/1280223215537860608/v99gHkCi_normal.jpg,Mary Gillenwater 🐺 ❤,1287,4636,14866,4,2016-06-25T04:32:10.000Z,,"[{'start': 23, 'end': 46, 'url': 'https://t.co/zaECLONYP3', 'expanded_url': 'https://twitter.com/DdubCooperpratt/status/1095915270575665152/photo/1', 'display_url': 'pic.twitter.com/zaECLONYP3'}]"
Twitter Web Client,"@realamberheard Es una estadística terrible, debemos luchar para que esos números dejen de existir. Greetings @realamberheard Never stop fighting https://t.co/8dV7Pansf5",930295991735144449,es,2019-02-14T05:16:39.000Z,807003567605227520,1095914696006397953,"[{'type': 'replied_to', 'id': '1095911865354354688'}]",,"[{'start': 0, 'end': 15, 'username': 'realamberheard', 'id': '807003567605227520'}, {'start': 110, 'end': 125, 'username': 'realamberheard', 'id': '807003567605227520'}]",1,1,1,0,117,41,690,6,Twitter for iPhone,"[{'start': 98, 'end': 121, 'url': 'https://t.co/1ATDPjUs4Z', 'expanded_url': 'https://twitter.com/emrazz/status/1095674457182687232', 'display_url': 'twitter.com/emrazz/status/…'}]","[{'start': 62, 'end': 82, 'tag': 'IgnoranceIsNotBliss'}]","If you’re not enraged, you’re not paying attention. Sorry but #IgnoranceIsNotBliss for some of us https://t.co/1ATDPjUs4Z",807003567605227520,en,2019-02-14T05:05:24.000Z,1095911865354354688,"[{'type': 'quoted', 'id': '1095674457182687232'}]",realamberheard,"Los Angeles, CA","Actor and Activist, semi-professional disruptor, ice cream advocate and shameless teacup yorkie-lover",807003567605227520,https://t.co/Ze18Ek9SOI,https://pbs.twimg.com/profile_images/1383196364792680448/N8CdupEu_normal.jpg,Amber Heard,190464,220,1151,568,2016-12-08T23:26:58.000Z,VRotaheche,"Esquel, Argentina","Escritor, lector, fanático de los cómics y de @StephenKing. Tengo mi canal #esetipoconunlibro donde publico reseñas, bios, y podcasts.",930295991735144449,https://t.co/caw3wNyLpW,https://pbs.twimg.com/profile_images/1303423351659134977/Ma-e7wXi_normal.jpg,Víctor Hugo Rotaheche (Ese Tipo Con Un Libro),600,1441,8106,4,2017-11-14T04:47:03.000Z,,"[{'start': 146, 'end': 169, 'url': 'https://t.co/8dV7Pansf5', 'expanded_url': 'https://www.youtube.com/watch?v=qLBZtBySq6E', 'display_url': 'youtube.com/watch?v=qLBZtB…'}]"
Twitter Web Client,@realamberheard ✊,999127948593631232,und,2019-02-14T05:15:24.000Z,807003567605227520,1095914383241285632,"[{'type': 'replied_to', 'id': '1095911865354354688'}]",,"[{'start': 0, 'end': 15, 'username': 'realamberheard', 'id': '807003567605227520'}]",0,0,0,0,117,41,690,6,Twitter for iPhone,"[{'start': 98, 'end': 121, 'url': 'https://t.co/1ATDPjUs4Z', 'expanded_url': 'https://twitter.com/emrazz/status/1095674457182687232', 'display_url': 'twitter.com/emrazz/status/…'}]","[{'start': 62, 'end': 82, 'tag': 'IgnoranceIsNotBliss'}]","If you’re not enraged, you’re not paying attention. Sorry but #IgnoranceIsNotBliss for some of us https://t.co/1ATDPjUs4Z",807003567605227520,en,2019-02-14T05:05:24.000Z,1095911865354354688,"[{'type': 'quoted', 'id': '1095674457182687232'}]",realamberheard,"Los Angeles, CA","Actor and Activist, semi-professional disruptor, ice cream advocate and shameless teacup yorkie-lover",807003567605227520,https://t.co/Ze18Ek9SOI,https://pbs.twimg.com/profile_images/1383196364792680448/N8CdupEu_normal.jpg,Amber Heard,190464,220,1151,568,2016-12-08T23:26:58.000Z,MissionChaos,,He's alive...and in perfect hibernation.,999127948593631232,,https://pbs.twimg.com/profile_images/1291051381445595143/k16e6Tlk_normal.jpg,MissionChaos🍍,624,972,26824,1,2018-05-23T03:20:40.000Z,,
Twitter Web Client,"@realamberheard No, no, no! This world needs a LOT of lessons to learn. We cannot have this crap. Women being beat every few seconds. How about none being beat at all and being able to live life untouched? I really hope that you and other women won't have to go through this anymore.",1020371795533287430,en,2019-02-14T05:09:32.000Z,807003567605227520,1095912905101504512,"[{'type': 'replied_to', 'id': '1095911865354354688'}]",,"[{'start': 0, 'end': 15, 'username': 'realamberheard', 'id': '807003567605227520'}]",0,0,0,0,117,41,690,6,Twitter for iPhone,"[{'start': 98, 'end': 121, 'url': 'https://t.co/1ATDPjUs4Z', 'expanded_url': 'https://twitter.com/emrazz/status/1095674457182687232', 'display_url': 'twitter.com/emrazz/status/…'}]","[{'start': 62, 'end': 82, 'tag': 'IgnoranceIsNotBliss'}]","If you’re not enraged, you’re not paying attention. Sorry but #IgnoranceIsNotBliss for some of us https://t.co/1ATDPjUs4Z",807003567605227520,en,2019-02-14T05:05:24.000Z,1095911865354354688,"[{'type': 'quoted', 'id': '1095674457182687232'}]",realamberheard,"Los Angeles, CA","Actor and Activist, semi-professional disruptor, ice cream advocate and shameless teacup yorkie-lover",807003567605227520,https://t.co/Ze18Ek9SOI,https://pbs.twimg.com/profile_images/1383196364792680448/N8CdupEu_normal.jpg,Amber Heard,190464,220,1151,568,2016-12-08T23:26:58.000Z,Ronin_Sarin_SS,,"⚡️Gamer/Movie/TV/Comic Nerd | I Write Poetry, and Stories | Culture Nerd⚡

Stay true to yourself and the light shall guide you. ❤",1020371795533287430,,https://pbs.twimg.com/profile_images/1487378645819838466/mfXzukfE_normal.jpg,Scarlet Speedforce,152,754,10231,1,2018-07-20T18:16:08.000Z,,
Twitter for Android,@realamberheard Hello sitter,1095629585406779393,no,2019-02-14T05:08:58.000Z,807003567605227520,1095912764600545280,"[{'type': 'replied_to', 'id': '1095911865354354688'}]",,"[{'start': 0, 'end': 15, 'username': 'realamberheard', 'id': '807003567605227520'}]",0,0,0,0,117,41,690,6,Twitter for iPhone,"[{'start': 98, 'end': 121, 'url': 'https://t.co/1ATDPjUs4Z', 'expanded_url': 'https://twitter.com/emrazz/status/1095674457182687232', 'display_url': 'twitter.com/emrazz/status/…'}]","[{'start': 62, 'end': 82, 'tag': 'IgnoranceIsNotBliss'}]","If you’re not enraged, you’re not paying attention. Sorry but #IgnoranceIsNotBliss for some of us https://t.co/1ATDPjUs4Z",807003567605227520,en,2019-02-14T05:05:24.000Z,1095911865354354688,"[{'type': 'quoted', 'id': '1095674457182687232'}]",realamberheard,"Los Angeles, CA","Actor and Activist, semi-professional disruptor, ice cream advocate and shameless teacup yorkie-lover",807003567605227520,https://t.co/Ze18Ek9SOI,https://pbs.twimg.com/profile_images/1383196364792680448/N8CdupEu_normal.jpg,Amber Heard,190464,220,1151,568,2016-12-08T23:26:58.000Z,NTNhn3,,❤Fan Amber Herad❤,1095629585406779393,,https://pbs.twimg.com/profile_images/1378649018436263938/-OhUztfh_normal.jpg,BY MAN,2,13,11,0,2019-02-13T10:23:43.000Z,,
Twitter for Android,@realamberheard Over 70% of child abuse is done by aquitinces friends or family. Less then 30% by strangers.,2411655860,en,2019-02-14T05:08:03.000Z,807003567605227520,1095912531565121536,"[{'type': 'replied_to', 'id': '1095911865354354688'}]",,"[{'start': 0, 'end': 15, 'username': 'realamberheard', 'id': '807003567605227520'}]",0,0,0,0,117,41,690,6,Twitter for iPhone,"[{'start': 98, 'end': 121, 'url': 'https://t.co/1ATDPjUs4Z', 'expanded_url': 'https://twitter.com/emrazz/status/1095674457182687232', 'display_url': 'twitter.com/emrazz/status/…'}]","[{'start': 62, 'end': 82, 'tag': 'IgnoranceIsNotBliss'}]","If you’re not enraged, you’re not paying attention. Sorry but #IgnoranceIsNotBliss for some of us https://t.co/1ATDPjUs4Z",807003567605227520,en,2019-02-14T05:05:24.000Z,1095911865354354688,"[{'type': 'quoted', 'id': '1095674457182687232'}]",realamberheard,"Los Angeles, CA","Actor and Activist, semi-professional disruptor, ice cream advocate and shameless teacup yorkie-lover",807003567605227520,https://t.co/Ze18Ek9SOI,https://pbs.twimg.com/profile_images/1383196364792680448/N8CdupEu_normal.jpg,Amber Heard,190464,220,1151,568,2016-12-08T23:26:58.000Z,TruthseekerJohn,"Plant City, FL",I loved River and hate Friends.,2411655860,,https://pbs.twimg.com/profile_images/1013723146044747776/SaEqAFcE_normal.jpg,john foley,23,150,2280,0,2014-03-25T23:00:42.000Z,,
Twitter for iPhone,@realamberheard Will the awesome Amber say hi to me :) https://t.co/LvzPv0oCpk,472370492,en,2019-02-14T05:07:19.000Z,807003567605227520,1095912349914021888,"[{'type': 'replied_to', 'id': '1095911865354354688'}]","[{'start': 33, 'end': 37, 'probability': 0.9189, 'type': 'Person', 'normalized_text': 'Amber'}]","[{'start': 0, 'end': 15, 'username': 'realamberheard', 'id': '807003567605227520'}]",0,0,0,0,117,41,690,6,Twitter for iPhone,"[{'start': 98, 'end': 121, 'url': 'https://t.co/1ATDPjUs4Z', 'expanded_url': 'https://twitter.com/emrazz/status/1095674457182687232', 'display_url': 'twitter.com/emrazz/status/…'}]","[{'start': 62, 'end': 82, 'tag': 'IgnoranceIsNotBliss'}]","If you’re not enraged, you’re not paying attention. Sorry but #IgnoranceIsNotBliss for some of us https://t.co/1ATDPjUs4Z",807003567605227520,en,2019-02-14T05:05:24.000Z,1095911865354354688,"[{'type': 'quoted', 'id': '1095674457182687232'}]",realamberheard,"Los Angeles, CA","Actor and Activist, semi-professional disruptor, ice cream advocate and shameless teacup yorkie-lover",807003567605227520,https://t.co/Ze18Ek9SOI,https://pbs.twimg.com/profile_images/1383196364792680448/N8CdupEu_normal.jpg,Amber Heard,190464,220,1151,568,2016-12-08T23:26:58.000Z,WhittonAl,,Member of #TeamJadaStevens and the #LustArmy for life! True fan of The Rock and Goldberg the 2 iconic wrestlers. Proud fan of the BigHurt and Tim Duncan!,472370492,,https://pbs.twimg.com/profile_images/2719472783/3e6fcef14e18cb16be7b0adc48cb359e_normal.jpeg,brad stevens,1245,1077,67570,18,2012-01-23T21:45:19.000Z,,"[{'start': 55, 'end': 78, 'url': 'https://t.co/LvzPv0oCpk', 'expanded_url': 'https://twitter.com/WhittonAl/status/1095912349914021888/photo/1', 'display_url': 'pic.twitter.com/LvzPv0oCpk'}]"
Twitter for Android,@realamberheard 😒😒,949192381513060352,und,2019-02-14T05:07:00.000Z,807003567605227520,1095912267265253376,"[{'type': 'replied_to', 'id': '1095911865354354688'}]",,"[{'start': 0, 'end': 15, 'username': 'realamberheard', 'id': '807003567605227520'}]",0,0,0,0,117,41,690,6,Twitter for iPhone,"[{'start': 98, 'end': 121, 'url': 'https://t.co/1ATDPjUs4Z', 'expanded_url': 'https://twitter.com/emrazz/status/1095674457182687232', 'display_url': 'twitter.com/emrazz/status/…'}]","[{'start': 62, 'end': 82, 'tag': 'IgnoranceIsNotBliss'}]","If you’re not enraged, you’re not paying attention. Sorry but #IgnoranceIsNotBliss for some of us https://t.co/1ATDPjUs4Z",807003567605227520,en,2019-02-14T05:05:24.000Z,1095911865354354688,"[{'type': 'quoted', 'id': '1095674457182687232'}]",realamberheard,"Los Angeles, CA","Actor and Activist, semi-professional disruptor, ice cream advocate and shameless teacup yorkie-lover",807003567605227520,https://t.co/Ze18Ek9SOI,https://pbs.twimg.com/profile_images/1383196364792680448/N8CdupEu_normal.jpg,Amber Heard,190464,220,1151,568,2016-12-08T23:26:58.000Z,Sajid_Durranii,پاکستان 😍,"Patriotic✌
#BleedGreen❤",949192381513060352,,https://pbs.twimg.com/profile_images/1068000875967365120/25X2UIXj_normal.jpg,Sajid Noor Durrani,221,203,13766,2,2018-01-05T08:14:33.000Z,,
