referenced_tweets,id,source,lang,created_at,text,author_id,in_reply_to_user_id,public_metrics.retweet_count,public_metrics.reply_count,public_metrics.like_count,public_metrics.quote_count,entities.hashtags,entities.mentions,replied_tweet.public_metrics.retweet_count,replied_tweet.public_metrics.reply_count,replied_tweet.public_metrics.like_count,replied_tweet.public_metrics.quote_count,replied_tweet.id,replied_tweet.source,replied_tweet.lang,replied_tweet.entities.hashtags,replied_tweet.entities.urls,replied_tweet.entities.annotations,replied_tweet.created_at,replied_tweet.text,replied_tweet.author_id,replied_tweet.author.description,replied_tweet.author.profile_image_url,replied_tweet.author.id,replied_tweet.author.name,replied_tweet.author.public_metrics.followers_count,replied_tweet.author.public_metrics.following_count,replied_tweet.author.public_metrics.tweet_count,replied_tweet.author.public_metrics.listed_count,replied_tweet.author.username,replied_tweet.author.created_at,replied_tweet.author.location,replied_tweet.author.url,author.description,author.profile_image_url,author.id,author.name,author.public_metrics.followers_count,author.public_metrics.following_count,author.public_metrics.tweet_count,author.public_metrics.listed_count,author.username,author.created_at,author.url,author.location,entities.annotations,entities.urls
"[{'type': 'replied_to', 'id': '1096923805451137024'}]",1287587571808325634,Twitter Web App,und,2020-07-27T03:16:13.000Z,@realamberheard @AmberHeardMX_ #AmberHeardIsAnAbuser,1242245771950505985,807003567605227520,0,0,0,0,"[{'start': 31, 'end': 52, 'tag': 'AmberHeardIsAnAbuser'}]","[{'start': 0, 'end': 15, 'username': 'realamberheard', 'id': '807003567605227520'}, {'start': 16, 'end': 30, 'username': 'AmberHeardMX_', 'id': '991864767567613953'}]",172,68,2308,27,1096923805451137024,Twitter for iPhone,en,"[{'start': 60, 'end': 78, 'tag': 'downwithphotoshop'}]","[{'start': 79, 'end': 102, 'url': 'https://t.co/7Rwv0DvFLZ', 'expanded_url': 'https://twitter.com/realamberheard/status/1096923805451137024/photo/1', 'display_url': 'pic.twitter.com/7Rwv0DvFLZ'}]","[{'start': 35, 'end': 37, 'probability': 0.5015, 'type': 'Person', 'normalized_text': 'A.'}]",2019-02-17T00:06:29.000Z,"I still signed it though... love, ‘A.
(not pictured above)’ #downwithphotoshop https://t.co/7Rwv0DvFLZ",807003567605227520,"Actor and Activist, semi-professional disruptor, ice cream advocate and shameless teacup yorkie-lover",https://pbs.twimg.com/profile_images/1383196364792680448/N8CdupEu_normal.jpg,807003567605227520,Amber Heard,190464,220,1151,568,realamberheard,2016-12-08T23:26:58.000Z,"Los Angeles, CA",https://t.co/Ze18Ek9SOI,Equality doesn’t exist.,https://pbs.twimg.com/profile_images/1289623023558041602/b4RFrKsC_normal.jpg,1242245771950505985,Alex Roope,1,3,97,0,AlexRoope1,2020-03-24T00:24:20.000Z,,,,
"[{'type': 'replied_to', 'id': '1096923805451137024'}]",1268830605711568896,Twitter for Android,und,2020-06-05T09:02:44.000Z,@realamberheard 😘😘😘😘,1248134325620465671,807003567605227520,0,0,0,0,,"[{'start': 0, 'end': 15, 'username': 'realamberheard', 'id': '807003567605227520'}]",172,68,2308,27,1096923805451137024,Twitter for iPhone,en,"[{'start': 60, 'end': 78, 'tag': 'downwithphotoshop'}]","[{'start': 79, 'end': 102, 'url': 'https://t.co/7Rwv0DvFLZ', 'expanded_url': 'https://twitter.com/realamberheard/status/1096923805451137024/photo/1', 'display_url': 'pic.twitter.com/7Rwv0DvFLZ'}]","[{'start': 35, 'end': 37, 'probability': 0.5015, 'type': 'Person', 'normalized_text': 'A.'}]",2019-02-17T00:06:29.000Z,"I still signed it though... love, ‘A.
(not pictured above)’ #downwithphotoshop https://t.co/7Rwv0DvFLZ",807003567605227520,"Actor and Activist, semi-professional disruptor, ice cream advocate and shameless teacup yorkie-lover",https://pbs.twimg.com/profile_images/1383196364792680448/N8CdupEu_normal.jpg,807003567605227520,Amber Heard,190464,220,1151,568,realamberheard,2016-12-08T23:26:58.000Z,"Los Angeles, CA",https://t.co/Ze18Ek9SOI,humorius,https://pbs.twimg.com/profile_images/1252147534148952065/Yz9C2x0Q_normal.jpg,1248134325620465671,Nancy,3,100,127,0,NancyNaora,2020-04-09T06:23:21.000Z,,indonesia,,
"[{'type': 'replied_to', 'id': '1123968309567852546'}]",1123968564669689857,Twitter for Android,tl,2019-05-02T15:12:42.000Z,@Madamecaprica @realamberheard HAHAHAAHAHAHAHAHAHA,1923692732,69380826,0,1,0,0,,"[{'start': 15, 'end': 30, 'username': 'realamberheard', 'id': '807003567605227520'}]",172,68,2308,27,1096923805451137024,Twitter for iPhone,en,"[{'start': 60, 'end': 78, 'tag': 'downwithphotoshop'}]","[{'start': 79, 'end': 102, 'url': 'https://t.co/7Rwv0DvFLZ', 'expanded_url': 'https://twitter.com/realamberheard/status/1096923805451137024/photo/1', 'display_url': 'pic.twitter.com/7Rwv0DvFLZ'}]","[{'start': 35, 'end': 37, 'probability': 0.5015, 'type': 'Person', 'normalized_text': 'A.'}]",2019-02-17T00:06:29.000Z,"I still signed it though... love, ‘A.
(not pictured above)’ #downwithphotoshop https://t.co/7Rwv0DvFLZ",807003567605227520,"Actor and Activist, semi-professional disruptor, ice cream advocate and shameless teacup yorkie-lover",https://pbs.twimg.com/profile_images/1383196364792680448/N8CdupEu_normal.jpg,807003567605227520,Amber Heard,190464,220,1151,568,realamberheard,2016-12-08T23:26:58.000Z,"Los Angeles, CA",https://t.co/Ze18Ek9SOI,"93’ kid/ wherever, whatever, have a nice day ✺",https://pbs.twimg.com/profile_images/1299317999879430144/n8tYVEnn_normal.jpg,1923692732,Lari ♈️🦇,1004,448,92395,5,lariboom,2013-10-01T14:51:49.000Z,,C-53 ,,
"[{'type': 'replied_to', 'id': '1096923805451137024'}]",1098688124148801536,Twitter for iPhone,en,2019-02-21T20:57:16.000Z,@realamberheard I like women with natural beauty. I don’t understand why people need to photoshop when you are already beautiful even without make up. Your beauty and strong minded personality reminds me of #AngelinaJolie🥰🙌🏼🥰#StayTrue,1424511104,807003567605227520,0,0,0,0,"[{'start': 207, 'end': 221, 'tag': 'AngelinaJolie'}, {'start': 225, 'end': 234, 'tag': 'StayTrue'}]","[{'start': 0, 'end': 15, 'username': 'realamberheard', 'id': '807003567605227520'}]",172,68,2308,27,1096923805451137024,Twitter for iPhone,en,"[{'start': 60, 'end': 78, 'tag': 'downwithphotoshop'}]","[{'start': 79, 'end': 102, 'url': 'https://t.co/7Rwv0DvFLZ', 'expanded_url': 'https://twitter.com/realamberheard/status/1096923805451137024/photo/1', 'display_url': 'pic.twitter.com/7Rwv0DvFLZ'}]","[{'start': 35, 'end': 37, 'probability': 0.5015, 'type': 'Person', 'normalized_text': 'A.'}]",2019-02-17T00:06:29.000Z,"I still signed it though... love, ‘A.
(not pictured above)’ #downwithphotoshop https://t.co/7Rwv0DvFLZ",807003567605227520,"Actor and Activist, semi-professional disruptor, ice cream advocate and shameless teacup yorkie-lover",https://pbs.twimg.com/profile_images/1383196364792680448/N8CdupEu_normal.jpg,807003567605227520,Amber Heard,190464,220,1151,568,realamberheard,2016-12-08T23:26:58.000Z,"Los Angeles, CA",https://t.co/Ze18Ek9SOI,✨Loyalty-Respect-Honesty✨,https://pbs.twimg.com/profile_images/1098689003140698112/UdmRYni1_normal.jpg,1424511104,unFazed,36,0,100,0,_ADR3NAL1NE_,2013-05-13T02:59:33.000Z,,"Toronto, Ontario",,
"[{'type': 'replied_to', 'id': '1096923805451137024'}]",1098330090243526682,Twitter for Android,es,2019-02-20T21:14:34.000Z,@realamberheard @grimmy_QRD Confunden a mi Crush 💚 con Amaia Salamanca 😂😂,264820644,807003567605227520,1,1,1,0,,"[{'start': 0, 'end': 15, 'username': 'realamberheard', 'id': '807003567605227520'}, {'start': 16, 'end': 27, 'username': 'grimmy_QRD', 'id': '484856375'}]",172,68,2308,27,1096923805451137024,Twitter for iPhone,en,"[{'start': 60, 'end': 78, 'tag': 'downwithphotoshop'}]","[{'start': 79, 'end': 102, 'url': 'https://t.co/7Rwv0DvFLZ', 'expanded_url': 'https://twitter.com/realamberheard/status/1096923805451137024/photo/1', 'display_url': 'pic.twitter.com/7Rwv0DvFLZ'}]","[{'start': 35, 'end': 37, 'probability': 0.5015, 'type': 'Person', 'normalized_text': 'A.'}]",2019-02-17T00:06:29.000Z,"I still signed it though... love, ‘A.
(not pictured above)’ #downwithphotoshop https://t.co/7Rwv0DvFLZ",807003567605227520,"Actor and Activist, semi-professional disruptor, ice cream advocate and shameless teacup yorkie-lover",https://pbs.twimg.com/profile_images/1383196364792680448/N8CdupEu_normal.jpg,807003567605227520,Amber Heard,190464,220,1151,568,realamberheard,2016-12-08T23:26:58.000Z,"Los Angeles, CA",https://t.co/Ze18Ek9SOI,25 / ADE / D.O.M. - (Insertar descripción llamativa) PLURR.,https://pbs.twimg.com/profile_images/1481035640212971527/lZIYqy-y_normal.jpg,264820644,O.,233,792,8862,8,o_mind_7,2011-03-12T14:22:24.000Z,,"Here, World","[{'start': 56, 'end': 70, 'probability': 0.9634, 'type': 'Person', 'normalized_text': 'Amaia Salamanca'}]",
"[{'type': 'replied_to', 'id': '1096923805451137024'}]",1098207299548504064,Twitter for Android,en,2019-02-20T13:06:38.000Z,@realamberheard You stole my heart amber 😍 Love You ❤️,968129199679483904,807003567605227520,0,0,0,0,,"[{'start': 0, 'end': 15, 'username': 'realamberheard', 'id': '807003567605227520'}]",172,68,2308,27,1096923805451137024,Twitter for iPhone,en,"[{'start': 60, 'end': 78, 'tag': 'downwithphotoshop'}]","[{'start': 79, 'end': 102, 'url': 'https://t.co/7Rwv0DvFLZ', 'expanded_url': 'https://twitter.com/realamberheard/status/1096923805451137024/photo/1', 'display_url': 'pic.twitter.com/7Rwv0DvFLZ'}]","[{'start': 35, 'end': 37, 'probability': 0.5015, 'type': 'Person', 'normalized_text': 'A.'}]",2019-02-17T00:06:29.000Z,"I still signed it though... love, ‘A.
(not pictured above)’ #downwithphotoshop https://t.co/7Rwv0DvFLZ",807003567605227520,"Actor and Activist, semi-professional disruptor, ice cream advocate and shameless teacup yorkie-lover",https://pbs.twimg.com/profile_images/1383196364792680448/N8CdupEu_normal.jpg,807003567605227520,Amber Heard,190464,220,1151,568,realamberheard,2016-12-08T23:26:58.000Z,"Los Angeles, CA",https://t.co/Ze18Ek9SOI,CM Punk ( Best In The World ) & Harshad Chopda ( Most Favourite Television Actor ) stan account . proud PuNker & proud HCian nothing more & nothing less,https://pbs.twimg.com/profile_images/1503812052284227584/lm8LE_cl_normal.jpg,968129199679483904,Kasun Rulzz,107,107,9337,0,1anonlyhcfanboy,2018-02-26T14:22:42.000Z,,Sri Lanka,,
"[{'type': 'replied_to', 'id': '1096923805451137024'}]",1097548440588832768,Twitter for iPad,und,2019-02-18T17:28:34.000Z,@realamberheard 😨🤣,102882450,807003567605227520,0,0,0,0,,"[{'start': 0, 'end': 15, 'username': 'realamberheard', 'id': '807003567605227520'}]",172,68,2308,27,1096923805451137024,Twitter for iPhone,en,"[{'start': 60, 'end': 78, 'tag': 'downwithphotoshop'}]","[{'start': 79, 'end': 102, 'url': 'https://t.co/7Rwv0DvFLZ', 'expanded_url': 'https://twitter.com/realamberheard/status/1096923805451137024/photo/1', 'display_url': 'pic.twitter.com/7Rwv0DvFLZ'}]","[{'start': 35, 'end': 37, 'probability': 0.5015, 'type': 'Person', 'normalized_text': 'A.'}]",2019-02-17T00:06:29.000Z,"I still signed it though... love, ‘A.
(not pictured above)’ #downwithphotoshop https://t.co/7Rwv0DvFLZ",807003567605227520,"Actor and Activist, semi-professional disruptor, ice cream advocate and shameless teacup yorkie-lover",https://pbs.twimg.com/profile_images/1383196364792680448/N8CdupEu_normal.jpg,807003567605227520,Amber Heard,190464,220,1151,568,realamberheard,2016-12-08T23:26:58.000Z,"Los Angeles, CA",https://t.co/Ze18Ek9SOI,Work hard & play hard! Carpe diem!,https://pbs.twimg.com/profile_images/655011786811273216/VuIU7GIA_normal.jpg,102882450,Distributor J,19,73,357,0,distributorj,2010-01-08T04:16:09.000Z,,Everywhere,,
"[{'type': 'replied_to', 'id': '1096923805451137024'}]",1097540032833957888,Twitter for Android,und,2019-02-18T16:55:09.000Z,@realamberheard @comix_mx https://t.co/jjPWrIZ52Y,2838010066,807003567605227520,0,0,0,0,,"[{'start': 0, 'end': 15, 'username': 'realamberheard', 'id': '807003567605227520'}, {'start': 16, 'end': 25, 'username': 'comix_mx', 'id': '899837906289737729'}]",172,68,2308,27,1096923805451137024,Twitter for iPhone,en,"[{'start': 60, 'end': 78, 'tag': 'downwithphotoshop'}]","[{'start': 79, 'end': 102, 'url': 'https://t.co/7Rwv0DvFLZ', 'expanded_url': 'https://twitter.com/realamberheard/status/1096923805451137024/photo/1', 'display_url': 'pic.twitter.com/7Rwv0DvFLZ'}]","[{'start': 35, 'end': 37, 'probability': 0.5015, 'type': 'Person', 'normalized_text': 'A.'}]",2019-02-17T00:06:29.000Z,"I still signed it though... love, ‘A.
(not pictured above)’ #downwithphotoshop https://t.co/7Rwv0DvFLZ",807003567605227520,"Actor and Activist, semi-professional disruptor, ice cream advocate and shameless teacup yorkie-lover",https://pbs.twimg.com/profile_images/1383196364792680448/N8CdupEu_normal.jpg,807003567605227520,Amber Heard,190464,220,1151,568,realamberheard,2016-12-08T23:26:58.000Z,"Los Angeles, CA",https://t.co/Ze18Ek9SOI,Ae na guil nín egor na ngurth nín. Gerin le beriad. Le beriathon,https://pbs.twimg.com/profile_images/1161677937080459265/EelTIoVr_normal.jpg,2838010066,Polen López,274,1760,23005,5,FloryMariaforev,2014-10-20T10:21:29.000Z,,"Ciudad Real, Spain",,"[{'start': 26, 'end': 49, 'url': 'https://t.co/jjPWrIZ52Y', 'expanded_url': 'https://twitter.com/FloryMariaforev/status/1097540032833957888/photo/1', 'display_url': 'pic.twitter.com/jjPWrIZ52Y'}]"
"[{'type': 'replied_to', 'id': '1096923805451137024'}]",1097465643962556418,Twitter for Android,en,2019-02-18T11:59:34.000Z,@realamberheard love you,832829015488475136,807003567605227520,0,0,0,0,,"[{'start': 0, 'end': 15, 'username': 'realamberheard', 'id': '807003567605227520'}]",172,68,2308,27,1096923805451137024,Twitter for iPhone,en,"[{'start': 60, 'end': 78, 'tag': 'downwithphotoshop'}]","[{'start': 79, 'end': 102, 'url': 'https://t.co/7Rwv0DvFLZ', 'expanded_url': 'https://twitter.com/realamberheard/status/1096923805451137024/photo/1', 'display_url': 'pic.twitter.com/7Rwv0DvFLZ'}]","[{'start': 35, 'end': 37, 'probability': 0.5015, 'type': 'Person', 'normalized_text': 'A.'}]",2019-02-17T00:06:29.000Z,"I still signed it though... love, ‘A.
(not pictured above)’ #downwithphotoshop https://t.co/7Rwv0DvFLZ",807003567605227520,"Actor and Activist, semi-professional disruptor, ice cream advocate and shameless teacup yorkie-lover",https://pbs.twimg.com/profile_images/1383196364792680448/N8CdupEu_normal.jpg,807003567605227520,Amber Heard,190464,220,1151,568,realamberheard,2016-12-08T23:26:58.000Z,"Los Angeles, CA",https://t.co/Ze18Ek9SOI,喜欢成龙,https://pbs.twimg.com/profile_images/834756223559880705/VriMl71K_normal.jpg,832829015488475136,鑫耶,4,49,17,0,TommyCh81132215,2017-02-18T05:48:05.000Z,,,,
"[{'type': 'replied_to', 'id': '1096923805451137024'}]",1097285746208038912,Twitter for Android,en,2019-02-18T00:04:43.000Z,@realamberheard You're the best!,119605701,807003567605227520,0,0,0,0,,"[{'start': 0, 'end': 15, 'username': 'realamberheard', 'id': '807003567605227520'}]",172,68,2308,27,1096923805451137024,Twitter for iPhone,en,"[{'start': 60, 'end': 78, 'tag': 'downwithphotoshop'}]","[{'start': 79, 'end': 102, 'url': 'https://t.co/7Rwv0DvFLZ', 'expanded_url': 'https://twitter.com/realamberheard/status/1096923805451137024/photo/1', 'display_url': 'pic.twitter.com/7Rwv0DvFLZ'}]","[{'start': 35, 'end': 37, 'probability': 0.5015, 'type': 'Person', 'normalized_text': 'A.'}]",2019-02-17T00:06:29.000Z,"I still signed it though... love, ‘A.
(not pictured above)’ #downwithphotoshop https://t.co/7Rwv0DvFLZ",807003567605227520,"Actor and Activist, semi-professional disruptor, ice cream advocate and shameless teacup yorkie-lover",https://pbs.twimg.com/profile_images/1383196364792680448/N8CdupEu_normal.jpg,807003567605227520,Amber Heard,190464,220,1151,568,realamberheard,2016-12-08T23:26:58.000Z,"Los Angeles, CA",https://t.co/Ze18Ek9SOI,Board Certified Nutritional Consultant,https://pbs.twimg.com/profile_images/807664383/KC_040710_0175_normal.jpg,119605701,Kay Curtis,142,278,2120,3,CurtisNutrition,2010-03-04T03:45:06.000Z,http://t.co/kst7h3kY5E,,,
"[{'type': 'replied_to', 'id': '1096923805451137024'}]",1097255014307901443,Twitter for Android,und,2019-02-17T22:02:36.000Z,@realamberheard https://t.co/HEW1NHANhu,52845791,807003567605227520,0,0,0,0,,"[{'start': 0, 'end': 15, 'username': 'realamberheard', 'id': '807003567605227520'}]",172,68,2308,27,1096923805451137024,Twitter for iPhone,en,"[{'start': 60, 'end': 78, 'tag': 'downwithphotoshop'}]","[{'start': 79, 'end': 102, 'url': 'https://t.co/7Rwv0DvFLZ', 'expanded_url': 'https://twitter.com/realamberheard/status/1096923805451137024/photo/1', 'display_url': 'pic.twitter.com/7Rwv0DvFLZ'}]","[{'start': 35, 'end': 37, 'probability': 0.5015, 'type': 'Person', 'normalized_text': 'A.'}]",2019-02-17T00:06:29.000Z,"I still signed it though... love, ‘A.
(not pictured above)’ #downwithphotoshop https://t.co/7Rwv0DvFLZ",807003567605227520,"Actor and Activist, semi-professional disruptor, ice cream advocate and shameless teacup yorkie-lover",https://pbs.twimg.com/profile_images/1383196364792680448/N8CdupEu_normal.jpg,807003567605227520,Amber Heard,190464,220,1151,568,realamberheard,2016-12-08T23:26:58.000Z,"Los Angeles, CA",https://t.co/Ze18Ek9SOI,,https://pbs.twimg.com/profile_images/1503902208777244674/qnP34miv_normal.jpg,52845791,thiago,241,3062,17114,0,1985thiago,2009-07-01T20:47:11.000Z,,,,"[{'start': 16, 'end': 39, 'url': 'https://t.co/HEW1NHANhu', 'expanded_url': 'https://twitter.com/1985thiago/status/1097255014307901443/photo/1', 'display_url': 'pic.twitter.com/HEW1NHANhu'}]"
"[{'type': 'replied_to', 'id': '1096923805451137024'}]",1097246755769499648,Twitter Web Client,und,2019-02-17T21:29:47.000Z,@realamberheard 🤗🧡💜😊,57076624,807003567605227520,0,0,0,0,,"[{'start': 0, 'end': 15, 'username': 'realamberheard', 'id': '807003567605227520'}]",172,68,2308,27,1096923805451137024,Twitter for iPhone,en,"[{'start': 60, 'end': 78, 'tag': 'downwithphotoshop'}]","[{'start': 79, 'end': 102, 'url': 'https://t.co/7Rwv0DvFLZ', 'expanded_url': 'https://twitter.com/realamberheard/status/1096923805451137024/photo/1', 'display_url': 'pic.twitter.com/7Rwv0DvFLZ'}]","[{'start': 35, 'end': 37, 'probability': 0.5015, 'type': 'Person', 'normalized_text': 'A.'}]",2019-02-17T00:06:29.000Z,"I still signed it though... love, ‘A.
(not pictured above)’ #downwithphotoshop https://t.co/7Rwv0DvFLZ",807003567605227520,"Actor and Activist, semi-professional disruptor, ice cream advocate and shameless teacup yorkie-lover",https://pbs.twimg.com/profile_images/1383196364792680448/N8CdupEu_normal.jpg,807003567605227520,Amber Heard,190464,220,1151,568,realamberheard,2016-12-08T23:26:58.000Z,"Los Angeles, CA",https://t.co/Ze18Ek9SOI,"29,🇱🇰 Interior Architecture Designer🎓 , 
🦁#gryffindor  #Hp⚡️&  Fan of #TheWitcher 🐺 
 follow---  https://t.co/M4LP5Km4KZ , https://t.co/baoftRuezv",https://pbs.twimg.com/profile_images/1104486369118826496/0B_zlYPw_normal.png,57076624,Kasun Gayantha 🇱🇰 l Designer🎨 l PC🖥️ Gamer🎮,540,3826,18281,17,kasungayanth007,2009-07-15T17:23:20.000Z,https://t.co/i1fm9mZ7c1,Sri lanka,,
"[{'type': 'replied_to', 'id': '1096923805451137024'}]",1097245916443103233,Twitter for Android,und,2019-02-17T21:26:26.000Z,@realamberheard Is @AmaiaSalamanca,128845123,807003567605227520,0,0,0,0,,"[{'start': 0, 'end': 15, 'username': 'realamberheard', 'id': '807003567605227520'}, {'start': 19, 'end': 34, 'username': 'AmaiaSalamanca', 'id': '861654615129018369'}]",172,68,2308,27,1096923805451137024,Twitter for iPhone,en,"[{'start': 60, 'end': 78, 'tag': 'downwithphotoshop'}]","[{'start': 79, 'end': 102, 'url': 'https://t.co/7Rwv0DvFLZ', 'expanded_url': 'https://twitter.com/realamberheard/status/1096923805451137024/photo/1', 'display_url': 'pic.twitter.com/7Rwv0DvFLZ'}]","[{'start': 35, 'end': 37, 'probability': 0.5015, 'type': 'Person', 'normalized_text': 'A.'}]",2019-02-17T00:06:29.000Z,"I still signed it though... love, ‘A.
(not pictured above)’ #downwithphotoshop https://t.co/7Rwv0DvFLZ",807003567605227520,"Actor and Activist, semi-professional disruptor, ice cream advocate and shameless teacup yorkie-lover",https://pbs.twimg.com/profile_images/1383196364792680448/N8CdupEu_normal.jpg,807003567605227520,Amber Heard,190464,220,1151,568,realamberheard,2016-12-08T23:26:58.000Z,"Los Angeles, CA",https://t.co/Ze18Ek9SOI,,https://pbs.twimg.com/profile_images/1506540280190840834/RkIJMXgw_normal.jpg,128845123,ᴘᴇᴅʀᴏ,219,60,7696,0,pegomezmoreno89,2010-04-02T10:48:45.000Z,,Un lugar llamado Mundo,,
"[{'type': 'replied_to', 'id': '1096923805451137024'}]",1097237346003664896,Twitter for iPad,en,2019-02-17T20:52:23.000Z,"@realamberheard Just in case if anyone can’t make out Amber’s writing on this autograph pic here, it says... “This isn’t me, but I don’t blame you” #downwithphotoshop",120447963,807003567605227520,0,0,2,0,"[{'start': 148, 'end': 166, 'tag': 'downwithphotoshop'}]","[{'start': 0, 'end': 15, 'username': 'realamberheard', 'id': '807003567605227520'}]",172,68,2308,27,1096923805451137024,Twitter for iPhone,en,"[{'start': 60, 'end': 78, 'tag': 'downwithphotoshop'}]","[{'start': 79, 'end': 102, 'url': 'https://t.co/7Rwv0DvFLZ', 'expanded_url': 'https://twitter.com/realamberheard/status/1096923805451137024/photo/1', 'display_url': 'pic.twitter.com/7Rwv0DvFLZ'}]","[{'start': 35, 'end': 37, 'probability': 0.5015, 'type': 'Person', 'normalized_text': 'A.'}]",2019-02-17T00:06:29.000Z,"I still signed it though... love, ‘A.
(not pictured above)’ #downwithphotoshop https://t.co/7Rwv0DvFLZ",807003567605227520,"Actor and Activist, semi-professional disruptor, ice cream advocate and shameless teacup yorkie-lover",https://pbs.twimg.com/profile_images/1383196364792680448/N8CdupEu_normal.jpg,807003567605227520,Amber Heard,190464,220,1151,568,realamberheard,2016-12-08T23:26:58.000Z,"Los Angeles, CA",https://t.co/Ze18Ek9SOI,"I'm a huge Action, Comic Book, Sci-Fi, Fantasy & all-round James Bond fan! I also love 80s and Classical music! Plus a huge lover of Movie Soundtracks.",https://pbs.twimg.com/profile_images/1504990157019176960/ET8r_VES_normal.jpg,120447963,🇺🇦 James Edwards 🇺🇦,2894,4982,233501,106,ittatto23,2010-03-06T13:18:30.000Z,,"United Kingdom, England","[{'start': 54, 'end': 58, 'probability': 0.9383, 'type': 'Person', 'normalized_text': 'Amber'}]",
"[{'type': 'replied_to', 'id': '1097194370812571651'}]",1097209616029630467,Twitter for Android,es,2019-02-17T19:02:12.000Z,"@l3rd4s0y @realamberheard Díos mío!!! Jajajajaa ay me trae loca esta mujer.. Amber es tremenda, la adoro.",524655570,707215661026713601,0,0,1,0,,"[{'start': 0, 'end': 9, 'username': 'l3rd4s0y', 'id': '707215661026713601'}, {'start': 10, 'end': 25, 'username': 'realamberheard', 'id': '807003567605227520'}]",172,68,2308,27,1096923805451137024,Twitter for iPhone,en,"[{'start': 60, 'end': 78, 'tag': 'downwithphotoshop'}]","[{'start': 79, 'end': 102, 'url': 'https://t.co/7Rwv0DvFLZ', 'expanded_url': 'https://twitter.com/realamberheard/status/1096923805451137024/photo/1', 'display_url': 'pic.twitter.com/7Rwv0DvFLZ'}]","[{'start': 35, 'end': 37, 'probability': 0.5015, 'type': 'Person', 'normalized_text': 'A.'}]",2019-02-17T00:06:29.000Z,"I still signed it though... love, ‘A.
(not pictured above)’ #downwithphotoshop https://t.co/7Rwv0DvFLZ",807003567605227520,"Actor and Activist, semi-professional disruptor, ice cream advocate and shameless teacup yorkie-lover",https://pbs.twimg.com/profile_images/1383196364792680448/N8CdupEu_normal.jpg,807003567605227520,Amber Heard,190464,220,1151,568,realamberheard,2016-12-08T23:26:58.000Z,"Los Angeles, CA",https://t.co/Ze18Ek9SOI,A veces lo lejano está tan cerca,https://pbs.twimg.com/profile_images/1090050071935311872/UYpwP_JA_normal.jpg,524655570,Carolina,156,286,7460,0,_Mallorquina_,2012-03-14T19:31:11.000Z,,11:11 bad girl have more fun,"[{'start': 77, 'end': 81, 'probability': 0.8657, 'type': 'Person', 'normalized_text': 'Amber'}]",
"[{'type': 'replied_to', 'id': '1096923805451137024'}]",1097195917814288384,Twitter for Android,en,2019-02-17T18:07:46.000Z,"@realamberheard hahaha,😂now I just know that it's not a photo of you fondly, but with a good heart you still appreciate the admirers you. This made me fall in love with you you see a movie early on aquaman. fondly from indonesia. we love you @realamberheard  ❤💖💕💋🐳🐬🐳🐋🐋🐋🐳🐬🐳",1071614258096431104,807003567605227520,0,0,1,0,,"[{'start': 0, 'end': 15, 'username': 'realamberheard', 'id': '807003567605227520'}, {'start': 242, 'end': 257, 'username': 'realamberheard', 'id': '807003567605227520'}]",172,68,2308,27,1096923805451137024,Twitter for iPhone,en,"[{'start': 60, 'end': 78, 'tag': 'downwithphotoshop'}]","[{'start': 79, 'end': 102, 'url': 'https://t.co/7Rwv0DvFLZ', 'expanded_url': 'https://twitter.com/realamberheard/status/1096923805451137024/photo/1', 'display_url': 'pic.twitter.com/7Rwv0DvFLZ'}]","[{'start': 35, 'end': 37, 'probability': 0.5015, 'type': 'Person', 'normalized_text': 'A.'}]",2019-02-17T00:06:29.000Z,"I still signed it though... love, ‘A.
(not pictured above)’ #downwithphotoshop https://t.co/7Rwv0DvFLZ",807003567605227520,"Actor and Activist, semi-professional disruptor, ice cream advocate and shameless teacup yorkie-lover",https://pbs.twimg.com/profile_images/1383196364792680448/N8CdupEu_normal.jpg,807003567605227520,Amber Heard,190464,220,1151,568,realamberheard,2016-12-08T23:26:58.000Z,"Los Angeles, CA",https://t.co/Ze18Ek9SOI,"@Lisaandriansalon💇💆💄💅
Hair n make up",https://pbs.twimg.com/profile_images/1123131394597634050/m5Toggin_normal.jpg,1071614258096431104,Joya_wahid                          🐬🐳🐬🐳🐋🐳🐬,5,82,389,0,Joyawahid1,2018-12-09T03:55:23.000Z,,"DKI Jakarta,bali,Indonesia","[{'start': 220, 'end': 228, 'probability': 0.9667, 'type': 'Place', 'normalized_text': 'indonesia'}]",
"[{'type': 'replied_to', 'id': '1096923805451137024'}]",1097194370812571651,Twitter for iPhone,es,2019-02-17T18:01:37.000Z,"@realamberheard LOL q es la Amaia Salamanca, actriz española. Me estoy ahogando https://t.co/7Vb8AsWnSg",707215661026713601,807003567605227520,0,1,2,0,,"[{'start': 0, 'end': 15, 'username': 'realamberheard', 'id': '807003567605227520'}]",172,68,2308,27,1096923805451137024,Twitter for iPhone,en,"[{'start': 60, 'end': 78, 'tag': 'downwithphotoshop'}]","[{'start': 79, 'end': 102, 'url': 'https://t.co/7Rwv0DvFLZ', 'expanded_url': 'https://twitter.com/realamberheard/status/1096923805451137024/photo/1', 'display_url': 'pic.twitter.com/7Rwv0DvFLZ'}]","[{'start': 35, 'end': 37, 'probability': 0.5015, 'type': 'Person', 'normalized_text': 'A.'}]",2019-02-17T00:06:29.000Z,"I still signed it though... love, ‘A.
(not pictured above)’ #downwithphotoshop https://t.co/7Rwv0DvFLZ",807003567605227520,"Actor and Activist, semi-professional disruptor, ice cream advocate and shameless teacup yorkie-lover",https://pbs.twimg.com/profile_images/1383196364792680448/N8CdupEu_normal.jpg,807003567605227520,Amber Heard,190464,220,1151,568,realamberheard,2016-12-08T23:26:58.000Z,"Los Angeles, CA",https://t.co/Ze18Ek9SOI,El capacito de las hostias. Flâneuse desde pequeñita.,https://pbs.twimg.com/profile_images/1404357747802619906/OYoXzr06_normal.jpg,707215661026713601,Bitch on Fire,1086,957,58472,57,l3rd4s0y,2016-03-08T14:45:27.000Z,,,"[{'start': 28, 'end': 42, 'probability': 0.8533, 'type': 'Person', 'normalized_text': 'Amaia Salamanca'}]","[{'start': 80, 'end': 103, 'url': 'https://t.co/7Vb8AsWnSg', 'expanded_url': 'https://twitter.com/l3rd4s0y/status/1097194370812571651/photo/1', 'display_url': 'pic.twitter.com/7Vb8AsWnSg'}]"
"[{'type': 'replied_to', 'id': '1096923805451137024'}]",1097169352653266944,Twitter Web Client,und,2019-02-17T16:22:12.000Z,@realamberheard @AmaiaSalamanca,913343622027862017,807003567605227520,0,0,1,0,,"[{'start': 0, 'end': 15, 'username': 'realamberheard', 'id': '807003567605227520'}, {'start': 16, 'end': 31, 'username': 'AmaiaSalamanca', 'id': '861654615129018369'}]",172,68,2308,27,1096923805451137024,Twitter for iPhone,en,"[{'start': 60, 'end': 78, 'tag': 'downwithphotoshop'}]","[{'start': 79, 'end': 102, 'url': 'https://t.co/7Rwv0DvFLZ', 'expanded_url': 'https://twitter.com/realamberheard/status/1096923805451137024/photo/1', 'display_url': 'pic.twitter.com/7Rwv0DvFLZ'}]","[{'start': 35, 'end': 37, 'probability': 0.5015, 'type': 'Person', 'normalized_text': 'A.'}]",2019-02-17T00:06:29.000Z,"I still signed it though... love, ‘A.
(not pictured above)’ #downwithphotoshop https://t.co/7Rwv0DvFLZ",807003567605227520,"Actor and Activist, semi-professional disruptor, ice cream advocate and shameless teacup yorkie-lover",https://pbs.twimg.com/profile_images/1383196364792680448/N8CdupEu_normal.jpg,807003567605227520,Amber Heard,190464,220,1151,568,realamberheard,2016-12-08T23:26:58.000Z,"Los Angeles, CA",https://t.co/Ze18Ek9SOI,"Me tomo mi trabajo de una forma muy profesional y no doy propinas.
Interpretado por Steve Buscemi",https://pbs.twimg.com/profile_images/1012790756128579584/0ep59bBP_normal.jpg,913343622027862017,Señor Rosa,605,534,3770,3,alesyasta,2017-09-28T10:04:23.000Z,https://t.co/ryMDEYMn66,Augusta Emerita,,
"[{'type': 'replied_to', 'id': '1096923805451137024'}]",1097062317571928069,Twitter for Android,en,2019-02-17T09:16:53.000Z,@realamberheard I saw perrie Edwards,83748585,807003567605227520,0,0,1,0,,"[{'start': 0, 'end': 15, 'username': 'realamberheard', 'id': '807003567605227520'}]",172,68,2308,27,1096923805451137024,Twitter for iPhone,en,"[{'start': 60, 'end': 78, 'tag': 'downwithphotoshop'}]","[{'start': 79, 'end': 102, 'url': 'https://t.co/7Rwv0DvFLZ', 'expanded_url': 'https://twitter.com/realamberheard/status/1096923805451137024/photo/1', 'display_url': 'pic.twitter.com/7Rwv0DvFLZ'}]","[{'start': 35, 'end': 37, 'probability': 0.5015, 'type': 'Person', 'normalized_text': 'A.'}]",2019-02-17T00:06:29.000Z,"I still signed it though... love, ‘A.
(not pictured above)’ #downwithphotoshop https://t.co/7Rwv0DvFLZ",807003567605227520,"Actor and Activist, semi-professional disruptor, ice cream advocate and shameless teacup yorkie-lover",https://pbs.twimg.com/profile_images/1383196364792680448/N8CdupEu_normal.jpg,807003567605227520,Amber Heard,190464,220,1151,568,realamberheard,2016-12-08T23:26:58.000Z,"Los Angeles, CA",https://t.co/Ze18Ek9SOI,,https://pbs.twimg.com/profile_images/1483554400081752068/_Fdj8cva_normal.jpg,83748585,Mimi,1511,2120,23917,58,WitchsWind,2009-10-20T02:22:16.000Z,,,"[{'start': 22, 'end': 35, 'probability': 0.9877, 'type': 'Person', 'normalized_text': 'perrie Edwards'}]",
"[{'type': 'replied_to', 'id': '1096923805451137024'}]",1097047337103441926,Twitter for Android,en,2019-02-17T08:17:21.000Z,@realamberheard OMG it's Amaia Salamanca LOOOOL,740915813578870784,807003567605227520,1,0,4,0,,"[{'start': 0, 'end': 15, 'username': 'realamberheard', 'id': '807003567605227520'}]",172,68,2308,27,1096923805451137024,Twitter for iPhone,en,"[{'start': 60, 'end': 78, 'tag': 'downwithphotoshop'}]","[{'start': 79, 'end': 102, 'url': 'https://t.co/7Rwv0DvFLZ', 'expanded_url': 'https://twitter.com/realamberheard/status/1096923805451137024/photo/1', 'display_url': 'pic.twitter.com/7Rwv0DvFLZ'}]","[{'start': 35, 'end': 37, 'probability': 0.5015, 'type': 'Person', 'normalized_text': 'A.'}]",2019-02-17T00:06:29.000Z,"I still signed it though... love, ‘A.
(not pictured above)’ #downwithphotoshop https://t.co/7Rwv0DvFLZ",807003567605227520,"Actor and Activist, semi-professional disruptor, ice cream advocate and shameless teacup yorkie-lover",https://pbs.twimg.com/profile_images/1383196364792680448/N8CdupEu_normal.jpg,807003567605227520,Amber Heard,190464,220,1151,568,realamberheard,2016-12-08T23:26:58.000Z,"Los Angeles, CA",https://t.co/Ze18Ek9SOI,she/her,https://pbs.twimg.com/profile_images/1132697607636168704/oKuupoth_normal.jpg,740915813578870784,27,217,911,12293,9,soundmusictone,2016-06-09T14:37:50.000Z,,Badlands,"[{'start': 25, 'end': 39, 'probability': 0.6596, 'type': 'Person', 'normalized_text': 'Amaia Salamanca'}]",
"[{'type': 'replied_to', 'id': '1096923805451137024'}]",1097041979383468032,Twitter for iPhone,en,2019-02-17T07:56:04.000Z,@realamberheard I’m more in awe of the penmanship from the letter underneath the picture. 👏🏽👏🏽,2715979997,807003567605227520,0,0,1,0,,"[{'start': 0, 'end': 15, 'username': 'realamberheard', 'id': '807003567605227520'}]",172,68,2308,27,1096923805451137024,Twitter for iPhone,en,"[{'start': 60, 'end': 78, 'tag': 'downwithphotoshop'}]","[{'start': 79, 'end': 102, 'url': 'https://t.co/7Rwv0DvFLZ', 'expanded_url': 'https://twitter.com/realamberheard/status/1096923805451137024/photo/1', 'display_url': 'pic.twitter.com/7Rwv0DvFLZ'}]","[{'start': 35, 'end': 37, 'probability': 0.5015, 'type': 'Person', 'normalized_text': 'A.'}]",2019-02-17T00:06:29.000Z,"I still signed it though... love, ‘A.
(not pictured above)’ #downwithphotoshop https://t.co/7Rwv0DvFLZ",807003567605227520,"Actor and Activist, semi-professional disruptor, ice cream advocate and shameless teacup yorkie-lover",https://pbs.twimg.com/profile_images/1383196364792680448/N8CdupEu_normal.jpg,807003567605227520,Amber Heard,190464,220,1151,568,realamberheard,2016-12-08T23:26:58.000Z,"Los Angeles, CA",https://t.co/Ze18Ek9SOI,,https://pbs.twimg.com/profile_images/489879251110608896/8_1t7uWF_normal.jpeg,2715979997,Kelvin Gomez 🇲🇾🏴󠁧󠁢󠁷󠁬󠁳󠁿🇪🇺,718,774,6395,16,kfgomez8,2014-07-17T20:39:47.000Z,,"Cardiff, U.K",,
"[{'type': 'replied_to', 'id': '1096923805451137024'}]",1097037024203161600,Twitter Web Client,en,2019-02-17T07:36:23.000Z,@realamberheard Support,904420909,807003567605227520,0,0,1,0,,"[{'start': 0, 'end': 15, 'username': 'realamberheard', 'id': '807003567605227520'}]",172,68,2308,27,1096923805451137024,Twitter for iPhone,en,"[{'start': 60, 'end': 78, 'tag': 'downwithphotoshop'}]","[{'start': 79, 'end': 102, 'url': 'https://t.co/7Rwv0DvFLZ', 'expanded_url': 'https://twitter.com/realamberheard/status/1096923805451137024/photo/1', 'display_url': 'pic.twitter.com/7Rwv0DvFLZ'}]","[{'start': 35, 'end': 37, 'probability': 0.5015, 'type': 'Person', 'normalized_text': 'A.'}]",2019-02-17T00:06:29.000Z,"I still signed it though... love, ‘A.
(not pictured above)’ #downwithphotoshop https://t.co/7Rwv0DvFLZ",807003567605227520,"Actor and Activist, semi-professional disruptor, ice cream advocate and shameless teacup yorkie-lover",https://pbs.twimg.com/profile_images/1383196364792680448/N8CdupEu_normal.jpg,807003567605227520,Amber Heard,190464,220,1151,568,realamberheard,2016-12-08T23:26:58.000Z,"Los Angeles, CA",https://t.co/Ze18Ek9SOI,,https://abs.twimg.com/sticky/default_profile_images/default_profile_normal.png,904420909,James Lee,292,2671,59650,8,JamesLe48001303,2012-10-25T18:24:52.000Z,,,,
"[{'type': 'replied_to', 'id': '1096923805451137024'}]",1097022773380214784,Twitter for iPhone,en,2019-02-17T06:39:45.000Z,@realamberheard Look amazing ❤️,1193286980,807003567605227520,0,0,1,0,,"[{'start': 0, 'end': 15, 'username': 'realamberheard', 'id': '807003567605227520'}]",172,68,2308,27,1096923805451137024,Twitter for iPhone,en,"[{'start': 60, 'end': 78, 'tag': 'downwithphotoshop'}]","[{'start': 79, 'end': 102, 'url': 'https://t.co/7Rwv0DvFLZ', 'expanded_url': 'https://twitter.com/realamberheard/status/1096923805451137024/photo/1', 'display_url': 'pic.twitter.com/7Rwv0DvFLZ'}]","[{'start': 35, 'end': 37, 'probability': 0.5015, 'type': 'Person', 'normalized_text': 'A.'}]",2019-02-17T00:06:29.000Z,"I still signed it though... love, ‘A.
(not pictured above)’ #downwithphotoshop https://t.co/7Rwv0DvFLZ",807003567605227520,"Actor and Activist, semi-professional disruptor, ice cream advocate and shameless teacup yorkie-lover",https://pbs.twimg.com/profile_images/1383196364792680448/N8CdupEu_normal.jpg,807003567605227520,Amber Heard,190464,220,1151,568,realamberheard,2016-12-08T23:26:58.000Z,"Los Angeles, CA",https://t.co/Ze18Ek9SOI,"Darrell Robinson, I'm a Lawyer in Heaton Moor, married to Karen and have 3 children. I love to travel, food, movies, netflix, walks on the beach, sunsets, life.",https://pbs.twimg.com/profile_images/1347679831241195524/y7wkYbfU_normal.jpg,1193286980,Papa Robbo,23275,6661,94043,25,darrelldr,2013-02-18T14:09:35.000Z,https://t.co/rZ1ZWDTTZB,"Stockport, England",,
"[{'type': 'replied_to', 'id': '1096923805451137024'}]",1096986171882831872,Twitter Web Client,en,2019-02-17T04:14:19.000Z,"@realamberheard Live,live,,",728274848754110464,807003567605227520,0,0,1,0,,"[{'start': 0, 'end': 15, 'username': 'realamberheard', 'id': '807003567605227520'}]",172,68,2308,27,1096923805451137024,Twitter for iPhone,en,"[{'start': 60, 'end': 78, 'tag': 'downwithphotoshop'}]","[{'start': 79, 'end': 102, 'url': 'https://t.co/7Rwv0DvFLZ', 'expanded_url': 'https://twitter.com/realamberheard/status/1096923805451137024/photo/1', 'display_url': 'pic.twitter.com/7Rwv0DvFLZ'}]","[{'start': 35, 'end': 37, 'probability': 0.5015, 'type': 'Person', 'normalized_text': 'A.'}]",2019-02-17T00:06:29.000Z,"I still signed it though... love, ‘A.
(not pictured above)’ #downwithphotoshop https://t.co/7Rwv0DvFLZ",807003567605227520,"Actor and Activist, semi-professional disruptor, ice cream advocate and shameless teacup yorkie-lover",https://pbs.twimg.com/profile_images/1383196364792680448/N8CdupEu_normal.jpg,807003567605227520,Amber Heard,190464,220,1151,568,realamberheard,2016-12-08T23:26:58.000Z,"Los Angeles, CA",https://t.co/Ze18Ek9SOI,"Who lives my dream?.Sto cercando,,Who borrow money?,-""Startup-Application""-5.000.-80.000.€. SK14 8330 0000 0027 0199 3526./SWIFT-FIOZSKBAXXX.,Grazie,Thank.",https://pbs.twimg.com/profile_images/1499739852870492171/pCwXQNgW_normal.jpg,728274848754110464,Norbert,734,5007,23200,50,norbert_kukla,2016-05-05T17:27:09.000Z,,Bratislava,,
"[{'type': 'replied_to', 'id': '1096923805451137024'}]",1096983850612342786,Twitter for iPhone,en,2019-02-17T04:05:05.000Z,@realamberheard I LOVE U,1001480431961886722,807003567605227520,0,0,1,0,,"[{'start': 0, 'end': 15, 'username': 'realamberheard', 'id': '807003567605227520'}]",172,68,2308,27,1096923805451137024,Twitter for iPhone,en,"[{'start': 60, 'end': 78, 'tag': 'downwithphotoshop'}]","[{'start': 79, 'end': 102, 'url': 'https://t.co/7Rwv0DvFLZ', 'expanded_url': 'https://twitter.com/realamberheard/status/1096923805451137024/photo/1', 'display_url': 'pic.twitter.com/7Rwv0DvFLZ'}]","[{'start': 35, 'end': 37, 'probability': 0.5015, 'type': 'Person', 'normalized_text': 'A.'}]",2019-02-17T00:06:29.000Z,"I still signed it though... love, ‘A.
(not pictured above)’ #downwithphotoshop https://t.co/7Rwv0DvFLZ",807003567605227520,"Actor and Activist, semi-professional disruptor, ice cream advocate and shameless teacup yorkie-lover",https://pbs.twimg.com/profile_images/1383196364792680448/N8CdupEu_normal.jpg,807003567605227520,Amber Heard,190464,220,1151,568,realamberheard,2016-12-08T23:26:58.000Z,"Los Angeles, CA",https://t.co/Ze18Ek9SOI,"your girl is lovely, hubbell",https://pbs.twimg.com/profile_images/1471160975927742468/d-TbB7Nr_normal.jpg,1001480431961886722,Rebecca | Reality Tv Whore,34,142,1499,0,rebeccaadiaz1,2018-05-29T15:08:36.000Z,https://t.co/YdfAHJaJe4,"Illinois, USA",,
"[{'type': 'replied_to', 'id': '1096923805451137024'}]",1096963262762098688,Twitter Web Client,en,2019-02-17T02:43:17.000Z,@realamberheard where I write for your autograph,349451389,807003567605227520,0,0,2,0,,"[{'start': 0, 'end': 15, 'username': 'realamberheard', 'id': '807003567605227520'}]",172,68,2308,27,1096923805451137024,Twitter for iPhone,en,"[{'start': 60, 'end': 78, 'tag': 'downwithphotoshop'}]","[{'start': 79, 'end': 102, 'url': 'https://t.co/7Rwv0DvFLZ', 'expanded_url': 'https://twitter.com/realamberheard/status/1096923805451137024/photo/1', 'display_url': 'pic.twitter.com/7Rwv0DvFLZ'}]","[{'start': 35, 'end': 37, 'probability': 0.5015, 'type': 'Person', 'normalized_text': 'A.'}]",2019-02-17T00:06:29.000Z,"I still signed it though... love, ‘A.
(not pictured above)’ #downwithphotoshop https://t.co/7Rwv0DvFLZ",807003567605227520,"Actor and Activist, semi-professional disruptor, ice cream advocate and shameless teacup yorkie-lover",https://pbs.twimg.com/profile_images/1383196364792680448/N8CdupEu_normal.jpg,807003567605227520,Amber Heard,190464,220,1151,568,realamberheard,2016-12-08T23:26:58.000Z,"Los Angeles, CA",https://t.co/Ze18Ek9SOI,love sports and music #JudoKicksButt #WrestlingKicksButt,https://pbs.twimg.com/profile_images/615229745865723904/4KyzQj_z_normal.jpg,349451389,Sports and Music,1168,585,186768,92,wrestling_1000,2011-08-06T03:40:55.000Z,,classified/World of judo,,
"[{'type': 'replied_to', 'id': '1096923805451137024'}]",1096957210444394496,Twitter Web Client,und,2019-02-17T02:19:14.000Z,@realamberheard 😊❤❤💥🌹🥰,171258652,807003567605227520,0,0,3,0,,"[{'start': 0, 'end': 15, 'username': 'realamberheard', 'id': '807003567605227520'}]",172,68,2308,27,1096923805451137024,Twitter for iPhone,en,"[{'start': 60, 'end': 78, 'tag': 'downwithphotoshop'}]","[{'start': 79, 'end': 102, 'url': 'https://t.co/7Rwv0DvFLZ', 'expanded_url': 'https://twitter.com/realamberheard/status/1096923805451137024/photo/1', 'display_url': 'pic.twitter.com/7Rwv0DvFLZ'}]","[{'start': 35, 'end': 37, 'probability': 0.5015, 'type': 'Person', 'normalized_text': 'A.'}]",2019-02-17T00:06:29.000Z,"I still signed it though... love, ‘A.
(not pictured above)’ #downwithphotoshop https://t.co/7Rwv0DvFLZ",807003567605227520,"Actor and Activist, semi-professional disruptor, ice cream advocate and shameless teacup yorkie-lover",https://pbs.twimg.com/profile_images/1383196364792680448/N8CdupEu_normal.jpg,807003567605227520,Amber Heard,190464,220,1151,568,realamberheard,2016-12-08T23:26:58.000Z,"Los Angeles, CA",https://t.co/Ze18Ek9SOI,funny and Artist.,https://pbs.twimg.com/profile_images/1326264893847330817/oHG7D2Vz_normal.jpg,171258652,Tyler,356,3941,17072,3,TFR2006,2010-07-26T23:14:07.000Z,,Norfolk/ Virginia beach va,,
"[{'type': 'replied_to', 'id': '1096923805451137024'}]",1096947633061576705,Twitter for iPhone,es,2019-02-17T01:41:10.000Z,@realamberheard Sin duda la perfección si existe,1076693228940861440,807003567605227520,0,0,2,0,,"[{'start': 0, 'end': 15, 'username': 'realamberheard', 'id': '807003567605227520'}]",172,68,2308,27,1096923805451137024,Twitter for iPhone,en,"[{'start': 60, 'end': 78, 'tag': 'downwithphotoshop'}]","[{'start': 79, 'end': 102, 'url': 'https://t.co/7Rwv0DvFLZ', 'expanded_url': 'https://twitter.com/realamberheard/status/1096923805451137024/photo/1', 'display_url': 'pic.twitter.com/7Rwv0DvFLZ'}]","[{'start': 35, 'end': 37, 'probability': 0.5015, 'type': 'Person', 'normalized_text': 'A.'}]",2019-02-17T00:06:29.000Z,"I still signed it though... love, ‘A.
(not pictured above)’ #downwithphotoshop https://t.co/7Rwv0DvFLZ",807003567605227520,"Actor and Activist, semi-professional disruptor, ice cream advocate and shameless teacup yorkie-lover",https://pbs.twimg.com/profile_images/1383196364792680448/N8CdupEu_normal.jpg,807003567605227520,Amber Heard,190464,220,1151,568,realamberheard,2016-12-08T23:26:58.000Z,"Los Angeles, CA",https://t.co/Ze18Ek9SOI,,https://abs.twimg.com/sticky/default_profile_images/default_profile_normal.png,1076693228940861440,@alejandro magno,0,57,32,0,AlenjandroMagno,2018-12-23T04:17:24.000Z,,"Cuernavaca, Morelos",,
"[{'type': 'replied_to', 'id': '1096923805451137024'}]",1096942680309825536,Twitter Web Client,en,2019-02-17T01:21:29.000Z,@realamberheard This story is hilarious and you're a good sport. 😂 😂 😂 Whoever owns that autograph better value it for the unicorn you made of it. 😂,47495880,807003567605227520,0,0,7,0,,"[{'start': 0, 'end': 15, 'username': 'realamberheard', 'id': '807003567605227520'}]",172,68,2308,27,1096923805451137024,Twitter for iPhone,en,"[{'start': 60, 'end': 78, 'tag': 'downwithphotoshop'}]","[{'start': 79, 'end': 102, 'url': 'https://t.co/7Rwv0DvFLZ', 'expanded_url': 'https://twitter.com/realamberheard/status/1096923805451137024/photo/1', 'display_url': 'pic.twitter.com/7Rwv0DvFLZ'}]","[{'start': 35, 'end': 37, 'probability': 0.5015, 'type': 'Person', 'normalized_text': 'A.'}]",2019-02-17T00:06:29.000Z,"I still signed it though... love, ‘A.
(not pictured above)’ #downwithphotoshop https://t.co/7Rwv0DvFLZ",807003567605227520,"Actor and Activist, semi-professional disruptor, ice cream advocate and shameless teacup yorkie-lover",https://pbs.twimg.com/profile_images/1383196364792680448/N8CdupEu_normal.jpg,807003567605227520,Amber Heard,190464,220,1151,568,realamberheard,2016-12-08T23:26:58.000Z,"Los Angeles, CA",https://t.co/Ze18Ek9SOI,Professional Nap Taker and Nap Dress Wearer. Hoarder of books and red lipstick. She/Her.,https://pbs.twimg.com/profile_images/378800000526968506/ba2d2bc448cf91c8994ca0a60860432a_normal.jpeg,47495880,Katie,385,799,19279,5,total_silliness,2009-06-16T00:50:13.000Z,,"Los Angeles, CA",,
"[{'type': 'replied_to', 'id': '1096923805451137024'}]",1096939770431848450,Twitter Web Client,en,2019-02-17T01:09:56.000Z,@realamberheard Super !! :),250822799,807003567605227520,0,0,1,0,,"[{'start': 0, 'end': 15, 'username': 'realamberheard', 'id': '807003567605227520'}]",172,68,2308,27,1096923805451137024,Twitter for iPhone,en,"[{'start': 60, 'end': 78, 'tag': 'downwithphotoshop'}]","[{'start': 79, 'end': 102, 'url': 'https://t.co/7Rwv0DvFLZ', 'expanded_url': 'https://twitter.com/realamberheard/status/1096923805451137024/photo/1', 'display_url': 'pic.twitter.com/7Rwv0DvFLZ'}]","[{'start': 35, 'end': 37, 'probability': 0.5015, 'type': 'Person', 'normalized_text': 'A.'}]",2019-02-17T00:06:29.000Z,"I still signed it though... love, ‘A.
(not pictured above)’ #downwithphotoshop https://t.co/7Rwv0DvFLZ",807003567605227520,"Actor and Activist, semi-professional disruptor, ice cream advocate and shameless teacup yorkie-lover",https://pbs.twimg.com/profile_images/1383196364792680448/N8CdupEu_normal.jpg,807003567605227520,Amber Heard,190464,220,1151,568,realamberheard,2016-12-08T23:26:58.000Z,"Los Angeles, CA",https://t.co/Ze18Ek9SOI,,https://pbs.twimg.com/profile_images/1466823010627821578/5oqzVTKr_normal.jpg,250822799,Patrik HadyS Baránek,22,571,707,0,pade2112,2011-02-11T21:49:50.000Z,,Slovenská republika,,
"[{'type': 'replied_to', 'id': '1096923805451137024'}]",1096939101666902017,Twitter for iPhone,en,2019-02-17T01:07:16.000Z,@realamberheard You’re a gift https://t.co/2OFGCWgXXO,814248716131569664,807003567605227520,0,0,2,0,,"[{'start': 0, 'end': 15, 'username': 'realamberheard', 'id': '807003567605227520'}]",172,68,2308,27,1096923805451137024,Twitter for iPhone,en,"[{'start': 60, 'end': 78, 'tag': 'downwithphotoshop'}]","[{'start': 79, 'end': 102, 'url': 'https://t.co/7Rwv0DvFLZ', 'expanded_url': 'https://twitter.com/realamberheard/status/1096923805451137024/photo/1', 'display_url': 'pic.twitter.com/7Rwv0DvFLZ'}]","[{'start': 35, 'end': 37, 'probability': 0.5015, 'type': 'Person', 'normalized_text': 'A.'}]",2019-02-17T00:06:29.000Z,"I still signed it though... love, ‘A.
(not pictured above)’ #downwithphotoshop https://t.co/7Rwv0DvFLZ",807003567605227520,"Actor and Activist, semi-professional disruptor, ice cream advocate and shameless teacup yorkie-lover",https://pbs.twimg.com/profile_images/1383196364792680448/N8CdupEu_normal.jpg,807003567605227520,Amber Heard,190464,220,1151,568,realamberheard,2016-12-08T23:26:58.000Z,"Los Angeles, CA",https://t.co/Ze18Ek9SOI,"Lover, fighter, Reader of good books, Cat owner, Anime watcher, Comic lover, and always ready to listen and care for those who need it.",https://pbs.twimg.com/profile_images/989149659267518464/XbHBb5M__normal.jpg,814248716131569664,Estevan,45,845,2263,0,supersteven_el,2016-12-28T23:16:36.000Z,,,,"[{'start': 30, 'end': 53, 'url': 'https://t.co/2OFGCWgXXO', 'expanded_url': 'https://twitter.com/BestevanG/status/1096939101666902017/photo/1', 'display_url': 'pic.twitter.com/2OFGCWgXXO'}]"
"[{'type': 'replied_to', 'id': '1096923805451137024'}]",1096939055059734535,Twitter Web App,tl,2019-02-17T01:07:05.000Z,@realamberheard Hahahahah,23744271,807003567605227520,0,0,2,0,,"[{'start': 0, 'end': 15, 'username': 'realamberheard', 'id': '807003567605227520'}]",172,68,2308,27,1096923805451137024,Twitter for iPhone,en,"[{'start': 60, 'end': 78, 'tag': 'downwithphotoshop'}]","[{'start': 79, 'end': 102, 'url': 'https://t.co/7Rwv0DvFLZ', 'expanded_url': 'https://twitter.com/realamberheard/status/1096923805451137024/photo/1', 'display_url': 'pic.twitter.com/7Rwv0DvFLZ'}]","[{'start': 35, 'end': 37, 'probability': 0.5015, 'type': 'Person', 'normalized_text': 'A.'}]",2019-02-17T00:06:29.000Z,"I still signed it though... love, ‘A.
(not pictured above)’ #downwithphotoshop https://t.co/7Rwv0DvFLZ",807003567605227520,"Actor and Activist, semi-professional disruptor, ice cream advocate and shameless teacup yorkie-lover",https://pbs.twimg.com/profile_images/1383196364792680448/N8CdupEu_normal.jpg,807003567605227520,Amber Heard,190464,220,1151,568,realamberheard,2016-12-08T23:26:58.000Z,"Los Angeles, CA",https://t.co/Ze18Ek9SOI,Viviendo la vida como medianamente puedo.. mordiendo cada instante.. rodeado de gente maravillosa.,https://pbs.twimg.com/profile_images/1497317002142179338/OJvkoSL4_normal.jpg,23744271,Miguel Garcia,632,4987,49807,17,Mirakenic,2009-03-11T10:25:16.000Z,https://t.co/904QjkEJ4E,Madrid,,
"[{'type': 'replied_to', 'id': '1096923805451137024'}]",1096931940911857664,Twitter for Android,en,2019-02-17T00:38:49.000Z,@realamberheard Is that you @realamberheard,877300823738286080,807003567605227520,0,0,1,0,,"[{'start': 0, 'end': 15, 'username': 'realamberheard', 'id': '807003567605227520'}, {'start': 28, 'end': 43, 'username': 'realamberheard', 'id': '807003567605227520'}]",172,68,2308,27,1096923805451137024,Twitter for iPhone,en,"[{'start': 60, 'end': 78, 'tag': 'downwithphotoshop'}]","[{'start': 79, 'end': 102, 'url': 'https://t.co/7Rwv0DvFLZ', 'expanded_url': 'https://twitter.com/realamberheard/status/1096923805451137024/photo/1', 'display_url': 'pic.twitter.com/7Rwv0DvFLZ'}]","[{'start': 35, 'end': 37, 'probability': 0.5015, 'type': 'Person', 'normalized_text': 'A.'}]",2019-02-17T00:06:29.000Z,"I still signed it though... love, ‘A.
(not pictured above)’ #downwithphotoshop https://t.co/7Rwv0DvFLZ",807003567605227520,"Actor and Activist, semi-professional disruptor, ice cream advocate and shameless teacup yorkie-lover",https://pbs.twimg.com/profile_images/1383196364792680448/N8CdupEu_normal.jpg,807003567605227520,Amber Heard,190464,220,1151,568,realamberheard,2016-12-08T23:26:58.000Z,"Los Angeles, CA",https://t.co/Ze18Ek9SOI,Stephen Amell fan.Stephen Amell is the ultimate green arrow,https://pbs.twimg.com/profile_images/1268373851131412482/Pqw8VaKb_normal.jpg,877300823738286080,dawsongesch,575,508,2957,1,dawsongesch,2017-06-20T23:03:10.000Z,,"Portland, OR",,
"[{'type': 'replied_to', 'id': '1096923805451137024'}]",1096929668177944576,Twitter Web App,en,2019-02-17T00:29:47.000Z,@realamberheard Creative,176782795,807003567605227520,0,0,2,0,,"[{'start': 0, 'end': 15, 'username': 'realamberheard', 'id': '807003567605227520'}]",172,68,2308,27,1096923805451137024,Twitter for iPhone,en,"[{'start': 60, 'end': 78, 'tag': 'downwithphotoshop'}]","[{'start': 79, 'end': 102, 'url': 'https://t.co/7Rwv0DvFLZ', 'expanded_url': 'https://twitter.com/realamberheard/status/1096923805451137024/photo/1', 'display_url': 'pic.twitter.com/7Rwv0DvFLZ'}]","[{'start': 35, 'end': 37, 'probability': 0.5015, 'type': 'Person', 'normalized_text': 'A.'}]",2019-02-17T00:06:29.000Z,"I still signed it though... love, ‘A.
(not pictured above)’ #downwithphotoshop https://t.co/7Rwv0DvFLZ",807003567605227520,"Actor and Activist, semi-professional disruptor, ice cream advocate and shameless teacup yorkie-lover",https://pbs.twimg.com/profile_images/1383196364792680448/N8CdupEu_normal.jpg,807003567605227520,Amber Heard,190464,220,1151,568,realamberheard,2016-12-08T23:26:58.000Z,"Los Angeles, CA",https://t.co/Ze18Ek9SOI,Just me,https://pbs.twimg.com/profile_images/1045112695274405888/DxUwd9PY_normal.jpg,176782795,Mount Surfer,191,729,20101,1,angga009,2010-08-10T12:33:32.000Z,,"Ring Of Fire, Indonesia",,
"[{'type': 'replied_to', 'id': '1096923805451137024'}]",1096928593161216000,Mobile Web (M2),en,2019-02-17T00:25:31.000Z,@realamberheard It's a lovely shot.,14721782,807003567605227520,0,0,1,0,,"[{'start': 0, 'end': 15, 'username': 'realamberheard', 'id': '807003567605227520'}]",172,68,2308,27,1096923805451137024,Twitter for iPhone,en,"[{'start': 60, 'end': 78, 'tag': 'downwithphotoshop'}]","[{'start': 79, 'end': 102, 'url': 'https://t.co/7Rwv0DvFLZ', 'expanded_url': 'https://twitter.com/realamberheard/status/1096923805451137024/photo/1', 'display_url': 'pic.twitter.com/7Rwv0DvFLZ'}]","[{'start': 35, 'end': 37, 'probability': 0.5015, 'type': 'Person', 'normalized_text': 'A.'}]",2019-02-17T00:06:29.000Z,"I still signed it though... love, ‘A.
(not pictured above)’ #downwithphotoshop https://t.co/7Rwv0DvFLZ",807003567605227520,"Actor and Activist, semi-professional disruptor, ice cream advocate and shameless teacup yorkie-lover",https://pbs.twimg.com/profile_images/1383196364792680448/N8CdupEu_normal.jpg,807003567605227520,Amber Heard,190464,220,1151,568,realamberheard,2016-12-08T23:26:58.000Z,"Los Angeles, CA",https://t.co/Ze18Ek9SOI,i'm more from what you'd call inner time....,https://pbs.twimg.com/profile_images/54000633/Tubular3_normal.jpg,14721782,eliazar,88,408,10926,2,eliazar,2008-05-10T05:24:59.000Z,,quantum space / foundations of stone,,
"[{'type': 'replied_to', 'id': '1096923805451137024'}]",1096928232316661761,Twitter Web Client,en,2019-02-17T00:24:05.000Z,@realamberheard did you say anything while you were signing it? 😄,124685977,807003567605227520,0,0,4,0,,"[{'start': 0, 'end': 15, 'username': 'realamberheard', 'id': '807003567605227520'}]",172,68,2308,27,1096923805451137024,Twitter for iPhone,en,"[{'start': 60, 'end': 78, 'tag': 'downwithphotoshop'}]","[{'start': 79, 'end': 102, 'url': 'https://t.co/7Rwv0DvFLZ', 'expanded_url': 'https://twitter.com/realamberheard/status/1096923805451137024/photo/1', 'display_url': 'pic.twitter.com/7Rwv0DvFLZ'}]","[{'start': 35, 'end': 37, 'probability': 0.5015, 'type': 'Person', 'normalized_text': 'A.'}]",2019-02-17T00:06:29.000Z,"I still signed it though... love, ‘A.
(not pictured above)’ #downwithphotoshop https://t.co/7Rwv0DvFLZ",807003567605227520,"Actor and Activist, semi-professional disruptor, ice cream advocate and shameless teacup yorkie-lover",https://pbs.twimg.com/profile_images/1383196364792680448/N8CdupEu_normal.jpg,807003567605227520,Amber Heard,190464,220,1151,568,realamberheard,2016-12-08T23:26:58.000Z,"Los Angeles, CA",https://t.co/Ze18Ek9SOI,,https://pbs.twimg.com/profile_images/938453982829199360/PO53hO8w_normal.jpg,124685977,flossy,151,1152,2234,3,dentitexx,2010-03-20T06:32:36.000Z,,,,
"[{'type': 'replied_to', 'id': '1096923805451137024'}]",1096927672750481408,Twitter for Android,en,2019-02-17T00:21:51.000Z,@realamberheard I'm your biggest fan.,575040230,807003567605227520,0,0,1,0,,"[{'start': 0, 'end': 15, 'username': 'realamberheard', 'id': '807003567605227520'}]",172,68,2308,27,1096923805451137024,Twitter for iPhone,en,"[{'start': 60, 'end': 78, 'tag': 'downwithphotoshop'}]","[{'start': 79, 'end': 102, 'url': 'https://t.co/7Rwv0DvFLZ', 'expanded_url': 'https://twitter.com/realamberheard/status/1096923805451137024/photo/1', 'display_url': 'pic.twitter.com/7Rwv0DvFLZ'}]","[{'start': 35, 'end': 37, 'probability': 0.5015, 'type': 'Person', 'normalized_text': 'A.'}]",2019-02-17T00:06:29.000Z,"I still signed it though... love, ‘A.
(not pictured above)’ #downwithphotoshop https://t.co/7Rwv0DvFLZ",807003567605227520,"Actor and Activist, semi-professional disruptor, ice cream advocate and shameless teacup yorkie-lover",https://pbs.twimg.com/profile_images/1383196364792680448/N8CdupEu_normal.jpg,807003567605227520,Amber Heard,190464,220,1151,568,realamberheard,2016-12-08T23:26:58.000Z,"Los Angeles, CA",https://t.co/Ze18Ek9SOI,"In order to succeed in life you have to let your faith be bigger than your fear. I only like females on Twitter, I'm not sleeping with them. Stop studying me ho",https://pbs.twimg.com/profile_images/1081194297364541440/Gl7znWOg_normal.jpg,575040230,Eric Hernández 🇲🇽🇺🇸,190,4203,3480,0,ericlittlee,2012-05-09T04:22:33.000Z,,"Chicago, Illinois, USA/GTO.MX.",,
"[{'type': 'replied_to', 'id': '1096923805451137024'}]",1096927530056065024,Twitter for Android,en,2019-02-17T00:21:17.000Z,@realamberheard Damn.,575040230,807003567605227520,0,0,0,0,,"[{'start': 0, 'end': 15, 'username': 'realamberheard', 'id': '807003567605227520'}]",172,68,2308,27,1096923805451137024,Twitter for iPhone,en,"[{'start': 60, 'end': 78, 'tag': 'downwithphotoshop'}]","[{'start': 79, 'end': 102, 'url': 'https://t.co/7Rwv0DvFLZ', 'expanded_url': 'https://twitter.com/realamberheard/status/1096923805451137024/photo/1', 'display_url': 'pic.twitter.com/7Rwv0DvFLZ'}]","[{'start': 35, 'end': 37, 'probability': 0.5015, 'type': 'Person', 'normalized_text': 'A.'}]",2019-02-17T00:06:29.000Z,"I still signed it though... love, ‘A.
(not pictured above)’ #downwithphotoshop https://t.co/7Rwv0DvFLZ",807003567605227520,"Actor and Activist, semi-professional disruptor, ice cream advocate and shameless teacup yorkie-lover",https://pbs.twimg.com/profile_images/1383196364792680448/N8CdupEu_normal.jpg,807003567605227520,Amber Heard,190464,220,1151,568,realamberheard,2016-12-08T23:26:58.000Z,"Los Angeles, CA",https://t.co/Ze18Ek9SOI,"In order to succeed in life you have to let your faith be bigger than your fear. I only like females on Twitter, I'm not sleeping with them. Stop studying me ho",https://pbs.twimg.com/profile_images/1081194297364541440/Gl7znWOg_normal.jpg,575040230,Eric Hernández 🇲🇽🇺🇸,190,4203,3480,0,ericlittlee,2012-05-09T04:22:33.000Z,,"Chicago, Illinois, USA/GTO.MX.",,
"[{'type': 'replied_to', 'id': '1096923805451137024'}]",1096927313998954498,Twitter for iPhone,en,2019-02-17T00:20:26.000Z,@realamberheard THIS really made my day ! So thank you!!,1078116382955294721,807003567605227520,0,0,1,0,,"[{'start': 0, 'end': 15, 'username': 'realamberheard', 'id': '807003567605227520'}]",172,68,2308,27,1096923805451137024,Twitter for iPhone,en,"[{'start': 60, 'end': 78, 'tag': 'downwithphotoshop'}]","[{'start': 79, 'end': 102, 'url': 'https://t.co/7Rwv0DvFLZ', 'expanded_url': 'https://twitter.com/realamberheard/status/1096923805451137024/photo/1', 'display_url': 'pic.twitter.com/7Rwv0DvFLZ'}]","[{'start': 35, 'end': 37, 'probability': 0.5015, 'type': 'Person', 'normalized_text': 'A.'}]",2019-02-17T00:06:29.000Z,"I still signed it though... love, ‘A.
(not pictured above)’ #downwithphotoshop https://t.co/7Rwv0DvFLZ",807003567605227520,"Actor and Activist, semi-professional disruptor, ice cream advocate and shameless teacup yorkie-lover",https://pbs.twimg.com/profile_images/1383196364792680448/N8CdupEu_normal.jpg,807003567605227520,Amber Heard,190464,220,1151,568,realamberheard,2016-12-08T23:26:58.000Z,"Los Angeles, CA",https://t.co/Ze18Ek9SOI,,https://pbs.twimg.com/profile_images/1485483295781814272/jvAbeFqY_normal.jpg,1078116382955294721,Nix,96,73,1705,0,nixgen,2018-12-27T02:32:30.000Z,,,,
"[{'type': 'replied_to', 'id': '1096923805451137024'}]",1096926751404376064,Twitter for iPhone,en,2019-02-17T00:18:12.000Z,@realamberheard Very beautiful and sexy. ❤️,1029901076,807003567605227520,0,0,1,0,,"[{'start': 0, 'end': 15, 'username': 'realamberheard', 'id': '807003567605227520'}]",172,68,2308,27,1096923805451137024,Twitter for iPhone,en,"[{'start': 60, 'end': 78, 'tag': 'downwithphotoshop'}]","[{'start': 79, 'end': 102, 'url': 'https://t.co/7Rwv0DvFLZ', 'expanded_url': 'https://twitter.com/realamberheard/status/1096923805451137024/photo/1', 'display_url': 'pic.twitter.com/7Rwv0DvFLZ'}]","[{'start': 35, 'end': 37, 'probability': 0.5015, 'type': 'Person', 'normalized_text': 'A.'}]",2019-02-17T00:06:29.000Z,"I still signed it though... love, ‘A.
(not pictured above)’ #downwithphotoshop https://t.co/7Rwv0DvFLZ",807003567605227520,"Actor and Activist, semi-professional disruptor, ice cream advocate and shameless teacup yorkie-lover",https://pbs.twimg.com/profile_images/1383196364792680448/N8CdupEu_normal.jpg,807003567605227520,Amber Heard,190464,220,1151,568,realamberheard,2016-12-08T23:26:58.000Z,"Los Angeles, CA",https://t.co/Ze18Ek9SOI,,https://pbs.twimg.com/profile_images/456957341527576576/_0aU44Bc_normal.jpeg,1029901076,✨faith hope love✨,98,553,1086,0,JustOnlyMe03,2012-12-23T05:12:24.000Z,,"Washington, USA",,
"[{'type': 'replied_to', 'id': '1096923805451137024'}]",1096926219914956800,Twitter for Android,es,2019-02-17T00:16:05.000Z,"@realamberheard That's Amaia Salamanca, a spanish actress. Hablas genial el español, por cierto. 😘",304959560,807003567605227520,0,0,6,0,,"[{'start': 0, 'end': 15, 'username': 'realamberheard', 'id': '807003567605227520'}]",172,68,2308,27,1096923805451137024,Twitter for iPhone,en,"[{'start': 60, 'end': 78, 'tag': 'downwithphotoshop'}]","[{'start': 79, 'end': 102, 'url': 'https://t.co/7Rwv0DvFLZ', 'expanded_url': 'https://twitter.com/realamberheard/status/1096923805451137024/photo/1', 'display_url': 'pic.twitter.com/7Rwv0DvFLZ'}]","[{'start': 35, 'end': 37, 'probability': 0.5015, 'type': 'Person', 'normalized_text': 'A.'}]",2019-02-17T00:06:29.000Z,"I still signed it though... love, ‘A.
(not pictured above)’ #downwithphotoshop https://t.co/7Rwv0DvFLZ",807003567605227520,"Actor and Activist, semi-professional disruptor, ice cream advocate and shameless teacup yorkie-lover",https://pbs.twimg.com/profile_images/1383196364792680448/N8CdupEu_normal.jpg,807003567605227520,Amber Heard,190464,220,1151,568,realamberheard,2016-12-08T23:26:58.000Z,"Los Angeles, CA",https://t.co/Ze18Ek9SOI,Colaborador en @ecartelera y @CiempiesM | Redactor en @QuVeoEn1 | Estudiante de Comunicación y Periodismo,https://pbs.twimg.com/profile_images/1465834750694809606/QQuf19AW_normal.jpg,304959560,Jose Asensio,546,1948,23927,7,JasenV19,2011-05-25T12:01:31.000Z,https://t.co/GYRehCG6bm,"Cardona, Catalunya","[{'start': 23, 'end': 37, 'probability': 0.9017, 'type': 'Person', 'normalized_text': 'Amaia Salamanca'}]",
"[{'type': 'replied_to', 'id': '1096923805451137024'}]",1096925969657614337,Twitter for iPhone,en,2019-02-17T00:15:05.000Z,@realamberheard Would love to get one of these pictures,20108512,807003567605227520,0,0,1,0,,"[{'start': 0, 'end': 15, 'username': 'realamberheard', 'id': '807003567605227520'}]",172,68,2308,27,1096923805451137024,Twitter for iPhone,en,"[{'start': 60, 'end': 78, 'tag': 'downwithphotoshop'}]","[{'start': 79, 'end': 102, 'url': 'https://t.co/7Rwv0DvFLZ', 'expanded_url': 'https://twitter.com/realamberheard/status/1096923805451137024/photo/1', 'display_url': 'pic.twitter.com/7Rwv0DvFLZ'}]","[{'start': 35, 'end': 37, 'probability': 0.5015, 'type': 'Person', 'normalized_text': 'A.'}]",2019-02-17T00:06:29.000Z,"I still signed it though... love, ‘A.
(not pictured above)’ #downwithphotoshop https://t.co/7Rwv0DvFLZ",807003567605227520,"Actor and Activist, semi-professional disruptor, ice cream advocate and shameless teacup yorkie-lover",https://pbs.twimg.com/profile_images/1383196364792680448/N8CdupEu_normal.jpg,807003567605227520,Amber Heard,190464,220,1151,568,realamberheard,2016-12-08T23:26:58.000Z,"Los Angeles, CA",https://t.co/Ze18Ek9SOI,,https://pbs.twimg.com/profile_images/795999947221041152/Dcy2vraU_normal.jpg,20108512,Andrew Hearon,95,214,683,1,Weeman4915,2009-02-05T00:05:44.000Z,,,,
"[{'type': 'replied_to', 'id': '1096923805451137024'}]",1096925643172851712,Twitter for iPhone,en,2019-02-17T00:13:47.000Z,@realamberheard awwww! where can i send fan mail? please sign my Mera funko pop! 😩 @realamberheard,112250156,807003567605227520,0,0,1,0,,"[{'start': 0, 'end': 15, 'username': 'realamberheard', 'id': '807003567605227520'}, {'start': 83, 'end': 98, 'username': 'realamberheard', 'id': '807003567605227520'}]",172,68,2308,27,1096923805451137024,Twitter for iPhone,en,"[{'start': 60, 'end': 78, 'tag': 'downwithphotoshop'}]","[{'start': 79, 'end': 102, 'url': 'https://t.co/7Rwv0DvFLZ', 'expanded_url': 'https://twitter.com/realamberheard/status/1096923805451137024/photo/1', 'display_url': 'pic.twitter.com/7Rwv0DvFLZ'}]","[{'start': 35, 'end': 37, 'probability': 0.5015, 'type': 'Person', 'normalized_text': 'A.'}]",2019-02-17T00:06:29.000Z,"I still signed it though... love, ‘A.
(not pictured above)’ #downwithphotoshop https://t.co/7Rwv0DvFLZ",807003567605227520,"Actor and Activist, semi-professional disruptor, ice cream advocate and shameless teacup yorkie-lover",https://pbs.twimg.com/profile_images/1383196364792680448/N8CdupEu_normal.jpg,807003567605227520,Amber Heard,190464,220,1151,568,realamberheard,2016-12-08T23:26:58.000Z,"Los Angeles, CA",https://t.co/Ze18Ek9SOI,we living,https://pbs.twimg.com/profile_images/1483972757012443136/jqQ3EiYn_normal.jpg,112250156,Jorge,429,459,110898,0,jo___mar,2010-02-07T20:03:55.000Z,https://t.co/YRWIN6xuPf,San Francisco,,
"[{'type': 'replied_to', 'id': '1096923805451137024'}]",1096925631848296449,Twitter for Android,pt,2019-02-17T00:13:45.000Z,@realamberheard Me manda uma carta com sua foto e autógrafo para eu pôr na parede do meu quarto ? PLS,276097327,807003567605227520,0,0,0,0,,"[{'start': 0, 'end': 15, 'username': 'realamberheard', 'id': '807003567605227520'}]",172,68,2308,27,1096923805451137024,Twitter for iPhone,en,"[{'start': 60, 'end': 78, 'tag': 'downwithphotoshop'}]","[{'start': 79, 'end': 102, 'url': 'https://t.co/7Rwv0DvFLZ', 'expanded_url': 'https://twitter.com/realamberheard/status/1096923805451137024/photo/1', 'display_url': 'pic.twitter.com/7Rwv0DvFLZ'}]","[{'start': 35, 'end': 37, 'probability': 0.5015, 'type': 'Person', 'normalized_text': 'A.'}]",2019-02-17T00:06:29.000Z,"I still signed it though... love, ‘A.
(not pictured above)’ #downwithphotoshop https://t.co/7Rwv0DvFLZ",807003567605227520,"Actor and Activist, semi-professional disruptor, ice cream advocate and shameless teacup yorkie-lover",https://pbs.twimg.com/profile_images/1383196364792680448/N8CdupEu_normal.jpg,807003567605227520,Amber Heard,190464,220,1151,568,realamberheard,2016-12-08T23:26:58.000Z,"Los Angeles, CA",https://t.co/Ze18Ek9SOI,"Corretor de Imoveis no Estado do SP
e Gamer na horas vagas .",https://pbs.twimg.com/profile_images/1418708491246743555/55L7MdoH_normal.jpg,276097327,Leônidas Junior,6,109,1669,0,leonidasdiamant,2011-04-02T16:59:58.000Z,,,,
"[{'type': 'replied_to', 'id': '1096923805451137024'}]",1096925168415490048,Twitter for Android,en,2019-02-17T00:11:54.000Z,"@realamberheard 😂😂
I love your sense of humor...

Also it's not like there are hundred of pictures of you to send you to sign that you ended with a non-picture of you 😅 https://t.co/vA5nXDmWs4",4396120342,807003567605227520,0,0,4,0,,"[{'start': 0, 'end': 15, 'username': 'realamberheard', 'id': '807003567605227520'}]",172,68,2308,27,1096923805451137024,Twitter for iPhone,en,"[{'start': 60, 'end': 78, 'tag': 'downwithphotoshop'}]","[{'start': 79, 'end': 102, 'url': 'https://t.co/7Rwv0DvFLZ', 'expanded_url': 'https://twitter.com/realamberheard/status/1096923805451137024/photo/1', 'display_url': 'pic.twitter.com/7Rwv0DvFLZ'}]","[{'start': 35, 'end': 37, 'probability': 0.5015, 'type': 'Person', 'normalized_text': 'A.'}]",2019-02-17T00:06:29.000Z,"I still signed it though... love, ‘A.
(not pictured above)’ #downwithphotoshop https://t.co/7Rwv0DvFLZ",807003567605227520,"Actor and Activist, semi-professional disruptor, ice cream advocate and shameless teacup yorkie-lover",https://pbs.twimg.com/profile_images/1383196364792680448/N8CdupEu_normal.jpg,807003567605227520,Amber Heard,190464,220,1151,568,realamberheard,2016-12-08T23:26:58.000Z,"Los Angeles, CA",https://t.co/Ze18Ek9SOI,"Only two things are infinite, the universe and human stupidity, and I'm not sure about the former. - Albert Einstein and Me!",https://pbs.twimg.com/profile_images/1378175478478082050/UKLiQPuk_normal.jpg,4396120342,STIRGUS SACCHETTI,678,296,58624,26,stirgussa,2015-12-06T17:21:06.000Z,,,,"[{'start': 169, 'end': 192, 'url': 'https://t.co/vA5nXDmWs4', 'expanded_url': 'https://twitter.com/stirgussa/status/1096925168415490048/photo/1', 'display_url': 'pic.twitter.com/vA5nXDmWs4'}]"
"[{'type': 'replied_to', 'id': '1096923805451137024'}]",1096925099033354241,Twitter Web Client,en,2019-02-17T00:11:38.000Z,"@realamberheard HAHA!!.....imagine a world without  photoshop,...actually walking around feeling comfortable in our own skins!! 😎😄",4923128929,807003567605227520,0,0,1,0,,"[{'start': 0, 'end': 15, 'username': 'realamberheard', 'id': '807003567605227520'}]",172,68,2308,27,1096923805451137024,Twitter for iPhone,en,"[{'start': 60, 'end': 78, 'tag': 'downwithphotoshop'}]","[{'start': 79, 'end': 102, 'url': 'https://t.co/7Rwv0DvFLZ', 'expanded_url': 'https://twitter.com/realamberheard/status/1096923805451137024/photo/1', 'display_url': 'pic.twitter.com/7Rwv0DvFLZ'}]","[{'start': 35, 'end': 37, 'probability': 0.5015, 'type': 'Person', 'normalized_text': 'A.'}]",2019-02-17T00:06:29.000Z,"I still signed it though... love, ‘A.
(not pictured above)’ #downwithphotoshop https://t.co/7Rwv0DvFLZ",807003567605227520,"Actor and Activist, semi-professional disruptor, ice cream advocate and shameless teacup yorkie-lover",https://pbs.twimg.com/profile_images/1383196364792680448/N8CdupEu_normal.jpg,807003567605227520,Amber Heard,190464,220,1151,568,realamberheard,2016-12-08T23:26:58.000Z,"Los Angeles, CA",https://t.co/Ze18Ek9SOI,,https://abs.twimg.com/sticky/default_profile_images/default_profile_normal.png,4923128929,roberto varro,20,100,1490,0,roberto4u2,2016-02-18T00:14:02.000Z,,,,
"[{'type': 'replied_to', 'id': '1096923805451137024'}]",1096924529736278017,Twitter for iPhone,en,2019-02-17T00:09:22.000Z,"@realamberheard LMAO!!!  This is just so awesome.  I’m going to just start randomly signing photos of Brad Pitt and the Rock and mailing them out to random strangers.  “This isn’t me, but I love you anyways.”  There will be some awfully confused people...",2161983944,807003567605227520,0,1,2,0,,"[{'start': 0, 'end': 15, 'username': 'realamberheard', 'id': '807003567605227520'}]",172,68,2308,27,1096923805451137024,Twitter for iPhone,en,"[{'start': 60, 'end': 78, 'tag': 'downwithphotoshop'}]","[{'start': 79, 'end': 102, 'url': 'https://t.co/7Rwv0DvFLZ', 'expanded_url': 'https://twitter.com/realamberheard/status/1096923805451137024/photo/1', 'display_url': 'pic.twitter.com/7Rwv0DvFLZ'}]","[{'start': 35, 'end': 37, 'probability': 0.5015, 'type': 'Person', 'normalized_text': 'A.'}]",2019-02-17T00:06:29.000Z,"I still signed it though... love, ‘A.
(not pictured above)’ #downwithphotoshop https://t.co/7Rwv0DvFLZ",807003567605227520,"Actor and Activist, semi-professional disruptor, ice cream advocate and shameless teacup yorkie-lover",https://pbs.twimg.com/profile_images/1383196364792680448/N8CdupEu_normal.jpg,807003567605227520,Amber Heard,190464,220,1151,568,realamberheard,2016-12-08T23:26:58.000Z,"Los Angeles, CA",https://t.co/Ze18Ek9SOI,"Nephrologist. I observe. I write. Cherish your stories. Listen to each other’s. Writing in Medium, Physician’s Weekly, WSJ, NPR. Owner of @iggythepetrock",https://pbs.twimg.com/profile_images/1375288251460689923/IlWZ76Bz_normal.jpg,2161983944,"Sayed Tabatabai, MD",75967,2383,25746,407,TheRealDoctorT,2013-10-29T02:14:34.000Z,,"San Antonio, TX","[{'start': 102, 'end': 110, 'probability': 0.9856, 'type': 'Person', 'normalized_text': 'Brad Pitt'}]",
"[{'type': 'replied_to', 'id': '1096923805451137024'}]",1096924246155190273,Twitter for Android,en,2019-02-17T00:08:14.000Z,@realamberheard 😂😂😂 awesome,308174284,807003567605227520,0,0,1,0,,"[{'start': 0, 'end': 15, 'username': 'realamberheard', 'id': '807003567605227520'}]",172,68,2308,27,1096923805451137024,Twitter for iPhone,en,"[{'start': 60, 'end': 78, 'tag': 'downwithphotoshop'}]","[{'start': 79, 'end': 102, 'url': 'https://t.co/7Rwv0DvFLZ', 'expanded_url': 'https://twitter.com/realamberheard/status/1096923805451137024/photo/1', 'display_url': 'pic.twitter.com/7Rwv0DvFLZ'}]","[{'start': 35, 'end': 37, 'probability': 0.5015, 'type': 'Person', 'normalized_text': 'A.'}]",2019-02-17T00:06:29.000Z,"I still signed it though... love, ‘A.
(not pictured above)’ #downwithphotoshop https://t.co/7Rwv0DvFLZ",807003567605227520,"Actor and Activist, semi-professional disruptor, ice cream advocate and shameless teacup yorkie-lover",https://pbs.twimg.com/profile_images/1383196364792680448/N8CdupEu_normal.jpg,807003567605227520,Amber Heard,190464,220,1151,568,realamberheard,2016-12-08T23:26:58.000Z,"Los Angeles, CA",https://t.co/Ze18Ek9SOI,"the lily means, I DARE YOU TO LOVE ME 
 #LoveIsLove 🏳️‍🌈",https://pbs.twimg.com/profile_images/1496692840763588608/d8QNqmpd_normal.png,308174284,𝐘𝐞𝐬𝐢𝐢,1956,684,43946,11,YesiiFree,2011-05-30T23:30:38.000Z,,,,
"[{'type': 'replied_to', 'id': '1096923805451137024'}]",1096924171131645952,Twitter for iPhone,en,2019-02-17T00:07:56.000Z,@realamberheard She seems Amaia Salamanca,1058050023085236224,807003567605227520,0,0,5,0,,"[{'start': 0, 'end': 15, 'username': 'realamberheard', 'id': '807003567605227520'}]",172,68,2308,27,1096923805451137024,Twitter for iPhone,en,"[{'start': 60, 'end': 78, 'tag': 'downwithphotoshop'}]","[{'start': 79, 'end': 102, 'url': 'https://t.co/7Rwv0DvFLZ', 'expanded_url': 'https://twitter.com/realamberheard/status/1096923805451137024/photo/1', 'display_url': 'pic.twitter.com/7Rwv0DvFLZ'}]","[{'start': 35, 'end': 37, 'probability': 0.5015, 'type': 'Person', 'normalized_text': 'A.'}]",2019-02-17T00:06:29.000Z,"I still signed it though... love, ‘A.
(not pictured above)’ #downwithphotoshop https://t.co/7Rwv0DvFLZ",807003567605227520,"Actor and Activist, semi-professional disruptor, ice cream advocate and shameless teacup yorkie-lover",https://pbs.twimg.com/profile_images/1383196364792680448/N8CdupEu_normal.jpg,807003567605227520,Amber Heard,190464,220,1151,568,realamberheard,2016-12-08T23:26:58.000Z,"Los Angeles, CA",https://t.co/Ze18Ek9SOI,,https://pbs.twimg.com/profile_images/1451424972954611723/mGdEIeRV_normal.jpg,1058050023085236224,Carrie13,65,210,16509,0,CarrieTorres_13,2018-11-01T17:35:57.000Z,,,"[{'start': 26, 'end': 40, 'probability': 0.8002, 'type': 'Person', 'normalized_text': 'Amaia Salamanca'}]",
"[{'type': 'replied_to', 'id': '1096923805451137024'}]",1096924083885871104,Twitter for Android,en,2019-02-17T00:07:36.000Z,@realamberheard i love you 💕,2724444422,807003567605227520,0,0,2,1,,"[{'start': 0, 'end': 15, 'username': 'realamberheard', 'id': '807003567605227520'}]",172,68,2308,27,1096923805451137024,Twitter for iPhone,en,"[{'start': 60, 'end': 78, 'tag': 'downwithphotoshop'}]","[{'start': 79, 'end': 102, 'url': 'https://t.co/7Rwv0DvFLZ', 'expanded_url': 'https://twitter.com/realamberheard/status/1096923805451137024/photo/1', 'display_url': 'pic.twitter.com/7Rwv0DvFLZ'}]","[{'start': 35, 'end': 37, 'probability': 0.5015, 'type': 'Person', 'normalized_text': 'A.'}]",2019-02-17T00:06:29.000Z,"I still signed it though... love, ‘A.
(not pictured above)’ #downwithphotoshop https://t.co/7Rwv0DvFLZ",807003567605227520,"Actor and Activist, semi-professional disruptor, ice cream advocate and shameless teacup yorkie-lover",https://pbs.twimg.com/profile_images/1383196364792680448/N8CdupEu_normal.jpg,807003567605227520,Amber Heard,190464,220,1151,568,realamberheard,2016-12-08T23:26:58.000Z,"Los Angeles, CA",https://t.co/Ze18Ek9SOI,all r&b and hip hop culture,https://pbs.twimg.com/profile_images/1505214911051440135/SZpWBAtg_normal.jpg,2724444422,sasa,1230,583,61217,11,fkatwyez,2014-08-11T18:27:47.000Z,,,,
"[{'type': 'replied_to', 'id': '1096923805451137024'}]",1096924071227518976,Twitter Web Client,en,2019-02-17T00:07:33.000Z,@realamberheard want 1,2814993978,807003567605227520,0,0,1,0,,"[{'start': 0, 'end': 15, 'username': 'realamberheard', 'id': '807003567605227520'}]",172,68,2308,27,1096923805451137024,Twitter for iPhone,en,"[{'start': 60, 'end': 78, 'tag': 'downwithphotoshop'}]","[{'start': 79, 'end': 102, 'url': 'https://t.co/7Rwv0DvFLZ', 'expanded_url': 'https://twitter.com/realamberheard/status/1096923805451137024/photo/1', 'display_url': 'pic.twitter.com/7Rwv0DvFLZ'}]","[{'start': 35, 'end': 37, 'probability': 0.5015, 'type': 'Person', 'normalized_text': 'A.'}]",2019-02-17T00:06:29.000Z,"I still signed it though... love, ‘A.
(not pictured above)’ #downwithphotoshop https://t.co/7Rwv0DvFLZ",807003567605227520,"Actor and Activist, semi-professional disruptor, ice cream advocate and shameless teacup yorkie-lover",https://pbs.twimg.com/profile_images/1383196364792680448/N8CdupEu_normal.jpg,807003567605227520,Amber Heard,190464,220,1151,568,realamberheard,2016-12-08T23:26:58.000Z,"Los Angeles, CA",https://t.co/Ze18Ek9SOI,,https://pbs.twimg.com/profile_images/1453769378735009798/Elmo9ZH-_normal.jpg,2814993978,Harry,149,2289,21100,0,harrisxu45,2014-09-17T14:26:17.000Z,,"Maryland, USA",,
