created_at,source,referenced_tweets,lang,id,in_reply_to_user_id,text,author_id,entities.urls,entities.mentions,public_metrics.retweet_count,public_metrics.reply_count,public_metrics.like_count,public_metrics.quote_count,replied_tweet.created_at,replied_tweet.source,replied_tweet.referenced_tweets,replied_tweet.entities.hashtags,replied_tweet.entities.urls,replied_tweet.lang,replied_tweet.id,replied_tweet.text,replied_tweet.author_id,replied_tweet.public_metrics.retweet_count,replied_tweet.public_metrics.reply_count,replied_tweet.public_metrics.like_count,replied_tweet.public_metrics.quote_count,replied_tweet.author.url,replied_tweet.author.username,replied_tweet.author.description,replied_tweet.author.id,replied_tweet.author.location,replied_tweet.author.profile_image_url,replied_tweet.author.created_at,replied_tweet.author.public_metrics.followers_count,replied_tweet.author.public_metrics.following_count,replied_tweet.author.public_metrics.tweet_count,replied_tweet.author.public_metrics.listed_count,replied_tweet.author.name,author.url,author.username,author.description,author.id,author.profile_image_url,author.created_at,author.public_metrics.followers_count,author.public_metrics.following_count,author.public_metrics.tweet_count,author.public_metrics.listed_count,author.name,author.location,entities.annotations,entities.hashtags
2019-04-19T09:40:26.000Z,Twitter Web Client,"[{'type': 'replied_to', 'id': '1097596853309313025'}]",en,1119173902960349184,807003567605227520,@realamberheard Online child pornography awareness. Because it is non-existent on social media. IT IS For free--&gt;  because why isn't it? YOUR THOUGHTS PLEASE   https://yourthoughtsandideasplease.wordpress .com/ https://t.co/aiaWMTHWOH,1100861512468566021,"[{'start': 214, 'end': 237, 'url': 'https://t.co/aiaWMTHWOH', 'expanded_url': 'https://twitter.com/MastersInTrans1/status/1119173902960349184/photo/1', 'display_url': 'pic.twitter.com/aiaWMTHWOH'}]","[{'start': 0, 'end': 15, 'username': 'realamberheard', 'id': '807003567605227520'}]",0,0,0,0,2019-02-18T20:40:56.000Z,Twitter for iPhone,"[{'type': 'quoted', 'id': '1097594182280142849'}]","[{'start': 0, 'end': 14, 'tag': 'CasterSemenya'}, {'start': 225, 'end': 240, 'tag': 'HerBodyFuckOff'}]","[{'start': 241, 'end': 264, 'url': 'https://t.co/fWOOXBgZn5', 'expanded_url': 'https://twitter.com/realamberheard/status/1097594182280142849', 'display_url': 'twitter.com/realamberheard…'}]",en,1097596853309313025,#CasterSemenya doesn’t need corp middle aged white dudes telling her how they can make [athletic] completion more fair for HER (female athlete of color) - by telling her to change her natural biology so they “get it” better. #HerBodyFuckOff https://t.co/fWOOXBgZn5,807003567605227520,43,18,354,2,https://t.co/Ze18Ek9SOI,realamberheard,"Actor and Activist, semi-professional disruptor, ice cream advocate and shameless teacup yorkie-lover",807003567605227520,"Los Angeles, CA",https://pbs.twimg.com/profile_images/1383196364792680448/N8CdupEu_normal.jpg,2016-12-08T23:26:58.000Z,190464,220,1151,568,Amber Heard,https://t.co/WTVCQoDLUW,MastersInTrans1,WORLDS MOST SUCCESSFUL NO PROFIT NON PROFIT,1100861512468566021,https://pbs.twimg.com/profile_images/1167913150512947200/bWpAKXKT_normal.jpg,2019-02-27T20:53:32.000Z,85,840,2805,0,Masters In Transformation,,,
2019-02-25T12:04:56.000Z,Twitter for Android,"[{'type': 'replied_to', 'id': '1097596853309313025'}]",en,1100003709289984000,807003567605227520,@realamberheard Hey I am really not here to spread hate or something but you literally married a middle aged white dude who made you who you are now so I really don't get all this dislike for the category 😅,236473797,,"[{'start': 0, 'end': 15, 'username': 'realamberheard', 'id': '807003567605227520'}]",0,0,0,0,2019-02-18T20:40:56.000Z,Twitter for iPhone,"[{'type': 'quoted', 'id': '1097594182280142849'}]","[{'start': 0, 'end': 14, 'tag': 'CasterSemenya'}, {'start': 225, 'end': 240, 'tag': 'HerBodyFuckOff'}]","[{'start': 241, 'end': 264, 'url': 'https://t.co/fWOOXBgZn5', 'expanded_url': 'https://twitter.com/realamberheard/status/1097594182280142849', 'display_url': 'twitter.com/realamberheard…'}]",en,1097596853309313025,#CasterSemenya doesn’t need corp middle aged white dudes telling her how they can make [athletic] completion more fair for HER (female athlete of color) - by telling her to change her natural biology so they “get it” better. #HerBodyFuckOff https://t.co/fWOOXBgZn5,807003567605227520,43,18,354,2,https://t.co/Ze18Ek9SOI,realamberheard,"Actor and Activist, semi-professional disruptor, ice cream advocate and shameless teacup yorkie-lover",807003567605227520,"Los Angeles, CA",https://pbs.twimg.com/profile_images/1383196364792680448/N8CdupEu_normal.jpg,2016-12-08T23:26:58.000Z,190464,220,1151,568,Amber Heard,,CaterinaPierce8,,236473797,https://pbs.twimg.com/profile_images/1277331724431699972/XsWQSRmn_normal.jpg,2011-01-10T17:34:28.000Z,26,61,272,1,Sara Silvestri,"London, England",,
2019-02-23T23:58:36.000Z,Twitter Web App,"[{'type': 'replied_to', 'id': '1097868948362747905'}]",en,1099458535098863616,2976859817,"@claudistics @realamberheard If this person is intersex and has 3x the testosterone of a normal woman's range, why doesn't this person compete against men with the same testosterone level?

That would be fair.",231672203,,"[{'start': 0, 'end': 12, 'username': 'claudistics', 'id': '2976859817'}, {'start': 13, 'end': 28, 'username': 'realamberheard', 'id': '807003567605227520'}]",0,0,0,0,2019-02-18T20:40:56.000Z,Twitter for iPhone,"[{'type': 'quoted', 'id': '1097594182280142849'}]","[{'start': 0, 'end': 14, 'tag': 'CasterSemenya'}, {'start': 225, 'end': 240, 'tag': 'HerBodyFuckOff'}]","[{'start': 241, 'end': 264, 'url': 'https://t.co/fWOOXBgZn5', 'expanded_url': 'https://twitter.com/realamberheard/status/1097594182280142849', 'display_url': 'twitter.com/realamberheard…'}]",en,1097596853309313025,#CasterSemenya doesn’t need corp middle aged white dudes telling her how they can make [athletic] completion more fair for HER (female athlete of color) - by telling her to change her natural biology so they “get it” better. #HerBodyFuckOff https://t.co/fWOOXBgZn5,807003567605227520,43,18,354,2,https://t.co/Ze18Ek9SOI,realamberheard,"Actor and Activist, semi-professional disruptor, ice cream advocate and shameless teacup yorkie-lover",807003567605227520,"Los Angeles, CA",https://pbs.twimg.com/profile_images/1383196364792680448/N8CdupEu_normal.jpg,2016-12-08T23:26:58.000Z,190464,220,1151,568,Amber Heard,,BeckLuvsBunnies,"Blue state Deplorable blocked by @Shaunking @Georgegalloway @eugenegu @johnpavlovitz @pattyarquette

#RESIST46
#MAGA #Isles
#BackTheBlue",231672203,https://pbs.twimg.com/profile_images/966912616185528322/Si_mZl38_normal.jpg,2010-12-29T04:35:41.000Z,4923,5337,50638,3,Let's Go Brandon #WalkAway 🚂 🇺🇸 🇮🇱 🇺🇸 🇮🇱,"Long Island, NY",,
2019-02-20T15:56:11.000Z,Twitter for Android,"[{'type': 'replied_to', 'id': '1098249437506424833'}]",en,1098249969205686273,4396120342,@stirgussa @realamberheard Just a reflection of their idol. Look at amber fans they are going and attacking them they usually are on the defensive. @realamberheard does amazing activist work. That's why I'm a huge fan..,1048681219746140162,,"[{'start': 0, 'end': 10, 'username': 'stirgussa', 'id': '4396120342'}, {'start': 11, 'end': 26, 'username': 'realamberheard', 'id': '807003567605227520'}, {'start': 148, 'end': 163, 'username': 'realamberheard', 'id': '807003567605227520'}]",0,0,1,0,2019-02-18T20:40:56.000Z,Twitter for iPhone,"[{'type': 'quoted', 'id': '1097594182280142849'}]","[{'start': 0, 'end': 14, 'tag': 'CasterSemenya'}, {'start': 225, 'end': 240, 'tag': 'HerBodyFuckOff'}]","[{'start': 241, 'end': 264, 'url': 'https://t.co/fWOOXBgZn5', 'expanded_url': 'https://twitter.com/realamberheard/status/1097594182280142849', 'display_url': 'twitter.com/realamberheard…'}]",en,1097596853309313025,#CasterSemenya doesn’t need corp middle aged white dudes telling her how they can make [athletic] completion more fair for HER (female athlete of color) - by telling her to change her natural biology so they “get it” better. #HerBodyFuckOff https://t.co/fWOOXBgZn5,807003567605227520,43,18,354,2,https://t.co/Ze18Ek9SOI,realamberheard,"Actor and Activist, semi-professional disruptor, ice cream advocate and shameless teacup yorkie-lover",807003567605227520,"Los Angeles, CA",https://pbs.twimg.com/profile_images/1383196364792680448/N8CdupEu_normal.jpg,2016-12-08T23:26:58.000Z,190464,220,1151,568,Amber Heard,,TheRealKevinTE,"Equality is the only way to create a better future.....

#PickASide
#RaiseAFist",1048681219746140162,https://pbs.twimg.com/profile_images/1502321336148008967/R8OT5wEP_normal.jpg,2018-10-06T21:07:41.000Z,66711,57143,74969,66,Kevin Endicott,United States,"[{'start': 68, 'end': 72, 'probability': 0.4968, 'type': 'Person', 'normalized_text': 'amber'}]",
2019-02-20T15:54:05.000Z,Twitter for Android,"[{'type': 'replied_to', 'id': '1098232562462457857'}]",en,1098249437506424833,1048681219746140162,"@therealkevinTE @realamberheard Yeah
His trolls here are outright abusive themselves...",4396120342,,"[{'start': 0, 'end': 15, 'username': 'TheRealKevinTE', 'id': '1048681219746140162'}, {'start': 16, 'end': 31, 'username': 'realamberheard', 'id': '807003567605227520'}]",0,1,2,0,2019-02-18T20:40:56.000Z,Twitter for iPhone,"[{'type': 'quoted', 'id': '1097594182280142849'}]","[{'start': 0, 'end': 14, 'tag': 'CasterSemenya'}, {'start': 225, 'end': 240, 'tag': 'HerBodyFuckOff'}]","[{'start': 241, 'end': 264, 'url': 'https://t.co/fWOOXBgZn5', 'expanded_url': 'https://twitter.com/realamberheard/status/1097594182280142849', 'display_url': 'twitter.com/realamberheard…'}]",en,1097596853309313025,#CasterSemenya doesn’t need corp middle aged white dudes telling her how they can make [athletic] completion more fair for HER (female athlete of color) - by telling her to change her natural biology so they “get it” better. #HerBodyFuckOff https://t.co/fWOOXBgZn5,807003567605227520,43,18,354,2,https://t.co/Ze18Ek9SOI,realamberheard,"Actor and Activist, semi-professional disruptor, ice cream advocate and shameless teacup yorkie-lover",807003567605227520,"Los Angeles, CA",https://pbs.twimg.com/profile_images/1383196364792680448/N8CdupEu_normal.jpg,2016-12-08T23:26:58.000Z,190464,220,1151,568,Amber Heard,,stirgussa,"Only two things are infinite, the universe and human stupidity, and I'm not sure about the former. - Albert Einstein and Me!",4396120342,https://pbs.twimg.com/profile_images/1378175478478082050/UKLiQPuk_normal.jpg,2015-12-06T17:21:06.000Z,678,296,58624,26,STIRGUS SACCHETTI,,,
2019-02-20T14:47:01.000Z,Twitter for Android,"[{'type': 'replied_to', 'id': '1098231558228594689'}]",en,1098232562462457857,4396120342,@stirgussa @realamberheard I usually do but she Twitter stalked me showed up on two other non related tweets just to attacked.. I blocked and reported.. this Depp heard thing is cray cray.. u can usually tell alot about the idol by how their fans act,1048681219746140162,,"[{'start': 0, 'end': 10, 'username': 'stirgussa', 'id': '4396120342'}, {'start': 11, 'end': 26, 'username': 'realamberheard', 'id': '807003567605227520'}]",0,1,1,0,2019-02-18T20:40:56.000Z,Twitter for iPhone,"[{'type': 'quoted', 'id': '1097594182280142849'}]","[{'start': 0, 'end': 14, 'tag': 'CasterSemenya'}, {'start': 225, 'end': 240, 'tag': 'HerBodyFuckOff'}]","[{'start': 241, 'end': 264, 'url': 'https://t.co/fWOOXBgZn5', 'expanded_url': 'https://twitter.com/realamberheard/status/1097594182280142849', 'display_url': 'twitter.com/realamberheard…'}]",en,1097596853309313025,#CasterSemenya doesn’t need corp middle aged white dudes telling her how they can make [athletic] completion more fair for HER (female athlete of color) - by telling her to change her natural biology so they “get it” better. #HerBodyFuckOff https://t.co/fWOOXBgZn5,807003567605227520,43,18,354,2,https://t.co/Ze18Ek9SOI,realamberheard,"Actor and Activist, semi-professional disruptor, ice cream advocate and shameless teacup yorkie-lover",807003567605227520,"Los Angeles, CA",https://pbs.twimg.com/profile_images/1383196364792680448/N8CdupEu_normal.jpg,2016-12-08T23:26:58.000Z,190464,220,1151,568,Amber Heard,,TheRealKevinTE,"Equality is the only way to create a better future.....

#PickASide
#RaiseAFist",1048681219746140162,https://pbs.twimg.com/profile_images/1502321336148008967/R8OT5wEP_normal.jpg,2018-10-06T21:07:41.000Z,66711,57143,74969,66,Kevin Endicott,United States,"[{'start': 48, 'end': 54, 'probability': 0.7498, 'type': 'Product', 'normalized_text': 'Twitter'}, {'start': 158, 'end': 161, 'probability': 0.9581, 'type': 'Person', 'normalized_text': 'Depp'}]",
2019-02-20T14:43:02.000Z,Twitter for Android,"[{'type': 'replied_to', 'id': '1098012346033889280'}]",en,1098231558228594689,1048681219746140162,"@therealkevinTE @realamberheard I think I have that troll muted or something...I don't get her messages

And I never block/mute anyone so this must be just the most tiresome troll around to get me to silence her 
Just don't pay attention to these trolls...they need a life no attention from any of us 👍",4396120342,,"[{'start': 0, 'end': 15, 'username': 'TheRealKevinTE', 'id': '1048681219746140162'}, {'start': 16, 'end': 31, 'username': 'realamberheard', 'id': '807003567605227520'}]",0,1,2,0,2019-02-18T20:40:56.000Z,Twitter for iPhone,"[{'type': 'quoted', 'id': '1097594182280142849'}]","[{'start': 0, 'end': 14, 'tag': 'CasterSemenya'}, {'start': 225, 'end': 240, 'tag': 'HerBodyFuckOff'}]","[{'start': 241, 'end': 264, 'url': 'https://t.co/fWOOXBgZn5', 'expanded_url': 'https://twitter.com/realamberheard/status/1097594182280142849', 'display_url': 'twitter.com/realamberheard…'}]",en,1097596853309313025,#CasterSemenya doesn’t need corp middle aged white dudes telling her how they can make [athletic] completion more fair for HER (female athlete of color) - by telling her to change her natural biology so they “get it” better. #HerBodyFuckOff https://t.co/fWOOXBgZn5,807003567605227520,43,18,354,2,https://t.co/Ze18Ek9SOI,realamberheard,"Actor and Activist, semi-professional disruptor, ice cream advocate and shameless teacup yorkie-lover",807003567605227520,"Los Angeles, CA",https://pbs.twimg.com/profile_images/1383196364792680448/N8CdupEu_normal.jpg,2016-12-08T23:26:58.000Z,190464,220,1151,568,Amber Heard,,stirgussa,"Only two things are infinite, the universe and human stupidity, and I'm not sure about the former. - Albert Einstein and Me!",4396120342,https://pbs.twimg.com/profile_images/1378175478478082050/UKLiQPuk_normal.jpg,2015-12-06T17:21:06.000Z,678,296,58624,26,STIRGUS SACCHETTI,,,
2019-02-20T00:11:58.000Z,Twitter for Android,"[{'type': 'replied_to', 'id': '1097605644755128322'}]",en,1098012346033889280,4396120342,"@stirgussa @realamberheard @stirgussa did that little
Blue furby shut up last night",1048681219746140162,,"[{'start': 0, 'end': 10, 'username': 'stirgussa', 'id': '4396120342'}, {'start': 11, 'end': 26, 'username': 'realamberheard', 'id': '807003567605227520'}, {'start': 27, 'end': 37, 'username': 'stirgussa', 'id': '4396120342'}]",0,1,0,0,2019-02-18T20:40:56.000Z,Twitter for iPhone,"[{'type': 'quoted', 'id': '1097594182280142849'}]","[{'start': 0, 'end': 14, 'tag': 'CasterSemenya'}, {'start': 225, 'end': 240, 'tag': 'HerBodyFuckOff'}]","[{'start': 241, 'end': 264, 'url': 'https://t.co/fWOOXBgZn5', 'expanded_url': 'https://twitter.com/realamberheard/status/1097594182280142849', 'display_url': 'twitter.com/realamberheard…'}]",en,1097596853309313025,#CasterSemenya doesn’t need corp middle aged white dudes telling her how they can make [athletic] completion more fair for HER (female athlete of color) - by telling her to change her natural biology so they “get it” better. #HerBodyFuckOff https://t.co/fWOOXBgZn5,807003567605227520,43,18,354,2,https://t.co/Ze18Ek9SOI,realamberheard,"Actor and Activist, semi-professional disruptor, ice cream advocate and shameless teacup yorkie-lover",807003567605227520,"Los Angeles, CA",https://pbs.twimg.com/profile_images/1383196364792680448/N8CdupEu_normal.jpg,2016-12-08T23:26:58.000Z,190464,220,1151,568,Amber Heard,,TheRealKevinTE,"Equality is the only way to create a better future.....

#PickASide
#RaiseAFist",1048681219746140162,https://pbs.twimg.com/profile_images/1502321336148008967/R8OT5wEP_normal.jpg,2018-10-06T21:07:41.000Z,66711,57143,74969,66,Kevin Endicott,United States,,
2019-02-19T14:42:09.000Z,Twitter for iPhone,"[{'type': 'replied_to', 'id': '1097596853309313025'}]",en,1097868948362747905,807003567605227520,"@realamberheard thank you so much for supporting #intersex ppls’ right to compete in professional sports, inc the Olympics ❤️ #intersexcellence",2976859817,,"[{'start': 0, 'end': 15, 'username': 'realamberheard', 'id': '807003567605227520'}]",0,1,2,0,2019-02-18T20:40:56.000Z,Twitter for iPhone,"[{'type': 'quoted', 'id': '1097594182280142849'}]","[{'start': 0, 'end': 14, 'tag': 'CasterSemenya'}, {'start': 225, 'end': 240, 'tag': 'HerBodyFuckOff'}]","[{'start': 241, 'end': 264, 'url': 'https://t.co/fWOOXBgZn5', 'expanded_url': 'https://twitter.com/realamberheard/status/1097594182280142849', 'display_url': 'twitter.com/realamberheard…'}]",en,1097596853309313025,#CasterSemenya doesn’t need corp middle aged white dudes telling her how they can make [athletic] completion more fair for HER (female athlete of color) - by telling her to change her natural biology so they “get it” better. #HerBodyFuckOff https://t.co/fWOOXBgZn5,807003567605227520,43,18,354,2,https://t.co/Ze18Ek9SOI,realamberheard,"Actor and Activist, semi-professional disruptor, ice cream advocate and shameless teacup yorkie-lover",807003567605227520,"Los Angeles, CA",https://pbs.twimg.com/profile_images/1383196364792680448/N8CdupEu_normal.jpg,2016-12-08T23:26:58.000Z,190464,220,1151,568,Amber Heard,https://t.co/NxQ3OMLfX1,claudistics,"PhD candidate @TheRealNYCEP | Evo bio, vert paleo, bioanth | 🦷 Dental evo-devo | #ToothyTuesday | Sexual polymorphism | #DiversityinSTEM #intersex 🌈 she/her",2976859817,https://pbs.twimg.com/profile_images/1189572308366581762/wHJVAPLm_normal.jpg,2015-01-13T18:20:45.000Z,4146,3612,44051,104,Claudia #TeamTooth Astorino 🦷✨,unceded Massa-adchu-es-et land,,"[{'start': 49, 'end': 58, 'tag': 'intersex'}, {'start': 126, 'end': 143, 'tag': 'intersexcellence'}]"
2019-02-19T10:48:14.000Z,Twitter for iPhone,"[{'type': 'replied_to', 'id': '1097596853309313025'}]",en,1097810083122200576,807003567605227520,"@realamberheard Hello, there is a terrific guy in general. And to call him Andrew. He wants Amber’s children from you. He will be a terrific husband !!!",794714479653253120,,"[{'start': 0, 'end': 15, 'username': 'realamberheard', 'id': '807003567605227520'}]",0,0,0,0,2019-02-18T20:40:56.000Z,Twitter for iPhone,"[{'type': 'quoted', 'id': '1097594182280142849'}]","[{'start': 0, 'end': 14, 'tag': 'CasterSemenya'}, {'start': 225, 'end': 240, 'tag': 'HerBodyFuckOff'}]","[{'start': 241, 'end': 264, 'url': 'https://t.co/fWOOXBgZn5', 'expanded_url': 'https://twitter.com/realamberheard/status/1097594182280142849', 'display_url': 'twitter.com/realamberheard…'}]",en,1097596853309313025,#CasterSemenya doesn’t need corp middle aged white dudes telling her how they can make [athletic] completion more fair for HER (female athlete of color) - by telling her to change her natural biology so they “get it” better. #HerBodyFuckOff https://t.co/fWOOXBgZn5,807003567605227520,43,18,354,2,https://t.co/Ze18Ek9SOI,realamberheard,"Actor and Activist, semi-professional disruptor, ice cream advocate and shameless teacup yorkie-lover",807003567605227520,"Los Angeles, CA",https://pbs.twimg.com/profile_images/1383196364792680448/N8CdupEu_normal.jpg,2016-12-08T23:26:58.000Z,190464,220,1151,568,Amber Heard,,WleoWww,,794714479653253120,https://pbs.twimg.com/profile_images/1099256875768528896/vu4MNOhL_normal.jpg,2016-11-05T01:34:31.000Z,1,11,227,0,Лёня,,"[{'start': 75, 'end': 80, 'probability': 0.9904, 'type': 'Person', 'normalized_text': 'Andrew'}, {'start': 92, 'end': 96, 'probability': 0.9631, 'type': 'Person', 'normalized_text': 'Amber'}]",
2019-02-19T10:05:07.000Z,Twitter for Android,"[{'type': 'replied_to', 'id': '1097596853309313025'}]",und,1097799231618928640,807003567605227520,@realamberheard 👏👏👏👏👏👏👏👏,2418727499,,"[{'start': 0, 'end': 15, 'username': 'realamberheard', 'id': '807003567605227520'}]",0,0,0,0,2019-02-18T20:40:56.000Z,Twitter for iPhone,"[{'type': 'quoted', 'id': '1097594182280142849'}]","[{'start': 0, 'end': 14, 'tag': 'CasterSemenya'}, {'start': 225, 'end': 240, 'tag': 'HerBodyFuckOff'}]","[{'start': 241, 'end': 264, 'url': 'https://t.co/fWOOXBgZn5', 'expanded_url': 'https://twitter.com/realamberheard/status/1097594182280142849', 'display_url': 'twitter.com/realamberheard…'}]",en,1097596853309313025,#CasterSemenya doesn’t need corp middle aged white dudes telling her how they can make [athletic] completion more fair for HER (female athlete of color) - by telling her to change her natural biology so they “get it” better. #HerBodyFuckOff https://t.co/fWOOXBgZn5,807003567605227520,43,18,354,2,https://t.co/Ze18Ek9SOI,realamberheard,"Actor and Activist, semi-professional disruptor, ice cream advocate and shameless teacup yorkie-lover",807003567605227520,"Los Angeles, CA",https://pbs.twimg.com/profile_images/1383196364792680448/N8CdupEu_normal.jpg,2016-12-08T23:26:58.000Z,190464,220,1151,568,Amber Heard,,Kath_J_Mc,"🐾 Lover of dogs,  passionate about Motogp!🏁🏍.....Rugby.... 🏉....and Manchester United ⚽🔴",2418727499,https://pbs.twimg.com/profile_images/1265213795468795906/jLIEyqEp_normal.jpg,2014-03-17T23:30:25.000Z,116,583,10600,0,Kath 🐾,Beautiful Cape Town 🌞🗺,,
2019-02-19T08:12:00.000Z,Twitter for Android,"[{'type': 'replied_to', 'id': '1097596853309313025'}]",en,1097770766471315461,807003567605227520,"@realamberheard 🏂💖❤💕🐳🐬🐳🐬🐬🐳
miss you mera @realamberheard",1071614258096431104,,"[{'start': 0, 'end': 15, 'username': 'realamberheard', 'id': '807003567605227520'}, {'start': 41, 'end': 56, 'username': 'realamberheard', 'id': '807003567605227520'}]",0,0,0,0,2019-02-18T20:40:56.000Z,Twitter for iPhone,"[{'type': 'quoted', 'id': '1097594182280142849'}]","[{'start': 0, 'end': 14, 'tag': 'CasterSemenya'}, {'start': 225, 'end': 240, 'tag': 'HerBodyFuckOff'}]","[{'start': 241, 'end': 264, 'url': 'https://t.co/fWOOXBgZn5', 'expanded_url': 'https://twitter.com/realamberheard/status/1097594182280142849', 'display_url': 'twitter.com/realamberheard…'}]",en,1097596853309313025,#CasterSemenya doesn’t need corp middle aged white dudes telling her how they can make [athletic] completion more fair for HER (female athlete of color) - by telling her to change her natural biology so they “get it” better. #HerBodyFuckOff https://t.co/fWOOXBgZn5,807003567605227520,43,18,354,2,https://t.co/Ze18Ek9SOI,realamberheard,"Actor and Activist, semi-professional disruptor, ice cream advocate and shameless teacup yorkie-lover",807003567605227520,"Los Angeles, CA",https://pbs.twimg.com/profile_images/1383196364792680448/N8CdupEu_normal.jpg,2016-12-08T23:26:58.000Z,190464,220,1151,568,Amber Heard,,Joyawahid1,"@Lisaandriansalon💇💆💄💅
Hair n make up",1071614258096431104,https://pbs.twimg.com/profile_images/1123131394597634050/m5Toggin_normal.jpg,2018-12-09T03:55:23.000Z,5,82,389,0,Joya_wahid                          🐬🐳🐬🐳🐋🐳🐬,"DKI Jakarta,bali,Indonesia",,
2019-02-19T04:28:51.000Z,Twitter for Android,"[{'type': 'replied_to', 'id': '1097714048794222592'}]",en,1097714608775811073,1052982473859059712,@Jellybeanflavo1 @stirgussa @realamberheard And guess what if I want to change views I have that right.,1048681219746140162,,"[{'start': 0, 'end': 16, 'username': 'jellybeanflavo1', 'id': '1240443847508930560'}, {'start': 17, 'end': 27, 'username': 'stirgussa', 'id': '4396120342'}, {'start': 28, 'end': 43, 'username': 'realamberheard', 'id': '807003567605227520'}]",0,0,0,0,2019-02-18T20:40:56.000Z,Twitter for iPhone,"[{'type': 'quoted', 'id': '1097594182280142849'}]","[{'start': 0, 'end': 14, 'tag': 'CasterSemenya'}, {'start': 225, 'end': 240, 'tag': 'HerBodyFuckOff'}]","[{'start': 241, 'end': 264, 'url': 'https://t.co/fWOOXBgZn5', 'expanded_url': 'https://twitter.com/realamberheard/status/1097594182280142849', 'display_url': 'twitter.com/realamberheard…'}]",en,1097596853309313025,#CasterSemenya doesn’t need corp middle aged white dudes telling her how they can make [athletic] completion more fair for HER (female athlete of color) - by telling her to change her natural biology so they “get it” better. #HerBodyFuckOff https://t.co/fWOOXBgZn5,807003567605227520,43,18,354,2,https://t.co/Ze18Ek9SOI,realamberheard,"Actor and Activist, semi-professional disruptor, ice cream advocate and shameless teacup yorkie-lover",807003567605227520,"Los Angeles, CA",https://pbs.twimg.com/profile_images/1383196364792680448/N8CdupEu_normal.jpg,2016-12-08T23:26:58.000Z,190464,220,1151,568,Amber Heard,,TheRealKevinTE,"Equality is the only way to create a better future.....

#PickASide
#RaiseAFist",1048681219746140162,https://pbs.twimg.com/profile_images/1502321336148008967/R8OT5wEP_normal.jpg,2018-10-06T21:07:41.000Z,66711,57143,74969,66,Kevin Endicott,United States,,
2019-02-19T04:25:26.000Z,Twitter for Android,"[{'type': 'replied_to', 'id': '1097711805927804928'}]",en,1097713746754056192,1052982473859059712,@Jellybeanflavo1 @stirgussa @realamberheard I believe someone is stalking me.. I've got more important things to do. I listened it made sense and I decided to go with my own views. If u dont like it block me.,1048681219746140162,,"[{'start': 0, 'end': 16, 'username': 'jellybeanflavo1', 'id': '1240443847508930560'}, {'start': 17, 'end': 27, 'username': 'stirgussa', 'id': '4396120342'}, {'start': 28, 'end': 43, 'username': 'realamberheard', 'id': '807003567605227520'}]",0,0,0,0,2019-02-18T20:40:56.000Z,Twitter for iPhone,"[{'type': 'quoted', 'id': '1097594182280142849'}]","[{'start': 0, 'end': 14, 'tag': 'CasterSemenya'}, {'start': 225, 'end': 240, 'tag': 'HerBodyFuckOff'}]","[{'start': 241, 'end': 264, 'url': 'https://t.co/fWOOXBgZn5', 'expanded_url': 'https://twitter.com/realamberheard/status/1097594182280142849', 'display_url': 'twitter.com/realamberheard…'}]",en,1097596853309313025,#CasterSemenya doesn’t need corp middle aged white dudes telling her how they can make [athletic] completion more fair for HER (female athlete of color) - by telling her to change her natural biology so they “get it” better. #HerBodyFuckOff https://t.co/fWOOXBgZn5,807003567605227520,43,18,354,2,https://t.co/Ze18Ek9SOI,realamberheard,"Actor and Activist, semi-professional disruptor, ice cream advocate and shameless teacup yorkie-lover",807003567605227520,"Los Angeles, CA",https://pbs.twimg.com/profile_images/1383196364792680448/N8CdupEu_normal.jpg,2016-12-08T23:26:58.000Z,190464,220,1151,568,Amber Heard,,TheRealKevinTE,"Equality is the only way to create a better future.....

#PickASide
#RaiseAFist",1048681219746140162,https://pbs.twimg.com/profile_images/1502321336148008967/R8OT5wEP_normal.jpg,2018-10-06T21:07:41.000Z,66711,57143,74969,66,Kevin Endicott,United States,,
2019-02-18T21:55:45.000Z,Twitter for Android,"[{'type': 'replied_to', 'id': '1097596853309313025'}]",pt,1097615679673511937,807003567605227520,@realamberheard Verdade,276097327,,"[{'start': 0, 'end': 15, 'username': 'realamberheard', 'id': '807003567605227520'}]",0,0,0,0,2019-02-18T20:40:56.000Z,Twitter for iPhone,"[{'type': 'quoted', 'id': '1097594182280142849'}]","[{'start': 0, 'end': 14, 'tag': 'CasterSemenya'}, {'start': 225, 'end': 240, 'tag': 'HerBodyFuckOff'}]","[{'start': 241, 'end': 264, 'url': 'https://t.co/fWOOXBgZn5', 'expanded_url': 'https://twitter.com/realamberheard/status/1097594182280142849', 'display_url': 'twitter.com/realamberheard…'}]",en,1097596853309313025,#CasterSemenya doesn’t need corp middle aged white dudes telling her how they can make [athletic] completion more fair for HER (female athlete of color) - by telling her to change her natural biology so they “get it” better. #HerBodyFuckOff https://t.co/fWOOXBgZn5,807003567605227520,43,18,354,2,https://t.co/Ze18Ek9SOI,realamberheard,"Actor and Activist, semi-professional disruptor, ice cream advocate and shameless teacup yorkie-lover",807003567605227520,"Los Angeles, CA",https://pbs.twimg.com/profile_images/1383196364792680448/N8CdupEu_normal.jpg,2016-12-08T23:26:58.000Z,190464,220,1151,568,Amber Heard,,leonidasdiamant,"Corretor de Imoveis no Estado do SP
e Gamer na horas vagas .",276097327,https://pbs.twimg.com/profile_images/1418708491246743555/55L7MdoH_normal.jpg,2011-04-02T16:59:58.000Z,6,109,1669,0,Leônidas Junior,,,
2019-02-18T21:17:42.000Z,Twitter for Android,"[{'type': 'replied_to', 'id': '1097605644755128322'}]",en,1097606105532940288,4396120342,@stirgussa @realamberheard I just dont understand men. Trying so hard to keep that control.. 🤯,1048681219746140162,,"[{'start': 0, 'end': 10, 'username': 'stirgussa', 'id': '4396120342'}, {'start': 11, 'end': 26, 'username': 'realamberheard', 'id': '807003567605227520'}]",0,0,1,0,2019-02-18T20:40:56.000Z,Twitter for iPhone,"[{'type': 'quoted', 'id': '1097594182280142849'}]","[{'start': 0, 'end': 14, 'tag': 'CasterSemenya'}, {'start': 225, 'end': 240, 'tag': 'HerBodyFuckOff'}]","[{'start': 241, 'end': 264, 'url': 'https://t.co/fWOOXBgZn5', 'expanded_url': 'https://twitter.com/realamberheard/status/1097594182280142849', 'display_url': 'twitter.com/realamberheard…'}]",en,1097596853309313025,#CasterSemenya doesn’t need corp middle aged white dudes telling her how they can make [athletic] completion more fair for HER (female athlete of color) - by telling her to change her natural biology so they “get it” better. #HerBodyFuckOff https://t.co/fWOOXBgZn5,807003567605227520,43,18,354,2,https://t.co/Ze18Ek9SOI,realamberheard,"Actor and Activist, semi-professional disruptor, ice cream advocate and shameless teacup yorkie-lover",807003567605227520,"Los Angeles, CA",https://pbs.twimg.com/profile_images/1383196364792680448/N8CdupEu_normal.jpg,2016-12-08T23:26:58.000Z,190464,220,1151,568,Amber Heard,,TheRealKevinTE,"Equality is the only way to create a better future.....

#PickASide
#RaiseAFist",1048681219746140162,https://pbs.twimg.com/profile_images/1502321336148008967/R8OT5wEP_normal.jpg,2018-10-06T21:07:41.000Z,66711,57143,74969,66,Kevin Endicott,United States,,
2019-02-18T21:15:52.000Z,Twitter for Android,"[{'type': 'replied_to', 'id': '1097603433081831431'}]",en,1097605644755128322,1048681219746140162,@therealkevinTE @realamberheard I think I agree 😫,4396120342,,"[{'start': 0, 'end': 15, 'username': 'TheRealKevinTE', 'id': '1048681219746140162'}, {'start': 16, 'end': 31, 'username': 'realamberheard', 'id': '807003567605227520'}]",0,2,1,0,2019-02-18T20:40:56.000Z,Twitter for iPhone,"[{'type': 'quoted', 'id': '1097594182280142849'}]","[{'start': 0, 'end': 14, 'tag': 'CasterSemenya'}, {'start': 225, 'end': 240, 'tag': 'HerBodyFuckOff'}]","[{'start': 241, 'end': 264, 'url': 'https://t.co/fWOOXBgZn5', 'expanded_url': 'https://twitter.com/realamberheard/status/1097594182280142849', 'display_url': 'twitter.com/realamberheard…'}]",en,1097596853309313025,#CasterSemenya doesn’t need corp middle aged white dudes telling her how they can make [athletic] completion more fair for HER (female athlete of color) - by telling her to change her natural biology so they “get it” better. #HerBodyFuckOff https://t.co/fWOOXBgZn5,807003567605227520,43,18,354,2,https://t.co/Ze18Ek9SOI,realamberheard,"Actor and Activist, semi-professional disruptor, ice cream advocate and shameless teacup yorkie-lover",807003567605227520,"Los Angeles, CA",https://pbs.twimg.com/profile_images/1383196364792680448/N8CdupEu_normal.jpg,2016-12-08T23:26:58.000Z,190464,220,1151,568,Amber Heard,,stirgussa,"Only two things are infinite, the universe and human stupidity, and I'm not sure about the former. - Albert Einstein and Me!",4396120342,https://pbs.twimg.com/profile_images/1378175478478082050/UKLiQPuk_normal.jpg,2015-12-06T17:21:06.000Z,678,296,58624,26,STIRGUS SACCHETTI,,,
2019-02-18T21:07:05.000Z,Twitter for Android,"[{'type': 'replied_to', 'id': '1097599641196118017'}]",en,1097603433081831431,4396120342,@stirgussa @realamberheard Humiliating is a understatement.. this is flat out abuse in my book,1048681219746140162,,"[{'start': 0, 'end': 10, 'username': 'stirgussa', 'id': '4396120342'}, {'start': 11, 'end': 26, 'username': 'realamberheard', 'id': '807003567605227520'}]",0,1,1,0,2019-02-18T20:40:56.000Z,Twitter for iPhone,"[{'type': 'quoted', 'id': '1097594182280142849'}]","[{'start': 0, 'end': 14, 'tag': 'CasterSemenya'}, {'start': 225, 'end': 240, 'tag': 'HerBodyFuckOff'}]","[{'start': 241, 'end': 264, 'url': 'https://t.co/fWOOXBgZn5', 'expanded_url': 'https://twitter.com/realamberheard/status/1097594182280142849', 'display_url': 'twitter.com/realamberheard…'}]",en,1097596853309313025,#CasterSemenya doesn’t need corp middle aged white dudes telling her how they can make [athletic] completion more fair for HER (female athlete of color) - by telling her to change her natural biology so they “get it” better. #HerBodyFuckOff https://t.co/fWOOXBgZn5,807003567605227520,43,18,354,2,https://t.co/Ze18Ek9SOI,realamberheard,"Actor and Activist, semi-professional disruptor, ice cream advocate and shameless teacup yorkie-lover",807003567605227520,"Los Angeles, CA",https://pbs.twimg.com/profile_images/1383196364792680448/N8CdupEu_normal.jpg,2016-12-08T23:26:58.000Z,190464,220,1151,568,Amber Heard,,TheRealKevinTE,"Equality is the only way to create a better future.....

#PickASide
#RaiseAFist",1048681219746140162,https://pbs.twimg.com/profile_images/1502321336148008967/R8OT5wEP_normal.jpg,2018-10-06T21:07:41.000Z,66711,57143,74969,66,Kevin Endicott,United States,,
2019-02-18T21:06:22.000Z,Twitter for Android,"[{'type': 'replied_to', 'id': '1097596853309313025'}]",en,1097603252684771328,807003567605227520,@realamberheard @realamberheard agreed I wrote a book in the last post. Explaining why I believe this is fucked up. Its makes me pissed cause they dont ask the men to take a drug.. why and I mean why do men believe they should tell a woman what she should do with her body.,1048681219746140162,,"[{'start': 0, 'end': 15, 'username': 'realamberheard', 'id': '807003567605227520'}, {'start': 16, 'end': 31, 'username': 'realamberheard', 'id': '807003567605227520'}]",0,0,2,0,2019-02-18T20:40:56.000Z,Twitter for iPhone,"[{'type': 'quoted', 'id': '1097594182280142849'}]","[{'start': 0, 'end': 14, 'tag': 'CasterSemenya'}, {'start': 225, 'end': 240, 'tag': 'HerBodyFuckOff'}]","[{'start': 241, 'end': 264, 'url': 'https://t.co/fWOOXBgZn5', 'expanded_url': 'https://twitter.com/realamberheard/status/1097594182280142849', 'display_url': 'twitter.com/realamberheard…'}]",en,1097596853309313025,#CasterSemenya doesn’t need corp middle aged white dudes telling her how they can make [athletic] completion more fair for HER (female athlete of color) - by telling her to change her natural biology so they “get it” better. #HerBodyFuckOff https://t.co/fWOOXBgZn5,807003567605227520,43,18,354,2,https://t.co/Ze18Ek9SOI,realamberheard,"Actor and Activist, semi-professional disruptor, ice cream advocate and shameless teacup yorkie-lover",807003567605227520,"Los Angeles, CA",https://pbs.twimg.com/profile_images/1383196364792680448/N8CdupEu_normal.jpg,2016-12-08T23:26:58.000Z,190464,220,1151,568,Amber Heard,,TheRealKevinTE,"Equality is the only way to create a better future.....

#PickASide
#RaiseAFist",1048681219746140162,https://pbs.twimg.com/profile_images/1502321336148008967/R8OT5wEP_normal.jpg,2018-10-06T21:07:41.000Z,66711,57143,74969,66,Kevin Endicott,United States,,
2019-02-18T20:58:58.000Z,Twitter for iPhone,"[{'type': 'replied_to', 'id': '1097596853309313025'}]",en,1097601390078242816,807003567605227520,"@realamberheard To comment or not to comment !? As a former sportsman and working in the television area for many years I think IAAF has made many mistakes, but also positive things. The current situation is something like Serena must play tennis with men not with women. This is a mistake!",186000388,,"[{'start': 0, 'end': 15, 'username': 'realamberheard', 'id': '807003567605227520'}]",0,0,0,0,2019-02-18T20:40:56.000Z,Twitter for iPhone,"[{'type': 'quoted', 'id': '1097594182280142849'}]","[{'start': 0, 'end': 14, 'tag': 'CasterSemenya'}, {'start': 225, 'end': 240, 'tag': 'HerBodyFuckOff'}]","[{'start': 241, 'end': 264, 'url': 'https://t.co/fWOOXBgZn5', 'expanded_url': 'https://twitter.com/realamberheard/status/1097594182280142849', 'display_url': 'twitter.com/realamberheard…'}]",en,1097596853309313025,#CasterSemenya doesn’t need corp middle aged white dudes telling her how they can make [athletic] completion more fair for HER (female athlete of color) - by telling her to change her natural biology so they “get it” better. #HerBodyFuckOff https://t.co/fWOOXBgZn5,807003567605227520,43,18,354,2,https://t.co/Ze18Ek9SOI,realamberheard,"Actor and Activist, semi-professional disruptor, ice cream advocate and shameless teacup yorkie-lover",807003567605227520,"Los Angeles, CA",https://pbs.twimg.com/profile_images/1383196364792680448/N8CdupEu_normal.jpg,2016-12-08T23:26:58.000Z,190464,220,1151,568,Amber Heard,,one_adriano,Producer🎬 Video editor 📽 Freelancer💻 Television,186000388,https://pbs.twimg.com/profile_images/1094151065262538752/HkLgGdtz_normal.jpg,2010-09-02T10:29:08.000Z,83,1495,183,1,Adrian Gheorghe,"Bucharest, Romania","[{'start': 128, 'end': 131, 'probability': 0.4562, 'type': 'Person', 'normalized_text': 'IAAF'}, {'start': 223, 'end': 228, 'probability': 0.9852, 'type': 'Person', 'normalized_text': 'Serena'}]",
2019-02-18T20:52:01.000Z,Twitter for Android,"[{'type': 'replied_to', 'id': '1097596853309313025'}]",en,1097599641196118017,807003567605227520,"@realamberheard What's next?
Trying to change the biology of races so they will have no advantage over ""white"" sportsmen?

This is ridiculous...and humiliating. 
She's naturally like this, it's her body #LeaveHerAlone",4396120342,,"[{'start': 0, 'end': 15, 'username': 'realamberheard', 'id': '807003567605227520'}]",0,1,3,0,2019-02-18T20:40:56.000Z,Twitter for iPhone,"[{'type': 'quoted', 'id': '1097594182280142849'}]","[{'start': 0, 'end': 14, 'tag': 'CasterSemenya'}, {'start': 225, 'end': 240, 'tag': 'HerBodyFuckOff'}]","[{'start': 241, 'end': 264, 'url': 'https://t.co/fWOOXBgZn5', 'expanded_url': 'https://twitter.com/realamberheard/status/1097594182280142849', 'display_url': 'twitter.com/realamberheard…'}]",en,1097596853309313025,#CasterSemenya doesn’t need corp middle aged white dudes telling her how they can make [athletic] completion more fair for HER (female athlete of color) - by telling her to change her natural biology so they “get it” better. #HerBodyFuckOff https://t.co/fWOOXBgZn5,807003567605227520,43,18,354,2,https://t.co/Ze18Ek9SOI,realamberheard,"Actor and Activist, semi-professional disruptor, ice cream advocate and shameless teacup yorkie-lover",807003567605227520,"Los Angeles, CA",https://pbs.twimg.com/profile_images/1383196364792680448/N8CdupEu_normal.jpg,2016-12-08T23:26:58.000Z,190464,220,1151,568,Amber Heard,,stirgussa,"Only two things are infinite, the universe and human stupidity, and I'm not sure about the former. - Albert Einstein and Me!",4396120342,https://pbs.twimg.com/profile_images/1378175478478082050/UKLiQPuk_normal.jpg,2015-12-06T17:21:06.000Z,678,296,58624,26,STIRGUS SACCHETTI,,,"[{'start': 203, 'end': 217, 'tag': 'LeaveHerAlone'}]"
2019-02-18T20:45:19.000Z,Twitter Web Client,"[{'type': 'replied_to', 'id': '1097596853309313025'}]",en,1097597957023526912,807003567605227520,@realamberheard What about Asian dudes or Black dudes?  Does their opinion carry more weight?,797194222726037505,,"[{'start': 0, 'end': 15, 'username': 'realamberheard', 'id': '807003567605227520'}]",0,0,1,0,2019-02-18T20:40:56.000Z,Twitter for iPhone,"[{'type': 'quoted', 'id': '1097594182280142849'}]","[{'start': 0, 'end': 14, 'tag': 'CasterSemenya'}, {'start': 225, 'end': 240, 'tag': 'HerBodyFuckOff'}]","[{'start': 241, 'end': 264, 'url': 'https://t.co/fWOOXBgZn5', 'expanded_url': 'https://twitter.com/realamberheard/status/1097594182280142849', 'display_url': 'twitter.com/realamberheard…'}]",en,1097596853309313025,#CasterSemenya doesn’t need corp middle aged white dudes telling her how they can make [athletic] completion more fair for HER (female athlete of color) - by telling her to change her natural biology so they “get it” better. #HerBodyFuckOff https://t.co/fWOOXBgZn5,807003567605227520,43,18,354,2,https://t.co/Ze18Ek9SOI,realamberheard,"Actor and Activist, semi-professional disruptor, ice cream advocate and shameless teacup yorkie-lover",807003567605227520,"Los Angeles, CA",https://pbs.twimg.com/profile_images/1383196364792680448/N8CdupEu_normal.jpg,2016-12-08T23:26:58.000Z,190464,220,1151,568,Amber Heard,https://t.co/yoYMUExXZA,ExcaliburForge,An Aspie with an attitude.  Certified shitlord.  Possibly a Russian bot.,797194222726037505,https://pbs.twimg.com/profile_images/797199438594772992/ewa4oZpd_normal.jpg,2016-11-11T21:48:08.000Z,58,276,5559,0,Big Mike🏴󠁧󠁢󠁳󠁣󠁴󠁿🇮🇪,Occupied,,
