source,text,lang,created_at,in_reply_to_user_id,author_id,referenced_tweets,id,entities.mentions,entities.urls,public_metrics.retweet_count,public_metrics.reply_count,public_metrics.like_count,public_metrics.quote_count,replied_tweet.source,replied_tweet.text,replied_tweet.lang,replied_tweet.created_at,replied_tweet.entities.mentions,replied_tweet.entities.urls,replied_tweet.entities.hashtags,replied_tweet.public_metrics.retweet_count,replied_tweet.public_metrics.reply_count,replied_tweet.public_metrics.like_count,replied_tweet.public_metrics.quote_count,replied_tweet.author_id,replied_tweet.id,replied_tweet.author.username,replied_tweet.author.location,replied_tweet.author.public_metrics.followers_count,replied_tweet.author.public_metrics.following_count,replied_tweet.author.public_metrics.tweet_count,replied_tweet.author.public_metrics.listed_count,replied_tweet.author.name,replied_tweet.author.url,replied_tweet.author.id,replied_tweet.author.created_at,replied_tweet.author.profile_image_url,replied_tweet.author.description,author.username,author.public_metrics.followers_count,author.public_metrics.following_count,author.public_metrics.tweet_count,author.public_metrics.listed_count,author.name,author.url,author.id,author.created_at,author.profile_image_url,author.description,entities.annotations,entities.hashtags,author.location
Twitter Web Client,@realamberheard @marieclaireuk @SalesforceUK @unitednations Online child pornography awareness. Because it is non-existent on social media. IT IS For free--&gt;  because why isn't it? YOUR THOUGHTS PLEASE   https://yourthoughtsandideasplease.wordpress .com/ https://t.co/eJhvyIzdgv,en,2019-04-19T09:35:30.000Z,807003567605227520,1100861512468566021,"[{'type': 'replied_to', 'id': '1103960944525230080'}]",1119172663891693569,"[{'start': 0, 'end': 15, 'username': 'realamberheard', 'id': '807003567605227520'}, {'start': 16, 'end': 30, 'username': 'marieclaireuk', 'id': '15735744'}, {'start': 31, 'end': 44, 'username': 'SalesforceUK', 'id': '1016244928945541120'}, {'start': 45, 'end': 59, 'username': 'unitednations', 'id': '14998923'}]","[{'start': 258, 'end': 281, 'url': 'https://t.co/eJhvyIzdgv', 'expanded_url': 'https://twitter.com/MastersInTrans1/status/1119172663891693569/photo/1', 'display_url': 'pic.twitter.com/eJhvyIzdgv'}]",0,0,0,0,Twitter for iPhone,We’re greater when we’re equal #IWD @marieclaireuk @salesforceuk @unitednations https://t.co/Jf1t7Z5r70,en,2019-03-08T10:09:34.000Z,"[{'start': 36, 'end': 50, 'username': 'marieclaireuk', 'id': '15735744'}, {'start': 51, 'end': 64, 'username': 'SalesforceUK', 'id': '1016244928945541120'}, {'start': 65, 'end': 79, 'username': 'unitednations', 'id': '14998923'}]","[{'start': 80, 'end': 103, 'url': 'https://t.co/Jf1t7Z5r70', 'expanded_url': 'https://twitter.com/realamberheard/status/1103960944525230080/photo/1', 'display_url': 'pic.twitter.com/Jf1t7Z5r70'}]","[{'start': 31, 'end': 35, 'tag': 'IWD'}]",157,31,1240,21,807003567605227520,1103960944525230080,realamberheard,"Los Angeles, CA",190464,220,1151,568,Amber Heard,https://t.co/Ze18Ek9SOI,807003567605227520,2016-12-08T23:26:58.000Z,https://pbs.twimg.com/profile_images/1383196364792680448/N8CdupEu_normal.jpg,"Actor and Activist, semi-professional disruptor, ice cream advocate and shameless teacup yorkie-lover",MastersInTrans1,85,840,2805,0,Masters In Transformation,https://t.co/WTVCQoDLUW,1100861512468566021,2019-02-27T20:53:32.000Z,https://pbs.twimg.com/profile_images/1167913150512947200/bWpAKXKT_normal.jpg,WORLDS MOST SUCCESSFUL NO PROFIT NON PROFIT,,,
Twitter Web App,"@lynx666guit @realamberheard @marieclaireuk @SalesforceUK @unitednations 292 pages of evidence for #AmberHeard against #JohnnyDepp 

Amber should be EQUAL and deserves better 🛡🛡

https://t.co/DRQwujIkyo",en,2019-04-14T17:39:50.000Z,616411209,847762217546137600,"[{'type': 'replied_to', 'id': '1105223118749077504'}]",1117482611046096896,"[{'start': 0, 'end': 12, 'username': 'lynx666guit', 'id': '616411209'}, {'start': 13, 'end': 28, 'username': 'realamberheard', 'id': '807003567605227520'}, {'start': 29, 'end': 43, 'username': 'marieclaireuk', 'id': '15735744'}, {'start': 44, 'end': 57, 'username': 'SalesforceUK', 'id': '1016244928945541120'}, {'start': 58, 'end': 72, 'username': 'unitednations', 'id': '14998923'}]","[{'start': 179, 'end': 202, 'url': 'https://t.co/DRQwujIkyo', 'expanded_url': 'https://www.documentcloud.org/documents/5835867-Amber-Heard-Motion-to-Dismiss.html#document/', 'display_url': 'documentcloud.org/documents/5835…', 'images': [{'url': 'https://pbs.twimg.com/news_img/1506703957061685249/nElZja_s?format=jpg&name=orig', 'width': 700, 'height': 906}, {'url': 'https://pbs.twimg.com/news_img/1506703957061685249/nElZja_s?format=jpg&name=150x150', 'width': 150, 'height': 150}], 'status': 200, 'title': 'Amber Heard Motion to Dismiss', 'unwound_url': 'https://www.documentcloud.org/documents/5835867-Amber-Heard-Motion-to-Dismiss.html#document/'}]",0,0,1,0,Twitter for iPhone,We’re greater when we’re equal #IWD @marieclaireuk @salesforceuk @unitednations https://t.co/Jf1t7Z5r70,en,2019-03-08T10:09:34.000Z,"[{'start': 36, 'end': 50, 'username': 'marieclaireuk', 'id': '15735744'}, {'start': 51, 'end': 64, 'username': 'SalesforceUK', 'id': '1016244928945541120'}, {'start': 65, 'end': 79, 'username': 'unitednations', 'id': '14998923'}]","[{'start': 80, 'end': 103, 'url': 'https://t.co/Jf1t7Z5r70', 'expanded_url': 'https://twitter.com/realamberheard/status/1103960944525230080/photo/1', 'display_url': 'pic.twitter.com/Jf1t7Z5r70'}]","[{'start': 31, 'end': 35, 'tag': 'IWD'}]",157,31,1240,21,807003567605227520,1103960944525230080,realamberheard,"Los Angeles, CA",190464,220,1151,568,Amber Heard,https://t.co/Ze18Ek9SOI,807003567605227520,2016-12-08T23:26:58.000Z,https://pbs.twimg.com/profile_images/1383196364792680448/N8CdupEu_normal.jpg,"Actor and Activist, semi-professional disruptor, ice cream advocate and shameless teacup yorkie-lover",XTinaTaft,2649,4555,32729,21,Christina Taft 🧬CEO🏖🎶✈️,https://t.co/7SykGO7PSU,847762217546137600,2017-03-31T10:47:18.000Z,https://pbs.twimg.com/profile_images/1180185247884824576/3Zvt_F6Y_normal.jpg,#Founder Social Media for Good ~ https://t.co/7SykGO7PSU🚀Better World #CEO✈Innovator🎉#Egalitarian🎸#Entrepreneur🐬#Tech🏖#Futurist💡#Motivationology☀️#Data🧡#WomenInPower,"[{'start': 133, 'end': 137, 'probability': 0.7263, 'type': 'Person', 'normalized_text': 'Amber'}]","[{'start': 99, 'end': 110, 'tag': 'AmberHeard'}, {'start': 119, 'end': 130, 'tag': 'JohnnyDepp'}]",Worldie.com & International 🚀
Twitter for iPhone,@realamberheard @marieclaireuk @SalesforceUK @unitednations 87.,und,2019-03-19T20:26:11.000Z,807003567605227520,50077766,"[{'type': 'replied_to', 'id': '1103960944525230080'}]",1108102389666668545,"[{'start': 0, 'end': 15, 'username': 'realamberheard', 'id': '807003567605227520'}, {'start': 16, 'end': 30, 'username': 'marieclaireuk', 'id': '15735744'}, {'start': 31, 'end': 44, 'username': 'SalesforceUK', 'id': '1016244928945541120'}, {'start': 45, 'end': 59, 'username': 'unitednations', 'id': '14998923'}]",,0,0,0,0,Twitter for iPhone,We’re greater when we’re equal #IWD @marieclaireuk @salesforceuk @unitednations https://t.co/Jf1t7Z5r70,en,2019-03-08T10:09:34.000Z,"[{'start': 36, 'end': 50, 'username': 'marieclaireuk', 'id': '15735744'}, {'start': 51, 'end': 64, 'username': 'SalesforceUK', 'id': '1016244928945541120'}, {'start': 65, 'end': 79, 'username': 'unitednations', 'id': '14998923'}]","[{'start': 80, 'end': 103, 'url': 'https://t.co/Jf1t7Z5r70', 'expanded_url': 'https://twitter.com/realamberheard/status/1103960944525230080/photo/1', 'display_url': 'pic.twitter.com/Jf1t7Z5r70'}]","[{'start': 31, 'end': 35, 'tag': 'IWD'}]",157,31,1240,21,807003567605227520,1103960944525230080,realamberheard,"Los Angeles, CA",190464,220,1151,568,Amber Heard,https://t.co/Ze18Ek9SOI,807003567605227520,2016-12-08T23:26:58.000Z,https://pbs.twimg.com/profile_images/1383196364792680448/N8CdupEu_normal.jpg,"Actor and Activist, semi-professional disruptor, ice cream advocate and shameless teacup yorkie-lover",EDA__81,526,1700,5945,10,Soul House,https://t.co/1oe2hqpkTv,50077766,2009-06-23T19:41:07.000Z,https://pbs.twimg.com/profile_images/1317901740751159296/VJ_Prm6g_normal.jpg,"Soul Reader, Intuitive Healer.
Artist & Designer.",,,Houston 
Twitter for iPhone,@realamberheard @marieclaireuk @SalesforceUK @unitednations Is you being sarcastic? Because https://t.co/vQ5FRe5iQ7,en,2019-03-18T08:29:46.000Z,807003567605227520,1104108973823852544,"[{'type': 'replied_to', 'id': '1103960944525230080'}]",1107559709408677888,"[{'start': 0, 'end': 15, 'username': 'realamberheard', 'id': '807003567605227520'}, {'start': 16, 'end': 30, 'username': 'marieclaireuk', 'id': '15735744'}, {'start': 31, 'end': 44, 'username': 'SalesforceUK', 'id': '1016244928945541120'}, {'start': 45, 'end': 59, 'username': 'unitednations', 'id': '14998923'}]","[{'start': 92, 'end': 115, 'url': 'https://t.co/vQ5FRe5iQ7', 'expanded_url': 'https://twitter.com/hellafreakygal/status/1107559709408677888/photo/1', 'display_url': 'pic.twitter.com/vQ5FRe5iQ7'}]",0,0,1,0,Twitter for iPhone,We’re greater when we’re equal #IWD @marieclaireuk @salesforceuk @unitednations https://t.co/Jf1t7Z5r70,en,2019-03-08T10:09:34.000Z,"[{'start': 36, 'end': 50, 'username': 'marieclaireuk', 'id': '15735744'}, {'start': 51, 'end': 64, 'username': 'SalesforceUK', 'id': '1016244928945541120'}, {'start': 65, 'end': 79, 'username': 'unitednations', 'id': '14998923'}]","[{'start': 80, 'end': 103, 'url': 'https://t.co/Jf1t7Z5r70', 'expanded_url': 'https://twitter.com/realamberheard/status/1103960944525230080/photo/1', 'display_url': 'pic.twitter.com/Jf1t7Z5r70'}]","[{'start': 31, 'end': 35, 'tag': 'IWD'}]",157,31,1240,21,807003567605227520,1103960944525230080,realamberheard,"Los Angeles, CA",190464,220,1151,568,Amber Heard,https://t.co/Ze18Ek9SOI,807003567605227520,2016-12-08T23:26:58.000Z,https://pbs.twimg.com/profile_images/1383196364792680448/N8CdupEu_normal.jpg,"Actor and Activist, semi-professional disruptor, ice cream advocate and shameless teacup yorkie-lover",hellafreakygal,263,107,680,0,IG: Sanskari Babygirl,,1104108973823852544,2019-03-08T19:57:47.000Z,https://pbs.twimg.com/profile_images/1352692964200427524/3OusMgjO_normal.jpg,fk you hehe,,,
Twitter for Android,@realamberheard @marieclaireuk @SalesforceUK @unitednations #psycho #ShameAmber,und,2019-03-16T12:34:57.000Z,807003567605227520,601487076,"[{'type': 'replied_to', 'id': '1103960944525230080'}]",1106896632736436229,"[{'start': 0, 'end': 15, 'username': 'realamberheard', 'id': '807003567605227520'}, {'start': 16, 'end': 30, 'username': 'marieclaireuk', 'id': '15735744'}, {'start': 31, 'end': 44, 'username': 'SalesforceUK', 'id': '1016244928945541120'}, {'start': 45, 'end': 59, 'username': 'unitednations', 'id': '14998923'}]",,0,0,0,0,Twitter for iPhone,We’re greater when we’re equal #IWD @marieclaireuk @salesforceuk @unitednations https://t.co/Jf1t7Z5r70,en,2019-03-08T10:09:34.000Z,"[{'start': 36, 'end': 50, 'username': 'marieclaireuk', 'id': '15735744'}, {'start': 51, 'end': 64, 'username': 'SalesforceUK', 'id': '1016244928945541120'}, {'start': 65, 'end': 79, 'username': 'unitednations', 'id': '14998923'}]","[{'start': 80, 'end': 103, 'url': 'https://t.co/Jf1t7Z5r70', 'expanded_url': 'https://twitter.com/realamberheard/status/1103960944525230080/photo/1', 'display_url': 'pic.twitter.com/Jf1t7Z5r70'}]","[{'start': 31, 'end': 35, 'tag': 'IWD'}]",157,31,1240,21,807003567605227520,1103960944525230080,realamberheard,"Los Angeles, CA",190464,220,1151,568,Amber Heard,https://t.co/Ze18Ek9SOI,807003567605227520,2016-12-08T23:26:58.000Z,https://pbs.twimg.com/profile_images/1383196364792680448/N8CdupEu_normal.jpg,"Actor and Activist, semi-professional disruptor, ice cream advocate and shameless teacup yorkie-lover",PancakePartiez,5,17,108,0,Pancake Parties,,601487076,2012-06-07T00:18:17.000Z,https://pbs.twimg.com/profile_images/1078866291123879938/XvH6SEa__normal.jpg,Just farming,,"[{'start': 60, 'end': 67, 'tag': 'psycho'}, {'start': 68, 'end': 79, 'tag': 'ShameAmber'}]",
Twitter Web Client,@realamberheard @marieclaireuk @SalesforceUK @unitednations Say that to Johnny Depp #JusticeForJohnnyDepp,en,2019-03-15T07:28:53.000Z,807003567605227520,2197259222,"[{'type': 'replied_to', 'id': '1103960944525230080'}]",1106457221515350016,"[{'start': 0, 'end': 15, 'username': 'realamberheard', 'id': '807003567605227520'}, {'start': 16, 'end': 30, 'username': 'marieclaireuk', 'id': '15735744'}, {'start': 31, 'end': 44, 'username': 'SalesforceUK', 'id': '1016244928945541120'}, {'start': 45, 'end': 59, 'username': 'unitednations', 'id': '14998923'}]",,0,0,0,0,Twitter for iPhone,We’re greater when we’re equal #IWD @marieclaireuk @salesforceuk @unitednations https://t.co/Jf1t7Z5r70,en,2019-03-08T10:09:34.000Z,"[{'start': 36, 'end': 50, 'username': 'marieclaireuk', 'id': '15735744'}, {'start': 51, 'end': 64, 'username': 'SalesforceUK', 'id': '1016244928945541120'}, {'start': 65, 'end': 79, 'username': 'unitednations', 'id': '14998923'}]","[{'start': 80, 'end': 103, 'url': 'https://t.co/Jf1t7Z5r70', 'expanded_url': 'https://twitter.com/realamberheard/status/1103960944525230080/photo/1', 'display_url': 'pic.twitter.com/Jf1t7Z5r70'}]","[{'start': 31, 'end': 35, 'tag': 'IWD'}]",157,31,1240,21,807003567605227520,1103960944525230080,realamberheard,"Los Angeles, CA",190464,220,1151,568,Amber Heard,https://t.co/Ze18Ek9SOI,807003567605227520,2016-12-08T23:26:58.000Z,https://pbs.twimg.com/profile_images/1383196364792680448/N8CdupEu_normal.jpg,"Actor and Activist, semi-professional disruptor, ice cream advocate and shameless teacup yorkie-lover",CVDasher,3,1,35,0,CV Dash,,2197259222,2013-11-16T07:05:07.000Z,https://pbs.twimg.com/profile_images/1283556053658021889/vXUajk3y_normal.jpg,"I create synthwave music, am an unprofessional gamer and I like giving my opinion on things (also thought the nae nae song was made by Soulja Boy, send help)","[{'start': 72, 'end': 82, 'probability': 0.9903, 'type': 'Person', 'normalized_text': 'Johnny Depp'}]","[{'start': 84, 'end': 105, 'tag': 'JusticeForJohnnyDepp'}]",Denmark
Twitter for iPhone,@UkDeppheads @realamberheard @marieclaireuk @SalesforceUK @unitednations https://t.co/K2PPeXZ8qC,und,2019-03-14T17:44:30.000Z,1015995624863555584,3593987482,"[{'type': 'replied_to', 'id': '1104084406187245568'}]",1106249759449407489,"[{'start': 0, 'end': 12, 'username': 'UkDeppheads', 'id': '1015995624863555584'}, {'start': 13, 'end': 28, 'username': 'realamberheard', 'id': '807003567605227520'}, {'start': 29, 'end': 43, 'username': 'marieclaireuk', 'id': '15735744'}, {'start': 44, 'end': 57, 'username': 'SalesforceUK', 'id': '1016244928945541120'}, {'start': 58, 'end': 72, 'username': 'unitednations', 'id': '14998923'}]","[{'start': 73, 'end': 96, 'url': 'https://t.co/K2PPeXZ8qC', 'expanded_url': 'https://www.courthousenews.com/wp-content/uploads/2019/03/DeppHeard.pdf', 'display_url': 'courthousenews.com/wp-content/upl…'}]",0,0,0,0,Twitter for iPhone,We’re greater when we’re equal #IWD @marieclaireuk @salesforceuk @unitednations https://t.co/Jf1t7Z5r70,en,2019-03-08T10:09:34.000Z,"[{'start': 36, 'end': 50, 'username': 'marieclaireuk', 'id': '15735744'}, {'start': 51, 'end': 64, 'username': 'SalesforceUK', 'id': '1016244928945541120'}, {'start': 65, 'end': 79, 'username': 'unitednations', 'id': '14998923'}]","[{'start': 80, 'end': 103, 'url': 'https://t.co/Jf1t7Z5r70', 'expanded_url': 'https://twitter.com/realamberheard/status/1103960944525230080/photo/1', 'display_url': 'pic.twitter.com/Jf1t7Z5r70'}]","[{'start': 31, 'end': 35, 'tag': 'IWD'}]",157,31,1240,21,807003567605227520,1103960944525230080,realamberheard,"Los Angeles, CA",190464,220,1151,568,Amber Heard,https://t.co/Ze18Ek9SOI,807003567605227520,2016-12-08T23:26:58.000Z,https://pbs.twimg.com/profile_images/1383196364792680448/N8CdupEu_normal.jpg,"Actor and Activist, semi-professional disruptor, ice cream advocate and shameless teacup yorkie-lover",healermakika,41,277,1227,0,Rachael Carlson,,3593987482,2015-09-09T02:42:28.000Z,https://pbs.twimg.com/profile_images/1176562700815671297/uVM0gjQN_normal.jpg,"science lover, artist, memes, gamer, nerd",,,
Twitter for iPhone,@realamberheard @marieclaireuk @SalesforceUK @unitednations You’re equal to criminals and psychopaths    https://t.co/K2PPeXZ8qC.,en,2019-03-14T17:44:07.000Z,807003567605227520,3593987482,"[{'type': 'replied_to', 'id': '1103960944525230080'}]",1106249662489657349,"[{'start': 0, 'end': 15, 'username': 'realamberheard', 'id': '807003567605227520'}, {'start': 16, 'end': 30, 'username': 'marieclaireuk', 'id': '15735744'}, {'start': 31, 'end': 44, 'username': 'SalesforceUK', 'id': '1016244928945541120'}, {'start': 45, 'end': 59, 'username': 'unitednations', 'id': '14998923'}]","[{'start': 105, 'end': 128, 'url': 'https://t.co/K2PPeXZ8qC', 'expanded_url': 'https://www.courthousenews.com/wp-content/uploads/2019/03/DeppHeard.pdf', 'display_url': 'courthousenews.com/wp-content/upl…'}]",0,0,0,0,Twitter for iPhone,We’re greater when we’re equal #IWD @marieclaireuk @salesforceuk @unitednations https://t.co/Jf1t7Z5r70,en,2019-03-08T10:09:34.000Z,"[{'start': 36, 'end': 50, 'username': 'marieclaireuk', 'id': '15735744'}, {'start': 51, 'end': 64, 'username': 'SalesforceUK', 'id': '1016244928945541120'}, {'start': 65, 'end': 79, 'username': 'unitednations', 'id': '14998923'}]","[{'start': 80, 'end': 103, 'url': 'https://t.co/Jf1t7Z5r70', 'expanded_url': 'https://twitter.com/realamberheard/status/1103960944525230080/photo/1', 'display_url': 'pic.twitter.com/Jf1t7Z5r70'}]","[{'start': 31, 'end': 35, 'tag': 'IWD'}]",157,31,1240,21,807003567605227520,1103960944525230080,realamberheard,"Los Angeles, CA",190464,220,1151,568,Amber Heard,https://t.co/Ze18Ek9SOI,807003567605227520,2016-12-08T23:26:58.000Z,https://pbs.twimg.com/profile_images/1383196364792680448/N8CdupEu_normal.jpg,"Actor and Activist, semi-professional disruptor, ice cream advocate and shameless teacup yorkie-lover",healermakika,41,277,1227,0,Rachael Carlson,,3593987482,2015-09-09T02:42:28.000Z,https://pbs.twimg.com/profile_images/1176562700815671297/uVM0gjQN_normal.jpg,"science lover, artist, memes, gamer, nerd",,,
Twitter for iPhone,@realamberheard @marieclaireuk @SalesforceUK @unitednations Oh boy count me out from equality then if it means I have to be equal to an abuser and a Liar,en,2019-03-13T13:50:19.000Z,807003567605227520,2403137286,"[{'type': 'replied_to', 'id': '1103960944525230080'}]",1105828438127112193,"[{'start': 0, 'end': 15, 'username': 'realamberheard', 'id': '807003567605227520'}, {'start': 16, 'end': 30, 'username': 'marieclaireuk', 'id': '15735744'}, {'start': 31, 'end': 44, 'username': 'SalesforceUK', 'id': '1016244928945541120'}, {'start': 45, 'end': 59, 'username': 'unitednations', 'id': '14998923'}]",,0,0,3,0,Twitter for iPhone,We’re greater when we’re equal #IWD @marieclaireuk @salesforceuk @unitednations https://t.co/Jf1t7Z5r70,en,2019-03-08T10:09:34.000Z,"[{'start': 36, 'end': 50, 'username': 'marieclaireuk', 'id': '15735744'}, {'start': 51, 'end': 64, 'username': 'SalesforceUK', 'id': '1016244928945541120'}, {'start': 65, 'end': 79, 'username': 'unitednations', 'id': '14998923'}]","[{'start': 80, 'end': 103, 'url': 'https://t.co/Jf1t7Z5r70', 'expanded_url': 'https://twitter.com/realamberheard/status/1103960944525230080/photo/1', 'display_url': 'pic.twitter.com/Jf1t7Z5r70'}]","[{'start': 31, 'end': 35, 'tag': 'IWD'}]",157,31,1240,21,807003567605227520,1103960944525230080,realamberheard,"Los Angeles, CA",190464,220,1151,568,Amber Heard,https://t.co/Ze18Ek9SOI,807003567605227520,2016-12-08T23:26:58.000Z,https://pbs.twimg.com/profile_images/1383196364792680448/N8CdupEu_normal.jpg,"Actor and Activist, semi-professional disruptor, ice cream advocate and shameless teacup yorkie-lover",LeoDixon1969,449,599,4801,0,🌈🌸Leo Dixon✨🦄,,2403137286,2014-03-22T11:31:02.000Z,https://pbs.twimg.com/profile_images/1314628003658428418/kTT1wN7J_normal.jpg,"#WANGXIAN IS MY NEW RELIGION FUCKING FIGHT ME 
WEN NING IS MY BABY AND I WILL FUCKING KILL FOR HIM
 nie Mingjue and lan XiChen can bend me over anytime 👉🏻✨👈",,,Depression land 
Twitter Web Client,@realamberheard @marieclaireuk @SalesforceUK @unitednations How can you be equal to what when you don't know who you are?Falsify docs that could have gottent your dogs put to sleep. Launched a campaign supported by pictures you are too guilty to include pictures data of time place taken. FACE OF LIES!,en,2019-03-11T21:45:00.000Z,807003567605227520,616411209,"[{'type': 'replied_to', 'id': '1103960944525230080'}]",1105223118749077504,"[{'start': 0, 'end': 15, 'username': 'realamberheard', 'id': '807003567605227520'}, {'start': 16, 'end': 30, 'username': 'marieclaireuk', 'id': '15735744'}, {'start': 31, 'end': 44, 'username': 'SalesforceUK', 'id': '1016244928945541120'}, {'start': 45, 'end': 59, 'username': 'unitednations', 'id': '14998923'}]",,0,1,14,0,Twitter for iPhone,We’re greater when we’re equal #IWD @marieclaireuk @salesforceuk @unitednations https://t.co/Jf1t7Z5r70,en,2019-03-08T10:09:34.000Z,"[{'start': 36, 'end': 50, 'username': 'marieclaireuk', 'id': '15735744'}, {'start': 51, 'end': 64, 'username': 'SalesforceUK', 'id': '1016244928945541120'}, {'start': 65, 'end': 79, 'username': 'unitednations', 'id': '14998923'}]","[{'start': 80, 'end': 103, 'url': 'https://t.co/Jf1t7Z5r70', 'expanded_url': 'https://twitter.com/realamberheard/status/1103960944525230080/photo/1', 'display_url': 'pic.twitter.com/Jf1t7Z5r70'}]","[{'start': 31, 'end': 35, 'tag': 'IWD'}]",157,31,1240,21,807003567605227520,1103960944525230080,realamberheard,"Los Angeles, CA",190464,220,1151,568,Amber Heard,https://t.co/Ze18Ek9SOI,807003567605227520,2016-12-08T23:26:58.000Z,https://pbs.twimg.com/profile_images/1383196364792680448/N8CdupEu_normal.jpg,"Actor and Activist, semi-professional disruptor, ice cream advocate and shameless teacup yorkie-lover",lynx666guit,3,27,224,0,lynx,,616411209,2012-06-23T18:06:39.000Z,https://pbs.twimg.com/profile_images/1408383778364563456/y76WsZ9w_normal.jpg,"time bomb, loose cannon",,,nyc
Twitter Web App,"@realamberheard @marieclaireuk @SalesforceUK @unitednations #Stalkarazzi Nothing “Real” about #fakecelebs #fakebrands #fakemedia diverting #income and #Solutions via #facialrecognition #fakealgorithms #InTheStyle #Nobel nom #crooner #actress #supermodel #Cynthia Basinet, right #JackNicholson #EnoughIsEnough #misogyny! #IPaintFree",en,2019-03-11T19:28:29.000Z,807003567605227520,15664534,"[{'type': 'replied_to', 'id': '1103960944525230080'}]",1105188762882134017,"[{'start': 0, 'end': 15, 'username': 'realamberheard', 'id': '807003567605227520'}, {'start': 16, 'end': 30, 'username': 'marieclaireuk', 'id': '15735744'}, {'start': 31, 'end': 44, 'username': 'SalesforceUK', 'id': '1016244928945541120'}, {'start': 45, 'end': 59, 'username': 'unitednations', 'id': '14998923'}]",,0,0,1,0,Twitter for iPhone,We’re greater when we’re equal #IWD @marieclaireuk @salesforceuk @unitednations https://t.co/Jf1t7Z5r70,en,2019-03-08T10:09:34.000Z,"[{'start': 36, 'end': 50, 'username': 'marieclaireuk', 'id': '15735744'}, {'start': 51, 'end': 64, 'username': 'SalesforceUK', 'id': '1016244928945541120'}, {'start': 65, 'end': 79, 'username': 'unitednations', 'id': '14998923'}]","[{'start': 80, 'end': 103, 'url': 'https://t.co/Jf1t7Z5r70', 'expanded_url': 'https://twitter.com/realamberheard/status/1103960944525230080/photo/1', 'display_url': 'pic.twitter.com/Jf1t7Z5r70'}]","[{'start': 31, 'end': 35, 'tag': 'IWD'}]",157,31,1240,21,807003567605227520,1103960944525230080,realamberheard,"Los Angeles, CA",190464,220,1151,568,Amber Heard,https://t.co/Ze18Ek9SOI,807003567605227520,2016-12-08T23:26:58.000Z,https://pbs.twimg.com/profile_images/1383196364792680448/N8CdupEu_normal.jpg,"Actor and Activist, semi-professional disruptor, ice cream advocate and shameless teacup yorkie-lover",cynthiabasinet,1966,750,44949,111,#Cynthia Basinet #StandwithUkraine,https://t.co/FF92CeDIY7,15664534,2008-07-30T19:14:56.000Z,https://pbs.twimg.com/profile_images/1502032575514218505/xBRhKGsK_normal.jpg,#IPaintFree #Cynthia = #Nobel Nom #entertainer “#Basinet is truly one of the great #voices of our time.”,,"[{'start': 60, 'end': 72, 'tag': 'Stalkarazzi'}, {'start': 94, 'end': 105, 'tag': 'fakecelebs'}, {'start': 106, 'end': 117, 'tag': 'fakebrands'}, {'start': 118, 'end': 128, 'tag': 'fakemedia'}, {'start': 139, 'end': 146, 'tag': 'income'}, {'start': 151, 'end': 161, 'tag': 'Solutions'}, {'start': 166, 'end': 184, 'tag': 'facialrecognition'}, {'start': 185, 'end': 200, 'tag': 'fakealgorithms'}, {'start': 201, 'end': 212, 'tag': 'InTheStyle'}, {'start': 213, 'end': 219, 'tag': 'Nobel'}, {'start': 224, 'end': 232, 'tag': 'crooner'}, {'start': 233, 'end': 241, 'tag': 'actress'}, {'start': 242, 'end': 253, 'tag': 'supermodel'}, {'start': 254, 'end': 262, 'tag': 'Cynthia'}, {'start': 278, 'end': 292, 'tag': 'JackNicholson'}, {'start': 293, 'end': 308, 'tag': 'EnoughIsEnough'}, {'start': 309, 'end': 318, 'tag': 'misogyny'}, {'start': 320, 'end': 331, 'tag': 'IPaintFree'}]",#military-industrial-Congressi
Twitter for iPhone,@realamberheard @marieclaireuk @SalesforceUK @unitednations Abuser.,en,2019-03-11T14:27:00.000Z,807003567605227520,765194212153241600,"[{'type': 'replied_to', 'id': '1103960944525230080'}]",1105112893677162496,"[{'start': 0, 'end': 15, 'username': 'realamberheard', 'id': '807003567605227520'}, {'start': 16, 'end': 30, 'username': 'marieclaireuk', 'id': '15735744'}, {'start': 31, 'end': 44, 'username': 'SalesforceUK', 'id': '1016244928945541120'}, {'start': 45, 'end': 59, 'username': 'unitednations', 'id': '14998923'}]",,0,0,7,0,Twitter for iPhone,We’re greater when we’re equal #IWD @marieclaireuk @salesforceuk @unitednations https://t.co/Jf1t7Z5r70,en,2019-03-08T10:09:34.000Z,"[{'start': 36, 'end': 50, 'username': 'marieclaireuk', 'id': '15735744'}, {'start': 51, 'end': 64, 'username': 'SalesforceUK', 'id': '1016244928945541120'}, {'start': 65, 'end': 79, 'username': 'unitednations', 'id': '14998923'}]","[{'start': 80, 'end': 103, 'url': 'https://t.co/Jf1t7Z5r70', 'expanded_url': 'https://twitter.com/realamberheard/status/1103960944525230080/photo/1', 'display_url': 'pic.twitter.com/Jf1t7Z5r70'}]","[{'start': 31, 'end': 35, 'tag': 'IWD'}]",157,31,1240,21,807003567605227520,1103960944525230080,realamberheard,"Los Angeles, CA",190464,220,1151,568,Amber Heard,https://t.co/Ze18Ek9SOI,807003567605227520,2016-12-08T23:26:58.000Z,https://pbs.twimg.com/profile_images/1383196364792680448/N8CdupEu_normal.jpg,"Actor and Activist, semi-professional disruptor, ice cream advocate and shameless teacup yorkie-lover",tashamohd05,454,748,36440,0,Tasha🇲🇾🇵🇸,,765194212153241600,2016-08-15T14:31:31.000Z,https://pbs.twimg.com/profile_images/1477387374292201472/QXykT8W9_normal.jpg,Find me at the eye clinic.,,,"Pahang, Malaysia"
Twitter for Android,@realamberheard @marieclaireuk @SalesforceUK @unitednations I agree with that mam,en,2019-03-09T14:00:09.000Z,807003567605227520,1075576838590685184,"[{'type': 'replied_to', 'id': '1103960944525230080'}]",1104381358900568065,"[{'start': 0, 'end': 15, 'username': 'realamberheard', 'id': '807003567605227520'}, {'start': 16, 'end': 30, 'username': 'marieclaireuk', 'id': '15735744'}, {'start': 31, 'end': 44, 'username': 'SalesforceUK', 'id': '1016244928945541120'}, {'start': 45, 'end': 59, 'username': 'unitednations', 'id': '14998923'}]",,0,0,0,0,Twitter for iPhone,We’re greater when we’re equal #IWD @marieclaireuk @salesforceuk @unitednations https://t.co/Jf1t7Z5r70,en,2019-03-08T10:09:34.000Z,"[{'start': 36, 'end': 50, 'username': 'marieclaireuk', 'id': '15735744'}, {'start': 51, 'end': 64, 'username': 'SalesforceUK', 'id': '1016244928945541120'}, {'start': 65, 'end': 79, 'username': 'unitednations', 'id': '14998923'}]","[{'start': 80, 'end': 103, 'url': 'https://t.co/Jf1t7Z5r70', 'expanded_url': 'https://twitter.com/realamberheard/status/1103960944525230080/photo/1', 'display_url': 'pic.twitter.com/Jf1t7Z5r70'}]","[{'start': 31, 'end': 35, 'tag': 'IWD'}]",157,31,1240,21,807003567605227520,1103960944525230080,realamberheard,"Los Angeles, CA",190464,220,1151,568,Amber Heard,https://t.co/Ze18Ek9SOI,807003567605227520,2016-12-08T23:26:58.000Z,https://pbs.twimg.com/profile_images/1383196364792680448/N8CdupEu_normal.jpg,"Actor and Activist, semi-professional disruptor, ice cream advocate and shameless teacup yorkie-lover",Ejazshaik7,0,6,2,0,Ejazshaik,,1075576838590685184,2018-12-20T02:21:16.000Z,https://pbs.twimg.com/profile_images/1133547828435914753/HXqzPqMK_normal.jpg,,,,
Twitter for Android,@realamberheard @marieclaireuk @SalesforceUK @unitednations But you were still in Machete!,en,2019-03-09T11:54:26.000Z,807003567605227520,145368651,"[{'type': 'replied_to', 'id': '1103960944525230080'}]",1104349725313122304,"[{'start': 0, 'end': 15, 'username': 'realamberheard', 'id': '807003567605227520'}, {'start': 16, 'end': 30, 'username': 'marieclaireuk', 'id': '15735744'}, {'start': 31, 'end': 44, 'username': 'SalesforceUK', 'id': '1016244928945541120'}, {'start': 45, 'end': 59, 'username': 'unitednations', 'id': '14998923'}]",,0,0,0,0,Twitter for iPhone,We’re greater when we’re equal #IWD @marieclaireuk @salesforceuk @unitednations https://t.co/Jf1t7Z5r70,en,2019-03-08T10:09:34.000Z,"[{'start': 36, 'end': 50, 'username': 'marieclaireuk', 'id': '15735744'}, {'start': 51, 'end': 64, 'username': 'SalesforceUK', 'id': '1016244928945541120'}, {'start': 65, 'end': 79, 'username': 'unitednations', 'id': '14998923'}]","[{'start': 80, 'end': 103, 'url': 'https://t.co/Jf1t7Z5r70', 'expanded_url': 'https://twitter.com/realamberheard/status/1103960944525230080/photo/1', 'display_url': 'pic.twitter.com/Jf1t7Z5r70'}]","[{'start': 31, 'end': 35, 'tag': 'IWD'}]",157,31,1240,21,807003567605227520,1103960944525230080,realamberheard,"Los Angeles, CA",190464,220,1151,568,Amber Heard,https://t.co/Ze18Ek9SOI,807003567605227520,2016-12-08T23:26:58.000Z,https://pbs.twimg.com/profile_images/1383196364792680448/N8CdupEu_normal.jpg,"Actor and Activist, semi-professional disruptor, ice cream advocate and shameless teacup yorkie-lover",unkeiqo,153,1413,10035,17,Keith Avery,https://t.co/PUw6CXRPRV,145368651,2010-05-18T20:20:16.000Z,https://pbs.twimg.com/profile_images/1064227381441978368/SHGoLguo_normal.jpg,"civil engineer, dj, wise cracking blogger, entrepenuer, 330 repper.","[{'start': 82, 'end': 88, 'probability': 0.4931, 'type': 'Place', 'normalized_text': 'Machete'}]",,
Twitter for iPhone,@ZHAOyJ123 @UkDeppheads @realamberheard @marieclaireuk @SalesforceUK @unitednations This’s the truth but you just can’t believe it boo,en,2019-03-09T10:59:41.000Z,947433972434219010,2390382375,"[{'type': 'replied_to', 'id': '1104304495079505920'}]",1104335945808183296,"[{'start': 11, 'end': 23, 'username': 'UkDeppheads', 'id': '1015995624863555584'}, {'start': 24, 'end': 39, 'username': 'realamberheard', 'id': '807003567605227520'}, {'start': 40, 'end': 54, 'username': 'marieclaireuk', 'id': '15735744'}, {'start': 55, 'end': 68, 'username': 'SalesforceUK', 'id': '1016244928945541120'}, {'start': 69, 'end': 83, 'username': 'unitednations', 'id': '14998923'}]",,1,0,1,0,Twitter for iPhone,We’re greater when we’re equal #IWD @marieclaireuk @salesforceuk @unitednations https://t.co/Jf1t7Z5r70,en,2019-03-08T10:09:34.000Z,"[{'start': 36, 'end': 50, 'username': 'marieclaireuk', 'id': '15735744'}, {'start': 51, 'end': 64, 'username': 'SalesforceUK', 'id': '1016244928945541120'}, {'start': 65, 'end': 79, 'username': 'unitednations', 'id': '14998923'}]","[{'start': 80, 'end': 103, 'url': 'https://t.co/Jf1t7Z5r70', 'expanded_url': 'https://twitter.com/realamberheard/status/1103960944525230080/photo/1', 'display_url': 'pic.twitter.com/Jf1t7Z5r70'}]","[{'start': 31, 'end': 35, 'tag': 'IWD'}]",157,31,1240,21,807003567605227520,1103960944525230080,realamberheard,"Los Angeles, CA",190464,220,1151,568,Amber Heard,https://t.co/Ze18Ek9SOI,807003567605227520,2016-12-08T23:26:58.000Z,https://pbs.twimg.com/profile_images/1383196364792680448/N8CdupEu_normal.jpg,"Actor and Activist, semi-professional disruptor, ice cream advocate and shameless teacup yorkie-lover",xxxirinad,146,61,7124,0,رناد,,2390382375,2014-03-07T07:50:58.000Z,https://pbs.twimg.com/profile_images/1504492218928742407/oG-EEoHc_normal.jpg,,,,
Twitter Web Client,@realamberheard @marieclaireuk @SalesforceUK @unitednations So impressed by your speech and love your outfit!,en,2019-03-09T09:03:39.000Z,807003567605227520,972838574084124674,"[{'type': 'replied_to', 'id': '1103960944525230080'}]",1104306746187632640,"[{'start': 0, 'end': 15, 'username': 'realamberheard', 'id': '807003567605227520'}, {'start': 16, 'end': 30, 'username': 'marieclaireuk', 'id': '15735744'}, {'start': 31, 'end': 44, 'username': 'SalesforceUK', 'id': '1016244928945541120'}, {'start': 45, 'end': 59, 'username': 'unitednations', 'id': '14998923'}]",,0,0,1,0,Twitter for iPhone,We’re greater when we’re equal #IWD @marieclaireuk @salesforceuk @unitednations https://t.co/Jf1t7Z5r70,en,2019-03-08T10:09:34.000Z,"[{'start': 36, 'end': 50, 'username': 'marieclaireuk', 'id': '15735744'}, {'start': 51, 'end': 64, 'username': 'SalesforceUK', 'id': '1016244928945541120'}, {'start': 65, 'end': 79, 'username': 'unitednations', 'id': '14998923'}]","[{'start': 80, 'end': 103, 'url': 'https://t.co/Jf1t7Z5r70', 'expanded_url': 'https://twitter.com/realamberheard/status/1103960944525230080/photo/1', 'display_url': 'pic.twitter.com/Jf1t7Z5r70'}]","[{'start': 31, 'end': 35, 'tag': 'IWD'}]",157,31,1240,21,807003567605227520,1103960944525230080,realamberheard,"Los Angeles, CA",190464,220,1151,568,Amber Heard,https://t.co/Ze18Ek9SOI,807003567605227520,2016-12-08T23:26:58.000Z,https://pbs.twimg.com/profile_images/1383196364792680448/N8CdupEu_normal.jpg,"Actor and Activist, semi-professional disruptor, ice cream advocate and shameless teacup yorkie-lover",lqya7586,92,308,1198,0,妙歌,,972838574084124674,2018-03-11T14:16:05.000Z,https://pbs.twimg.com/profile_images/1492191579825754115/Whxlz61T_normal.jpg,"妙歌（たえか）と申します。
落語大好き。
まち歩き大好き。
洋書大好き、積ん読有り過ぎて、もうワヤです。
俳句短歌長期休暇中。
どうぞよろしくおねがいいたします。",,,
Twitter for iPhone,@realamberheard @marieclaireuk @SalesforceUK @unitednations Nicely said amber!!,en,2019-03-09T05:22:21.000Z,807003567605227520,757626631083073536,"[{'type': 'replied_to', 'id': '1103960944525230080'}]",1104251053904523265,"[{'start': 0, 'end': 15, 'username': 'realamberheard', 'id': '807003567605227520'}, {'start': 16, 'end': 30, 'username': 'marieclaireuk', 'id': '15735744'}, {'start': 31, 'end': 44, 'username': 'SalesforceUK', 'id': '1016244928945541120'}, {'start': 45, 'end': 59, 'username': 'unitednations', 'id': '14998923'}]",,0,0,0,0,Twitter for iPhone,We’re greater when we’re equal #IWD @marieclaireuk @salesforceuk @unitednations https://t.co/Jf1t7Z5r70,en,2019-03-08T10:09:34.000Z,"[{'start': 36, 'end': 50, 'username': 'marieclaireuk', 'id': '15735744'}, {'start': 51, 'end': 64, 'username': 'SalesforceUK', 'id': '1016244928945541120'}, {'start': 65, 'end': 79, 'username': 'unitednations', 'id': '14998923'}]","[{'start': 80, 'end': 103, 'url': 'https://t.co/Jf1t7Z5r70', 'expanded_url': 'https://twitter.com/realamberheard/status/1103960944525230080/photo/1', 'display_url': 'pic.twitter.com/Jf1t7Z5r70'}]","[{'start': 31, 'end': 35, 'tag': 'IWD'}]",157,31,1240,21,807003567605227520,1103960944525230080,realamberheard,"Los Angeles, CA",190464,220,1151,568,Amber Heard,https://t.co/Ze18Ek9SOI,807003567605227520,2016-12-08T23:26:58.000Z,https://pbs.twimg.com/profile_images/1383196364792680448/N8CdupEu_normal.jpg,"Actor and Activist, semi-professional disruptor, ice cream advocate and shameless teacup yorkie-lover",MarkCla74814042,396,2128,2072,0,Mark Clark,https://t.co/xz5YdAU3mm,757626631083073536,2016-07-25T17:20:39.000Z,https://pbs.twimg.com/profile_images/1479253867841814528/grPj165z_normal.jpg,,"[{'start': 72, 'end': 76, 'probability': 0.8497, 'type': 'Person', 'normalized_text': 'amber'}]",,"Silicon Valley, CA."
Twitter for Android,@realamberheard @marieclaireuk @SalesforceUK @unitednations good speech @realamberheard 👏👏,en,2019-03-09T04:54:46.000Z,807003567605227520,3256613809,"[{'type': 'replied_to', 'id': '1103960944525230080'}]",1104244109714239488,"[{'start': 0, 'end': 15, 'username': 'realamberheard', 'id': '807003567605227520'}, {'start': 16, 'end': 30, 'username': 'marieclaireuk', 'id': '15735744'}, {'start': 31, 'end': 44, 'username': 'SalesforceUK', 'id': '1016244928945541120'}, {'start': 45, 'end': 59, 'username': 'unitednations', 'id': '14998923'}, {'start': 72, 'end': 87, 'username': 'realamberheard', 'id': '807003567605227520'}]",,0,0,1,0,Twitter for iPhone,We’re greater when we’re equal #IWD @marieclaireuk @salesforceuk @unitednations https://t.co/Jf1t7Z5r70,en,2019-03-08T10:09:34.000Z,"[{'start': 36, 'end': 50, 'username': 'marieclaireuk', 'id': '15735744'}, {'start': 51, 'end': 64, 'username': 'SalesforceUK', 'id': '1016244928945541120'}, {'start': 65, 'end': 79, 'username': 'unitednations', 'id': '14998923'}]","[{'start': 80, 'end': 103, 'url': 'https://t.co/Jf1t7Z5r70', 'expanded_url': 'https://twitter.com/realamberheard/status/1103960944525230080/photo/1', 'display_url': 'pic.twitter.com/Jf1t7Z5r70'}]","[{'start': 31, 'end': 35, 'tag': 'IWD'}]",157,31,1240,21,807003567605227520,1103960944525230080,realamberheard,"Los Angeles, CA",190464,220,1151,568,Amber Heard,https://t.co/Ze18Ek9SOI,807003567605227520,2016-12-08T23:26:58.000Z,https://pbs.twimg.com/profile_images/1383196364792680448/N8CdupEu_normal.jpg,"Actor and Activist, semi-professional disruptor, ice cream advocate and shameless teacup yorkie-lover",MayurCChauhan,343,197,260,0,SAVAJ™,,3256613809,2015-06-26T11:17:24.000Z,https://pbs.twimg.com/profile_images/1465970734602219520/uDbhTZSj_normal.jpg,You know who i am.,,,"Surat, India"
Twitter for Android,@realamberheard @marieclaireuk @SalesforceUK @unitednations Happy Women's Day Beautiful Amber #princessmera 👸👑💖🌹🌟😘😘 #InternationalWomensDay,en,2019-03-08T18:29:39.000Z,807003567605227520,938365560,"[{'type': 'replied_to', 'id': '1103960944525230080'}]",1104086794285379584,"[{'start': 0, 'end': 15, 'username': 'realamberheard', 'id': '807003567605227520'}, {'start': 16, 'end': 30, 'username': 'marieclaireuk', 'id': '15735744'}, {'start': 31, 'end': 44, 'username': 'SalesforceUK', 'id': '1016244928945541120'}, {'start': 45, 'end': 59, 'username': 'unitednations', 'id': '14998923'}]",,0,0,1,0,Twitter for iPhone,We’re greater when we’re equal #IWD @marieclaireuk @salesforceuk @unitednations https://t.co/Jf1t7Z5r70,en,2019-03-08T10:09:34.000Z,"[{'start': 36, 'end': 50, 'username': 'marieclaireuk', 'id': '15735744'}, {'start': 51, 'end': 64, 'username': 'SalesforceUK', 'id': '1016244928945541120'}, {'start': 65, 'end': 79, 'username': 'unitednations', 'id': '14998923'}]","[{'start': 80, 'end': 103, 'url': 'https://t.co/Jf1t7Z5r70', 'expanded_url': 'https://twitter.com/realamberheard/status/1103960944525230080/photo/1', 'display_url': 'pic.twitter.com/Jf1t7Z5r70'}]","[{'start': 31, 'end': 35, 'tag': 'IWD'}]",157,31,1240,21,807003567605227520,1103960944525230080,realamberheard,"Los Angeles, CA",190464,220,1151,568,Amber Heard,https://t.co/Ze18Ek9SOI,807003567605227520,2016-12-08T23:26:58.000Z,https://pbs.twimg.com/profile_images/1383196364792680448/N8CdupEu_normal.jpg,"Actor and Activist, semi-professional disruptor, ice cream advocate and shameless teacup yorkie-lover",menakaayesha,3323,341,155203,97,Ayesha 🎀🌹Chirps🎵🎶🎼,,938365560,2012-11-10T04:35:46.000Z,https://pbs.twimg.com/profile_images/1466692907700604929/856SEwDb_normal.jpg,"Born on 11th March, a Piscean♓!A Dieheeart💘 fan of 👑 Henry Cavill💖.You are always welcome🙋💝 to explore my world 📱",,"[{'start': 94, 'end': 107, 'tag': 'princessmera'}, {'start': 116, 'end': 139, 'tag': 'InternationalWomensDay'}]",Worldwide 
Twitter for iPhone,@realamberheard @marieclaireuk @SalesforceUK @unitednations ABUSER https://t.co/cGlvIeIacM,en,2019-03-08T18:20:09.000Z,807003567605227520,1015995624863555584,"[{'type': 'replied_to', 'id': '1103960944525230080'}]",1104084406187245568,"[{'start': 0, 'end': 15, 'username': 'realamberheard', 'id': '807003567605227520'}, {'start': 16, 'end': 30, 'username': 'marieclaireuk', 'id': '15735744'}, {'start': 31, 'end': 44, 'username': 'SalesforceUK', 'id': '1016244928945541120'}, {'start': 45, 'end': 59, 'username': 'unitednations', 'id': '14998923'}]","[{'start': 67, 'end': 90, 'url': 'https://t.co/cGlvIeIacM', 'expanded_url': 'https://twitter.com/UkDeppheads/status/1104084406187245568/photo/1', 'display_url': 'pic.twitter.com/cGlvIeIacM'}]",1,2,15,0,Twitter for iPhone,We’re greater when we’re equal #IWD @marieclaireuk @salesforceuk @unitednations https://t.co/Jf1t7Z5r70,en,2019-03-08T10:09:34.000Z,"[{'start': 36, 'end': 50, 'username': 'marieclaireuk', 'id': '15735744'}, {'start': 51, 'end': 64, 'username': 'SalesforceUK', 'id': '1016244928945541120'}, {'start': 65, 'end': 79, 'username': 'unitednations', 'id': '14998923'}]","[{'start': 80, 'end': 103, 'url': 'https://t.co/Jf1t7Z5r70', 'expanded_url': 'https://twitter.com/realamberheard/status/1103960944525230080/photo/1', 'display_url': 'pic.twitter.com/Jf1t7Z5r70'}]","[{'start': 31, 'end': 35, 'tag': 'IWD'}]",157,31,1240,21,807003567605227520,1103960944525230080,realamberheard,"Los Angeles, CA",190464,220,1151,568,Amber Heard,https://t.co/Ze18Ek9SOI,807003567605227520,2016-12-08T23:26:58.000Z,https://pbs.twimg.com/profile_images/1383196364792680448/N8CdupEu_normal.jpg,"Actor and Activist, semi-professional disruptor, ice cream advocate and shameless teacup yorkie-lover",UkDeppheads,236,15,46,0,.,https://t.co/jrCk4FCpPx,1015995624863555584,2018-07-08T16:26:48.000Z,https://pbs.twimg.com/profile_images/1325397409468473344/KGveqMWk_normal.jpg,#JusticeForJohnnyDepp,,,United Kingdom
Twitter for iPhone,@realamberheard @marieclaireuk @SalesforceUK @unitednations Wow!!,und,2019-03-08T14:15:24.000Z,807003567605227520,2215419986,"[{'type': 'replied_to', 'id': '1103960944525230080'}]",1104022809603387392,"[{'start': 0, 'end': 15, 'username': 'realamberheard', 'id': '807003567605227520'}, {'start': 16, 'end': 30, 'username': 'marieclaireuk', 'id': '15735744'}, {'start': 31, 'end': 44, 'username': 'SalesforceUK', 'id': '1016244928945541120'}, {'start': 45, 'end': 59, 'username': 'unitednations', 'id': '14998923'}]",,0,0,1,0,Twitter for iPhone,We’re greater when we’re equal #IWD @marieclaireuk @salesforceuk @unitednations https://t.co/Jf1t7Z5r70,en,2019-03-08T10:09:34.000Z,"[{'start': 36, 'end': 50, 'username': 'marieclaireuk', 'id': '15735744'}, {'start': 51, 'end': 64, 'username': 'SalesforceUK', 'id': '1016244928945541120'}, {'start': 65, 'end': 79, 'username': 'unitednations', 'id': '14998923'}]","[{'start': 80, 'end': 103, 'url': 'https://t.co/Jf1t7Z5r70', 'expanded_url': 'https://twitter.com/realamberheard/status/1103960944525230080/photo/1', 'display_url': 'pic.twitter.com/Jf1t7Z5r70'}]","[{'start': 31, 'end': 35, 'tag': 'IWD'}]",157,31,1240,21,807003567605227520,1103960944525230080,realamberheard,"Los Angeles, CA",190464,220,1151,568,Amber Heard,https://t.co/Ze18Ek9SOI,807003567605227520,2016-12-08T23:26:58.000Z,https://pbs.twimg.com/profile_images/1383196364792680448/N8CdupEu_normal.jpg,"Actor and Activist, semi-professional disruptor, ice cream advocate and shameless teacup yorkie-lover",LeeLjhardwick,603,2202,125149,46,Lee hardwick,,2215419986,2013-11-26T09:26:19.000Z,https://pbs.twimg.com/profile_images/1224025850565341185/JFrIalNc_normal.jpg,,,,"Birmingham, UK  ;-)"
Twitter for iPhone,@realamberheard @marieclaireuk @SalesforceUK @unitednations 💕💕💕💕💕,und,2019-03-08T12:37:58.000Z,807003567605227520,2275261214,"[{'type': 'replied_to', 'id': '1103960944525230080'}]",1103998290532749312,"[{'start': 0, 'end': 15, 'username': 'realamberheard', 'id': '807003567605227520'}, {'start': 16, 'end': 30, 'username': 'marieclaireuk', 'id': '15735744'}, {'start': 31, 'end': 44, 'username': 'SalesforceUK', 'id': '1016244928945541120'}, {'start': 45, 'end': 59, 'username': 'unitednations', 'id': '14998923'}]",,0,0,1,0,Twitter for iPhone,We’re greater when we’re equal #IWD @marieclaireuk @salesforceuk @unitednations https://t.co/Jf1t7Z5r70,en,2019-03-08T10:09:34.000Z,"[{'start': 36, 'end': 50, 'username': 'marieclaireuk', 'id': '15735744'}, {'start': 51, 'end': 64, 'username': 'SalesforceUK', 'id': '1016244928945541120'}, {'start': 65, 'end': 79, 'username': 'unitednations', 'id': '14998923'}]","[{'start': 80, 'end': 103, 'url': 'https://t.co/Jf1t7Z5r70', 'expanded_url': 'https://twitter.com/realamberheard/status/1103960944525230080/photo/1', 'display_url': 'pic.twitter.com/Jf1t7Z5r70'}]","[{'start': 31, 'end': 35, 'tag': 'IWD'}]",157,31,1240,21,807003567605227520,1103960944525230080,realamberheard,"Los Angeles, CA",190464,220,1151,568,Amber Heard,https://t.co/Ze18Ek9SOI,807003567605227520,2016-12-08T23:26:58.000Z,https://pbs.twimg.com/profile_images/1383196364792680448/N8CdupEu_normal.jpg,"Actor and Activist, semi-professional disruptor, ice cream advocate and shameless teacup yorkie-lover",Manicmelodrama,161,820,13465,4,Jo 🥂,https://t.co/xIqU7joegT,2275261214,2014-01-03T23:49:46.000Z,https://pbs.twimg.com/profile_images/1501555444782936075/IxdJw8JU_normal.jpg,"But Jesus, you’ve got better lips than Judas",,,20 - she/her
Twitter for Android,"@realamberheard @marieclaireuk @SalesforceUK @unitednations oh, amber, i love you, you are my joy",en,2019-03-08T12:26:56.000Z,807003567605227520,1097410574500155392,"[{'type': 'replied_to', 'id': '1103960944525230080'}]",1103995513098121216,"[{'start': 0, 'end': 15, 'username': 'realamberheard', 'id': '807003567605227520'}, {'start': 16, 'end': 30, 'username': 'marieclaireuk', 'id': '15735744'}, {'start': 31, 'end': 44, 'username': 'SalesforceUK', 'id': '1016244928945541120'}, {'start': 45, 'end': 59, 'username': 'unitednations', 'id': '14998923'}]",,0,0,1,0,Twitter for iPhone,We’re greater when we’re equal #IWD @marieclaireuk @salesforceuk @unitednations https://t.co/Jf1t7Z5r70,en,2019-03-08T10:09:34.000Z,"[{'start': 36, 'end': 50, 'username': 'marieclaireuk', 'id': '15735744'}, {'start': 51, 'end': 64, 'username': 'SalesforceUK', 'id': '1016244928945541120'}, {'start': 65, 'end': 79, 'username': 'unitednations', 'id': '14998923'}]","[{'start': 80, 'end': 103, 'url': 'https://t.co/Jf1t7Z5r70', 'expanded_url': 'https://twitter.com/realamberheard/status/1103960944525230080/photo/1', 'display_url': 'pic.twitter.com/Jf1t7Z5r70'}]","[{'start': 31, 'end': 35, 'tag': 'IWD'}]",157,31,1240,21,807003567605227520,1103960944525230080,realamberheard,"Los Angeles, CA",190464,220,1151,568,Amber Heard,https://t.co/Ze18Ek9SOI,807003567605227520,2016-12-08T23:26:58.000Z,https://pbs.twimg.com/profile_images/1383196364792680448/N8CdupEu_normal.jpg,"Actor and Activist, semi-professional disruptor, ice cream advocate and shameless teacup yorkie-lover",vlad96419718,3,16,8,0,vlad,,1097410574500155392,2019-02-18T08:20:44.000Z,https://pbs.twimg.com/profile_images/1104625174027165701/lTBe6qjb_normal.jpg,family life is important for life,"[{'start': 64, 'end': 68, 'probability': 0.8636, 'type': 'Person', 'normalized_text': 'amber'}]",,"sochi,Russia"
Twitter for Android,"@realamberheard @marieclaireuk @SalesforceUK @unitednations Feliz dia das mulheres ,😘",pt,2019-03-08T11:50:07.000Z,807003567605227520,276097327,"[{'type': 'replied_to', 'id': '1103960944525230080'}]",1103986250531389441,"[{'start': 0, 'end': 15, 'username': 'realamberheard', 'id': '807003567605227520'}, {'start': 16, 'end': 30, 'username': 'marieclaireuk', 'id': '15735744'}, {'start': 31, 'end': 44, 'username': 'SalesforceUK', 'id': '1016244928945541120'}, {'start': 45, 'end': 59, 'username': 'unitednations', 'id': '14998923'}]",,0,0,0,0,Twitter for iPhone,We’re greater when we’re equal #IWD @marieclaireuk @salesforceuk @unitednations https://t.co/Jf1t7Z5r70,en,2019-03-08T10:09:34.000Z,"[{'start': 36, 'end': 50, 'username': 'marieclaireuk', 'id': '15735744'}, {'start': 51, 'end': 64, 'username': 'SalesforceUK', 'id': '1016244928945541120'}, {'start': 65, 'end': 79, 'username': 'unitednations', 'id': '14998923'}]","[{'start': 80, 'end': 103, 'url': 'https://t.co/Jf1t7Z5r70', 'expanded_url': 'https://twitter.com/realamberheard/status/1103960944525230080/photo/1', 'display_url': 'pic.twitter.com/Jf1t7Z5r70'}]","[{'start': 31, 'end': 35, 'tag': 'IWD'}]",157,31,1240,21,807003567605227520,1103960944525230080,realamberheard,"Los Angeles, CA",190464,220,1151,568,Amber Heard,https://t.co/Ze18Ek9SOI,807003567605227520,2016-12-08T23:26:58.000Z,https://pbs.twimg.com/profile_images/1383196364792680448/N8CdupEu_normal.jpg,"Actor and Activist, semi-professional disruptor, ice cream advocate and shameless teacup yorkie-lover",leonidasdiamant,6,109,1669,0,Leônidas Junior,,276097327,2011-04-02T16:59:58.000Z,https://pbs.twimg.com/profile_images/1418708491246743555/55L7MdoH_normal.jpg,"Corretor de Imoveis no Estado do SP
e Gamer na horas vagas .",,,
Twitter for Android,@realamberheard @marieclaireuk @SalesforceUK @unitednations 😉,und,2019-03-08T11:46:00.000Z,807003567605227520,276097327,"[{'type': 'replied_to', 'id': '1103960944525230080'}]",1103985212961292288,"[{'start': 0, 'end': 15, 'username': 'realamberheard', 'id': '807003567605227520'}, {'start': 16, 'end': 30, 'username': 'marieclaireuk', 'id': '15735744'}, {'start': 31, 'end': 44, 'username': 'SalesforceUK', 'id': '1016244928945541120'}, {'start': 45, 'end': 59, 'username': 'unitednations', 'id': '14998923'}]",,0,0,0,0,Twitter for iPhone,We’re greater when we’re equal #IWD @marieclaireuk @salesforceuk @unitednations https://t.co/Jf1t7Z5r70,en,2019-03-08T10:09:34.000Z,"[{'start': 36, 'end': 50, 'username': 'marieclaireuk', 'id': '15735744'}, {'start': 51, 'end': 64, 'username': 'SalesforceUK', 'id': '1016244928945541120'}, {'start': 65, 'end': 79, 'username': 'unitednations', 'id': '14998923'}]","[{'start': 80, 'end': 103, 'url': 'https://t.co/Jf1t7Z5r70', 'expanded_url': 'https://twitter.com/realamberheard/status/1103960944525230080/photo/1', 'display_url': 'pic.twitter.com/Jf1t7Z5r70'}]","[{'start': 31, 'end': 35, 'tag': 'IWD'}]",157,31,1240,21,807003567605227520,1103960944525230080,realamberheard,"Los Angeles, CA",190464,220,1151,568,Amber Heard,https://t.co/Ze18Ek9SOI,807003567605227520,2016-12-08T23:26:58.000Z,https://pbs.twimg.com/profile_images/1383196364792680448/N8CdupEu_normal.jpg,"Actor and Activist, semi-professional disruptor, ice cream advocate and shameless teacup yorkie-lover",leonidasdiamant,6,109,1669,0,Leônidas Junior,,276097327,2011-04-02T16:59:58.000Z,https://pbs.twimg.com/profile_images/1418708491246743555/55L7MdoH_normal.jpg,"Corretor de Imoveis no Estado do SP
e Gamer na horas vagas .",,,
Twitter Web Client,"@realamberheard @marieclaireuk @SalesforceUK @unitednations How about you smash youre face, so you become equally as beautiful as others? no? I thought so... (There is a compliment in there btw)",en,2019-03-08T11:18:48.000Z,807003567605227520,792462128485634048,"[{'type': 'replied_to', 'id': '1103960944525230080'}]",1103978368964399105,"[{'start': 0, 'end': 15, 'username': 'realamberheard', 'id': '807003567605227520'}, {'start': 16, 'end': 30, 'username': 'marieclaireuk', 'id': '15735744'}, {'start': 31, 'end': 44, 'username': 'SalesforceUK', 'id': '1016244928945541120'}, {'start': 45, 'end': 59, 'username': 'unitednations', 'id': '14998923'}]",,0,0,2,0,Twitter for iPhone,We’re greater when we’re equal #IWD @marieclaireuk @salesforceuk @unitednations https://t.co/Jf1t7Z5r70,en,2019-03-08T10:09:34.000Z,"[{'start': 36, 'end': 50, 'username': 'marieclaireuk', 'id': '15735744'}, {'start': 51, 'end': 64, 'username': 'SalesforceUK', 'id': '1016244928945541120'}, {'start': 65, 'end': 79, 'username': 'unitednations', 'id': '14998923'}]","[{'start': 80, 'end': 103, 'url': 'https://t.co/Jf1t7Z5r70', 'expanded_url': 'https://twitter.com/realamberheard/status/1103960944525230080/photo/1', 'display_url': 'pic.twitter.com/Jf1t7Z5r70'}]","[{'start': 31, 'end': 35, 'tag': 'IWD'}]",157,31,1240,21,807003567605227520,1103960944525230080,realamberheard,"Los Angeles, CA",190464,220,1151,568,Amber Heard,https://t.co/Ze18Ek9SOI,807003567605227520,2016-12-08T23:26:58.000Z,https://pbs.twimg.com/profile_images/1383196364792680448/N8CdupEu_normal.jpg,"Actor and Activist, semi-professional disruptor, ice cream advocate and shameless teacup yorkie-lover",BenjaminFasken,7,131,669,0,Benjamin Fasken,,792462128485634048,2016-10-29T20:24:29.000Z,https://pbs.twimg.com/profile_images/1374701363557453824/7tB63k_i_normal.jpg,"Former baby, future dust.  It is through the holes of abyss in your heart, where light shines through",,,"South Denmark, Denmark"
Twitter for iPhone,@realamberheard @marieclaireuk @SalesforceUK @unitednations So proud of you ❤️,en,2019-03-08T10:51:14.000Z,807003567605227520,3919740867,"[{'type': 'replied_to', 'id': '1103960944525230080'}]",1103971430767751168,"[{'start': 0, 'end': 15, 'username': 'realamberheard', 'id': '807003567605227520'}, {'start': 16, 'end': 30, 'username': 'marieclaireuk', 'id': '15735744'}, {'start': 31, 'end': 44, 'username': 'SalesforceUK', 'id': '1016244928945541120'}, {'start': 45, 'end': 59, 'username': 'unitednations', 'id': '14998923'}]",,1,0,8,0,Twitter for iPhone,We’re greater when we’re equal #IWD @marieclaireuk @salesforceuk @unitednations https://t.co/Jf1t7Z5r70,en,2019-03-08T10:09:34.000Z,"[{'start': 36, 'end': 50, 'username': 'marieclaireuk', 'id': '15735744'}, {'start': 51, 'end': 64, 'username': 'SalesforceUK', 'id': '1016244928945541120'}, {'start': 65, 'end': 79, 'username': 'unitednations', 'id': '14998923'}]","[{'start': 80, 'end': 103, 'url': 'https://t.co/Jf1t7Z5r70', 'expanded_url': 'https://twitter.com/realamberheard/status/1103960944525230080/photo/1', 'display_url': 'pic.twitter.com/Jf1t7Z5r70'}]","[{'start': 31, 'end': 35, 'tag': 'IWD'}]",157,31,1240,21,807003567605227520,1103960944525230080,realamberheard,"Los Angeles, CA",190464,220,1151,568,Amber Heard,https://t.co/Ze18Ek9SOI,807003567605227520,2016-12-08T23:26:58.000Z,https://pbs.twimg.com/profile_images/1383196364792680448/N8CdupEu_normal.jpg,"Actor and Activist, semi-professional disruptor, ice cream advocate and shameless teacup yorkie-lover",amberheardsourc,3880,89,13308,3,Amber Heard Source,https://t.co/BSavZg4DeP,3919740867,2015-10-10T16:21:10.000Z,https://pbs.twimg.com/profile_images/1318169449468514305/fPEsSXdl_normal.jpg,Source dedicated to the gorgeous and talented Texan actress and activist @realamberheard. Online since 2015. 🇮🇹 #WeAreWithYouAmberHeard,,,
Twitter for Android,@realamberheard @marieclaireuk @SalesforceUK @unitednations https://t.co/ezC7vwhQYs,und,2019-03-08T10:11:29.000Z,807003567605227520,2885552583,"[{'type': 'quoted', 'id': '1066029206872707072'}, {'type': 'replied_to', 'id': '1103960944525230080'}]",1103961428048990208,"[{'start': 0, 'end': 15, 'username': 'realamberheard', 'id': '807003567605227520'}, {'start': 16, 'end': 30, 'username': 'marieclaireuk', 'id': '15735744'}, {'start': 31, 'end': 44, 'username': 'SalesforceUK', 'id': '1016244928945541120'}, {'start': 45, 'end': 59, 'username': 'unitednations', 'id': '14998923'}]","[{'start': 60, 'end': 83, 'url': 'https://t.co/ezC7vwhQYs', 'expanded_url': 'https://twitter.com/NHSEngland/status/1066029206872707072?s=19', 'display_url': 'twitter.com/NHSEngland/sta…'}]",0,0,0,0,Twitter for iPhone,We’re greater when we’re equal #IWD @marieclaireuk @salesforceuk @unitednations https://t.co/Jf1t7Z5r70,en,2019-03-08T10:09:34.000Z,"[{'start': 36, 'end': 50, 'username': 'marieclaireuk', 'id': '15735744'}, {'start': 51, 'end': 64, 'username': 'SalesforceUK', 'id': '1016244928945541120'}, {'start': 65, 'end': 79, 'username': 'unitednations', 'id': '14998923'}]","[{'start': 80, 'end': 103, 'url': 'https://t.co/Jf1t7Z5r70', 'expanded_url': 'https://twitter.com/realamberheard/status/1103960944525230080/photo/1', 'display_url': 'pic.twitter.com/Jf1t7Z5r70'}]","[{'start': 31, 'end': 35, 'tag': 'IWD'}]",157,31,1240,21,807003567605227520,1103960944525230080,realamberheard,"Los Angeles, CA",190464,220,1151,568,Amber Heard,https://t.co/Ze18Ek9SOI,807003567605227520,2016-12-08T23:26:58.000Z,https://pbs.twimg.com/profile_images/1383196364792680448/N8CdupEu_normal.jpg,"Actor and Activist, semi-professional disruptor, ice cream advocate and shameless teacup yorkie-lover",leonasdad,198,476,50028,11,😇Conviction👼🇭🇰🇨🇳🇺🇳🇬🇧💔💓💞💖💬🐂🐔🐍,,2885552583,2014-11-20T12:56:35.000Z,https://pbs.twimg.com/profile_images/1458289825996546053/h6c1PP3N_normal.jpg,"Eye2brain_Listen!
Just&honour, men,women&children, _ _ _ _near miss_ _ _hav ur say! alcohol&NHS Drug's,Abuse, Negligence,Trauma,RDA&
Incompetence,VTE,Purpose 🐄",,,Yorkshire & London 👉 SW1A 
