lang,id,text,created_at,author_id,in_reply_to_user_id,source,referenced_tweets,entities.mentions,entities.hashtags,public_metrics.retweet_count,public_metrics.reply_count,public_metrics.like_count,public_metrics.quote_count,replied_tweet.entities.urls,replied_tweet.entities.mentions,replied_tweet.entities.hashtags,replied_tweet.lang,replied_tweet.id,replied_tweet.text,replied_tweet.created_at,replied_tweet.public_metrics.retweet_count,replied_tweet.public_metrics.reply_count,replied_tweet.public_metrics.like_count,replied_tweet.public_metrics.quote_count,replied_tweet.author_id,replied_tweet.source,replied_tweet.author.location,replied_tweet.author.profile_image_url,replied_tweet.author.id,replied_tweet.author.name,replied_tweet.author.created_at,replied_tweet.author.username,replied_tweet.author.url,replied_tweet.author.description,replied_tweet.author.public_metrics.followers_count,replied_tweet.author.public_metrics.following_count,replied_tweet.author.public_metrics.tweet_count,replied_tweet.author.public_metrics.listed_count,author.location,author.profile_image_url,author.id,author.name,author.created_at,author.username,author.url,author.description,author.public_metrics.followers_count,author.public_metrics.following_count,author.public_metrics.tweet_count,author.public_metrics.listed_count,entities.annotations,entities.urls
en,1126139551557144576,"@RAMMF1898 @SkLumos @realamberheard @ma_franks @sagaftra @CCRInitiative Definitely! Right on :) #JUSTICEFORAMBERHEARD 

Inspiring for sure!",2019-05-08T14:59:26.000Z,847762217546137600,3216078659,Twitter Web App,"[{'type': 'replied_to', 'id': '1126135491684737024'}]","[{'start': 20, 'end': 35, 'username': 'realamberheard', 'id': '807003567605227520'}, {'start': 36, 'end': 46, 'username': 'ma_franks', 'id': '1930971006'}, {'start': 47, 'end': 56, 'username': 'sagaftra', 'id': '19658506'}, {'start': 57, 'end': 71, 'username': 'CCRInitiative', 'id': '1675936765'}]","[{'start': 96, 'end': 117, 'tag': 'JUSTICEFORAMBERHEARD'}]",0,0,2,0,"[{'start': 196, 'end': 219, 'url': 'https://t.co/tezLXqZJYo', 'expanded_url': 'https://twitter.com/realamberheard/status/1125893448446251008/photo/1', 'display_url': 'pic.twitter.com/tezLXqZJYo'}]","[{'start': 27, 'end': 37, 'username': 'ma_franks', 'id': '1930971006'}, {'start': 49, 'end': 58, 'username': 'sagaftra', 'id': '19658506'}, {'start': 169, 'end': 183, 'username': 'CCRInitiative', 'id': '1675936765'}]","[{'start': 95, 'end': 105, 'tag': 'deepfakes'}]",en,1125893448446251008,"So proud to see my friend ⁦@ma_franks⁩ speaking ⁦@sagaftra⁩ to address the growing threat that #deepfakes pose to dignity, democracy &amp; freedom. We need more like ⁦⁦⁦@CCRInitiative⁩ - thank u! https://t.co/tezLXqZJYo",2019-05-07T22:41:30.000Z,33,19,303,2,807003567605227520,Twitter for iPhone,"Los Angeles, CA",https://pbs.twimg.com/profile_images/1383196364792680448/N8CdupEu_normal.jpg,807003567605227520,Amber Heard,2016-12-08T23:26:58.000Z,realamberheard,https://t.co/Ze18Ek9SOI,"Actor and Activist, semi-professional disruptor, ice cream advocate and shameless teacup yorkie-lover",190464,220,1151,568,Worldie.com & International 🚀,https://pbs.twimg.com/profile_images/1180185247884824576/3Zvt_F6Y_normal.jpg,847762217546137600,Christina Taft 🧬CEO🏖🎶✈️,2017-03-31T10:47:18.000Z,XTinaTaft,https://t.co/7SykGO7PSU,#Founder Social Media for Good ~ https://t.co/7SykGO7PSU🚀Better World #CEO✈Innovator🎉#Egalitarian🎸#Entrepreneur🐬#Tech🏖#Futurist💡#Motivationology☀️#Data🧡#WomenInPower,2649,4555,32729,21,,
en,1126135491684737024,"@XTinaTaft @SkLumos @realamberheard @ma_franks @sagaftra @CCRInitiative Yeah, right!😎👊#JusticeForAmberHeard",2019-05-08T14:43:18.000Z,3216078659,847762217546137600,Twitter Web App,"[{'type': 'replied_to', 'id': '1126134147355820032'}]","[{'start': 0, 'end': 10, 'username': 'XTinaTaft', 'id': '847762217546137600'}, {'start': 20, 'end': 35, 'username': 'realamberheard', 'id': '807003567605227520'}, {'start': 36, 'end': 46, 'username': 'ma_franks', 'id': '1930971006'}, {'start': 47, 'end': 56, 'username': 'sagaftra', 'id': '19658506'}, {'start': 57, 'end': 71, 'username': 'CCRInitiative', 'id': '1675936765'}]","[{'start': 86, 'end': 107, 'tag': 'JusticeForAmberHeard'}]",1,1,2,0,"[{'start': 196, 'end': 219, 'url': 'https://t.co/tezLXqZJYo', 'expanded_url': 'https://twitter.com/realamberheard/status/1125893448446251008/photo/1', 'display_url': 'pic.twitter.com/tezLXqZJYo'}]","[{'start': 27, 'end': 37, 'username': 'ma_franks', 'id': '1930971006'}, {'start': 49, 'end': 58, 'username': 'sagaftra', 'id': '19658506'}, {'start': 169, 'end': 183, 'username': 'CCRInitiative', 'id': '1675936765'}]","[{'start': 95, 'end': 105, 'tag': 'deepfakes'}]",en,1125893448446251008,"So proud to see my friend ⁦@ma_franks⁩ speaking ⁦@sagaftra⁩ to address the growing threat that #deepfakes pose to dignity, democracy &amp; freedom. We need more like ⁦⁦⁦@CCRInitiative⁩ - thank u! https://t.co/tezLXqZJYo",2019-05-07T22:41:30.000Z,33,19,303,2,807003567605227520,Twitter for iPhone,"Los Angeles, CA",https://pbs.twimg.com/profile_images/1383196364792680448/N8CdupEu_normal.jpg,807003567605227520,Amber Heard,2016-12-08T23:26:58.000Z,realamberheard,https://t.co/Ze18Ek9SOI,"Actor and Activist, semi-professional disruptor, ice cream advocate and shameless teacup yorkie-lover",190464,220,1151,568,,https://pbs.twimg.com/profile_images/1501219816522219520/SQVX3N2b_normal.jpg,3216078659,GGCIR8991,2015-04-28T07:17:35.000Z,GGCIR8991,,"On the internet, you can be pretty much anything you want, it's just kinda weird that so many people choose to be idiots and assholes",1464,1324,163149,17,,
en,1126135488253911041,"@nonunnun @realamberheard @ma_franks @sagaftra @CCRInitiative #AmberHeard is fantastic! 

#JUSTICEFORAMBERHEARD",2019-05-08T14:43:17.000Z,847762217546137600,717763291477581824,Twitter Web App,"[{'type': 'replied_to', 'id': '1126086277483331584'}]","[{'start': 0, 'end': 9, 'username': 'nonunnun', 'id': '717763291477581824'}, {'start': 10, 'end': 25, 'username': 'realamberheard', 'id': '807003567605227520'}, {'start': 26, 'end': 36, 'username': 'ma_franks', 'id': '1930971006'}, {'start': 37, 'end': 46, 'username': 'sagaftra', 'id': '19658506'}, {'start': 47, 'end': 61, 'username': 'CCRInitiative', 'id': '1675936765'}]","[{'start': 62, 'end': 73, 'tag': 'AmberHeard'}, {'start': 90, 'end': 111, 'tag': 'JUSTICEFORAMBERHEARD'}]",0,0,0,0,"[{'start': 196, 'end': 219, 'url': 'https://t.co/tezLXqZJYo', 'expanded_url': 'https://twitter.com/realamberheard/status/1125893448446251008/photo/1', 'display_url': 'pic.twitter.com/tezLXqZJYo'}]","[{'start': 27, 'end': 37, 'username': 'ma_franks', 'id': '1930971006'}, {'start': 49, 'end': 58, 'username': 'sagaftra', 'id': '19658506'}, {'start': 169, 'end': 183, 'username': 'CCRInitiative', 'id': '1675936765'}]","[{'start': 95, 'end': 105, 'tag': 'deepfakes'}]",en,1125893448446251008,"So proud to see my friend ⁦@ma_franks⁩ speaking ⁦@sagaftra⁩ to address the growing threat that #deepfakes pose to dignity, democracy &amp; freedom. We need more like ⁦⁦⁦@CCRInitiative⁩ - thank u! https://t.co/tezLXqZJYo",2019-05-07T22:41:30.000Z,33,19,303,2,807003567605227520,Twitter for iPhone,"Los Angeles, CA",https://pbs.twimg.com/profile_images/1383196364792680448/N8CdupEu_normal.jpg,807003567605227520,Amber Heard,2016-12-08T23:26:58.000Z,realamberheard,https://t.co/Ze18Ek9SOI,"Actor and Activist, semi-professional disruptor, ice cream advocate and shameless teacup yorkie-lover",190464,220,1151,568,Worldie.com & International 🚀,https://pbs.twimg.com/profile_images/1180185247884824576/3Zvt_F6Y_normal.jpg,847762217546137600,Christina Taft 🧬CEO🏖🎶✈️,2017-03-31T10:47:18.000Z,XTinaTaft,https://t.co/7SykGO7PSU,#Founder Social Media for Good ~ https://t.co/7SykGO7PSU🚀Better World #CEO✈Innovator🎉#Egalitarian🎸#Entrepreneur🐬#Tech🏖#Futurist💡#Motivationology☀️#Data🧡#WomenInPower,2649,4555,32729,21,,
en,1126134147355820032,@RAMMF1898 @SkLumos @realamberheard @ma_franks @sagaftra @CCRInitiative They cannot handle a guy defending #AmberHeard lol,2019-05-08T14:37:57.000Z,847762217546137600,3216078659,Twitter Web App,"[{'type': 'replied_to', 'id': '1125941088349376512'}]","[{'start': 20, 'end': 35, 'username': 'realamberheard', 'id': '807003567605227520'}, {'start': 36, 'end': 46, 'username': 'ma_franks', 'id': '1930971006'}, {'start': 47, 'end': 56, 'username': 'sagaftra', 'id': '19658506'}, {'start': 57, 'end': 71, 'username': 'CCRInitiative', 'id': '1675936765'}]","[{'start': 107, 'end': 118, 'tag': 'AmberHeard'}]",0,1,1,0,"[{'start': 196, 'end': 219, 'url': 'https://t.co/tezLXqZJYo', 'expanded_url': 'https://twitter.com/realamberheard/status/1125893448446251008/photo/1', 'display_url': 'pic.twitter.com/tezLXqZJYo'}]","[{'start': 27, 'end': 37, 'username': 'ma_franks', 'id': '1930971006'}, {'start': 49, 'end': 58, 'username': 'sagaftra', 'id': '19658506'}, {'start': 169, 'end': 183, 'username': 'CCRInitiative', 'id': '1675936765'}]","[{'start': 95, 'end': 105, 'tag': 'deepfakes'}]",en,1125893448446251008,"So proud to see my friend ⁦@ma_franks⁩ speaking ⁦@sagaftra⁩ to address the growing threat that #deepfakes pose to dignity, democracy &amp; freedom. We need more like ⁦⁦⁦@CCRInitiative⁩ - thank u! https://t.co/tezLXqZJYo",2019-05-07T22:41:30.000Z,33,19,303,2,807003567605227520,Twitter for iPhone,"Los Angeles, CA",https://pbs.twimg.com/profile_images/1383196364792680448/N8CdupEu_normal.jpg,807003567605227520,Amber Heard,2016-12-08T23:26:58.000Z,realamberheard,https://t.co/Ze18Ek9SOI,"Actor and Activist, semi-professional disruptor, ice cream advocate and shameless teacup yorkie-lover",190464,220,1151,568,Worldie.com & International 🚀,https://pbs.twimg.com/profile_images/1180185247884824576/3Zvt_F6Y_normal.jpg,847762217546137600,Christina Taft 🧬CEO🏖🎶✈️,2017-03-31T10:47:18.000Z,XTinaTaft,https://t.co/7SykGO7PSU,#Founder Social Media for Good ~ https://t.co/7SykGO7PSU🚀Better World #CEO✈Innovator🎉#Egalitarian🎸#Entrepreneur🐬#Tech🏖#Futurist💡#Motivationology☀️#Data🧡#WomenInPower,2649,4555,32729,21,,
en,1126133834372665345,"@realamberheard @ma_franks @sagaftra @CCRInitiative I don’t know, but changes in volume and frequencies seems to be a problem! Never heard of #deepfakes until now. 

Just a Yanny/Laurel. And opposite science .. So... @_d_a_n_i_e_l__b 

I wonder about #trends. It’s create a false security threat always. 

#JUSTICEFORAMBERHEARD",2019-05-08T14:36:43.000Z,847762217546137600,807003567605227520,Twitter Web App,"[{'type': 'replied_to', 'id': '1125893448446251008'}]","[{'start': 0, 'end': 15, 'username': 'realamberheard', 'id': '807003567605227520'}, {'start': 16, 'end': 26, 'username': 'ma_franks', 'id': '1930971006'}, {'start': 27, 'end': 36, 'username': 'sagaftra', 'id': '19658506'}, {'start': 37, 'end': 51, 'username': 'CCRInitiative', 'id': '1675936765'}, {'start': 217, 'end': 233, 'username': '_d_a_n_i_e_l__b', 'id': '846563268055437312'}]","[{'start': 142, 'end': 152, 'tag': 'deepfakes'}, {'start': 251, 'end': 258, 'tag': 'trends'}, {'start': 306, 'end': 327, 'tag': 'JUSTICEFORAMBERHEARD'}]",1,0,4,0,"[{'start': 196, 'end': 219, 'url': 'https://t.co/tezLXqZJYo', 'expanded_url': 'https://twitter.com/realamberheard/status/1125893448446251008/photo/1', 'display_url': 'pic.twitter.com/tezLXqZJYo'}]","[{'start': 27, 'end': 37, 'username': 'ma_franks', 'id': '1930971006'}, {'start': 49, 'end': 58, 'username': 'sagaftra', 'id': '19658506'}, {'start': 169, 'end': 183, 'username': 'CCRInitiative', 'id': '1675936765'}]","[{'start': 95, 'end': 105, 'tag': 'deepfakes'}]",en,1125893448446251008,"So proud to see my friend ⁦@ma_franks⁩ speaking ⁦@sagaftra⁩ to address the growing threat that #deepfakes pose to dignity, democracy &amp; freedom. We need more like ⁦⁦⁦@CCRInitiative⁩ - thank u! https://t.co/tezLXqZJYo",2019-05-07T22:41:30.000Z,33,19,303,2,807003567605227520,Twitter for iPhone,"Los Angeles, CA",https://pbs.twimg.com/profile_images/1383196364792680448/N8CdupEu_normal.jpg,807003567605227520,Amber Heard,2016-12-08T23:26:58.000Z,realamberheard,https://t.co/Ze18Ek9SOI,"Actor and Activist, semi-professional disruptor, ice cream advocate and shameless teacup yorkie-lover",190464,220,1151,568,Worldie.com & International 🚀,https://pbs.twimg.com/profile_images/1180185247884824576/3Zvt_F6Y_normal.jpg,847762217546137600,Christina Taft 🧬CEO🏖🎶✈️,2017-03-31T10:47:18.000Z,XTinaTaft,https://t.co/7SykGO7PSU,#Founder Social Media for Good ~ https://t.co/7SykGO7PSU🚀Better World #CEO✈Innovator🎉#Egalitarian🎸#Entrepreneur🐬#Tech🏖#Futurist💡#Motivationology☀️#Data🧡#WomenInPower,2649,4555,32729,21,"[{'start': 179, 'end': 184, 'probability': 0.6326, 'type': 'Person', 'normalized_text': 'Laurel'}]",
en,1126095699265900544,@Parvati53138389 @realamberheard @ma_franks @sagaftra @CCRInitiative Indeed. Sure we can do better tho.,2019-05-08T12:05:11.000Z,737585733095956481,1063323768993517568,Twitter for iPhone,"[{'type': 'replied_to', 'id': '1126092809071677441'}]","[{'start': 17, 'end': 32, 'username': 'realamberheard', 'id': '807003567605227520'}, {'start': 33, 'end': 43, 'username': 'ma_franks', 'id': '1930971006'}, {'start': 44, 'end': 53, 'username': 'sagaftra', 'id': '19658506'}, {'start': 54, 'end': 68, 'username': 'CCRInitiative', 'id': '1675936765'}]",,0,0,0,0,"[{'start': 196, 'end': 219, 'url': 'https://t.co/tezLXqZJYo', 'expanded_url': 'https://twitter.com/realamberheard/status/1125893448446251008/photo/1', 'display_url': 'pic.twitter.com/tezLXqZJYo'}]","[{'start': 27, 'end': 37, 'username': 'ma_franks', 'id': '1930971006'}, {'start': 49, 'end': 58, 'username': 'sagaftra', 'id': '19658506'}, {'start': 169, 'end': 183, 'username': 'CCRInitiative', 'id': '1675936765'}]","[{'start': 95, 'end': 105, 'tag': 'deepfakes'}]",en,1125893448446251008,"So proud to see my friend ⁦@ma_franks⁩ speaking ⁦@sagaftra⁩ to address the growing threat that #deepfakes pose to dignity, democracy &amp; freedom. We need more like ⁦⁦⁦@CCRInitiative⁩ - thank u! https://t.co/tezLXqZJYo",2019-05-07T22:41:30.000Z,33,19,303,2,807003567605227520,Twitter for iPhone,"Los Angeles, CA",https://pbs.twimg.com/profile_images/1383196364792680448/N8CdupEu_normal.jpg,807003567605227520,Amber Heard,2016-12-08T23:26:58.000Z,realamberheard,https://t.co/Ze18Ek9SOI,"Actor and Activist, semi-professional disruptor, ice cream advocate and shameless teacup yorkie-lover",190464,220,1151,568,,https://pbs.twimg.com/profile_images/1325838706822025217/u8Basd41_normal.jpg,737585733095956481,Joon Pearl,2016-05-31T10:05:17.000Z,JoonPearlLondon,,"You know when they tell you ""Never meet your heroes""? 
I met mine and I haven't been let down
Depphead - Depp Soldier - And Proud

#JusticeForJohnnyDepp",4702,217,11506,19,,
en,1126086277483331584,@realamberheard @ma_franks @sagaftra @CCRInitiative Stop lying to us! https://t.co/7FIRMTCEqR,2019-05-08T11:27:44.000Z,717763291477581824,807003567605227520,Twitter Web Client,"[{'type': 'replied_to', 'id': '1125893448446251008'}]","[{'start': 0, 'end': 15, 'username': 'realamberheard', 'id': '807003567605227520'}, {'start': 16, 'end': 26, 'username': 'ma_franks', 'id': '1930971006'}, {'start': 27, 'end': 36, 'username': 'sagaftra', 'id': '19658506'}, {'start': 37, 'end': 51, 'username': 'CCRInitiative', 'id': '1675936765'}]",,0,1,1,0,"[{'start': 196, 'end': 219, 'url': 'https://t.co/tezLXqZJYo', 'expanded_url': 'https://twitter.com/realamberheard/status/1125893448446251008/photo/1', 'display_url': 'pic.twitter.com/tezLXqZJYo'}]","[{'start': 27, 'end': 37, 'username': 'ma_franks', 'id': '1930971006'}, {'start': 49, 'end': 58, 'username': 'sagaftra', 'id': '19658506'}, {'start': 169, 'end': 183, 'username': 'CCRInitiative', 'id': '1675936765'}]","[{'start': 95, 'end': 105, 'tag': 'deepfakes'}]",en,1125893448446251008,"So proud to see my friend ⁦@ma_franks⁩ speaking ⁦@sagaftra⁩ to address the growing threat that #deepfakes pose to dignity, democracy &amp; freedom. We need more like ⁦⁦⁦@CCRInitiative⁩ - thank u! https://t.co/tezLXqZJYo",2019-05-07T22:41:30.000Z,33,19,303,2,807003567605227520,Twitter for iPhone,"Los Angeles, CA",https://pbs.twimg.com/profile_images/1383196364792680448/N8CdupEu_normal.jpg,807003567605227520,Amber Heard,2016-12-08T23:26:58.000Z,realamberheard,https://t.co/Ze18Ek9SOI,"Actor and Activist, semi-professional disruptor, ice cream advocate and shameless teacup yorkie-lover",190464,220,1151,568,Mellywood,https://pbs.twimg.com/profile_images/1502959653432475649/7ynjm5bw_normal.jpg,717763291477581824,Mea Mara 🇩🇪 🏴‍☠️#KeepJohnnyDeppAfloat,2016-04-06T17:17:58.000Z,nonunnun,,"visiting this planet
*innen bleibt draußen
Everyone has a right to feel offended.
#JusticeForJohnnyDeppVirginia2022
#MINAMATA is a MUST WATCH in cinema!",1889,1238,65979,12,,"[{'start': 70, 'end': 93, 'url': 'https://t.co/7FIRMTCEqR', 'expanded_url': 'https://twitter.com/itfansofdepp/status/1126059259375038465', 'display_url': 'twitter.com/itfansofdepp/s…'}]"
es,1126086132662448128,@realamberheard @ma_franks @sagaftra @CCRInitiative LIAR! https://t.co/sha2LC5Fe2,2019-05-08T11:27:10.000Z,717763291477581824,807003567605227520,Twitter Web Client,"[{'type': 'replied_to', 'id': '1125893448446251008'}]","[{'start': 0, 'end': 15, 'username': 'realamberheard', 'id': '807003567605227520'}, {'start': 16, 'end': 26, 'username': 'ma_franks', 'id': '1930971006'}, {'start': 27, 'end': 36, 'username': 'sagaftra', 'id': '19658506'}, {'start': 37, 'end': 51, 'username': 'CCRInitiative', 'id': '1675936765'}]",,0,0,2,0,"[{'start': 196, 'end': 219, 'url': 'https://t.co/tezLXqZJYo', 'expanded_url': 'https://twitter.com/realamberheard/status/1125893448446251008/photo/1', 'display_url': 'pic.twitter.com/tezLXqZJYo'}]","[{'start': 27, 'end': 37, 'username': 'ma_franks', 'id': '1930971006'}, {'start': 49, 'end': 58, 'username': 'sagaftra', 'id': '19658506'}, {'start': 169, 'end': 183, 'username': 'CCRInitiative', 'id': '1675936765'}]","[{'start': 95, 'end': 105, 'tag': 'deepfakes'}]",en,1125893448446251008,"So proud to see my friend ⁦@ma_franks⁩ speaking ⁦@sagaftra⁩ to address the growing threat that #deepfakes pose to dignity, democracy &amp; freedom. We need more like ⁦⁦⁦@CCRInitiative⁩ - thank u! https://t.co/tezLXqZJYo",2019-05-07T22:41:30.000Z,33,19,303,2,807003567605227520,Twitter for iPhone,"Los Angeles, CA",https://pbs.twimg.com/profile_images/1383196364792680448/N8CdupEu_normal.jpg,807003567605227520,Amber Heard,2016-12-08T23:26:58.000Z,realamberheard,https://t.co/Ze18Ek9SOI,"Actor and Activist, semi-professional disruptor, ice cream advocate and shameless teacup yorkie-lover",190464,220,1151,568,Mellywood,https://pbs.twimg.com/profile_images/1502959653432475649/7ynjm5bw_normal.jpg,717763291477581824,Mea Mara 🇩🇪 🏴‍☠️#KeepJohnnyDeppAfloat,2016-04-06T17:17:58.000Z,nonunnun,,"visiting this planet
*innen bleibt draußen
Everyone has a right to feel offended.
#JusticeForJohnnyDeppVirginia2022
#MINAMATA is a MUST WATCH in cinema!",1889,1238,65979,12,,"[{'start': 58, 'end': 81, 'url': 'https://t.co/sha2LC5Fe2', 'expanded_url': 'https://theblast.com/johnny-depp-amber-heard-io-tillett-wright/', 'display_url': 'theblast.com/johnny-depp-am…', 'status': 200, 'unwound_url': 'https://theblast.com/c/johnny-depp-amber-heard-io-tillett-wright/'}]"
es,1125991146952495104,@realamberheard @ma_franks @sagaftra @CCRInitiative Amber por favor me gustaria ayudarte si necesitas algo por favor ❤❤😄😄😄🤗🤗🤗😇😇😇,2019-05-08T05:09:43.000Z,1120114201404506112,807003567605227520,Twitter Web App,"[{'type': 'replied_to', 'id': '1125893448446251008'}]","[{'start': 0, 'end': 15, 'username': 'realamberheard', 'id': '807003567605227520'}, {'start': 16, 'end': 26, 'username': 'ma_franks', 'id': '1930971006'}, {'start': 27, 'end': 36, 'username': 'sagaftra', 'id': '19658506'}, {'start': 37, 'end': 51, 'username': 'CCRInitiative', 'id': '1675936765'}]",,0,0,1,0,"[{'start': 196, 'end': 219, 'url': 'https://t.co/tezLXqZJYo', 'expanded_url': 'https://twitter.com/realamberheard/status/1125893448446251008/photo/1', 'display_url': 'pic.twitter.com/tezLXqZJYo'}]","[{'start': 27, 'end': 37, 'username': 'ma_franks', 'id': '1930971006'}, {'start': 49, 'end': 58, 'username': 'sagaftra', 'id': '19658506'}, {'start': 169, 'end': 183, 'username': 'CCRInitiative', 'id': '1675936765'}]","[{'start': 95, 'end': 105, 'tag': 'deepfakes'}]",en,1125893448446251008,"So proud to see my friend ⁦@ma_franks⁩ speaking ⁦@sagaftra⁩ to address the growing threat that #deepfakes pose to dignity, democracy &amp; freedom. We need more like ⁦⁦⁦@CCRInitiative⁩ - thank u! https://t.co/tezLXqZJYo",2019-05-07T22:41:30.000Z,33,19,303,2,807003567605227520,Twitter for iPhone,"Los Angeles, CA",https://pbs.twimg.com/profile_images/1383196364792680448/N8CdupEu_normal.jpg,807003567605227520,Amber Heard,2016-12-08T23:26:58.000Z,realamberheard,https://t.co/Ze18Ek9SOI,"Actor and Activist, semi-professional disruptor, ice cream advocate and shameless teacup yorkie-lover",190464,220,1151,568,Puebla mexico,https://pbs.twimg.com/profile_images/1377050191719710721/-BKIU6Zv_normal.jpg,1120114201404506112,Enrique ramirez,2019-04-21T23:56:51.000Z,Enrique62175188,,,63,304,2076,0,"[{'start': 52, 'end': 56, 'probability': 0.8023, 'type': 'Person', 'normalized_text': 'Amber'}]",
es,1125970504681185280,"@realamberheard @ma_franks @sagaftra @CCRInitiative Amber perdona  que te moleste pero quisiera que me
Respondieras eres mi actriz favorita por favor 😄😄❤❤❤❤❤❤",2019-05-08T03:47:42.000Z,1120114201404506112,807003567605227520,Twitter Web App,"[{'type': 'replied_to', 'id': '1125893448446251008'}]","[{'start': 0, 'end': 15, 'username': 'realamberheard', 'id': '807003567605227520'}, {'start': 16, 'end': 26, 'username': 'ma_franks', 'id': '1930971006'}, {'start': 27, 'end': 36, 'username': 'sagaftra', 'id': '19658506'}, {'start': 37, 'end': 51, 'username': 'CCRInitiative', 'id': '1675936765'}]",,0,0,0,0,"[{'start': 196, 'end': 219, 'url': 'https://t.co/tezLXqZJYo', 'expanded_url': 'https://twitter.com/realamberheard/status/1125893448446251008/photo/1', 'display_url': 'pic.twitter.com/tezLXqZJYo'}]","[{'start': 27, 'end': 37, 'username': 'ma_franks', 'id': '1930971006'}, {'start': 49, 'end': 58, 'username': 'sagaftra', 'id': '19658506'}, {'start': 169, 'end': 183, 'username': 'CCRInitiative', 'id': '1675936765'}]","[{'start': 95, 'end': 105, 'tag': 'deepfakes'}]",en,1125893448446251008,"So proud to see my friend ⁦@ma_franks⁩ speaking ⁦@sagaftra⁩ to address the growing threat that #deepfakes pose to dignity, democracy &amp; freedom. We need more like ⁦⁦⁦@CCRInitiative⁩ - thank u! https://t.co/tezLXqZJYo",2019-05-07T22:41:30.000Z,33,19,303,2,807003567605227520,Twitter for iPhone,"Los Angeles, CA",https://pbs.twimg.com/profile_images/1383196364792680448/N8CdupEu_normal.jpg,807003567605227520,Amber Heard,2016-12-08T23:26:58.000Z,realamberheard,https://t.co/Ze18Ek9SOI,"Actor and Activist, semi-professional disruptor, ice cream advocate and shameless teacup yorkie-lover",190464,220,1151,568,Puebla mexico,https://pbs.twimg.com/profile_images/1377050191719710721/-BKIU6Zv_normal.jpg,1120114201404506112,Enrique ramirez,2019-04-21T23:56:51.000Z,Enrique62175188,,,63,304,2076,0,"[{'start': 52, 'end': 56, 'probability': 0.8395, 'type': 'Person', 'normalized_text': 'Amber'}]",
no,1125957533296939008,"@realamberheard @ma_franks @sagaftra @CCRInitiative Feke faker fakest.
#AmberHeardIsALiar #AmberHeardIsAnAbuser #AmberHeardAbusedJohnnyDepp
#JusticeForJohnnyDepp",2019-05-08T02:56:09.000Z,1110053201775128586,807003567605227520,Twitter for Android,"[{'type': 'replied_to', 'id': '1125893448446251008'}]","[{'start': 0, 'end': 15, 'username': 'realamberheard', 'id': '807003567605227520'}, {'start': 16, 'end': 26, 'username': 'ma_franks', 'id': '1930971006'}, {'start': 27, 'end': 36, 'username': 'sagaftra', 'id': '19658506'}, {'start': 37, 'end': 51, 'username': 'CCRInitiative', 'id': '1675936765'}]","[{'start': 71, 'end': 89, 'tag': 'AmberHeardIsALiar'}, {'start': 90, 'end': 111, 'tag': 'AmberHeardIsAnAbuser'}, {'start': 112, 'end': 139, 'tag': 'AmberHeardAbusedJohnnyDepp'}, {'start': 140, 'end': 161, 'tag': 'JusticeForJohnnyDepp'}]",0,0,0,0,"[{'start': 196, 'end': 219, 'url': 'https://t.co/tezLXqZJYo', 'expanded_url': 'https://twitter.com/realamberheard/status/1125893448446251008/photo/1', 'display_url': 'pic.twitter.com/tezLXqZJYo'}]","[{'start': 27, 'end': 37, 'username': 'ma_franks', 'id': '1930971006'}, {'start': 49, 'end': 58, 'username': 'sagaftra', 'id': '19658506'}, {'start': 169, 'end': 183, 'username': 'CCRInitiative', 'id': '1675936765'}]","[{'start': 95, 'end': 105, 'tag': 'deepfakes'}]",en,1125893448446251008,"So proud to see my friend ⁦@ma_franks⁩ speaking ⁦@sagaftra⁩ to address the growing threat that #deepfakes pose to dignity, democracy &amp; freedom. We need more like ⁦⁦⁦@CCRInitiative⁩ - thank u! https://t.co/tezLXqZJYo",2019-05-07T22:41:30.000Z,33,19,303,2,807003567605227520,Twitter for iPhone,"Los Angeles, CA",https://pbs.twimg.com/profile_images/1383196364792680448/N8CdupEu_normal.jpg,807003567605227520,Amber Heard,2016-12-08T23:26:58.000Z,realamberheard,https://t.co/Ze18Ek9SOI,"Actor and Activist, semi-professional disruptor, ice cream advocate and shameless teacup yorkie-lover",190464,220,1151,568,Geographically displaced,https://pbs.twimg.com/profile_images/1323360120894492677/0BIAJYWw_normal.jpg,1110053201775128586,S e r e i n,2019-03-25T05:38:01.000Z,Sarah_Zarin,,"Stuff I love #BritishPeriodDrama #JohnnyDepp #Lucifer #TheOriginals
Proud to be a part of my fabulous fandom.🙌",307,243,10996,0,,
en,1125949736291319808,@realamberheard @ma_franks @sagaftra @CCRInitiative I was thinking to post a couple of pictures of you showing some “dignity” but there are too many and I couldn’t pick the right ones honey!! Can anybody help me??,2019-05-08T02:25:10.000Z,737585733095956481,807003567605227520,Twitter for iPhone,"[{'type': 'replied_to', 'id': '1125893448446251008'}]","[{'start': 0, 'end': 15, 'username': 'realamberheard', 'id': '807003567605227520'}, {'start': 16, 'end': 26, 'username': 'ma_franks', 'id': '1930971006'}, {'start': 27, 'end': 36, 'username': 'sagaftra', 'id': '19658506'}, {'start': 37, 'end': 51, 'username': 'CCRInitiative', 'id': '1675936765'}]",,0,0,0,0,"[{'start': 196, 'end': 219, 'url': 'https://t.co/tezLXqZJYo', 'expanded_url': 'https://twitter.com/realamberheard/status/1125893448446251008/photo/1', 'display_url': 'pic.twitter.com/tezLXqZJYo'}]","[{'start': 27, 'end': 37, 'username': 'ma_franks', 'id': '1930971006'}, {'start': 49, 'end': 58, 'username': 'sagaftra', 'id': '19658506'}, {'start': 169, 'end': 183, 'username': 'CCRInitiative', 'id': '1675936765'}]","[{'start': 95, 'end': 105, 'tag': 'deepfakes'}]",en,1125893448446251008,"So proud to see my friend ⁦@ma_franks⁩ speaking ⁦@sagaftra⁩ to address the growing threat that #deepfakes pose to dignity, democracy &amp; freedom. We need more like ⁦⁦⁦@CCRInitiative⁩ - thank u! https://t.co/tezLXqZJYo",2019-05-07T22:41:30.000Z,33,19,303,2,807003567605227520,Twitter for iPhone,"Los Angeles, CA",https://pbs.twimg.com/profile_images/1383196364792680448/N8CdupEu_normal.jpg,807003567605227520,Amber Heard,2016-12-08T23:26:58.000Z,realamberheard,https://t.co/Ze18Ek9SOI,"Actor and Activist, semi-professional disruptor, ice cream advocate and shameless teacup yorkie-lover",190464,220,1151,568,,https://pbs.twimg.com/profile_images/1325838706822025217/u8Basd41_normal.jpg,737585733095956481,Joon Pearl,2016-05-31T10:05:17.000Z,JoonPearlLondon,,"You know when they tell you ""Never meet your heroes""? 
I met mine and I haven't been let down
Depphead - Depp Soldier - And Proud

#JusticeForJohnnyDepp",4702,217,11506,19,,
en,1125948567158435841,@stirgussa @realamberheard @ma_franks @sagaftra @CCRInitiative I knew you were going to say that Stirg!! I knew it!!! 😘 You sad predictable little human 😘 she has a lot of cool friends... how many you don’t?? Ihih 👋,2019-05-08T02:20:32.000Z,737585733095956481,4396120342,Twitter for iPhone,"[{'type': 'replied_to', 'id': '1125895376022769665'}]","[{'start': 0, 'end': 10, 'username': 'stirgussa', 'id': '4396120342'}, {'start': 11, 'end': 26, 'username': 'realamberheard', 'id': '807003567605227520'}, {'start': 27, 'end': 37, 'username': 'ma_franks', 'id': '1930971006'}, {'start': 38, 'end': 47, 'username': 'sagaftra', 'id': '19658506'}, {'start': 48, 'end': 62, 'username': 'CCRInitiative', 'id': '1675936765'}]",,0,0,0,0,"[{'start': 196, 'end': 219, 'url': 'https://t.co/tezLXqZJYo', 'expanded_url': 'https://twitter.com/realamberheard/status/1125893448446251008/photo/1', 'display_url': 'pic.twitter.com/tezLXqZJYo'}]","[{'start': 27, 'end': 37, 'username': 'ma_franks', 'id': '1930971006'}, {'start': 49, 'end': 58, 'username': 'sagaftra', 'id': '19658506'}, {'start': 169, 'end': 183, 'username': 'CCRInitiative', 'id': '1675936765'}]","[{'start': 95, 'end': 105, 'tag': 'deepfakes'}]",en,1125893448446251008,"So proud to see my friend ⁦@ma_franks⁩ speaking ⁦@sagaftra⁩ to address the growing threat that #deepfakes pose to dignity, democracy &amp; freedom. We need more like ⁦⁦⁦@CCRInitiative⁩ - thank u! https://t.co/tezLXqZJYo",2019-05-07T22:41:30.000Z,33,19,303,2,807003567605227520,Twitter for iPhone,"Los Angeles, CA",https://pbs.twimg.com/profile_images/1383196364792680448/N8CdupEu_normal.jpg,807003567605227520,Amber Heard,2016-12-08T23:26:58.000Z,realamberheard,https://t.co/Ze18Ek9SOI,"Actor and Activist, semi-professional disruptor, ice cream advocate and shameless teacup yorkie-lover",190464,220,1151,568,,https://pbs.twimg.com/profile_images/1325838706822025217/u8Basd41_normal.jpg,737585733095956481,Joon Pearl,2016-05-31T10:05:17.000Z,JoonPearlLondon,,"You know when they tell you ""Never meet your heroes""? 
I met mine and I haven't been let down
Depphead - Depp Soldier - And Proud

#JusticeForJohnnyDepp",4702,217,11506,19,"[{'start': 97, 'end': 101, 'probability': 0.6154, 'type': 'Person', 'normalized_text': 'Stirg'}]",
en,1125941088349376512,"@SkLumos @realamberheard @ma_franks @sagaftra @CCRInitiative As I've said before: piss off, you troll.",2019-05-08T01:50:49.000Z,3216078659,1112756109981421568,Twitter Web App,"[{'type': 'replied_to', 'id': '1125919393765105664'}]","[{'start': 9, 'end': 24, 'username': 'realamberheard', 'id': '807003567605227520'}, {'start': 25, 'end': 35, 'username': 'ma_franks', 'id': '1930971006'}, {'start': 36, 'end': 45, 'username': 'sagaftra', 'id': '19658506'}, {'start': 46, 'end': 60, 'username': 'CCRInitiative', 'id': '1675936765'}]",,0,1,1,0,"[{'start': 196, 'end': 219, 'url': 'https://t.co/tezLXqZJYo', 'expanded_url': 'https://twitter.com/realamberheard/status/1125893448446251008/photo/1', 'display_url': 'pic.twitter.com/tezLXqZJYo'}]","[{'start': 27, 'end': 37, 'username': 'ma_franks', 'id': '1930971006'}, {'start': 49, 'end': 58, 'username': 'sagaftra', 'id': '19658506'}, {'start': 169, 'end': 183, 'username': 'CCRInitiative', 'id': '1675936765'}]","[{'start': 95, 'end': 105, 'tag': 'deepfakes'}]",en,1125893448446251008,"So proud to see my friend ⁦@ma_franks⁩ speaking ⁦@sagaftra⁩ to address the growing threat that #deepfakes pose to dignity, democracy &amp; freedom. We need more like ⁦⁦⁦@CCRInitiative⁩ - thank u! https://t.co/tezLXqZJYo",2019-05-07T22:41:30.000Z,33,19,303,2,807003567605227520,Twitter for iPhone,"Los Angeles, CA",https://pbs.twimg.com/profile_images/1383196364792680448/N8CdupEu_normal.jpg,807003567605227520,Amber Heard,2016-12-08T23:26:58.000Z,realamberheard,https://t.co/Ze18Ek9SOI,"Actor and Activist, semi-professional disruptor, ice cream advocate and shameless teacup yorkie-lover",190464,220,1151,568,,https://pbs.twimg.com/profile_images/1501219816522219520/SQVX3N2b_normal.jpg,3216078659,GGCIR8991,2015-04-28T07:17:35.000Z,GGCIR8991,,"On the internet, you can be pretty much anything you want, it's just kinda weird that so many people choose to be idiots and assholes",1464,1324,163149,17,,
in,1125909717350412288,@realamberheard @ma_franks @sagaftra @CCRInitiative Amberr♥️♥️♥️,2019-05-07T23:46:09.000Z,1125310158815387649,807003567605227520,Twitter Web App,"[{'type': 'replied_to', 'id': '1125893448446251008'}]","[{'start': 0, 'end': 15, 'username': 'realamberheard', 'id': '807003567605227520'}, {'start': 16, 'end': 26, 'username': 'ma_franks', 'id': '1930971006'}, {'start': 27, 'end': 36, 'username': 'sagaftra', 'id': '19658506'}, {'start': 37, 'end': 51, 'username': 'CCRInitiative', 'id': '1675936765'}]",,0,0,0,0,"[{'start': 196, 'end': 219, 'url': 'https://t.co/tezLXqZJYo', 'expanded_url': 'https://twitter.com/realamberheard/status/1125893448446251008/photo/1', 'display_url': 'pic.twitter.com/tezLXqZJYo'}]","[{'start': 27, 'end': 37, 'username': 'ma_franks', 'id': '1930971006'}, {'start': 49, 'end': 58, 'username': 'sagaftra', 'id': '19658506'}, {'start': 169, 'end': 183, 'username': 'CCRInitiative', 'id': '1675936765'}]","[{'start': 95, 'end': 105, 'tag': 'deepfakes'}]",en,1125893448446251008,"So proud to see my friend ⁦@ma_franks⁩ speaking ⁦@sagaftra⁩ to address the growing threat that #deepfakes pose to dignity, democracy &amp; freedom. We need more like ⁦⁦⁦@CCRInitiative⁩ - thank u! https://t.co/tezLXqZJYo",2019-05-07T22:41:30.000Z,33,19,303,2,807003567605227520,Twitter for iPhone,"Los Angeles, CA",https://pbs.twimg.com/profile_images/1383196364792680448/N8CdupEu_normal.jpg,807003567605227520,Amber Heard,2016-12-08T23:26:58.000Z,realamberheard,https://t.co/Ze18Ek9SOI,"Actor and Activist, semi-professional disruptor, ice cream advocate and shameless teacup yorkie-lover",190464,220,1151,568,National city,https://pbs.twimg.com/profile_images/1506261299956940808/A_hVlXCj_normal.jpg,1125310158815387649,adiz,2019-05-06T08:03:43.000Z,adizaudya18,,,32,217,688,0,,
en,1125901573811343361,"@Enrique62175188 @lesbhcnest @realamberheard Strong, smart, beautiful with heart, always with the good fight, and never afraid to make her voice be heard, @realamberheard is absolutely wonderful!💖",2019-05-07T23:13:48.000Z,3216078659,1120114201404506112,Twitter Web App,"[{'type': 'replied_to', 'id': '1125899791836303361'}]","[{'start': 0, 'end': 16, 'username': 'Enrique62175188', 'id': '1120114201404506112'}, {'start': 29, 'end': 44, 'username': 'realamberheard', 'id': '807003567605227520'}, {'start': 155, 'end': 170, 'username': 'realamberheard', 'id': '807003567605227520'}]",,0,0,2,0,"[{'start': 196, 'end': 219, 'url': 'https://t.co/tezLXqZJYo', 'expanded_url': 'https://twitter.com/realamberheard/status/1125893448446251008/photo/1', 'display_url': 'pic.twitter.com/tezLXqZJYo'}]","[{'start': 27, 'end': 37, 'username': 'ma_franks', 'id': '1930971006'}, {'start': 49, 'end': 58, 'username': 'sagaftra', 'id': '19658506'}, {'start': 169, 'end': 183, 'username': 'CCRInitiative', 'id': '1675936765'}]","[{'start': 95, 'end': 105, 'tag': 'deepfakes'}]",en,1125893448446251008,"So proud to see my friend ⁦@ma_franks⁩ speaking ⁦@sagaftra⁩ to address the growing threat that #deepfakes pose to dignity, democracy &amp; freedom. We need more like ⁦⁦⁦@CCRInitiative⁩ - thank u! https://t.co/tezLXqZJYo",2019-05-07T22:41:30.000Z,33,19,303,2,807003567605227520,Twitter for iPhone,"Los Angeles, CA",https://pbs.twimg.com/profile_images/1383196364792680448/N8CdupEu_normal.jpg,807003567605227520,Amber Heard,2016-12-08T23:26:58.000Z,realamberheard,https://t.co/Ze18Ek9SOI,"Actor and Activist, semi-professional disruptor, ice cream advocate and shameless teacup yorkie-lover",190464,220,1151,568,,https://pbs.twimg.com/profile_images/1501219816522219520/SQVX3N2b_normal.jpg,3216078659,GGCIR8991,2015-04-28T07:17:35.000Z,GGCIR8991,,"On the internet, you can be pretty much anything you want, it's just kinda weird that so many people choose to be idiots and assholes",1464,1324,163149,17,,
es,1125899791836303361,@RAMMF1898 @lesbhcnest @realamberheard Amber es maravillosa estoy orgulloso de ella te admiro y respeto mucho 😄😄💖💖💖💖💖💖💖💖⚘@realamberheard,2019-05-07T23:06:43.000Z,1120114201404506112,3216078659,Twitter Web App,"[{'type': 'replied_to', 'id': '1125898019197542400'}]","[{'start': 23, 'end': 38, 'username': 'realamberheard', 'id': '807003567605227520'}, {'start': 121, 'end': 136, 'username': 'realamberheard', 'id': '807003567605227520'}]",,0,1,2,0,"[{'start': 196, 'end': 219, 'url': 'https://t.co/tezLXqZJYo', 'expanded_url': 'https://twitter.com/realamberheard/status/1125893448446251008/photo/1', 'display_url': 'pic.twitter.com/tezLXqZJYo'}]","[{'start': 27, 'end': 37, 'username': 'ma_franks', 'id': '1930971006'}, {'start': 49, 'end': 58, 'username': 'sagaftra', 'id': '19658506'}, {'start': 169, 'end': 183, 'username': 'CCRInitiative', 'id': '1675936765'}]","[{'start': 95, 'end': 105, 'tag': 'deepfakes'}]",en,1125893448446251008,"So proud to see my friend ⁦@ma_franks⁩ speaking ⁦@sagaftra⁩ to address the growing threat that #deepfakes pose to dignity, democracy &amp; freedom. We need more like ⁦⁦⁦@CCRInitiative⁩ - thank u! https://t.co/tezLXqZJYo",2019-05-07T22:41:30.000Z,33,19,303,2,807003567605227520,Twitter for iPhone,"Los Angeles, CA",https://pbs.twimg.com/profile_images/1383196364792680448/N8CdupEu_normal.jpg,807003567605227520,Amber Heard,2016-12-08T23:26:58.000Z,realamberheard,https://t.co/Ze18Ek9SOI,"Actor and Activist, semi-professional disruptor, ice cream advocate and shameless teacup yorkie-lover",190464,220,1151,568,Puebla mexico,https://pbs.twimg.com/profile_images/1377050191719710721/-BKIU6Zv_normal.jpg,1120114201404506112,Enrique ramirez,2019-04-21T23:56:51.000Z,Enrique62175188,,,63,304,2076,0,"[{'start': 39, 'end': 43, 'probability': 0.8664, 'type': 'Person', 'normalized_text': 'Amber'}]",
en,1125898019197542400,"@lesbhcnest @realamberheard Yeah, we really do; people who are strong, smart, and always with the good fight, just like her!❤️",2019-05-07T22:59:40.000Z,3216078659,849703746,Twitter Web App,"[{'type': 'replied_to', 'id': '1125893795286007812'}]","[{'start': 12, 'end': 27, 'username': 'realamberheard', 'id': '807003567605227520'}]",,0,1,2,0,"[{'start': 196, 'end': 219, 'url': 'https://t.co/tezLXqZJYo', 'expanded_url': 'https://twitter.com/realamberheard/status/1125893448446251008/photo/1', 'display_url': 'pic.twitter.com/tezLXqZJYo'}]","[{'start': 27, 'end': 37, 'username': 'ma_franks', 'id': '1930971006'}, {'start': 49, 'end': 58, 'username': 'sagaftra', 'id': '19658506'}, {'start': 169, 'end': 183, 'username': 'CCRInitiative', 'id': '1675936765'}]","[{'start': 95, 'end': 105, 'tag': 'deepfakes'}]",en,1125893448446251008,"So proud to see my friend ⁦@ma_franks⁩ speaking ⁦@sagaftra⁩ to address the growing threat that #deepfakes pose to dignity, democracy &amp; freedom. We need more like ⁦⁦⁦@CCRInitiative⁩ - thank u! https://t.co/tezLXqZJYo",2019-05-07T22:41:30.000Z,33,19,303,2,807003567605227520,Twitter for iPhone,"Los Angeles, CA",https://pbs.twimg.com/profile_images/1383196364792680448/N8CdupEu_normal.jpg,807003567605227520,Amber Heard,2016-12-08T23:26:58.000Z,realamberheard,https://t.co/Ze18Ek9SOI,"Actor and Activist, semi-professional disruptor, ice cream advocate and shameless teacup yorkie-lover",190464,220,1151,568,,https://pbs.twimg.com/profile_images/1501219816522219520/SQVX3N2b_normal.jpg,3216078659,GGCIR8991,2015-04-28T07:17:35.000Z,GGCIR8991,,"On the internet, you can be pretty much anything you want, it's just kinda weird that so many people choose to be idiots and assholes",1464,1324,163149,17,,
es,1125897651600404482,"@realamberheard @ma_franks @sagaftra @CCRInitiative Amber saludanos por favor 
😄😄😄😄😄🤗🤗🤗😇por favor 🇲🇽🇲🇽⚘⚘💙💙",2019-05-07T22:58:12.000Z,1120114201404506112,807003567605227520,Twitter Web App,"[{'type': 'replied_to', 'id': '1125893448446251008'}]","[{'start': 0, 'end': 15, 'username': 'realamberheard', 'id': '807003567605227520'}, {'start': 16, 'end': 26, 'username': 'ma_franks', 'id': '1930971006'}, {'start': 27, 'end': 36, 'username': 'sagaftra', 'id': '19658506'}, {'start': 37, 'end': 51, 'username': 'CCRInitiative', 'id': '1675936765'}]",,0,0,0,0,"[{'start': 196, 'end': 219, 'url': 'https://t.co/tezLXqZJYo', 'expanded_url': 'https://twitter.com/realamberheard/status/1125893448446251008/photo/1', 'display_url': 'pic.twitter.com/tezLXqZJYo'}]","[{'start': 27, 'end': 37, 'username': 'ma_franks', 'id': '1930971006'}, {'start': 49, 'end': 58, 'username': 'sagaftra', 'id': '19658506'}, {'start': 169, 'end': 183, 'username': 'CCRInitiative', 'id': '1675936765'}]","[{'start': 95, 'end': 105, 'tag': 'deepfakes'}]",en,1125893448446251008,"So proud to see my friend ⁦@ma_franks⁩ speaking ⁦@sagaftra⁩ to address the growing threat that #deepfakes pose to dignity, democracy &amp; freedom. We need more like ⁦⁦⁦@CCRInitiative⁩ - thank u! https://t.co/tezLXqZJYo",2019-05-07T22:41:30.000Z,33,19,303,2,807003567605227520,Twitter for iPhone,"Los Angeles, CA",https://pbs.twimg.com/profile_images/1383196364792680448/N8CdupEu_normal.jpg,807003567605227520,Amber Heard,2016-12-08T23:26:58.000Z,realamberheard,https://t.co/Ze18Ek9SOI,"Actor and Activist, semi-professional disruptor, ice cream advocate and shameless teacup yorkie-lover",190464,220,1151,568,Puebla mexico,https://pbs.twimg.com/profile_images/1377050191719710721/-BKIU6Zv_normal.jpg,1120114201404506112,Enrique ramirez,2019-04-21T23:56:51.000Z,Enrique62175188,,,63,304,2076,0,"[{'start': 52, 'end': 56, 'probability': 0.526, 'type': 'Person', 'normalized_text': 'Amber'}]",
en,1125895376022769665,"@realamberheard @ma_franks @sagaftra @CCRInitiative Down with the #DeepFakes and also the #DeppFakes 😝 both disgusting 😒

You have the coolest friends btw 👍",2019-05-07T22:49:10.000Z,4396120342,807003567605227520,Twitter for Android,"[{'type': 'replied_to', 'id': '1125893448446251008'}]","[{'start': 0, 'end': 15, 'username': 'realamberheard', 'id': '807003567605227520'}, {'start': 16, 'end': 26, 'username': 'ma_franks', 'id': '1930971006'}, {'start': 27, 'end': 36, 'username': 'sagaftra', 'id': '19658506'}, {'start': 37, 'end': 51, 'username': 'CCRInitiative', 'id': '1675936765'}]","[{'start': 66, 'end': 76, 'tag': 'DeepFakes'}, {'start': 90, 'end': 100, 'tag': 'DeppFakes'}]",0,1,5,0,"[{'start': 196, 'end': 219, 'url': 'https://t.co/tezLXqZJYo', 'expanded_url': 'https://twitter.com/realamberheard/status/1125893448446251008/photo/1', 'display_url': 'pic.twitter.com/tezLXqZJYo'}]","[{'start': 27, 'end': 37, 'username': 'ma_franks', 'id': '1930971006'}, {'start': 49, 'end': 58, 'username': 'sagaftra', 'id': '19658506'}, {'start': 169, 'end': 183, 'username': 'CCRInitiative', 'id': '1675936765'}]","[{'start': 95, 'end': 105, 'tag': 'deepfakes'}]",en,1125893448446251008,"So proud to see my friend ⁦@ma_franks⁩ speaking ⁦@sagaftra⁩ to address the growing threat that #deepfakes pose to dignity, democracy &amp; freedom. We need more like ⁦⁦⁦@CCRInitiative⁩ - thank u! https://t.co/tezLXqZJYo",2019-05-07T22:41:30.000Z,33,19,303,2,807003567605227520,Twitter for iPhone,"Los Angeles, CA",https://pbs.twimg.com/profile_images/1383196364792680448/N8CdupEu_normal.jpg,807003567605227520,Amber Heard,2016-12-08T23:26:58.000Z,realamberheard,https://t.co/Ze18Ek9SOI,"Actor and Activist, semi-professional disruptor, ice cream advocate and shameless teacup yorkie-lover",190464,220,1151,568,,https://pbs.twimg.com/profile_images/1378175478478082050/UKLiQPuk_normal.jpg,4396120342,STIRGUS SACCHETTI,2015-12-06T17:21:06.000Z,stirgussa,,"Only two things are infinite, the universe and human stupidity, and I'm not sure about the former. - Albert Einstein and Me!",678,296,58622,26,,
en,1125894914452086784,"@realamberheard @ma_franks @sagaftra @CCRInitiative Always with the good fight, I'm proud of you queen!❤️ You're a good role model and an inspiration to us fans!❤️ I love you!❤️",2019-05-07T22:47:20.000Z,3216078659,807003567605227520,Twitter Web App,"[{'type': 'replied_to', 'id': '1125893448446251008'}]","[{'start': 0, 'end': 15, 'username': 'realamberheard', 'id': '807003567605227520'}, {'start': 16, 'end': 26, 'username': 'ma_franks', 'id': '1930971006'}, {'start': 27, 'end': 36, 'username': 'sagaftra', 'id': '19658506'}, {'start': 37, 'end': 51, 'username': 'CCRInitiative', 'id': '1675936765'}]",,0,0,2,0,"[{'start': 196, 'end': 219, 'url': 'https://t.co/tezLXqZJYo', 'expanded_url': 'https://twitter.com/realamberheard/status/1125893448446251008/photo/1', 'display_url': 'pic.twitter.com/tezLXqZJYo'}]","[{'start': 27, 'end': 37, 'username': 'ma_franks', 'id': '1930971006'}, {'start': 49, 'end': 58, 'username': 'sagaftra', 'id': '19658506'}, {'start': 169, 'end': 183, 'username': 'CCRInitiative', 'id': '1675936765'}]","[{'start': 95, 'end': 105, 'tag': 'deepfakes'}]",en,1125893448446251008,"So proud to see my friend ⁦@ma_franks⁩ speaking ⁦@sagaftra⁩ to address the growing threat that #deepfakes pose to dignity, democracy &amp; freedom. We need more like ⁦⁦⁦@CCRInitiative⁩ - thank u! https://t.co/tezLXqZJYo",2019-05-07T22:41:30.000Z,33,19,303,2,807003567605227520,Twitter for iPhone,"Los Angeles, CA",https://pbs.twimg.com/profile_images/1383196364792680448/N8CdupEu_normal.jpg,807003567605227520,Amber Heard,2016-12-08T23:26:58.000Z,realamberheard,https://t.co/Ze18Ek9SOI,"Actor and Activist, semi-professional disruptor, ice cream advocate and shameless teacup yorkie-lover",190464,220,1151,568,,https://pbs.twimg.com/profile_images/1501219816522219520/SQVX3N2b_normal.jpg,3216078659,GGCIR8991,2015-04-28T07:17:35.000Z,GGCIR8991,,"On the internet, you can be pretty much anything you want, it's just kinda weird that so many people choose to be idiots and assholes",1464,1324,163149,17,,
es,1125894748210900995,@realamberheard @ma_franks @sagaftra @CCRInitiative Tienes el apoyo de todos tus fans 🇲🇽🇲🇽 te queremos mucho eres mi idola saludos,2019-05-07T22:46:40.000Z,1120114201404506112,807003567605227520,Twitter Web App,"[{'type': 'replied_to', 'id': '1125893448446251008'}]","[{'start': 0, 'end': 15, 'username': 'realamberheard', 'id': '807003567605227520'}, {'start': 16, 'end': 26, 'username': 'ma_franks', 'id': '1930971006'}, {'start': 27, 'end': 36, 'username': 'sagaftra', 'id': '19658506'}, {'start': 37, 'end': 51, 'username': 'CCRInitiative', 'id': '1675936765'}]",,0,0,1,0,"[{'start': 196, 'end': 219, 'url': 'https://t.co/tezLXqZJYo', 'expanded_url': 'https://twitter.com/realamberheard/status/1125893448446251008/photo/1', 'display_url': 'pic.twitter.com/tezLXqZJYo'}]","[{'start': 27, 'end': 37, 'username': 'ma_franks', 'id': '1930971006'}, {'start': 49, 'end': 58, 'username': 'sagaftra', 'id': '19658506'}, {'start': 169, 'end': 183, 'username': 'CCRInitiative', 'id': '1675936765'}]","[{'start': 95, 'end': 105, 'tag': 'deepfakes'}]",en,1125893448446251008,"So proud to see my friend ⁦@ma_franks⁩ speaking ⁦@sagaftra⁩ to address the growing threat that #deepfakes pose to dignity, democracy &amp; freedom. We need more like ⁦⁦⁦@CCRInitiative⁩ - thank u! https://t.co/tezLXqZJYo",2019-05-07T22:41:30.000Z,33,19,303,2,807003567605227520,Twitter for iPhone,"Los Angeles, CA",https://pbs.twimg.com/profile_images/1383196364792680448/N8CdupEu_normal.jpg,807003567605227520,Amber Heard,2016-12-08T23:26:58.000Z,realamberheard,https://t.co/Ze18Ek9SOI,"Actor and Activist, semi-professional disruptor, ice cream advocate and shameless teacup yorkie-lover",190464,220,1151,568,Puebla mexico,https://pbs.twimg.com/profile_images/1377050191719710721/-BKIU6Zv_normal.jpg,1120114201404506112,Enrique ramirez,2019-04-21T23:56:51.000Z,Enrique62175188,,,63,304,2076,0,,
es,1125894283632922625,@realamberheard @ma_franks @sagaftra @CCRInitiative Estamos orgullosos de ti amber y tambien de todos tu amigos muchas gracias 😊😊😊💪💪💪💖💖🇲🇽🇲🇽🇲🇽🇲🇽⚘⚘⚘,2019-05-07T22:44:49.000Z,1120114201404506112,807003567605227520,Twitter Web App,"[{'type': 'replied_to', 'id': '1125893448446251008'}]","[{'start': 0, 'end': 15, 'username': 'realamberheard', 'id': '807003567605227520'}, {'start': 16, 'end': 26, 'username': 'ma_franks', 'id': '1930971006'}, {'start': 27, 'end': 36, 'username': 'sagaftra', 'id': '19658506'}, {'start': 37, 'end': 51, 'username': 'CCRInitiative', 'id': '1675936765'}]",,0,0,0,0,"[{'start': 196, 'end': 219, 'url': 'https://t.co/tezLXqZJYo', 'expanded_url': 'https://twitter.com/realamberheard/status/1125893448446251008/photo/1', 'display_url': 'pic.twitter.com/tezLXqZJYo'}]","[{'start': 27, 'end': 37, 'username': 'ma_franks', 'id': '1930971006'}, {'start': 49, 'end': 58, 'username': 'sagaftra', 'id': '19658506'}, {'start': 169, 'end': 183, 'username': 'CCRInitiative', 'id': '1675936765'}]","[{'start': 95, 'end': 105, 'tag': 'deepfakes'}]",en,1125893448446251008,"So proud to see my friend ⁦@ma_franks⁩ speaking ⁦@sagaftra⁩ to address the growing threat that #deepfakes pose to dignity, democracy &amp; freedom. We need more like ⁦⁦⁦@CCRInitiative⁩ - thank u! https://t.co/tezLXqZJYo",2019-05-07T22:41:30.000Z,33,19,303,2,807003567605227520,Twitter for iPhone,"Los Angeles, CA",https://pbs.twimg.com/profile_images/1383196364792680448/N8CdupEu_normal.jpg,807003567605227520,Amber Heard,2016-12-08T23:26:58.000Z,realamberheard,https://t.co/Ze18Ek9SOI,"Actor and Activist, semi-professional disruptor, ice cream advocate and shameless teacup yorkie-lover",190464,220,1151,568,Puebla mexico,https://pbs.twimg.com/profile_images/1377050191719710721/-BKIU6Zv_normal.jpg,1120114201404506112,Enrique ramirez,2019-04-21T23:56:51.000Z,Enrique62175188,,,63,304,2076,0,"[{'start': 77, 'end': 81, 'probability': 0.5535, 'type': 'Person', 'normalized_text': 'amber'}]",
es,1125894030859145222,@realamberheard @ma_franks @sagaftra @CCRInitiative Gracias por todo el trabajo que realizas junto con tus amigos son maravillosos saludame por favor😊😊😊🇲🇽🇲🇽🇲🇽🇲🇽⚘⚘⚘💙,2019-05-07T22:43:49.000Z,1120114201404506112,807003567605227520,Twitter Web App,"[{'type': 'replied_to', 'id': '1125893448446251008'}]","[{'start': 0, 'end': 15, 'username': 'realamberheard', 'id': '807003567605227520'}, {'start': 16, 'end': 26, 'username': 'ma_franks', 'id': '1930971006'}, {'start': 27, 'end': 36, 'username': 'sagaftra', 'id': '19658506'}, {'start': 37, 'end': 51, 'username': 'CCRInitiative', 'id': '1675936765'}]",,0,0,0,0,"[{'start': 196, 'end': 219, 'url': 'https://t.co/tezLXqZJYo', 'expanded_url': 'https://twitter.com/realamberheard/status/1125893448446251008/photo/1', 'display_url': 'pic.twitter.com/tezLXqZJYo'}]","[{'start': 27, 'end': 37, 'username': 'ma_franks', 'id': '1930971006'}, {'start': 49, 'end': 58, 'username': 'sagaftra', 'id': '19658506'}, {'start': 169, 'end': 183, 'username': 'CCRInitiative', 'id': '1675936765'}]","[{'start': 95, 'end': 105, 'tag': 'deepfakes'}]",en,1125893448446251008,"So proud to see my friend ⁦@ma_franks⁩ speaking ⁦@sagaftra⁩ to address the growing threat that #deepfakes pose to dignity, democracy &amp; freedom. We need more like ⁦⁦⁦@CCRInitiative⁩ - thank u! https://t.co/tezLXqZJYo",2019-05-07T22:41:30.000Z,33,19,303,2,807003567605227520,Twitter for iPhone,"Los Angeles, CA",https://pbs.twimg.com/profile_images/1383196364792680448/N8CdupEu_normal.jpg,807003567605227520,Amber Heard,2016-12-08T23:26:58.000Z,realamberheard,https://t.co/Ze18Ek9SOI,"Actor and Activist, semi-professional disruptor, ice cream advocate and shameless teacup yorkie-lover",190464,220,1151,568,Puebla mexico,https://pbs.twimg.com/profile_images/1377050191719710721/-BKIU6Zv_normal.jpg,1120114201404506112,Enrique ramirez,2019-04-21T23:56:51.000Z,Enrique62175188,,,63,304,2076,0,,
en,1125893795286007812,"@realamberheard we need more people like you too, that speak up &amp; inspire others! thank you for all the incredible work you do! ♥️",2019-05-07T22:42:53.000Z,849703746,807003567605227520,Twitter for iPhone,"[{'type': 'replied_to', 'id': '1125893448446251008'}]","[{'start': 0, 'end': 15, 'username': 'realamberheard', 'id': '807003567605227520'}]",,0,1,7,0,"[{'start': 196, 'end': 219, 'url': 'https://t.co/tezLXqZJYo', 'expanded_url': 'https://twitter.com/realamberheard/status/1125893448446251008/photo/1', 'display_url': 'pic.twitter.com/tezLXqZJYo'}]","[{'start': 27, 'end': 37, 'username': 'ma_franks', 'id': '1930971006'}, {'start': 49, 'end': 58, 'username': 'sagaftra', 'id': '19658506'}, {'start': 169, 'end': 183, 'username': 'CCRInitiative', 'id': '1675936765'}]","[{'start': 95, 'end': 105, 'tag': 'deepfakes'}]",en,1125893448446251008,"So proud to see my friend ⁦@ma_franks⁩ speaking ⁦@sagaftra⁩ to address the growing threat that #deepfakes pose to dignity, democracy &amp; freedom. We need more like ⁦⁦⁦@CCRInitiative⁩ - thank u! https://t.co/tezLXqZJYo",2019-05-07T22:41:30.000Z,33,19,303,2,807003567605227520,Twitter for iPhone,"Los Angeles, CA",https://pbs.twimg.com/profile_images/1383196364792680448/N8CdupEu_normal.jpg,807003567605227520,Amber Heard,2016-12-08T23:26:58.000Z,realamberheard,https://t.co/Ze18Ek9SOI,"Actor and Activist, semi-professional disruptor, ice cream advocate and shameless teacup yorkie-lover",190464,220,1151,568,she / her,https://pbs.twimg.com/profile_images/1498151196346957825/UM3CnaKa_normal.jpg,849703746,Chris St. James,2012-09-27T18:15:05.000Z,ceIIiastjames,,And you love me in your own complicated way. And you always will.,480,303,42922,12,,
es,1125893761198899207,@realamberheard @ma_franks @sagaftra @CCRInitiative Amber como estas quiero decirte que tienes nuestra ayuda si nos necesitas eres maravillosa 🇲🇽🇲🇽🇲🇽🇲🇽🇲🇽🇲🇽🌷🌷🌷🌷🌷💖💖💖💖💙💙,2019-05-07T22:42:45.000Z,1120114201404506112,807003567605227520,Twitter Web App,"[{'type': 'replied_to', 'id': '1125893448446251008'}]","[{'start': 0, 'end': 15, 'username': 'realamberheard', 'id': '807003567605227520'}, {'start': 16, 'end': 26, 'username': 'ma_franks', 'id': '1930971006'}, {'start': 27, 'end': 36, 'username': 'sagaftra', 'id': '19658506'}, {'start': 37, 'end': 51, 'username': 'CCRInitiative', 'id': '1675936765'}]",,0,0,0,0,"[{'start': 196, 'end': 219, 'url': 'https://t.co/tezLXqZJYo', 'expanded_url': 'https://twitter.com/realamberheard/status/1125893448446251008/photo/1', 'display_url': 'pic.twitter.com/tezLXqZJYo'}]","[{'start': 27, 'end': 37, 'username': 'ma_franks', 'id': '1930971006'}, {'start': 49, 'end': 58, 'username': 'sagaftra', 'id': '19658506'}, {'start': 169, 'end': 183, 'username': 'CCRInitiative', 'id': '1675936765'}]","[{'start': 95, 'end': 105, 'tag': 'deepfakes'}]",en,1125893448446251008,"So proud to see my friend ⁦@ma_franks⁩ speaking ⁦@sagaftra⁩ to address the growing threat that #deepfakes pose to dignity, democracy &amp; freedom. We need more like ⁦⁦⁦@CCRInitiative⁩ - thank u! https://t.co/tezLXqZJYo",2019-05-07T22:41:30.000Z,33,19,303,2,807003567605227520,Twitter for iPhone,"Los Angeles, CA",https://pbs.twimg.com/profile_images/1383196364792680448/N8CdupEu_normal.jpg,807003567605227520,Amber Heard,2016-12-08T23:26:58.000Z,realamberheard,https://t.co/Ze18Ek9SOI,"Actor and Activist, semi-professional disruptor, ice cream advocate and shameless teacup yorkie-lover",190464,220,1151,568,Puebla mexico,https://pbs.twimg.com/profile_images/1377050191719710721/-BKIU6Zv_normal.jpg,1120114201404506112,Enrique ramirez,2019-04-21T23:56:51.000Z,Enrique62175188,,,63,304,2076,0,"[{'start': 52, 'end': 56, 'probability': 0.7489, 'type': 'Person', 'normalized_text': 'Amber'}]",
