in_reply_to_user_id,id,lang,author_id,referenced_tweets,text,created_at,source,entities.mentions,public_metrics.retweet_count,public_metrics.reply_count,public_metrics.like_count,public_metrics.quote_count,replied_tweet.id,replied_tweet.entities.urls,replied_tweet.entities.annotations,replied_tweet.lang,replied_tweet.author_id,replied_tweet.referenced_tweets,replied_tweet.public_metrics.retweet_count,replied_tweet.public_metrics.reply_count,replied_tweet.public_metrics.like_count,replied_tweet.public_metrics.quote_count,replied_tweet.text,replied_tweet.created_at,replied_tweet.source,replied_tweet.author.url,replied_tweet.author.username,replied_tweet.author.description,replied_tweet.author.name,replied_tweet.author.location,replied_tweet.author.created_at,replied_tweet.author.profile_image_url,replied_tweet.author.public_metrics.followers_count,replied_tweet.author.public_metrics.following_count,replied_tweet.author.public_metrics.tweet_count,replied_tweet.author.public_metrics.listed_count,replied_tweet.author.id,author.url,author.username,author.description,author.name,author.location,author.created_at,author.profile_image_url,author.public_metrics.followers_count,author.public_metrics.following_count,author.public_metrics.tweet_count,author.public_metrics.listed_count,author.id,entities.annotations,entities.hashtags,entities.urls
1131342780670734336,1332062180229976066,en,1132400570134872064,"[{'type': 'replied_to', 'id': '1133011036649320449'}]",@Pudge92377803 @realamberheard She is a disgusting human being,2020-11-26T20:42:26.000Z,Twitter for iPhone,"[{'start': 0, 'end': 14, 'username': 'Pudge92377803', 'id': '1131342780670734336'}, {'start': 15, 'end': 30, 'username': 'realamberheard', 'id': '807003567605227520'}]",0,0,0,0,1132668293305851904,"[{'start': 164, 'end': 187, 'url': 'https://t.co/vnP4JXJuEx', 'expanded_url': 'https://twitter.com/UN_Women/status/1132641296601034753', 'display_url': 'twitter.com/UN_Women/statu…'}]","[{'start': 0, 'end': 14, 'probability': 0.433, 'type': 'Person', 'normalized_text': 'Manal al-Sharif'}]",en,807003567605227520,"[{'type': 'quoted', 'id': '1132641296601034753'}]",34,41,339,2,Manal al-Sharif is a living legend who can show us what activism is - the pursuit of justice in the face of all obstacles and risk. We need more warriors like her. https://t.co/vnP4JXJuEx,2019-05-26T15:22:19.000Z,Twitter for iPhone,https://t.co/Ze18Ek9SOI,realamberheard,"Actor and Activist, semi-professional disruptor, ice cream advocate and shameless teacup yorkie-lover",Amber Heard,"Los Angeles, CA",2016-12-08T23:26:58.000Z,https://pbs.twimg.com/profile_images/1383196364792680448/N8CdupEu_normal.jpg,190464,220,1151,568,807003567605227520,,PastranoEric,Hollywood South,Eric Pastrano,"New Orleans, LA",2019-05-25T21:38:29.000Z,https://pbs.twimg.com/profile_images/1212285437936574469/7LBqq6aj_normal.jpg,7,114,174,0,1132400570134872064,,,
807003567605227520,1139868043734069249,en,487491263,"[{'type': 'replied_to', 'id': '1132668293305851904'}]",@realamberheard Especially here in my country (Afghanistan),2019-06-15T12:11:34.000Z,Twitter Web Client,"[{'start': 0, 'end': 15, 'username': 'realamberheard', 'id': '807003567605227520'}]",0,0,0,0,1132668293305851904,"[{'start': 164, 'end': 187, 'url': 'https://t.co/vnP4JXJuEx', 'expanded_url': 'https://twitter.com/UN_Women/status/1132641296601034753', 'display_url': 'twitter.com/UN_Women/statu…'}]","[{'start': 0, 'end': 14, 'probability': 0.433, 'type': 'Person', 'normalized_text': 'Manal al-Sharif'}]",en,807003567605227520,"[{'type': 'quoted', 'id': '1132641296601034753'}]",34,41,339,2,Manal al-Sharif is a living legend who can show us what activism is - the pursuit of justice in the face of all obstacles and risk. We need more warriors like her. https://t.co/vnP4JXJuEx,2019-05-26T15:22:19.000Z,Twitter for iPhone,https://t.co/Ze18Ek9SOI,realamberheard,"Actor and Activist, semi-professional disruptor, ice cream advocate and shameless teacup yorkie-lover",Amber Heard,"Los Angeles, CA",2016-12-08T23:26:58.000Z,https://pbs.twimg.com/profile_images/1383196364792680448/N8CdupEu_normal.jpg,190464,220,1151,568,807003567605227520,,ghamzapalay,"Working for a green world, plant a tree and provide Oxygen to others, protect the environment from pollution. Cricket lover",غمځپلی,,2012-02-09T12:27:56.000Z,https://pbs.twimg.com/profile_images/1356639624651804677/-1HYdbOc_normal.jpg,6077,6437,8197,1,487491263,"[{'start': 47, 'end': 57, 'probability': 0.5889, 'type': 'Place', 'normalized_text': 'Afghanistan'}]",,
847762217546137600,1133109116170170374,en,847762217546137600,"[{'type': 'replied_to', 'id': '1133104898654892032'}]","@realamberheard GREAT! #ReemaAlJuffati became the first woman #SaudiArabia to earn a racer’s license.

https://t.co/5PIazcssMg

It's like point to an inadequacy in a country, then try to point out other inadequacies. We had #DanicaPatrick and others for a long time lol

https://t.co/lkGWqRpXsu",2019-05-27T20:34:00.000Z,Twitter Web Client,"[{'start': 0, 'end': 15, 'username': 'realamberheard', 'id': '807003567605227520'}]",0,0,2,0,1132668293305851904,"[{'start': 164, 'end': 187, 'url': 'https://t.co/vnP4JXJuEx', 'expanded_url': 'https://twitter.com/UN_Women/status/1132641296601034753', 'display_url': 'twitter.com/UN_Women/statu…'}]","[{'start': 0, 'end': 14, 'probability': 0.433, 'type': 'Person', 'normalized_text': 'Manal al-Sharif'}]",en,807003567605227520,"[{'type': 'quoted', 'id': '1132641296601034753'}]",34,41,339,2,Manal al-Sharif is a living legend who can show us what activism is - the pursuit of justice in the face of all obstacles and risk. We need more warriors like her. https://t.co/vnP4JXJuEx,2019-05-26T15:22:19.000Z,Twitter for iPhone,https://t.co/Ze18Ek9SOI,realamberheard,"Actor and Activist, semi-professional disruptor, ice cream advocate and shameless teacup yorkie-lover",Amber Heard,"Los Angeles, CA",2016-12-08T23:26:58.000Z,https://pbs.twimg.com/profile_images/1383196364792680448/N8CdupEu_normal.jpg,190464,220,1151,568,807003567605227520,https://t.co/7SykGO7PSU,XTinaTaft,#Founder Social Media for Good ~ https://t.co/7SykGO7PSU🚀Better World #CEO✈Innovator🎉#Egalitarian🎸#Entrepreneur🐬#Tech🏖#Futurist💡#Motivationology☀️#Data🧡#WomenInPower,Christina Taft 🧬CEO🏖🎶✈️,Worldie.com & International 🚀,2017-03-31T10:47:18.000Z,https://pbs.twimg.com/profile_images/1180185247884824576/3Zvt_F6Y_normal.jpg,2649,4555,32729,21,847762217546137600,,"[{'start': 23, 'end': 38, 'tag': 'ReemaAlJuffati'}, {'start': 62, 'end': 74, 'tag': 'SaudiArabia'}, {'start': 224, 'end': 238, 'tag': 'DanicaPatrick'}]","[{'start': 103, 'end': 126, 'url': 'https://t.co/5PIazcssMg', 'expanded_url': 'https://www.thehindu.com/sport/motorsport/reema-al-juffali-breaking-barriers/article26230791.ece', 'display_url': 'thehindu.com/sport/motorspo…'}, {'start': 271, 'end': 294, 'url': 'https://t.co/lkGWqRpXsu', 'expanded_url': 'https://www.youtube.com/watch?v=Zv7L_jkmulI&feature=youtu.be', 'display_url': 'youtube.com/watch?v=Zv7L_j…'}]"
807003567605227520,1133104898654892032,en,847762217546137600,"[{'type': 'replied_to', 'id': '1132668293305851904'}]","@realamberheard I LOVE this video of #LeonaChin drift driving in these #CARS! So guy in  #SaudiArabia I think argued with me on that post about #Manalalsharif #UN... but these videos are empowering and #funny!

They think welfare/homelessness and driving relates? ok then

https://t.co/xZPcEFJAZb",2019-05-27T20:17:14.000Z,Twitter Web Client,"[{'start': 0, 'end': 15, 'username': 'realamberheard', 'id': '807003567605227520'}]",0,1,2,0,1132668293305851904,"[{'start': 164, 'end': 187, 'url': 'https://t.co/vnP4JXJuEx', 'expanded_url': 'https://twitter.com/UN_Women/status/1132641296601034753', 'display_url': 'twitter.com/UN_Women/statu…'}]","[{'start': 0, 'end': 14, 'probability': 0.433, 'type': 'Person', 'normalized_text': 'Manal al-Sharif'}]",en,807003567605227520,"[{'type': 'quoted', 'id': '1132641296601034753'}]",34,41,339,2,Manal al-Sharif is a living legend who can show us what activism is - the pursuit of justice in the face of all obstacles and risk. We need more warriors like her. https://t.co/vnP4JXJuEx,2019-05-26T15:22:19.000Z,Twitter for iPhone,https://t.co/Ze18Ek9SOI,realamberheard,"Actor and Activist, semi-professional disruptor, ice cream advocate and shameless teacup yorkie-lover",Amber Heard,"Los Angeles, CA",2016-12-08T23:26:58.000Z,https://pbs.twimg.com/profile_images/1383196364792680448/N8CdupEu_normal.jpg,190464,220,1151,568,807003567605227520,https://t.co/7SykGO7PSU,XTinaTaft,#Founder Social Media for Good ~ https://t.co/7SykGO7PSU🚀Better World #CEO✈Innovator🎉#Egalitarian🎸#Entrepreneur🐬#Tech🏖#Futurist💡#Motivationology☀️#Data🧡#WomenInPower,Christina Taft 🧬CEO🏖🎶✈️,Worldie.com & International 🚀,2017-03-31T10:47:18.000Z,https://pbs.twimg.com/profile_images/1180185247884824576/3Zvt_F6Y_normal.jpg,2649,4555,32729,21,847762217546137600,,"[{'start': 37, 'end': 47, 'tag': 'LeonaChin'}, {'start': 71, 'end': 76, 'tag': 'CARS'}, {'start': 89, 'end': 101, 'tag': 'SaudiArabia'}, {'start': 144, 'end': 158, 'tag': 'Manalalsharif'}, {'start': 159, 'end': 162, 'tag': 'UN'}, {'start': 202, 'end': 208, 'tag': 'funny'}]","[{'start': 273, 'end': 296, 'url': 'https://t.co/xZPcEFJAZb', 'expanded_url': 'https://www.youtube.com/watch?v=zCQ-etiFyho', 'display_url': 'youtube.com/watch?v=zCQ-et…'}]"
1131342780670734336,1133103817384292352,en,847762217546137600,"[{'type': 'replied_to', 'id': '1133011036649320449'}]","@Pudge92377803 @realamberheard Nothing was ""hijacked""

Also, the subject is #SaudiArabia imprisoning women for their #activism to get women to #DRIVE which just happened in 2018

#AmberHeard is free to speak for others. #MeToo was mainly sexual assault, Amber added DV.

So watch a joke

https://t.co/xZPcEFJAZb",2019-05-27T20:12:56.000Z,Twitter Web Client,"[{'start': 0, 'end': 14, 'username': 'Pudge92377803', 'id': '1131342780670734336'}, {'start': 15, 'end': 30, 'username': 'realamberheard', 'id': '807003567605227520'}]",0,0,1,0,1132668293305851904,"[{'start': 164, 'end': 187, 'url': 'https://t.co/vnP4JXJuEx', 'expanded_url': 'https://twitter.com/UN_Women/status/1132641296601034753', 'display_url': 'twitter.com/UN_Women/statu…'}]","[{'start': 0, 'end': 14, 'probability': 0.433, 'type': 'Person', 'normalized_text': 'Manal al-Sharif'}]",en,807003567605227520,"[{'type': 'quoted', 'id': '1132641296601034753'}]",34,41,339,2,Manal al-Sharif is a living legend who can show us what activism is - the pursuit of justice in the face of all obstacles and risk. We need more warriors like her. https://t.co/vnP4JXJuEx,2019-05-26T15:22:19.000Z,Twitter for iPhone,https://t.co/Ze18Ek9SOI,realamberheard,"Actor and Activist, semi-professional disruptor, ice cream advocate and shameless teacup yorkie-lover",Amber Heard,"Los Angeles, CA",2016-12-08T23:26:58.000Z,https://pbs.twimg.com/profile_images/1383196364792680448/N8CdupEu_normal.jpg,190464,220,1151,568,807003567605227520,https://t.co/7SykGO7PSU,XTinaTaft,#Founder Social Media for Good ~ https://t.co/7SykGO7PSU🚀Better World #CEO✈Innovator🎉#Egalitarian🎸#Entrepreneur🐬#Tech🏖#Futurist💡#Motivationology☀️#Data🧡#WomenInPower,Christina Taft 🧬CEO🏖🎶✈️,Worldie.com & International 🚀,2017-03-31T10:47:18.000Z,https://pbs.twimg.com/profile_images/1180185247884824576/3Zvt_F6Y_normal.jpg,2649,4555,32729,21,847762217546137600,"[{'start': 254, 'end': 258, 'probability': 0.8308, 'type': 'Person', 'normalized_text': 'Amber'}]","[{'start': 76, 'end': 88, 'tag': 'SaudiArabia'}, {'start': 117, 'end': 126, 'tag': 'activism'}, {'start': 143, 'end': 149, 'tag': 'DRIVE'}, {'start': 179, 'end': 190, 'tag': 'AmberHeard'}, {'start': 220, 'end': 226, 'tag': 'MeToo'}]","[{'start': 288, 'end': 311, 'url': 'https://t.co/xZPcEFJAZb', 'expanded_url': 'https://www.youtube.com/watch?v=zCQ-etiFyho', 'display_url': 'youtube.com/watch?v=zCQ-et…'}]"
807003567605227520,1133075148712628224,en,1131663866432299008,"[{'type': 'replied_to', 'id': '1132668293305851904'}]",@realamberheard Not safe for your staff https://t.co/3RUiiUePQK #loreal @Loreal @LOrealParisUSA @DCComics @TheDCUniverse,2019-05-27T18:19:01.000Z,Twitter Web App,"[{'start': 0, 'end': 15, 'username': 'realamberheard', 'id': '807003567605227520'}, {'start': 80, 'end': 95, 'username': 'LOrealParisUSA', 'id': '87222643'}, {'start': 96, 'end': 105, 'username': 'DCComics', 'id': '18173624'}, {'start': 106, 'end': 120, 'username': 'TheDCUniverse', 'id': '944376625545723904'}]",0,0,1,0,1132668293305851904,"[{'start': 164, 'end': 187, 'url': 'https://t.co/vnP4JXJuEx', 'expanded_url': 'https://twitter.com/UN_Women/status/1132641296601034753', 'display_url': 'twitter.com/UN_Women/statu…'}]","[{'start': 0, 'end': 14, 'probability': 0.433, 'type': 'Person', 'normalized_text': 'Manal al-Sharif'}]",en,807003567605227520,"[{'type': 'quoted', 'id': '1132641296601034753'}]",34,41,339,2,Manal al-Sharif is a living legend who can show us what activism is - the pursuit of justice in the face of all obstacles and risk. We need more warriors like her. https://t.co/vnP4JXJuEx,2019-05-26T15:22:19.000Z,Twitter for iPhone,https://t.co/Ze18Ek9SOI,realamberheard,"Actor and Activist, semi-professional disruptor, ice cream advocate and shameless teacup yorkie-lover",Amber Heard,"Los Angeles, CA",2016-12-08T23:26:58.000Z,https://pbs.twimg.com/profile_images/1383196364792680448/N8CdupEu_normal.jpg,190464,220,1151,568,807003567605227520,,Evolved71245694,Parent. Equal rights Equal pay Employer. Wife. set this account up due to my perceived inadequacy of the press reporting on Johnny Depp. Do not have JD posters,Evolved,London,2019-05-23T20:51:05.000Z,https://pbs.twimg.com/profile_images/1131664247698677760/fg7jZjEl_normal.jpg,21,29,1406,1,1131663866432299008,,"[{'start': 64, 'end': 71, 'tag': 'loreal'}]","[{'start': 40, 'end': 63, 'url': 'https://t.co/3RUiiUePQK', 'expanded_url': 'https://blogs.psychcentral.com/psychology-self/2017/11/narcissists-hate-happy/', 'display_url': 'blogs.psychcentral.com/psychology-sel…'}]"
807003567605227520,1133011036649320449,en,1131342780670734336,"[{'type': 'replied_to', 'id': '1132668293305851904'}]","@realamberheard I have never thought I would diss on my sisters but you are a chemeleon. After reading the depositions from both sides, and weighing up evidence, I am speechless. You have totally hijacked a movement for your own insecurities and played us all. I have no more words",2019-05-27T14:04:16.000Z,Twitter Web App,"[{'start': 0, 'end': 15, 'username': 'realamberheard', 'id': '807003567605227520'}]",0,2,5,0,1132668293305851904,"[{'start': 164, 'end': 187, 'url': 'https://t.co/vnP4JXJuEx', 'expanded_url': 'https://twitter.com/UN_Women/status/1132641296601034753', 'display_url': 'twitter.com/UN_Women/statu…'}]","[{'start': 0, 'end': 14, 'probability': 0.433, 'type': 'Person', 'normalized_text': 'Manal al-Sharif'}]",en,807003567605227520,"[{'type': 'quoted', 'id': '1132641296601034753'}]",34,41,339,2,Manal al-Sharif is a living legend who can show us what activism is - the pursuit of justice in the face of all obstacles and risk. We need more warriors like her. https://t.co/vnP4JXJuEx,2019-05-26T15:22:19.000Z,Twitter for iPhone,https://t.co/Ze18Ek9SOI,realamberheard,"Actor and Activist, semi-professional disruptor, ice cream advocate and shameless teacup yorkie-lover",Amber Heard,"Los Angeles, CA",2016-12-08T23:26:58.000Z,https://pbs.twimg.com/profile_images/1383196364792680448/N8CdupEu_normal.jpg,190464,220,1151,568,807003567605227520,,Pudge92377803,"architect, Sydney, nothing to hide",Pudge,Ayers Rock ,2019-05-22T23:35:13.000Z,https://pbs.twimg.com/profile_images/1327274026067083265/psqIVF0k_normal.jpg,339,310,8177,0,1131342780670734336,,,
807003567605227520,1132991708633993216,en,1116453497044492288,"[{'type': 'replied_to', 'id': '1132668293305851904'}]","@realamberheard True warrior, it is what you are. You keep doing good tirelessly. Maybe haters haven't still seen it now. Someday maybe they will.",2019-05-27T12:47:27.000Z,Twitter Web Client,"[{'start': 0, 'end': 15, 'username': 'realamberheard', 'id': '807003567605227520'}]",0,1,0,0,1132668293305851904,"[{'start': 164, 'end': 187, 'url': 'https://t.co/vnP4JXJuEx', 'expanded_url': 'https://twitter.com/UN_Women/status/1132641296601034753', 'display_url': 'twitter.com/UN_Women/statu…'}]","[{'start': 0, 'end': 14, 'probability': 0.433, 'type': 'Person', 'normalized_text': 'Manal al-Sharif'}]",en,807003567605227520,"[{'type': 'quoted', 'id': '1132641296601034753'}]",34,41,339,2,Manal al-Sharif is a living legend who can show us what activism is - the pursuit of justice in the face of all obstacles and risk. We need more warriors like her. https://t.co/vnP4JXJuEx,2019-05-26T15:22:19.000Z,Twitter for iPhone,https://t.co/Ze18Ek9SOI,realamberheard,"Actor and Activist, semi-professional disruptor, ice cream advocate and shameless teacup yorkie-lover",Amber Heard,"Los Angeles, CA",2016-12-08T23:26:58.000Z,https://pbs.twimg.com/profile_images/1383196364792680448/N8CdupEu_normal.jpg,190464,220,1151,568,807003567605227520,,Phen15836338,,Phen,,2019-04-11T21:30:31.000Z,https://abs.twimg.com/sticky/default_profile_images/default_profile_normal.png,0,5,43,0,1116453497044492288,,,
807003567605227520,1132930784329736196,en,1110053201775128586,"[{'type': 'replied_to', 'id': '1132668293305851904'}]",@realamberheard It's disgusting when an abusive piece of shit talks about justice! Liar pretender you abused your ex- husband physically and mentally moreover falsely accused him. You decide how much severe punishment you deserve for your hideous crimes. #JusticeForJohnnyDepp,2019-05-27T08:45:22.000Z,Twitter for Android,"[{'start': 0, 'end': 15, 'username': 'realamberheard', 'id': '807003567605227520'}]",0,0,4,0,1132668293305851904,"[{'start': 164, 'end': 187, 'url': 'https://t.co/vnP4JXJuEx', 'expanded_url': 'https://twitter.com/UN_Women/status/1132641296601034753', 'display_url': 'twitter.com/UN_Women/statu…'}]","[{'start': 0, 'end': 14, 'probability': 0.433, 'type': 'Person', 'normalized_text': 'Manal al-Sharif'}]",en,807003567605227520,"[{'type': 'quoted', 'id': '1132641296601034753'}]",34,41,339,2,Manal al-Sharif is a living legend who can show us what activism is - the pursuit of justice in the face of all obstacles and risk. We need more warriors like her. https://t.co/vnP4JXJuEx,2019-05-26T15:22:19.000Z,Twitter for iPhone,https://t.co/Ze18Ek9SOI,realamberheard,"Actor and Activist, semi-professional disruptor, ice cream advocate and shameless teacup yorkie-lover",Amber Heard,"Los Angeles, CA",2016-12-08T23:26:58.000Z,https://pbs.twimg.com/profile_images/1383196364792680448/N8CdupEu_normal.jpg,190464,220,1151,568,807003567605227520,,Sarah_Zarin,"Stuff I love #BritishPeriodDrama #JohnnyDepp #Lucifer #TheOriginals
Proud to be a part of my fabulous fandom.🙌",S e r e i n,Geographically displaced,2019-03-25T05:38:01.000Z,https://pbs.twimg.com/profile_images/1323360120894492677/0BIAJYWw_normal.jpg,307,243,10996,0,1110053201775128586,,"[{'start': 255, 'end': 276, 'tag': 'JusticeForJohnnyDepp'}]",
1131593926694133760,1132922793291423746,en,847762217546137600,"[{'type': 'replied_to', 'id': '1132854004197806080'}]","@Letsrise19 @realamberheard Maybe #JohnnyDepp shouldn’t kick #AmberHeard in order to not get objects thrown in retaliation for long-term abuse. 

Getting kicked and choked is worse. 

Ever heard of fighting in #DomesticAbuse?

My parents had him kicking door n my mom threw shampoo. Yeah. It happens. 🙄🙄",2019-05-27T08:13:37.000Z,Twitter Web App,"[{'start': 12, 'end': 27, 'username': 'realamberheard', 'id': '807003567605227520'}]",0,1,2,0,1132668293305851904,"[{'start': 164, 'end': 187, 'url': 'https://t.co/vnP4JXJuEx', 'expanded_url': 'https://twitter.com/UN_Women/status/1132641296601034753', 'display_url': 'twitter.com/UN_Women/statu…'}]","[{'start': 0, 'end': 14, 'probability': 0.433, 'type': 'Person', 'normalized_text': 'Manal al-Sharif'}]",en,807003567605227520,"[{'type': 'quoted', 'id': '1132641296601034753'}]",34,41,339,2,Manal al-Sharif is a living legend who can show us what activism is - the pursuit of justice in the face of all obstacles and risk. We need more warriors like her. https://t.co/vnP4JXJuEx,2019-05-26T15:22:19.000Z,Twitter for iPhone,https://t.co/Ze18Ek9SOI,realamberheard,"Actor and Activist, semi-professional disruptor, ice cream advocate and shameless teacup yorkie-lover",Amber Heard,"Los Angeles, CA",2016-12-08T23:26:58.000Z,https://pbs.twimg.com/profile_images/1383196364792680448/N8CdupEu_normal.jpg,190464,220,1151,568,807003567605227520,https://t.co/7SykGO7PSU,XTinaTaft,#Founder Social Media for Good ~ https://t.co/7SykGO7PSU🚀Better World #CEO✈Innovator🎉#Egalitarian🎸#Entrepreneur🐬#Tech🏖#Futurist💡#Motivationology☀️#Data🧡#WomenInPower,Christina Taft 🧬CEO🏖🎶✈️,Worldie.com & International 🚀,2017-03-31T10:47:18.000Z,https://pbs.twimg.com/profile_images/1180185247884824576/3Zvt_F6Y_normal.jpg,2649,4555,32729,21,847762217546137600,,"[{'start': 34, 'end': 45, 'tag': 'JohnnyDepp'}, {'start': 61, 'end': 72, 'tag': 'AmberHeard'}, {'start': 210, 'end': 224, 'tag': 'DomesticAbuse'}]",
256128139,1132921893642629120,en,847762217546137600,"[{'type': 'replied_to', 'id': '1132772037594894336'}]","@Quoth67 @realamberheard Amber Heard tells the truth! She was kicked on the island, Tokyo and other places, as well as choked. People should stop attacking the larger victim. This video of victim-blaming is repulsive...

#AmberHeard vs #JohnnyDepp 

#VictimBlaming - fights go both ways. Depp had power. https://t.co/cDoY8KVrXD",2019-05-27T08:10:02.000Z,Twitter Web App,"[{'start': 0, 'end': 8, 'username': 'Quoth67', 'id': '256128139'}, {'start': 9, 'end': 24, 'username': 'realamberheard', 'id': '807003567605227520'}]",0,0,2,0,1132668293305851904,"[{'start': 164, 'end': 187, 'url': 'https://t.co/vnP4JXJuEx', 'expanded_url': 'https://twitter.com/UN_Women/status/1132641296601034753', 'display_url': 'twitter.com/UN_Women/statu…'}]","[{'start': 0, 'end': 14, 'probability': 0.433, 'type': 'Person', 'normalized_text': 'Manal al-Sharif'}]",en,807003567605227520,"[{'type': 'quoted', 'id': '1132641296601034753'}]",34,41,339,2,Manal al-Sharif is a living legend who can show us what activism is - the pursuit of justice in the face of all obstacles and risk. We need more warriors like her. https://t.co/vnP4JXJuEx,2019-05-26T15:22:19.000Z,Twitter for iPhone,https://t.co/Ze18Ek9SOI,realamberheard,"Actor and Activist, semi-professional disruptor, ice cream advocate and shameless teacup yorkie-lover",Amber Heard,"Los Angeles, CA",2016-12-08T23:26:58.000Z,https://pbs.twimg.com/profile_images/1383196364792680448/N8CdupEu_normal.jpg,190464,220,1151,568,807003567605227520,https://t.co/7SykGO7PSU,XTinaTaft,#Founder Social Media for Good ~ https://t.co/7SykGO7PSU🚀Better World #CEO✈Innovator🎉#Egalitarian🎸#Entrepreneur🐬#Tech🏖#Futurist💡#Motivationology☀️#Data🧡#WomenInPower,Christina Taft 🧬CEO🏖🎶✈️,Worldie.com & International 🚀,2017-03-31T10:47:18.000Z,https://pbs.twimg.com/profile_images/1180185247884824576/3Zvt_F6Y_normal.jpg,2649,4555,32729,21,847762217546137600,"[{'start': 25, 'end': 29, 'probability': 0.5936, 'type': 'Person', 'normalized_text': 'Amber'}, {'start': 84, 'end': 88, 'probability': 0.5528, 'type': 'Place', 'normalized_text': 'Tokyo'}, {'start': 288, 'end': 291, 'probability': 0.9384, 'type': 'Person', 'normalized_text': 'Depp'}]","[{'start': 221, 'end': 232, 'tag': 'AmberHeard'}, {'start': 236, 'end': 247, 'tag': 'JohnnyDepp'}, {'start': 250, 'end': 264, 'tag': 'VictimBlaming'}]","[{'start': 304, 'end': 327, 'url': 'https://t.co/cDoY8KVrXD', 'expanded_url': 'https://twitter.com/XTinaTaft/status/1132921893642629120/photo/1', 'display_url': 'pic.twitter.com/cDoY8KVrXD'}]"
807003567605227520,1132914581746135040,en,1106939138849337344,"[{'type': 'replied_to', 'id': '1132668293305851904'}]",@realamberheard yes indeed there are victims who fight for justice but surely you are not one of them !! otherwise you would not have insisted on agreeing privately with Johnny !!,2019-05-27T07:40:59.000Z,Twitter for iPhone,"[{'start': 0, 'end': 15, 'username': 'realamberheard', 'id': '807003567605227520'}]",0,0,6,0,1132668293305851904,"[{'start': 164, 'end': 187, 'url': 'https://t.co/vnP4JXJuEx', 'expanded_url': 'https://twitter.com/UN_Women/status/1132641296601034753', 'display_url': 'twitter.com/UN_Women/statu…'}]","[{'start': 0, 'end': 14, 'probability': 0.433, 'type': 'Person', 'normalized_text': 'Manal al-Sharif'}]",en,807003567605227520,"[{'type': 'quoted', 'id': '1132641296601034753'}]",34,41,339,2,Manal al-Sharif is a living legend who can show us what activism is - the pursuit of justice in the face of all obstacles and risk. We need more warriors like her. https://t.co/vnP4JXJuEx,2019-05-26T15:22:19.000Z,Twitter for iPhone,https://t.co/Ze18Ek9SOI,realamberheard,"Actor and Activist, semi-professional disruptor, ice cream advocate and shameless teacup yorkie-lover",Amber Heard,"Los Angeles, CA",2016-12-08T23:26:58.000Z,https://pbs.twimg.com/profile_images/1383196364792680448/N8CdupEu_normal.jpg,190464,220,1151,568,807003567605227520,,mariant79113798,,mariantonietta27🍩🍩🍩🍩🍩,,2019-03-16T15:23:51.000Z,https://pbs.twimg.com/profile_images/1290748935917772800/g3lwToSw_normal.jpg,184,122,12823,0,1106939138849337344,"[{'start': 170, 'end': 175, 'probability': 0.9474, 'type': 'Person', 'normalized_text': 'Johnny'}]",,
807003567605227520,1132911874469531649,en,847762217546137600,"[{'type': 'replied_to', 'id': '1132668293305851904'}]","@realamberheard Literally #joked today when asked “if I drive” today that of course “I do because I’m not in #SaudiArabia... oh wait, they actually can drive now too.” 

Lol why do ppl ask such weird questions

#Mera is #inspiring character. I hope you can get more roles like that! #AmberHeard",2019-05-27T07:30:14.000Z,Twitter Web App,"[{'start': 0, 'end': 15, 'username': 'realamberheard', 'id': '807003567605227520'}]",0,0,3,0,1132668293305851904,"[{'start': 164, 'end': 187, 'url': 'https://t.co/vnP4JXJuEx', 'expanded_url': 'https://twitter.com/UN_Women/status/1132641296601034753', 'display_url': 'twitter.com/UN_Women/statu…'}]","[{'start': 0, 'end': 14, 'probability': 0.433, 'type': 'Person', 'normalized_text': 'Manal al-Sharif'}]",en,807003567605227520,"[{'type': 'quoted', 'id': '1132641296601034753'}]",34,41,339,2,Manal al-Sharif is a living legend who can show us what activism is - the pursuit of justice in the face of all obstacles and risk. We need more warriors like her. https://t.co/vnP4JXJuEx,2019-05-26T15:22:19.000Z,Twitter for iPhone,https://t.co/Ze18Ek9SOI,realamberheard,"Actor and Activist, semi-professional disruptor, ice cream advocate and shameless teacup yorkie-lover",Amber Heard,"Los Angeles, CA",2016-12-08T23:26:58.000Z,https://pbs.twimg.com/profile_images/1383196364792680448/N8CdupEu_normal.jpg,190464,220,1151,568,807003567605227520,https://t.co/7SykGO7PSU,XTinaTaft,#Founder Social Media for Good ~ https://t.co/7SykGO7PSU🚀Better World #CEO✈Innovator🎉#Egalitarian🎸#Entrepreneur🐬#Tech🏖#Futurist💡#Motivationology☀️#Data🧡#WomenInPower,Christina Taft 🧬CEO🏖🎶✈️,Worldie.com & International 🚀,2017-03-31T10:47:18.000Z,https://pbs.twimg.com/profile_images/1180185247884824576/3Zvt_F6Y_normal.jpg,2649,4555,32729,21,847762217546137600,,"[{'start': 26, 'end': 32, 'tag': 'joked'}, {'start': 109, 'end': 121, 'tag': 'SaudiArabia'}, {'start': 211, 'end': 216, 'tag': 'Mera'}, {'start': 220, 'end': 230, 'tag': 'inspiring'}, {'start': 283, 'end': 294, 'tag': 'AmberHeard'}]",
807003567605227520,1132830627731050496,und,1090388370486890501,"[{'type': 'replied_to', 'id': '1132668293305851904'}]",@realamberheard https://t.co/UgCLU6VmAe,2019-05-27T02:07:23.000Z,Twitter Web App,"[{'start': 0, 'end': 15, 'username': 'realamberheard', 'id': '807003567605227520'}]",0,0,1,0,1132668293305851904,"[{'start': 164, 'end': 187, 'url': 'https://t.co/vnP4JXJuEx', 'expanded_url': 'https://twitter.com/UN_Women/status/1132641296601034753', 'display_url': 'twitter.com/UN_Women/statu…'}]","[{'start': 0, 'end': 14, 'probability': 0.433, 'type': 'Person', 'normalized_text': 'Manal al-Sharif'}]",en,807003567605227520,"[{'type': 'quoted', 'id': '1132641296601034753'}]",34,41,339,2,Manal al-Sharif is a living legend who can show us what activism is - the pursuit of justice in the face of all obstacles and risk. We need more warriors like her. https://t.co/vnP4JXJuEx,2019-05-26T15:22:19.000Z,Twitter for iPhone,https://t.co/Ze18Ek9SOI,realamberheard,"Actor and Activist, semi-professional disruptor, ice cream advocate and shameless teacup yorkie-lover",Amber Heard,"Los Angeles, CA",2016-12-08T23:26:58.000Z,https://pbs.twimg.com/profile_images/1383196364792680448/N8CdupEu_normal.jpg,190464,220,1151,568,807003567605227520,,FudgePa98142589,☆Life is absurd☆,Shimdigg,,2019-01-29T23:17:00.000Z,https://pbs.twimg.com/profile_images/1090389398666047489/AEC9nkPE_normal.jpg,0,17,117,0,1090388370486890501,,,"[{'start': 16, 'end': 39, 'url': 'https://t.co/UgCLU6VmAe', 'expanded_url': 'https://www.change.org/p/dc-entertainment-remove-amber-heard-from-aquaman-2?recruiter=24448735&utm_source=share_petition&utm_medium=copylink&utm_campaign=share_petition', 'display_url': 'change.org/p/dc-entertain…'}]"
807003567605227520,1132827885486661633,es,2371041174,"[{'type': 'replied_to', 'id': '1132668293305851904'}]",@realamberheard Liar,2019-05-27T01:56:29.000Z,Twitter for Android,"[{'start': 0, 'end': 15, 'username': 'realamberheard', 'id': '807003567605227520'}]",0,0,7,0,1132668293305851904,"[{'start': 164, 'end': 187, 'url': 'https://t.co/vnP4JXJuEx', 'expanded_url': 'https://twitter.com/UN_Women/status/1132641296601034753', 'display_url': 'twitter.com/UN_Women/statu…'}]","[{'start': 0, 'end': 14, 'probability': 0.433, 'type': 'Person', 'normalized_text': 'Manal al-Sharif'}]",en,807003567605227520,"[{'type': 'quoted', 'id': '1132641296601034753'}]",34,41,339,2,Manal al-Sharif is a living legend who can show us what activism is - the pursuit of justice in the face of all obstacles and risk. We need more warriors like her. https://t.co/vnP4JXJuEx,2019-05-26T15:22:19.000Z,Twitter for iPhone,https://t.co/Ze18Ek9SOI,realamberheard,"Actor and Activist, semi-professional disruptor, ice cream advocate and shameless teacup yorkie-lover",Amber Heard,"Los Angeles, CA",2016-12-08T23:26:58.000Z,https://pbs.twimg.com/profile_images/1383196364792680448/N8CdupEu_normal.jpg,190464,220,1151,568,807003567605227520,https://t.co/nP4CjMum0t,AnnnCardoso,"🌼Cristã.
✒️Escritora.
🍉Minimalista.",Ted Keira,"Recife, Brasil",2014-03-03T22:57:07.000Z,https://pbs.twimg.com/profile_images/1482766428113678340/V6RACmB4_normal.jpg,77,44,1011,0,2371041174,,,
807003567605227520,1132784241123708929,es,1120114201404506112,"[{'type': 'replied_to', 'id': '1132668293305851904'}]","@realamberheard Es maravilloso realmente la admiro mucho como a otras mujeres y tu @realamberheard ❤❤❤❤❤❤🌹🌷💐💐💐
Eres una de ellas. guerreras que nunca se rinden y luchan por los derechos de los demas 👍👍🌎✔🌹🌷💐💐💐💐💜💜💜",2019-05-26T23:03:03.000Z,Twitter Web App,"[{'start': 0, 'end': 15, 'username': 'realamberheard', 'id': '807003567605227520'}, {'start': 83, 'end': 98, 'username': 'realamberheard', 'id': '807003567605227520'}]",0,0,1,0,1132668293305851904,"[{'start': 164, 'end': 187, 'url': 'https://t.co/vnP4JXJuEx', 'expanded_url': 'https://twitter.com/UN_Women/status/1132641296601034753', 'display_url': 'twitter.com/UN_Women/statu…'}]","[{'start': 0, 'end': 14, 'probability': 0.433, 'type': 'Person', 'normalized_text': 'Manal al-Sharif'}]",en,807003567605227520,"[{'type': 'quoted', 'id': '1132641296601034753'}]",34,41,339,2,Manal al-Sharif is a living legend who can show us what activism is - the pursuit of justice in the face of all obstacles and risk. We need more warriors like her. https://t.co/vnP4JXJuEx,2019-05-26T15:22:19.000Z,Twitter for iPhone,https://t.co/Ze18Ek9SOI,realamberheard,"Actor and Activist, semi-professional disruptor, ice cream advocate and shameless teacup yorkie-lover",Amber Heard,"Los Angeles, CA",2016-12-08T23:26:58.000Z,https://pbs.twimg.com/profile_images/1383196364792680448/N8CdupEu_normal.jpg,190464,220,1151,568,807003567605227520,,Enrique62175188,,Enrique ramirez,Puebla mexico,2019-04-21T23:56:51.000Z,https://pbs.twimg.com/profile_images/1377050191719710721/-BKIU6Zv_normal.jpg,63,304,2076,0,1120114201404506112,,,
807003567605227520,1132772037594894336,en,256128139,"[{'type': 'replied_to', 'id': '1132668293305851904'}]",@realamberheard Just a reminder of your acting skills and your amazing ability of being a transparent compulsive liar https://t.co/GNSV4aa5fx,2019-05-26T22:14:34.000Z,Twitter Web Client,"[{'start': 0, 'end': 15, 'username': 'realamberheard', 'id': '807003567605227520'}]",0,1,6,0,1132668293305851904,"[{'start': 164, 'end': 187, 'url': 'https://t.co/vnP4JXJuEx', 'expanded_url': 'https://twitter.com/UN_Women/status/1132641296601034753', 'display_url': 'twitter.com/UN_Women/statu…'}]","[{'start': 0, 'end': 14, 'probability': 0.433, 'type': 'Person', 'normalized_text': 'Manal al-Sharif'}]",en,807003567605227520,"[{'type': 'quoted', 'id': '1132641296601034753'}]",34,41,339,2,Manal al-Sharif is a living legend who can show us what activism is - the pursuit of justice in the face of all obstacles and risk. We need more warriors like her. https://t.co/vnP4JXJuEx,2019-05-26T15:22:19.000Z,Twitter for iPhone,https://t.co/Ze18Ek9SOI,realamberheard,"Actor and Activist, semi-professional disruptor, ice cream advocate and shameless teacup yorkie-lover",Amber Heard,"Los Angeles, CA",2016-12-08T23:26:58.000Z,https://pbs.twimg.com/profile_images/1383196364792680448/N8CdupEu_normal.jpg,190464,220,1151,568,807003567605227520,,Quoth67,,Mig.non,,2011-02-22T18:28:18.000Z,https://pbs.twimg.com/profile_images/1384195349170954246/1NWYHmyq_normal.jpg,86,178,3427,0,256128139,,,"[{'start': 118, 'end': 141, 'url': 'https://t.co/GNSV4aa5fx', 'expanded_url': 'https://youtu.be/mSNeqFBt-Mk', 'display_url': 'youtu.be/mSNeqFBt-Mk'}]"
79199888,1132771194493636608,und,191089896,"[{'type': 'replied_to', 'id': '1132668775113924609'}]",@AmberHeardIT @realamberheard 😘😘😘😘,2019-05-26T22:11:13.000Z,Twitter for Android,"[{'start': 0, 'end': 13, 'username': 'AmberHeardIT', 'id': '79199888'}, {'start': 14, 'end': 29, 'username': 'realamberheard', 'id': '807003567605227520'}]",0,0,1,0,1132668293305851904,"[{'start': 164, 'end': 187, 'url': 'https://t.co/vnP4JXJuEx', 'expanded_url': 'https://twitter.com/UN_Women/status/1132641296601034753', 'display_url': 'twitter.com/UN_Women/statu…'}]","[{'start': 0, 'end': 14, 'probability': 0.433, 'type': 'Person', 'normalized_text': 'Manal al-Sharif'}]",en,807003567605227520,"[{'type': 'quoted', 'id': '1132641296601034753'}]",34,41,339,2,Manal al-Sharif is a living legend who can show us what activism is - the pursuit of justice in the face of all obstacles and risk. We need more warriors like her. https://t.co/vnP4JXJuEx,2019-05-26T15:22:19.000Z,Twitter for iPhone,https://t.co/Ze18Ek9SOI,realamberheard,"Actor and Activist, semi-professional disruptor, ice cream advocate and shameless teacup yorkie-lover",Amber Heard,"Los Angeles, CA",2016-12-08T23:26:58.000Z,https://pbs.twimg.com/profile_images/1383196364792680448/N8CdupEu_normal.jpg,190464,220,1151,568,807003567605227520,,souzagiba,Deus proverá,Gilbert souz,Brasil,2010-09-15T15:49:25.000Z,https://pbs.twimg.com/profile_images/1371710036184039426/NRk1vnCE_normal.jpg,38,194,865,0,191089896,,,
1000024170313519105,1132727868457455616,und,1131663866432299008,"[{'type': 'replied_to', 'id': '1132669547004268544'}]",@GholinejadP @realamberheard https://t.co/Ze2BBKjEsG,2019-05-26T19:19:03.000Z,Twitter Web App,"[{'start': 13, 'end': 28, 'username': 'realamberheard', 'id': '807003567605227520'}]",0,0,0,0,1132668293305851904,"[{'start': 164, 'end': 187, 'url': 'https://t.co/vnP4JXJuEx', 'expanded_url': 'https://twitter.com/UN_Women/status/1132641296601034753', 'display_url': 'twitter.com/UN_Women/statu…'}]","[{'start': 0, 'end': 14, 'probability': 0.433, 'type': 'Person', 'normalized_text': 'Manal al-Sharif'}]",en,807003567605227520,"[{'type': 'quoted', 'id': '1132641296601034753'}]",34,41,339,2,Manal al-Sharif is a living legend who can show us what activism is - the pursuit of justice in the face of all obstacles and risk. We need more warriors like her. https://t.co/vnP4JXJuEx,2019-05-26T15:22:19.000Z,Twitter for iPhone,https://t.co/Ze18Ek9SOI,realamberheard,"Actor and Activist, semi-professional disruptor, ice cream advocate and shameless teacup yorkie-lover",Amber Heard,"Los Angeles, CA",2016-12-08T23:26:58.000Z,https://pbs.twimg.com/profile_images/1383196364792680448/N8CdupEu_normal.jpg,190464,220,1151,568,807003567605227520,,Evolved71245694,Parent. Equal rights Equal pay Employer. Wife. set this account up due to my perceived inadequacy of the press reporting on Johnny Depp. Do not have JD posters,Evolved,London,2019-05-23T20:51:05.000Z,https://pbs.twimg.com/profile_images/1131664247698677760/fg7jZjEl_normal.jpg,21,29,1406,1,1131663866432299008,,,"[{'start': 29, 'end': 52, 'url': 'https://t.co/Ze2BBKjEsG', 'expanded_url': 'https://twitter.com/J0ddie/status/1130803455751335937?s=20', 'display_url': 'twitter.com/J0ddie/status/…'}]"
1120114201404506112,1132727824538832897,und,1131663866432299008,"[{'type': 'replied_to', 'id': '1132670982177660928'}]",@Enrique62175188 @realamberheard https://t.co/Ze2BBKjEsG,2019-05-26T19:18:53.000Z,Twitter Web App,"[{'start': 0, 'end': 16, 'username': 'Enrique62175188', 'id': '1120114201404506112'}, {'start': 17, 'end': 32, 'username': 'realamberheard', 'id': '807003567605227520'}]",0,0,0,0,1132668293305851904,"[{'start': 164, 'end': 187, 'url': 'https://t.co/vnP4JXJuEx', 'expanded_url': 'https://twitter.com/UN_Women/status/1132641296601034753', 'display_url': 'twitter.com/UN_Women/statu…'}]","[{'start': 0, 'end': 14, 'probability': 0.433, 'type': 'Person', 'normalized_text': 'Manal al-Sharif'}]",en,807003567605227520,"[{'type': 'quoted', 'id': '1132641296601034753'}]",34,41,339,2,Manal al-Sharif is a living legend who can show us what activism is - the pursuit of justice in the face of all obstacles and risk. We need more warriors like her. https://t.co/vnP4JXJuEx,2019-05-26T15:22:19.000Z,Twitter for iPhone,https://t.co/Ze18Ek9SOI,realamberheard,"Actor and Activist, semi-professional disruptor, ice cream advocate and shameless teacup yorkie-lover",Amber Heard,"Los Angeles, CA",2016-12-08T23:26:58.000Z,https://pbs.twimg.com/profile_images/1383196364792680448/N8CdupEu_normal.jpg,190464,220,1151,568,807003567605227520,,Evolved71245694,Parent. Equal rights Equal pay Employer. Wife. set this account up due to my perceived inadequacy of the press reporting on Johnny Depp. Do not have JD posters,Evolved,London,2019-05-23T20:51:05.000Z,https://pbs.twimg.com/profile_images/1131664247698677760/fg7jZjEl_normal.jpg,21,29,1406,1,1131663866432299008,,,"[{'start': 33, 'end': 56, 'url': 'https://t.co/Ze2BBKjEsG', 'expanded_url': 'https://twitter.com/J0ddie/status/1130803455751335937?s=20', 'display_url': 'twitter.com/J0ddie/status/…'}]"
1071614258096431104,1132727744083759104,und,1131663866432299008,"[{'type': 'replied_to', 'id': '1132714854756675586'}]",@Joyawahid1 @realamberheard https://t.co/Ze2BBKjEsG,2019-05-26T19:18:33.000Z,Twitter Web App,"[{'start': 0, 'end': 11, 'username': 'Joyawahid1', 'id': '1071614258096431104'}, {'start': 12, 'end': 27, 'username': 'realamberheard', 'id': '807003567605227520'}]",0,0,2,0,1132668293305851904,"[{'start': 164, 'end': 187, 'url': 'https://t.co/vnP4JXJuEx', 'expanded_url': 'https://twitter.com/UN_Women/status/1132641296601034753', 'display_url': 'twitter.com/UN_Women/statu…'}]","[{'start': 0, 'end': 14, 'probability': 0.433, 'type': 'Person', 'normalized_text': 'Manal al-Sharif'}]",en,807003567605227520,"[{'type': 'quoted', 'id': '1132641296601034753'}]",34,41,339,2,Manal al-Sharif is a living legend who can show us what activism is - the pursuit of justice in the face of all obstacles and risk. We need more warriors like her. https://t.co/vnP4JXJuEx,2019-05-26T15:22:19.000Z,Twitter for iPhone,https://t.co/Ze18Ek9SOI,realamberheard,"Actor and Activist, semi-professional disruptor, ice cream advocate and shameless teacup yorkie-lover",Amber Heard,"Los Angeles, CA",2016-12-08T23:26:58.000Z,https://pbs.twimg.com/profile_images/1383196364792680448/N8CdupEu_normal.jpg,190464,220,1151,568,807003567605227520,,Evolved71245694,Parent. Equal rights Equal pay Employer. Wife. set this account up due to my perceived inadequacy of the press reporting on Johnny Depp. Do not have JD posters,Evolved,London,2019-05-23T20:51:05.000Z,https://pbs.twimg.com/profile_images/1131664247698677760/fg7jZjEl_normal.jpg,21,29,1406,1,1131663866432299008,,,"[{'start': 28, 'end': 51, 'url': 'https://t.co/Ze2BBKjEsG', 'expanded_url': 'https://twitter.com/J0ddie/status/1130803455751335937?s=20', 'display_url': 'twitter.com/J0ddie/status/…'}]"
940459573105823744,1132727691633975296,und,1131663866432299008,"[{'type': 'replied_to', 'id': '1132670021010767873'}]",@Niceguy9490 @realamberheard https://t.co/Ze2BBKjEsG,2019-05-26T19:18:21.000Z,Twitter Web App,"[{'start': 13, 'end': 28, 'username': 'realamberheard', 'id': '807003567605227520'}]",0,0,0,0,1132668293305851904,"[{'start': 164, 'end': 187, 'url': 'https://t.co/vnP4JXJuEx', 'expanded_url': 'https://twitter.com/UN_Women/status/1132641296601034753', 'display_url': 'twitter.com/UN_Women/statu…'}]","[{'start': 0, 'end': 14, 'probability': 0.433, 'type': 'Person', 'normalized_text': 'Manal al-Sharif'}]",en,807003567605227520,"[{'type': 'quoted', 'id': '1132641296601034753'}]",34,41,339,2,Manal al-Sharif is a living legend who can show us what activism is - the pursuit of justice in the face of all obstacles and risk. We need more warriors like her. https://t.co/vnP4JXJuEx,2019-05-26T15:22:19.000Z,Twitter for iPhone,https://t.co/Ze18Ek9SOI,realamberheard,"Actor and Activist, semi-professional disruptor, ice cream advocate and shameless teacup yorkie-lover",Amber Heard,"Los Angeles, CA",2016-12-08T23:26:58.000Z,https://pbs.twimg.com/profile_images/1383196364792680448/N8CdupEu_normal.jpg,190464,220,1151,568,807003567605227520,,Evolved71245694,Parent. Equal rights Equal pay Employer. Wife. set this account up due to my perceived inadequacy of the press reporting on Johnny Depp. Do not have JD posters,Evolved,London,2019-05-23T20:51:05.000Z,https://pbs.twimg.com/profile_images/1131664247698677760/fg7jZjEl_normal.jpg,21,29,1406,1,1131663866432299008,,,"[{'start': 29, 'end': 52, 'url': 'https://t.co/Ze2BBKjEsG', 'expanded_url': 'https://twitter.com/J0ddie/status/1130803455751335937?s=20', 'display_url': 'twitter.com/J0ddie/status/…'}]"
4396120342,1132727650097750020,und,1131663866432299008,"[{'type': 'replied_to', 'id': '1132676657825951746'}]",@stirgussa @realamberheard https://t.co/Ze2BBKjEsG,2019-05-26T19:18:11.000Z,Twitter Web App,"[{'start': 0, 'end': 10, 'username': 'stirgussa', 'id': '4396120342'}, {'start': 11, 'end': 26, 'username': 'realamberheard', 'id': '807003567605227520'}]",0,0,0,0,1132668293305851904,"[{'start': 164, 'end': 187, 'url': 'https://t.co/vnP4JXJuEx', 'expanded_url': 'https://twitter.com/UN_Women/status/1132641296601034753', 'display_url': 'twitter.com/UN_Women/statu…'}]","[{'start': 0, 'end': 14, 'probability': 0.433, 'type': 'Person', 'normalized_text': 'Manal al-Sharif'}]",en,807003567605227520,"[{'type': 'quoted', 'id': '1132641296601034753'}]",34,41,339,2,Manal al-Sharif is a living legend who can show us what activism is - the pursuit of justice in the face of all obstacles and risk. We need more warriors like her. https://t.co/vnP4JXJuEx,2019-05-26T15:22:19.000Z,Twitter for iPhone,https://t.co/Ze18Ek9SOI,realamberheard,"Actor and Activist, semi-professional disruptor, ice cream advocate and shameless teacup yorkie-lover",Amber Heard,"Los Angeles, CA",2016-12-08T23:26:58.000Z,https://pbs.twimg.com/profile_images/1383196364792680448/N8CdupEu_normal.jpg,190464,220,1151,568,807003567605227520,,Evolved71245694,Parent. Equal rights Equal pay Employer. Wife. set this account up due to my perceived inadequacy of the press reporting on Johnny Depp. Do not have JD posters,Evolved,London,2019-05-23T20:51:05.000Z,https://pbs.twimg.com/profile_images/1131664247698677760/fg7jZjEl_normal.jpg,21,29,1406,1,1131663866432299008,,,"[{'start': 27, 'end': 50, 'url': 'https://t.co/Ze2BBKjEsG', 'expanded_url': 'https://twitter.com/J0ddie/status/1130803455751335937?s=20', 'display_url': 'twitter.com/J0ddie/status/…'}]"
785148392498421760,1132727608242855937,und,1131663866432299008,"[{'type': 'replied_to', 'id': '1132673017929244673'}]",@CoraMelodie @realamberheard https://t.co/Ze2BBKjEsG,2019-05-26T19:18:01.000Z,Twitter Web App,"[{'start': 0, 'end': 12, 'username': 'CoraMelodie', 'id': '785148392498421760'}, {'start': 13, 'end': 28, 'username': 'realamberheard', 'id': '807003567605227520'}]",0,0,1,0,1132668293305851904,"[{'start': 164, 'end': 187, 'url': 'https://t.co/vnP4JXJuEx', 'expanded_url': 'https://twitter.com/UN_Women/status/1132641296601034753', 'display_url': 'twitter.com/UN_Women/statu…'}]","[{'start': 0, 'end': 14, 'probability': 0.433, 'type': 'Person', 'normalized_text': 'Manal al-Sharif'}]",en,807003567605227520,"[{'type': 'quoted', 'id': '1132641296601034753'}]",34,41,339,2,Manal al-Sharif is a living legend who can show us what activism is - the pursuit of justice in the face of all obstacles and risk. We need more warriors like her. https://t.co/vnP4JXJuEx,2019-05-26T15:22:19.000Z,Twitter for iPhone,https://t.co/Ze18Ek9SOI,realamberheard,"Actor and Activist, semi-professional disruptor, ice cream advocate and shameless teacup yorkie-lover",Amber Heard,"Los Angeles, CA",2016-12-08T23:26:58.000Z,https://pbs.twimg.com/profile_images/1383196364792680448/N8CdupEu_normal.jpg,190464,220,1151,568,807003567605227520,,Evolved71245694,Parent. Equal rights Equal pay Employer. Wife. set this account up due to my perceived inadequacy of the press reporting on Johnny Depp. Do not have JD posters,Evolved,London,2019-05-23T20:51:05.000Z,https://pbs.twimg.com/profile_images/1131664247698677760/fg7jZjEl_normal.jpg,21,29,1406,1,1131663866432299008,,,"[{'start': 29, 'end': 52, 'url': 'https://t.co/Ze2BBKjEsG', 'expanded_url': 'https://twitter.com/J0ddie/status/1130803455751335937?s=20', 'display_url': 'twitter.com/J0ddie/status/…'}]"
807003567605227520,1132725511682183173,und,1131663866432299008,"[{'type': 'quoted', 'id': '1131936477645033472'}, {'type': 'replied_to', 'id': '1132668293305851904'}]",@realamberheard https://t.co/BSyHZJrVCt,2019-05-26T19:09:41.000Z,Twitter Web App,"[{'start': 0, 'end': 15, 'username': 'realamberheard', 'id': '807003567605227520'}]",0,0,1,0,1132668293305851904,"[{'start': 164, 'end': 187, 'url': 'https://t.co/vnP4JXJuEx', 'expanded_url': 'https://twitter.com/UN_Women/status/1132641296601034753', 'display_url': 'twitter.com/UN_Women/statu…'}]","[{'start': 0, 'end': 14, 'probability': 0.433, 'type': 'Person', 'normalized_text': 'Manal al-Sharif'}]",en,807003567605227520,"[{'type': 'quoted', 'id': '1132641296601034753'}]",34,41,339,2,Manal al-Sharif is a living legend who can show us what activism is - the pursuit of justice in the face of all obstacles and risk. We need more warriors like her. https://t.co/vnP4JXJuEx,2019-05-26T15:22:19.000Z,Twitter for iPhone,https://t.co/Ze18Ek9SOI,realamberheard,"Actor and Activist, semi-professional disruptor, ice cream advocate and shameless teacup yorkie-lover",Amber Heard,"Los Angeles, CA",2016-12-08T23:26:58.000Z,https://pbs.twimg.com/profile_images/1383196364792680448/N8CdupEu_normal.jpg,190464,220,1151,568,807003567605227520,,Evolved71245694,Parent. Equal rights Equal pay Employer. Wife. set this account up due to my perceived inadequacy of the press reporting on Johnny Depp. Do not have JD posters,Evolved,London,2019-05-23T20:51:05.000Z,https://pbs.twimg.com/profile_images/1131664247698677760/fg7jZjEl_normal.jpg,21,29,1406,1,1131663866432299008,,,"[{'start': 16, 'end': 39, 'url': 'https://t.co/BSyHZJrVCt', 'expanded_url': 'https://twitter.com/feminiscience/status/1131936477645033472?s=20', 'display_url': 'twitter.com/feminiscience/…'}]"
807003567605227520,1132723421169803271,en,1131663866432299008,"[{'type': 'replied_to', 'id': '1132668293305851904'}]",@realamberheard Johnny Depp is pursuing justice too here is the court filing. #hatemen #exposethisfaker https://t.co/Ze2BBKjEsG,2019-05-26T19:01:23.000Z,Twitter Web App,"[{'start': 0, 'end': 15, 'username': 'realamberheard', 'id': '807003567605227520'}]",0,0,5,0,1132668293305851904,"[{'start': 164, 'end': 187, 'url': 'https://t.co/vnP4JXJuEx', 'expanded_url': 'https://twitter.com/UN_Women/status/1132641296601034753', 'display_url': 'twitter.com/UN_Women/statu…'}]","[{'start': 0, 'end': 14, 'probability': 0.433, 'type': 'Person', 'normalized_text': 'Manal al-Sharif'}]",en,807003567605227520,"[{'type': 'quoted', 'id': '1132641296601034753'}]",34,41,339,2,Manal al-Sharif is a living legend who can show us what activism is - the pursuit of justice in the face of all obstacles and risk. We need more warriors like her. https://t.co/vnP4JXJuEx,2019-05-26T15:22:19.000Z,Twitter for iPhone,https://t.co/Ze18Ek9SOI,realamberheard,"Actor and Activist, semi-professional disruptor, ice cream advocate and shameless teacup yorkie-lover",Amber Heard,"Los Angeles, CA",2016-12-08T23:26:58.000Z,https://pbs.twimg.com/profile_images/1383196364792680448/N8CdupEu_normal.jpg,190464,220,1151,568,807003567605227520,,Evolved71245694,Parent. Equal rights Equal pay Employer. Wife. set this account up due to my perceived inadequacy of the press reporting on Johnny Depp. Do not have JD posters,Evolved,London,2019-05-23T20:51:05.000Z,https://pbs.twimg.com/profile_images/1131664247698677760/fg7jZjEl_normal.jpg,21,29,1406,1,1131663866432299008,"[{'start': 16, 'end': 26, 'probability': 0.995, 'type': 'Person', 'normalized_text': 'Johnny Depp'}]","[{'start': 78, 'end': 86, 'tag': 'hatemen'}, {'start': 87, 'end': 103, 'tag': 'exposethisfaker'}]","[{'start': 104, 'end': 127, 'url': 'https://t.co/Ze2BBKjEsG', 'expanded_url': 'https://twitter.com/J0ddie/status/1130803455751335937?s=20', 'display_url': 'twitter.com/J0ddie/status/…'}]"
807003567605227520,1132721756869939202,en,1131663866432299008,"[{'type': 'replied_to', 'id': '1132668293305851904'}]",@realamberheard Several ex-girlfriends of yours have come forward with testimonies of the brutal violence you inflicted on them. What would Manal al-sharif say? @cnn #mentoo #exposethebitch #alltalk #amberhearddoesnotspeakforme #MydivorcelawyerMadeMeDoit.,2019-05-26T18:54:46.000Z,Twitter Web App,"[{'start': 0, 'end': 15, 'username': 'realamberheard', 'id': '807003567605227520'}, {'start': 161, 'end': 165, 'username': 'CNN', 'id': '759251'}]",0,0,8,0,1132668293305851904,"[{'start': 164, 'end': 187, 'url': 'https://t.co/vnP4JXJuEx', 'expanded_url': 'https://twitter.com/UN_Women/status/1132641296601034753', 'display_url': 'twitter.com/UN_Women/statu…'}]","[{'start': 0, 'end': 14, 'probability': 0.433, 'type': 'Person', 'normalized_text': 'Manal al-Sharif'}]",en,807003567605227520,"[{'type': 'quoted', 'id': '1132641296601034753'}]",34,41,339,2,Manal al-Sharif is a living legend who can show us what activism is - the pursuit of justice in the face of all obstacles and risk. We need more warriors like her. https://t.co/vnP4JXJuEx,2019-05-26T15:22:19.000Z,Twitter for iPhone,https://t.co/Ze18Ek9SOI,realamberheard,"Actor and Activist, semi-professional disruptor, ice cream advocate and shameless teacup yorkie-lover",Amber Heard,"Los Angeles, CA",2016-12-08T23:26:58.000Z,https://pbs.twimg.com/profile_images/1383196364792680448/N8CdupEu_normal.jpg,190464,220,1151,568,807003567605227520,,Evolved71245694,Parent. Equal rights Equal pay Employer. Wife. set this account up due to my perceived inadequacy of the press reporting on Johnny Depp. Do not have JD posters,Evolved,London,2019-05-23T20:51:05.000Z,https://pbs.twimg.com/profile_images/1131664247698677760/fg7jZjEl_normal.jpg,21,29,1406,1,1131663866432299008,"[{'start': 140, 'end': 144, 'probability': 0.5818, 'type': 'Person', 'normalized_text': 'Manal'}]","[{'start': 166, 'end': 173, 'tag': 'mentoo'}, {'start': 174, 'end': 189, 'tag': 'exposethebitch'}, {'start': 190, 'end': 198, 'tag': 'alltalk'}, {'start': 199, 'end': 227, 'tag': 'amberhearddoesnotspeakforme'}, {'start': 228, 'end': 254, 'tag': 'MydivorcelawyerMadeMeDoit'}]",
807003567605227520,1132714854756675586,und,1071614258096431104,"[{'type': 'replied_to', 'id': '1132668293305851904'}]",@realamberheard 👌👑👑👑💕💕💕💕 @realamberheard,2019-05-26T18:27:20.000Z,Twitter for Android,"[{'start': 0, 'end': 15, 'username': 'realamberheard', 'id': '807003567605227520'}, {'start': 25, 'end': 40, 'username': 'realamberheard', 'id': '807003567605227520'}]",0,1,1,0,1132668293305851904,"[{'start': 164, 'end': 187, 'url': 'https://t.co/vnP4JXJuEx', 'expanded_url': 'https://twitter.com/UN_Women/status/1132641296601034753', 'display_url': 'twitter.com/UN_Women/statu…'}]","[{'start': 0, 'end': 14, 'probability': 0.433, 'type': 'Person', 'normalized_text': 'Manal al-Sharif'}]",en,807003567605227520,"[{'type': 'quoted', 'id': '1132641296601034753'}]",34,41,339,2,Manal al-Sharif is a living legend who can show us what activism is - the pursuit of justice in the face of all obstacles and risk. We need more warriors like her. https://t.co/vnP4JXJuEx,2019-05-26T15:22:19.000Z,Twitter for iPhone,https://t.co/Ze18Ek9SOI,realamberheard,"Actor and Activist, semi-professional disruptor, ice cream advocate and shameless teacup yorkie-lover",Amber Heard,"Los Angeles, CA",2016-12-08T23:26:58.000Z,https://pbs.twimg.com/profile_images/1383196364792680448/N8CdupEu_normal.jpg,190464,220,1151,568,807003567605227520,,Joyawahid1,"@Lisaandriansalon💇💆💄💅
Hair n make up",Joya_wahid                          🐬🐳🐬🐳🐋🐳🐬,"DKI Jakarta,bali,Indonesia",2018-12-09T03:55:23.000Z,https://pbs.twimg.com/profile_images/1123131394597634050/m5Toggin_normal.jpg,5,82,389,0,1071614258096431104,,,
807003567605227520,1132713469784936448,en,897508693343784960,"[{'type': 'replied_to', 'id': '1132668293305851904'}]",@realamberheard Shut up amber. Stop trying to deflect that fact ur an abuser and a mental case.,2019-05-26T18:21:50.000Z,Twitter for iPhone,"[{'start': 0, 'end': 15, 'username': 'realamberheard', 'id': '807003567605227520'}]",0,0,8,0,1132668293305851904,"[{'start': 164, 'end': 187, 'url': 'https://t.co/vnP4JXJuEx', 'expanded_url': 'https://twitter.com/UN_Women/status/1132641296601034753', 'display_url': 'twitter.com/UN_Women/statu…'}]","[{'start': 0, 'end': 14, 'probability': 0.433, 'type': 'Person', 'normalized_text': 'Manal al-Sharif'}]",en,807003567605227520,"[{'type': 'quoted', 'id': '1132641296601034753'}]",34,41,339,2,Manal al-Sharif is a living legend who can show us what activism is - the pursuit of justice in the face of all obstacles and risk. We need more warriors like her. https://t.co/vnP4JXJuEx,2019-05-26T15:22:19.000Z,Twitter for iPhone,https://t.co/Ze18Ek9SOI,realamberheard,"Actor and Activist, semi-professional disruptor, ice cream advocate and shameless teacup yorkie-lover",Amber Heard,"Los Angeles, CA",2016-12-08T23:26:58.000Z,https://pbs.twimg.com/profile_images/1383196364792680448/N8CdupEu_normal.jpg,190464,220,1151,568,807003567605227520,,realnitpicker,JD forever.,NITPICKER,"California, USA",2017-08-15T17:22:02.000Z,https://pbs.twimg.com/profile_images/1119814516231954432/Z7KN8FP9_normal.jpg,297,25,1705,0,897508693343784960,"[{'start': 24, 'end': 28, 'probability': 0.6743, 'type': 'Person', 'normalized_text': 'amber'}]",,
807003567605227520,1132699415968440322,es,4222051372,"[{'type': 'replied_to', 'id': '1132668293305851904'}]",@realamberheard Liar.,2019-05-26T17:25:59.000Z,Twitter Web App,"[{'start': 0, 'end': 15, 'username': 'realamberheard', 'id': '807003567605227520'}]",0,0,11,0,1132668293305851904,"[{'start': 164, 'end': 187, 'url': 'https://t.co/vnP4JXJuEx', 'expanded_url': 'https://twitter.com/UN_Women/status/1132641296601034753', 'display_url': 'twitter.com/UN_Women/statu…'}]","[{'start': 0, 'end': 14, 'probability': 0.433, 'type': 'Person', 'normalized_text': 'Manal al-Sharif'}]",en,807003567605227520,"[{'type': 'quoted', 'id': '1132641296601034753'}]",34,41,339,2,Manal al-Sharif is a living legend who can show us what activism is - the pursuit of justice in the face of all obstacles and risk. We need more warriors like her. https://t.co/vnP4JXJuEx,2019-05-26T15:22:19.000Z,Twitter for iPhone,https://t.co/Ze18Ek9SOI,realamberheard,"Actor and Activist, semi-professional disruptor, ice cream advocate and shameless teacup yorkie-lover",Amber Heard,"Los Angeles, CA",2016-12-08T23:26:58.000Z,https://pbs.twimg.com/profile_images/1383196364792680448/N8CdupEu_normal.jpg,190464,220,1151,568,807003567605227520,,Solo_Msol21,"Estoy aquí para perder el tiempo 
Lol",Devil06.,,2015-11-18T23:43:13.000Z,https://pbs.twimg.com/profile_images/1258192625280024582/B1ASBQqv_normal.jpg,51,379,5545,0,4222051372,,,
807003567605227520,1132698471910301698,und,1050721822092812289,"[{'type': 'quoted', 'id': '1131364031405711362'}, {'type': 'replied_to', 'id': '1132668293305851904'}]",@realamberheard https://t.co/aBJXX7bVYp,2019-05-26T17:22:14.000Z,Twitter Web App,"[{'start': 0, 'end': 15, 'username': 'realamberheard', 'id': '807003567605227520'}]",0,0,8,0,1132668293305851904,"[{'start': 164, 'end': 187, 'url': 'https://t.co/vnP4JXJuEx', 'expanded_url': 'https://twitter.com/UN_Women/status/1132641296601034753', 'display_url': 'twitter.com/UN_Women/statu…'}]","[{'start': 0, 'end': 14, 'probability': 0.433, 'type': 'Person', 'normalized_text': 'Manal al-Sharif'}]",en,807003567605227520,"[{'type': 'quoted', 'id': '1132641296601034753'}]",34,41,339,2,Manal al-Sharif is a living legend who can show us what activism is - the pursuit of justice in the face of all obstacles and risk. We need more warriors like her. https://t.co/vnP4JXJuEx,2019-05-26T15:22:19.000Z,Twitter for iPhone,https://t.co/Ze18Ek9SOI,realamberheard,"Actor and Activist, semi-professional disruptor, ice cream advocate and shameless teacup yorkie-lover",Amber Heard,"Los Angeles, CA",2016-12-08T23:26:58.000Z,https://pbs.twimg.com/profile_images/1383196364792680448/N8CdupEu_normal.jpg,190464,220,1151,568,807003567605227520,,teamdepp_,•✿ Johnny is definition of love ✿•,Susan,#ibelievehim,2018-10-12T12:16:18.000Z,https://pbs.twimg.com/profile_images/1340701831975096320/g92j12jM_normal.jpg,412,300,12987,1,1050721822092812289,,,"[{'start': 16, 'end': 39, 'url': 'https://t.co/aBJXX7bVYp', 'expanded_url': 'https://twitter.com/ThatBrianFella/status/1131364031405711362?s=20', 'display_url': 'twitter.com/ThatBrianFella…'}]"
4396120342,1132697588811980800,en,3216078659,"[{'type': 'replied_to', 'id': '1132676657825951746'}]","@stirgussa @realamberheard That's right, @realamberheard really is a woman warrior too, and that's just one of the things that I really love about her the most and really proud of as a fan.",2019-05-26T17:18:44.000Z,Twitter Web App,"[{'start': 0, 'end': 10, 'username': 'stirgussa', 'id': '4396120342'}, {'start': 11, 'end': 26, 'username': 'realamberheard', 'id': '807003567605227520'}, {'start': 41, 'end': 56, 'username': 'realamberheard', 'id': '807003567605227520'}]",0,0,1,0,1132668293305851904,"[{'start': 164, 'end': 187, 'url': 'https://t.co/vnP4JXJuEx', 'expanded_url': 'https://twitter.com/UN_Women/status/1132641296601034753', 'display_url': 'twitter.com/UN_Women/statu…'}]","[{'start': 0, 'end': 14, 'probability': 0.433, 'type': 'Person', 'normalized_text': 'Manal al-Sharif'}]",en,807003567605227520,"[{'type': 'quoted', 'id': '1132641296601034753'}]",34,41,339,2,Manal al-Sharif is a living legend who can show us what activism is - the pursuit of justice in the face of all obstacles and risk. We need more warriors like her. https://t.co/vnP4JXJuEx,2019-05-26T15:22:19.000Z,Twitter for iPhone,https://t.co/Ze18Ek9SOI,realamberheard,"Actor and Activist, semi-professional disruptor, ice cream advocate and shameless teacup yorkie-lover",Amber Heard,"Los Angeles, CA",2016-12-08T23:26:58.000Z,https://pbs.twimg.com/profile_images/1383196364792680448/N8CdupEu_normal.jpg,190464,220,1151,568,807003567605227520,,GGCIR8991,"On the internet, you can be pretty much anything you want, it's just kinda weird that so many people choose to be idiots and assholes",GGCIR8991,,2015-04-28T07:17:35.000Z,https://pbs.twimg.com/profile_images/1501219816522219520/SQVX3N2b_normal.jpg,1464,1324,163149,17,3216078659,,,
1000024170313519105,1132696770918604801,en,3216078659,"[{'type': 'replied_to', 'id': '1132669547004268544'}]",@GholinejadP @realamberheard @realamberheard is definitely a woman warrior and a true inspiration for always speaking out and standing up for what's right and always taking part in fighting the good fight for it.,2019-05-26T17:15:29.000Z,Twitter Web App,"[{'start': 13, 'end': 28, 'username': 'realamberheard', 'id': '807003567605227520'}, {'start': 29, 'end': 44, 'username': 'realamberheard', 'id': '807003567605227520'}]",0,0,1,0,1132668293305851904,"[{'start': 164, 'end': 187, 'url': 'https://t.co/vnP4JXJuEx', 'expanded_url': 'https://twitter.com/UN_Women/status/1132641296601034753', 'display_url': 'twitter.com/UN_Women/statu…'}]","[{'start': 0, 'end': 14, 'probability': 0.433, 'type': 'Person', 'normalized_text': 'Manal al-Sharif'}]",en,807003567605227520,"[{'type': 'quoted', 'id': '1132641296601034753'}]",34,41,339,2,Manal al-Sharif is a living legend who can show us what activism is - the pursuit of justice in the face of all obstacles and risk. We need more warriors like her. https://t.co/vnP4JXJuEx,2019-05-26T15:22:19.000Z,Twitter for iPhone,https://t.co/Ze18Ek9SOI,realamberheard,"Actor and Activist, semi-professional disruptor, ice cream advocate and shameless teacup yorkie-lover",Amber Heard,"Los Angeles, CA",2016-12-08T23:26:58.000Z,https://pbs.twimg.com/profile_images/1383196364792680448/N8CdupEu_normal.jpg,190464,220,1151,568,807003567605227520,,GGCIR8991,"On the internet, you can be pretty much anything you want, it's just kinda weird that so many people choose to be idiots and assholes",GGCIR8991,,2015-04-28T07:17:35.000Z,https://pbs.twimg.com/profile_images/1501219816522219520/SQVX3N2b_normal.jpg,1464,1324,163149,17,3216078659,,,
785148392498421760,1132695975732973568,en,3216078659,"[{'type': 'replied_to', 'id': '1132673017929244673'}]","@CoraMelodie @realamberheard For always speaking out, standing up for what's right, and participating in fighting the good fight for what's right, @realamberheard also really is a woman warrior.",2019-05-26T17:12:19.000Z,Twitter Web App,"[{'start': 0, 'end': 12, 'username': 'CoraMelodie', 'id': '785148392498421760'}, {'start': 13, 'end': 28, 'username': 'realamberheard', 'id': '807003567605227520'}, {'start': 147, 'end': 162, 'username': 'realamberheard', 'id': '807003567605227520'}]",0,0,1,0,1132668293305851904,"[{'start': 164, 'end': 187, 'url': 'https://t.co/vnP4JXJuEx', 'expanded_url': 'https://twitter.com/UN_Women/status/1132641296601034753', 'display_url': 'twitter.com/UN_Women/statu…'}]","[{'start': 0, 'end': 14, 'probability': 0.433, 'type': 'Person', 'normalized_text': 'Manal al-Sharif'}]",en,807003567605227520,"[{'type': 'quoted', 'id': '1132641296601034753'}]",34,41,339,2,Manal al-Sharif is a living legend who can show us what activism is - the pursuit of justice in the face of all obstacles and risk. We need more warriors like her. https://t.co/vnP4JXJuEx,2019-05-26T15:22:19.000Z,Twitter for iPhone,https://t.co/Ze18Ek9SOI,realamberheard,"Actor and Activist, semi-professional disruptor, ice cream advocate and shameless teacup yorkie-lover",Amber Heard,"Los Angeles, CA",2016-12-08T23:26:58.000Z,https://pbs.twimg.com/profile_images/1383196364792680448/N8CdupEu_normal.jpg,190464,220,1151,568,807003567605227520,,GGCIR8991,"On the internet, you can be pretty much anything you want, it's just kinda weird that so many people choose to be idiots and assholes",GGCIR8991,,2015-04-28T07:17:35.000Z,https://pbs.twimg.com/profile_images/1501219816522219520/SQVX3N2b_normal.jpg,1464,1324,163149,17,3216078659,,,
940459573105823744,1132694971994087425,en,3216078659,"[{'type': 'replied_to', 'id': '1132670021010767873'}]",@Niceguy9490 @realamberheard @realamberheard is a true inspiration for always speaking out and letting her voice be heard about important issues which significantly affects women. She does a wonderful job as an activist!,2019-05-26T17:08:20.000Z,Twitter Web App,"[{'start': 13, 'end': 28, 'username': 'realamberheard', 'id': '807003567605227520'}, {'start': 29, 'end': 44, 'username': 'realamberheard', 'id': '807003567605227520'}]",0,0,1,0,1132668293305851904,"[{'start': 164, 'end': 187, 'url': 'https://t.co/vnP4JXJuEx', 'expanded_url': 'https://twitter.com/UN_Women/status/1132641296601034753', 'display_url': 'twitter.com/UN_Women/statu…'}]","[{'start': 0, 'end': 14, 'probability': 0.433, 'type': 'Person', 'normalized_text': 'Manal al-Sharif'}]",en,807003567605227520,"[{'type': 'quoted', 'id': '1132641296601034753'}]",34,41,339,2,Manal al-Sharif is a living legend who can show us what activism is - the pursuit of justice in the face of all obstacles and risk. We need more warriors like her. https://t.co/vnP4JXJuEx,2019-05-26T15:22:19.000Z,Twitter for iPhone,https://t.co/Ze18Ek9SOI,realamberheard,"Actor and Activist, semi-professional disruptor, ice cream advocate and shameless teacup yorkie-lover",Amber Heard,"Los Angeles, CA",2016-12-08T23:26:58.000Z,https://pbs.twimg.com/profile_images/1383196364792680448/N8CdupEu_normal.jpg,190464,220,1151,568,807003567605227520,,GGCIR8991,"On the internet, you can be pretty much anything you want, it's just kinda weird that so many people choose to be idiots and assholes",GGCIR8991,,2015-04-28T07:17:35.000Z,https://pbs.twimg.com/profile_images/1501219816522219520/SQVX3N2b_normal.jpg,1464,1324,163149,17,3216078659,,,
79199888,1132694194730938368,en,3216078659,"[{'type': 'replied_to', 'id': '1132668775113924609'}]","@AmberHeardIT @realamberheard Yeah, she really is, for always speaking out and letting her voice be heard by always standing up for what's right and always participating in fighting the good fight for it!",2019-05-26T17:05:15.000Z,Twitter Web App,"[{'start': 0, 'end': 13, 'username': 'AmberHeardIT', 'id': '79199888'}, {'start': 14, 'end': 29, 'username': 'realamberheard', 'id': '807003567605227520'}]",0,0,1,0,1132668293305851904,"[{'start': 164, 'end': 187, 'url': 'https://t.co/vnP4JXJuEx', 'expanded_url': 'https://twitter.com/UN_Women/status/1132641296601034753', 'display_url': 'twitter.com/UN_Women/statu…'}]","[{'start': 0, 'end': 14, 'probability': 0.433, 'type': 'Person', 'normalized_text': 'Manal al-Sharif'}]",en,807003567605227520,"[{'type': 'quoted', 'id': '1132641296601034753'}]",34,41,339,2,Manal al-Sharif is a living legend who can show us what activism is - the pursuit of justice in the face of all obstacles and risk. We need more warriors like her. https://t.co/vnP4JXJuEx,2019-05-26T15:22:19.000Z,Twitter for iPhone,https://t.co/Ze18Ek9SOI,realamberheard,"Actor and Activist, semi-professional disruptor, ice cream advocate and shameless teacup yorkie-lover",Amber Heard,"Los Angeles, CA",2016-12-08T23:26:58.000Z,https://pbs.twimg.com/profile_images/1383196364792680448/N8CdupEu_normal.jpg,190464,220,1151,568,807003567605227520,,GGCIR8991,"On the internet, you can be pretty much anything you want, it's just kinda weird that so many people choose to be idiots and assholes",GGCIR8991,,2015-04-28T07:17:35.000Z,https://pbs.twimg.com/profile_images/1501219816522219520/SQVX3N2b_normal.jpg,1464,1324,163149,17,3216078659,,,
807003567605227520,1132693834742112257,en,3216078659,"[{'type': 'replied_to', 'id': '1132668293305851904'}]","@realamberheard ""Being a woman today means being a warrior."" - @realamberheard 
You're also a woman warrior just like her for always speaking out and letting your voice be heard by always standing up for what's right and always participating in fighting the good fight for it!",2019-05-26T17:03:49.000Z,Twitter Web App,"[{'start': 0, 'end': 15, 'username': 'realamberheard', 'id': '807003567605227520'}, {'start': 63, 'end': 78, 'username': 'realamberheard', 'id': '807003567605227520'}]",0,0,1,0,1132668293305851904,"[{'start': 164, 'end': 187, 'url': 'https://t.co/vnP4JXJuEx', 'expanded_url': 'https://twitter.com/UN_Women/status/1132641296601034753', 'display_url': 'twitter.com/UN_Women/statu…'}]","[{'start': 0, 'end': 14, 'probability': 0.433, 'type': 'Person', 'normalized_text': 'Manal al-Sharif'}]",en,807003567605227520,"[{'type': 'quoted', 'id': '1132641296601034753'}]",34,41,339,2,Manal al-Sharif is a living legend who can show us what activism is - the pursuit of justice in the face of all obstacles and risk. We need more warriors like her. https://t.co/vnP4JXJuEx,2019-05-26T15:22:19.000Z,Twitter for iPhone,https://t.co/Ze18Ek9SOI,realamberheard,"Actor and Activist, semi-professional disruptor, ice cream advocate and shameless teacup yorkie-lover",Amber Heard,"Los Angeles, CA",2016-12-08T23:26:58.000Z,https://pbs.twimg.com/profile_images/1383196364792680448/N8CdupEu_normal.jpg,190464,220,1151,568,807003567605227520,,GGCIR8991,"On the internet, you can be pretty much anything you want, it's just kinda weird that so many people choose to be idiots and assholes",GGCIR8991,,2015-04-28T07:17:35.000Z,https://pbs.twimg.com/profile_images/1501219816522219520/SQVX3N2b_normal.jpg,1464,1324,163149,17,3216078659,,,
807003567605227520,1132691610054144000,pt,276097327,"[{'type': 'replied_to', 'id': '1132668293305851904'}]",@realamberheard Mostre ao mundo a guerreira que vc é ! Sangue pelos olhos...sangue pelo nariz ... Só não deixe escapar a chance de ser FELIZ 💪👊🎵,2019-05-26T16:54:58.000Z,Twitter for Android,"[{'start': 0, 'end': 15, 'username': 'realamberheard', 'id': '807003567605227520'}]",0,0,0,0,1132668293305851904,"[{'start': 164, 'end': 187, 'url': 'https://t.co/vnP4JXJuEx', 'expanded_url': 'https://twitter.com/UN_Women/status/1132641296601034753', 'display_url': 'twitter.com/UN_Women/statu…'}]","[{'start': 0, 'end': 14, 'probability': 0.433, 'type': 'Person', 'normalized_text': 'Manal al-Sharif'}]",en,807003567605227520,"[{'type': 'quoted', 'id': '1132641296601034753'}]",34,41,339,2,Manal al-Sharif is a living legend who can show us what activism is - the pursuit of justice in the face of all obstacles and risk. We need more warriors like her. https://t.co/vnP4JXJuEx,2019-05-26T15:22:19.000Z,Twitter for iPhone,https://t.co/Ze18Ek9SOI,realamberheard,"Actor and Activist, semi-professional disruptor, ice cream advocate and shameless teacup yorkie-lover",Amber Heard,"Los Angeles, CA",2016-12-08T23:26:58.000Z,https://pbs.twimg.com/profile_images/1383196364792680448/N8CdupEu_normal.jpg,190464,220,1151,568,807003567605227520,,leonidasdiamant,"Corretor de Imoveis no Estado do SP
e Gamer na horas vagas .",Leônidas Junior,,2011-04-02T16:59:58.000Z,https://pbs.twimg.com/profile_images/1418708491246743555/55L7MdoH_normal.jpg,6,109,1669,0,276097327,,,
807003567605227520,1132678495635742720,und,1050721822092812289,"[{'type': 'replied_to', 'id': '1132668293305851904'}]",@realamberheard https://t.co/NNBYMxogu1,2019-05-26T16:02:52.000Z,Twitter Web App,"[{'start': 0, 'end': 15, 'username': 'realamberheard', 'id': '807003567605227520'}]",0,0,5,0,1132668293305851904,"[{'start': 164, 'end': 187, 'url': 'https://t.co/vnP4JXJuEx', 'expanded_url': 'https://twitter.com/UN_Women/status/1132641296601034753', 'display_url': 'twitter.com/UN_Women/statu…'}]","[{'start': 0, 'end': 14, 'probability': 0.433, 'type': 'Person', 'normalized_text': 'Manal al-Sharif'}]",en,807003567605227520,"[{'type': 'quoted', 'id': '1132641296601034753'}]",34,41,339,2,Manal al-Sharif is a living legend who can show us what activism is - the pursuit of justice in the face of all obstacles and risk. We need more warriors like her. https://t.co/vnP4JXJuEx,2019-05-26T15:22:19.000Z,Twitter for iPhone,https://t.co/Ze18Ek9SOI,realamberheard,"Actor and Activist, semi-professional disruptor, ice cream advocate and shameless teacup yorkie-lover",Amber Heard,"Los Angeles, CA",2016-12-08T23:26:58.000Z,https://pbs.twimg.com/profile_images/1383196364792680448/N8CdupEu_normal.jpg,190464,220,1151,568,807003567605227520,,teamdepp_,•✿ Johnny is definition of love ✿•,Susan,#ibelievehim,2018-10-12T12:16:18.000Z,https://pbs.twimg.com/profile_images/1340701831975096320/g92j12jM_normal.jpg,412,300,12987,1,1050721822092812289,,,"[{'start': 16, 'end': 39, 'url': 'https://t.co/NNBYMxogu1', 'expanded_url': 'https://www.change.org/p/dc-entertainment-remove-amber-heard-from-aquaman-2', 'display_url': 'change.org/p/dc-entertain…'}]"
807003567605227520,1132676657825951746,en,4396120342,"[{'type': 'replied_to', 'id': '1132668293305851904'}]",@realamberheard You're a warrior too ✊ https://t.co/yR4vMS5HQl,2019-05-26T15:55:33.000Z,Twitter for Android,"[{'start': 0, 'end': 15, 'username': 'realamberheard', 'id': '807003567605227520'}]",0,3,5,0,1132668293305851904,"[{'start': 164, 'end': 187, 'url': 'https://t.co/vnP4JXJuEx', 'expanded_url': 'https://twitter.com/UN_Women/status/1132641296601034753', 'display_url': 'twitter.com/UN_Women/statu…'}]","[{'start': 0, 'end': 14, 'probability': 0.433, 'type': 'Person', 'normalized_text': 'Manal al-Sharif'}]",en,807003567605227520,"[{'type': 'quoted', 'id': '1132641296601034753'}]",34,41,339,2,Manal al-Sharif is a living legend who can show us what activism is - the pursuit of justice in the face of all obstacles and risk. We need more warriors like her. https://t.co/vnP4JXJuEx,2019-05-26T15:22:19.000Z,Twitter for iPhone,https://t.co/Ze18Ek9SOI,realamberheard,"Actor and Activist, semi-professional disruptor, ice cream advocate and shameless teacup yorkie-lover",Amber Heard,"Los Angeles, CA",2016-12-08T23:26:58.000Z,https://pbs.twimg.com/profile_images/1383196364792680448/N8CdupEu_normal.jpg,190464,220,1151,568,807003567605227520,,stirgussa,"Only two things are infinite, the universe and human stupidity, and I'm not sure about the former. - Albert Einstein and Me!",STIRGUS SACCHETTI,,2015-12-06T17:21:06.000Z,https://pbs.twimg.com/profile_images/1378175478478082050/UKLiQPuk_normal.jpg,678,296,58622,26,4396120342,,,"[{'start': 39, 'end': 62, 'url': 'https://t.co/yR4vMS5HQl', 'expanded_url': 'https://twitter.com/stirgussa/status/1132676657825951746/photo/1', 'display_url': 'pic.twitter.com/yR4vMS5HQl'}]"
807003567605227520,1132673017929244673,en,785148392498421760,"[{'type': 'replied_to', 'id': '1132668293305851904'}]","@realamberheard You are one too, Amber! ❤💪",2019-05-26T15:41:06.000Z,Twitter for Android,"[{'start': 0, 'end': 15, 'username': 'realamberheard', 'id': '807003567605227520'}]",0,2,5,0,1132668293305851904,"[{'start': 164, 'end': 187, 'url': 'https://t.co/vnP4JXJuEx', 'expanded_url': 'https://twitter.com/UN_Women/status/1132641296601034753', 'display_url': 'twitter.com/UN_Women/statu…'}]","[{'start': 0, 'end': 14, 'probability': 0.433, 'type': 'Person', 'normalized_text': 'Manal al-Sharif'}]",en,807003567605227520,"[{'type': 'quoted', 'id': '1132641296601034753'}]",34,41,339,2,Manal al-Sharif is a living legend who can show us what activism is - the pursuit of justice in the face of all obstacles and risk. We need more warriors like her. https://t.co/vnP4JXJuEx,2019-05-26T15:22:19.000Z,Twitter for iPhone,https://t.co/Ze18Ek9SOI,realamberheard,"Actor and Activist, semi-professional disruptor, ice cream advocate and shameless teacup yorkie-lover",Amber Heard,"Los Angeles, CA",2016-12-08T23:26:58.000Z,https://pbs.twimg.com/profile_images/1383196364792680448/N8CdupEu_normal.jpg,190464,220,1151,568,807003567605227520,,CoraMelodie,"Actress/Producer & UNHCR Special Envoy #AngelinaJolie | Actress, Activist & Human Rights Champion @realamberheard | @JeniferOfficiel 

#IStandWithYouAmberHeard",Cora Melodie,"Bordeaux, France",2016-10-09T16:02:18.000Z,https://pbs.twimg.com/profile_images/1138826096386936837/71Iwj2dh_normal.jpg,738,720,49396,28,785148392498421760,"[{'start': 33, 'end': 37, 'probability': 0.9518, 'type': 'Person', 'normalized_text': 'Amber'}]",,
807003567605227520,1132670982177660928,es,1120114201404506112,"[{'type': 'replied_to', 'id': '1132668293305851904'}]",@realamberheard Si es una persona maravillosa estoy muy orgulloso de ella realmente admiro su trabajo es un gran ejemplo para todos nosotros ♀💪💪💐💐💐❤,2019-05-26T15:33:00.000Z,Twitter Web App,"[{'start': 0, 'end': 15, 'username': 'realamberheard', 'id': '807003567605227520'}]",0,1,1,0,1132668293305851904,"[{'start': 164, 'end': 187, 'url': 'https://t.co/vnP4JXJuEx', 'expanded_url': 'https://twitter.com/UN_Women/status/1132641296601034753', 'display_url': 'twitter.com/UN_Women/statu…'}]","[{'start': 0, 'end': 14, 'probability': 0.433, 'type': 'Person', 'normalized_text': 'Manal al-Sharif'}]",en,807003567605227520,"[{'type': 'quoted', 'id': '1132641296601034753'}]",34,41,339,2,Manal al-Sharif is a living legend who can show us what activism is - the pursuit of justice in the face of all obstacles and risk. We need more warriors like her. https://t.co/vnP4JXJuEx,2019-05-26T15:22:19.000Z,Twitter for iPhone,https://t.co/Ze18Ek9SOI,realamberheard,"Actor and Activist, semi-professional disruptor, ice cream advocate and shameless teacup yorkie-lover",Amber Heard,"Los Angeles, CA",2016-12-08T23:26:58.000Z,https://pbs.twimg.com/profile_images/1383196364792680448/N8CdupEu_normal.jpg,190464,220,1151,568,807003567605227520,,Enrique62175188,,Enrique ramirez,Puebla mexico,2019-04-21T23:56:51.000Z,https://pbs.twimg.com/profile_images/1377050191719710721/-BKIU6Zv_normal.jpg,63,304,2076,0,1120114201404506112,,,
807003567605227520,1132670021010767873,en,940459573105823744,"[{'type': 'replied_to', 'id': '1132668293305851904'}]","@realamberheard I find inspiration in you. ""Action speaks louder than words"" and you prove it with your activism🙏👍",2019-05-26T15:29:11.000Z,Twitter for Android,"[{'start': 0, 'end': 15, 'username': 'realamberheard', 'id': '807003567605227520'}]",0,2,4,0,1132668293305851904,"[{'start': 164, 'end': 187, 'url': 'https://t.co/vnP4JXJuEx', 'expanded_url': 'https://twitter.com/UN_Women/status/1132641296601034753', 'display_url': 'twitter.com/UN_Women/statu…'}]","[{'start': 0, 'end': 14, 'probability': 0.433, 'type': 'Person', 'normalized_text': 'Manal al-Sharif'}]",en,807003567605227520,"[{'type': 'quoted', 'id': '1132641296601034753'}]",34,41,339,2,Manal al-Sharif is a living legend who can show us what activism is - the pursuit of justice in the face of all obstacles and risk. We need more warriors like her. https://t.co/vnP4JXJuEx,2019-05-26T15:22:19.000Z,Twitter for iPhone,https://t.co/Ze18Ek9SOI,realamberheard,"Actor and Activist, semi-professional disruptor, ice cream advocate and shameless teacup yorkie-lover",Amber Heard,"Los Angeles, CA",2016-12-08T23:26:58.000Z,https://pbs.twimg.com/profile_images/1383196364792680448/N8CdupEu_normal.jpg,190464,220,1151,568,807003567605227520,,RealMukul,"| \W/estworld |

he/him | Fan Account |
#IStandWithAmberHeard
#IStandWithUkraine",MUKUL,,2017-12-12T05:53:29.000Z,https://pbs.twimg.com/profile_images/1478739279056556039/0Kn_xg4O_normal.jpg,1379,1009,37436,15,940459573105823744,,,
807003567605227520,1132668775113924609,en,79199888,"[{'type': 'replied_to', 'id': '1132668293305851904'}]",@realamberheard You are a warrior too 💪,2019-05-26T15:24:14.000Z,Twitter for Android,"[{'start': 0, 'end': 15, 'username': 'realamberheard', 'id': '807003567605227520'}]",0,3,7,0,1132668293305851904,"[{'start': 164, 'end': 187, 'url': 'https://t.co/vnP4JXJuEx', 'expanded_url': 'https://twitter.com/UN_Women/status/1132641296601034753', 'display_url': 'twitter.com/UN_Women/statu…'}]","[{'start': 0, 'end': 14, 'probability': 0.433, 'type': 'Person', 'normalized_text': 'Manal al-Sharif'}]",en,807003567605227520,"[{'type': 'quoted', 'id': '1132641296601034753'}]",34,41,339,2,Manal al-Sharif is a living legend who can show us what activism is - the pursuit of justice in the face of all obstacles and risk. We need more warriors like her. https://t.co/vnP4JXJuEx,2019-05-26T15:22:19.000Z,Twitter for iPhone,https://t.co/Ze18Ek9SOI,realamberheard,"Actor and Activist, semi-professional disruptor, ice cream advocate and shameless teacup yorkie-lover",Amber Heard,"Los Angeles, CA",2016-12-08T23:26:58.000Z,https://pbs.twimg.com/profile_images/1383196364792680448/N8CdupEu_normal.jpg,190464,220,1151,568,807003567605227520,https://t.co/w3BraCgc4s,AmberHeardIT,"First  Italian FANPAGE dedicated to @realamberheard. Follow us for the latest updates, pictures and news! On Amber Heard Italia, u HEARD it first 🇮🇹",Amber Heard Italia Fans,Since 2009,2009-10-02T14:50:54.000Z,https://pbs.twimg.com/profile_images/1412490122365374481/EAftEZpa_normal.jpg,7233,344,39219,34,79199888,,,
