text,lang,author_id,created_at,referenced_tweets,id,in_reply_to_user_id,source,entities.hashtags,entities.urls,entities.mentions,public_metrics.retweet_count,public_metrics.reply_count,public_metrics.like_count,public_metrics.quote_count,replied_tweet.text,replied_tweet.lang,replied_tweet.public_metrics.retweet_count,replied_tweet.public_metrics.reply_count,replied_tweet.public_metrics.like_count,replied_tweet.public_metrics.quote_count,replied_tweet.author_id,replied_tweet.created_at,replied_tweet.entities.urls,replied_tweet.entities.annotations,replied_tweet.entities.mentions,replied_tweet.id,replied_tweet.source,replied_tweet.author.url,replied_tweet.author.id,replied_tweet.author.public_metrics.followers_count,replied_tweet.author.public_metrics.following_count,replied_tweet.author.public_metrics.tweet_count,replied_tweet.author.public_metrics.listed_count,replied_tweet.author.created_at,replied_tweet.author.username,replied_tweet.author.description,replied_tweet.author.profile_image_url,replied_tweet.author.name,replied_tweet.author.location,author.url,author.id,author.public_metrics.followers_count,author.public_metrics.following_count,author.public_metrics.tweet_count,author.public_metrics.listed_count,author.created_at,author.username,author.description,author.profile_image_url,author.name,author.location,entities.annotations
"@realamberheard @UNHumanRights @qz https://t.co/C4rtkS7pzf
🙏💔

@mbachelet @GilmourUN @lsauveur @hickspeggy 

#StandUp4HumanRights

#DondeEstaRodríguezTorres

#LibertadARodríguezTorres",und,61581351,2019-06-19T15:17:16.000Z,"[{'type': 'replied_to', 'id': '1136058783711449088'}]",1141364331625537538,807003567605227520,Twitter for Android,"[{'start': 109, 'end': 129, 'tag': 'StandUp4HumanRights'}, {'start': 131, 'end': 156, 'tag': 'DondeEstaRodríguezTorres'}, {'start': 158, 'end': 183, 'tag': 'LibertadARodríguezTorres'}]","[{'start': 35, 'end': 58, 'url': 'https://t.co/C4rtkS7pzf', 'expanded_url': 'https://twitter.com/epocahumana/status/1141340362147082240?s=19', 'display_url': 'twitter.com/epocahumana/st…'}]","[{'start': 0, 'end': 15, 'username': 'realamberheard', 'id': '807003567605227520'}, {'start': 16, 'end': 30, 'username': 'UNHumanRights', 'id': '69231187'}, {'start': 31, 'end': 34, 'username': 'qz', 'id': '573918122'}, {'start': 63, 'end': 73, 'username': 'mbachelet', 'id': '4119914644'}, {'start': 85, 'end': 94, 'username': 'lsauveur', 'id': '239054276'}, {'start': 95, 'end': 106, 'username': 'hickspeggy', 'id': '61267452'}]",0,0,0,0,"“This disregard 4 truth is so deeply troublng,” n challngng womens rights 2 reprudctve health, @UNHumanRights K.Gilmore said US ws contributng 2 rollng bck “the undrpinnings of a whole glbal order” basd ona global commtmnt 2 promting womens health https://t.co/tPOaPosxOS via @qz",en,24,24,255,2,807003567605227520,2019-06-04T23:54:55.000Z,"[{'start': 248, 'end': 271, 'url': 'https://t.co/tPOaPosxOS', 'expanded_url': 'https://qz.com/1634319/', 'display_url': 'qz.com/1634319/', 'status': 200, 'unwound_url': 'https://qz.com/1634319/the-us-is-to-blame-for-global-erosion-of-human-rights-says-top-un-official/'}]","[{'start': 110, 'end': 118, 'probability': 0.9243, 'type': 'Person', 'normalized_text': 'K.Gilmore'}]","[{'start': 95, 'end': 109, 'username': 'UNHumanRights', 'id': '69231187'}, {'start': 276, 'end': 279, 'username': 'qz', 'id': '573918122'}]",1136058783711449088,Twitter for iPhone,https://t.co/Ze18Ek9SOI,807003567605227520,190464,220,1151,568,2016-12-08T23:26:58.000Z,realamberheard,"Actor and Activist, semi-professional disruptor, ice cream advocate and shameless teacup yorkie-lover",https://pbs.twimg.com/profile_images/1383196364792680448/N8CdupEu_normal.jpg,Amber Heard,"Los Angeles, CA",,61581351,3849,4231,347426,192,2009-07-30T19:53:12.000Z,FafaSchmitt,Aborrecendo os políticos e os seus puxa-sacos de todas as Américas desde o dia que entrei para o Twitter. #Transcendentalista  @versointimista,https://pbs.twimg.com/profile_images/1490839267333091332/Y71we-Rn_normal.jpg,Anna Flávia Schmitt 🕊️🇧🇷🕊️🇺🇦,"Rodeio, SC",
"@Phen15836338 @realamberheard @UNHumanRights @qz No she is scared of what is going to happen with being a DV abuser, her name is already one Hollywood doesn’t want around! You don’t lie about DV",en,927708662642065409,2019-06-09T18:29:06.000Z,"[{'type': 'replied_to', 'id': '1136368302387634176'}]",1137788728095588352,1116453497044492288,Twitter for iPhone,,,"[{'start': 0, 'end': 13, 'username': 'Phen15836338', 'id': '1116453497044492288'}, {'start': 14, 'end': 29, 'username': 'realamberheard', 'id': '807003567605227520'}, {'start': 30, 'end': 44, 'username': 'UNHumanRights', 'id': '69231187'}, {'start': 45, 'end': 48, 'username': 'qz', 'id': '573918122'}]",0,0,3,0,"“This disregard 4 truth is so deeply troublng,” n challngng womens rights 2 reprudctve health, @UNHumanRights K.Gilmore said US ws contributng 2 rollng bck “the undrpinnings of a whole glbal order” basd ona global commtmnt 2 promting womens health https://t.co/tPOaPosxOS via @qz",en,24,24,255,2,807003567605227520,2019-06-04T23:54:55.000Z,"[{'start': 248, 'end': 271, 'url': 'https://t.co/tPOaPosxOS', 'expanded_url': 'https://qz.com/1634319/', 'display_url': 'qz.com/1634319/', 'status': 200, 'unwound_url': 'https://qz.com/1634319/the-us-is-to-blame-for-global-erosion-of-human-rights-says-top-un-official/'}]","[{'start': 110, 'end': 118, 'probability': 0.9243, 'type': 'Person', 'normalized_text': 'K.Gilmore'}]","[{'start': 95, 'end': 109, 'username': 'UNHumanRights', 'id': '69231187'}, {'start': 276, 'end': 279, 'username': 'qz', 'id': '573918122'}]",1136058783711449088,Twitter for iPhone,https://t.co/Ze18Ek9SOI,807003567605227520,190464,220,1151,568,2016-12-08T23:26:58.000Z,realamberheard,"Actor and Activist, semi-professional disruptor, ice cream advocate and shameless teacup yorkie-lover",https://pbs.twimg.com/profile_images/1383196364792680448/N8CdupEu_normal.jpg,Amber Heard,"Los Angeles, CA",,927708662642065409,506,1301,3989,0,2017-11-07T01:25:55.000Z,apirateslife77,"just Rach , a #spoonie, feeling some hope after 4 years of crazy, #biden/Harris! music is therapy, movies let you get lost in another world!",https://pbs.twimg.com/profile_images/1440260559996264448/VQ7yjEIc_normal.jpg,justrach 🌊🏴‍☠️🏴‍☠️🏴‍☠️🏴‍☠️,"California, USA","[{'start': 141, 'end': 149, 'probability': 0.6351, 'type': 'Place', 'normalized_text': 'Hollywood'}]"
@RAMMF1898 @Enrique62175188 @realamberheard @UNHumanRights @qz #Hypocrisy,und,927708662642065409,2019-06-09T18:27:25.000Z,"[{'type': 'replied_to', 'id': '1136070852498272256'}]",1137788305620082688,3216078659,Twitter for iPhone,"[{'start': 63, 'end': 73, 'tag': 'Hypocrisy'}]",,"[{'start': 11, 'end': 27, 'username': 'Enrique62175188', 'id': '1120114201404506112'}, {'start': 28, 'end': 43, 'username': 'realamberheard', 'id': '807003567605227520'}, {'start': 44, 'end': 58, 'username': 'UNHumanRights', 'id': '69231187'}, {'start': 59, 'end': 62, 'username': 'qz', 'id': '573918122'}]",0,0,0,0,"“This disregard 4 truth is so deeply troublng,” n challngng womens rights 2 reprudctve health, @UNHumanRights K.Gilmore said US ws contributng 2 rollng bck “the undrpinnings of a whole glbal order” basd ona global commtmnt 2 promting womens health https://t.co/tPOaPosxOS via @qz",en,24,24,255,2,807003567605227520,2019-06-04T23:54:55.000Z,"[{'start': 248, 'end': 271, 'url': 'https://t.co/tPOaPosxOS', 'expanded_url': 'https://qz.com/1634319/', 'display_url': 'qz.com/1634319/', 'status': 200, 'unwound_url': 'https://qz.com/1634319/the-us-is-to-blame-for-global-erosion-of-human-rights-says-top-un-official/'}]","[{'start': 110, 'end': 118, 'probability': 0.9243, 'type': 'Person', 'normalized_text': 'K.Gilmore'}]","[{'start': 95, 'end': 109, 'username': 'UNHumanRights', 'id': '69231187'}, {'start': 276, 'end': 279, 'username': 'qz', 'id': '573918122'}]",1136058783711449088,Twitter for iPhone,https://t.co/Ze18Ek9SOI,807003567605227520,190464,220,1151,568,2016-12-08T23:26:58.000Z,realamberheard,"Actor and Activist, semi-professional disruptor, ice cream advocate and shameless teacup yorkie-lover",https://pbs.twimg.com/profile_images/1383196364792680448/N8CdupEu_normal.jpg,Amber Heard,"Los Angeles, CA",,927708662642065409,506,1301,3989,0,2017-11-07T01:25:55.000Z,apirateslife77,"just Rach , a #spoonie, feeling some hope after 4 years of crazy, #biden/Harris! music is therapy, movies let you get lost in another world!",https://pbs.twimg.com/profile_images/1440260559996264448/VQ7yjEIc_normal.jpg,justrach 🌊🏴‍☠️🏴‍☠️🏴‍☠️🏴‍☠️,"California, USA",
@XTinaTaft @RAMMF1898 @realamberheard @UNHumanRights @qz Because she needs a good PR after all the lies! The circus she made about DV ! She knows she is done!,en,927708662642065409,2019-06-09T18:26:56.000Z,"[{'type': 'replied_to', 'id': '1136571821522706432'}]",1137788183893008384,847762217546137600,Twitter for iPhone,,,"[{'start': 0, 'end': 10, 'username': 'XTinaTaft', 'id': '847762217546137600'}, {'start': 22, 'end': 37, 'username': 'realamberheard', 'id': '807003567605227520'}, {'start': 38, 'end': 52, 'username': 'UNHumanRights', 'id': '69231187'}, {'start': 53, 'end': 56, 'username': 'qz', 'id': '573918122'}]",0,0,1,0,"“This disregard 4 truth is so deeply troublng,” n challngng womens rights 2 reprudctve health, @UNHumanRights K.Gilmore said US ws contributng 2 rollng bck “the undrpinnings of a whole glbal order” basd ona global commtmnt 2 promting womens health https://t.co/tPOaPosxOS via @qz",en,24,24,255,2,807003567605227520,2019-06-04T23:54:55.000Z,"[{'start': 248, 'end': 271, 'url': 'https://t.co/tPOaPosxOS', 'expanded_url': 'https://qz.com/1634319/', 'display_url': 'qz.com/1634319/', 'status': 200, 'unwound_url': 'https://qz.com/1634319/the-us-is-to-blame-for-global-erosion-of-human-rights-says-top-un-official/'}]","[{'start': 110, 'end': 118, 'probability': 0.9243, 'type': 'Person', 'normalized_text': 'K.Gilmore'}]","[{'start': 95, 'end': 109, 'username': 'UNHumanRights', 'id': '69231187'}, {'start': 276, 'end': 279, 'username': 'qz', 'id': '573918122'}]",1136058783711449088,Twitter for iPhone,https://t.co/Ze18Ek9SOI,807003567605227520,190464,220,1151,568,2016-12-08T23:26:58.000Z,realamberheard,"Actor and Activist, semi-professional disruptor, ice cream advocate and shameless teacup yorkie-lover",https://pbs.twimg.com/profile_images/1383196364792680448/N8CdupEu_normal.jpg,Amber Heard,"Los Angeles, CA",,927708662642065409,506,1301,3989,0,2017-11-07T01:25:55.000Z,apirateslife77,"just Rach , a #spoonie, feeling some hope after 4 years of crazy, #biden/Harris! music is therapy, movies let you get lost in another world!",https://pbs.twimg.com/profile_images/1440260559996264448/VQ7yjEIc_normal.jpg,justrach 🌊🏴‍☠️🏴‍☠️🏴‍☠️🏴‍☠️,"California, USA",
@XTinaTaft @realamberheard @UNHumanRights @qz Live in your bubble #Hypocrites,en,927708662642065409,2019-06-09T18:25:33.000Z,"[{'type': 'replied_to', 'id': '1136350622649765889'}]",1137787836415922177,847762217546137600,Twitter for iPhone,"[{'start': 66, 'end': 77, 'tag': 'Hypocrites'}]",,"[{'start': 0, 'end': 10, 'username': 'XTinaTaft', 'id': '847762217546137600'}, {'start': 11, 'end': 26, 'username': 'realamberheard', 'id': '807003567605227520'}, {'start': 27, 'end': 41, 'username': 'UNHumanRights', 'id': '69231187'}, {'start': 42, 'end': 45, 'username': 'qz', 'id': '573918122'}]",0,0,1,0,"“This disregard 4 truth is so deeply troublng,” n challngng womens rights 2 reprudctve health, @UNHumanRights K.Gilmore said US ws contributng 2 rollng bck “the undrpinnings of a whole glbal order” basd ona global commtmnt 2 promting womens health https://t.co/tPOaPosxOS via @qz",en,24,24,255,2,807003567605227520,2019-06-04T23:54:55.000Z,"[{'start': 248, 'end': 271, 'url': 'https://t.co/tPOaPosxOS', 'expanded_url': 'https://qz.com/1634319/', 'display_url': 'qz.com/1634319/', 'status': 200, 'unwound_url': 'https://qz.com/1634319/the-us-is-to-blame-for-global-erosion-of-human-rights-says-top-un-official/'}]","[{'start': 110, 'end': 118, 'probability': 0.9243, 'type': 'Person', 'normalized_text': 'K.Gilmore'}]","[{'start': 95, 'end': 109, 'username': 'UNHumanRights', 'id': '69231187'}, {'start': 276, 'end': 279, 'username': 'qz', 'id': '573918122'}]",1136058783711449088,Twitter for iPhone,https://t.co/Ze18Ek9SOI,807003567605227520,190464,220,1151,568,2016-12-08T23:26:58.000Z,realamberheard,"Actor and Activist, semi-professional disruptor, ice cream advocate and shameless teacup yorkie-lover",https://pbs.twimg.com/profile_images/1383196364792680448/N8CdupEu_normal.jpg,Amber Heard,"Los Angeles, CA",,927708662642065409,506,1301,3989,0,2017-11-07T01:25:55.000Z,apirateslife77,"just Rach , a #spoonie, feeling some hope after 4 years of crazy, #biden/Harris! music is therapy, movies let you get lost in another world!",https://pbs.twimg.com/profile_images/1440260559996264448/VQ7yjEIc_normal.jpg,justrach 🌊🏴‍☠️🏴‍☠️🏴‍☠️🏴‍☠️,"California, USA",
@Evolved71245694 @realamberheard @UNHumanRights @qz She needed her lawyer to tell her what to do so she could do media hit job on him,en,927708662642065409,2019-06-09T18:24:24.000Z,"[{'type': 'replied_to', 'id': '1136347273179357184'}]",1137787545230630914,1131663866432299008,Twitter for iPhone,,,"[{'start': 0, 'end': 16, 'username': 'Evolved71245694', 'id': '1131663866432299008'}, {'start': 17, 'end': 32, 'username': 'realamberheard', 'id': '807003567605227520'}, {'start': 33, 'end': 47, 'username': 'UNHumanRights', 'id': '69231187'}, {'start': 48, 'end': 51, 'username': 'qz', 'id': '573918122'}]",0,0,1,0,"“This disregard 4 truth is so deeply troublng,” n challngng womens rights 2 reprudctve health, @UNHumanRights K.Gilmore said US ws contributng 2 rollng bck “the undrpinnings of a whole glbal order” basd ona global commtmnt 2 promting womens health https://t.co/tPOaPosxOS via @qz",en,24,24,255,2,807003567605227520,2019-06-04T23:54:55.000Z,"[{'start': 248, 'end': 271, 'url': 'https://t.co/tPOaPosxOS', 'expanded_url': 'https://qz.com/1634319/', 'display_url': 'qz.com/1634319/', 'status': 200, 'unwound_url': 'https://qz.com/1634319/the-us-is-to-blame-for-global-erosion-of-human-rights-says-top-un-official/'}]","[{'start': 110, 'end': 118, 'probability': 0.9243, 'type': 'Person', 'normalized_text': 'K.Gilmore'}]","[{'start': 95, 'end': 109, 'username': 'UNHumanRights', 'id': '69231187'}, {'start': 276, 'end': 279, 'username': 'qz', 'id': '573918122'}]",1136058783711449088,Twitter for iPhone,https://t.co/Ze18Ek9SOI,807003567605227520,190464,220,1151,568,2016-12-08T23:26:58.000Z,realamberheard,"Actor and Activist, semi-professional disruptor, ice cream advocate and shameless teacup yorkie-lover",https://pbs.twimg.com/profile_images/1383196364792680448/N8CdupEu_normal.jpg,Amber Heard,"Los Angeles, CA",,927708662642065409,506,1301,3989,0,2017-11-07T01:25:55.000Z,apirateslife77,"just Rach , a #spoonie, feeling some hope after 4 years of crazy, #biden/Harris! music is therapy, movies let you get lost in another world!",https://pbs.twimg.com/profile_images/1440260559996264448/VQ7yjEIc_normal.jpg,justrach 🌊🏴‍☠️🏴‍☠️🏴‍☠️🏴‍☠️,"California, USA",
@waynetruman @realamberheard @UNHumanRights @qz Heck she can't act in a 30min commercial for l'oreal,en,822463057011961857,2019-06-07T21:54:39.000Z,"[{'type': 'replied_to', 'id': '1136176761908224000'}]",1137115679918714880,282610489,Twitter for Android,,,"[{'start': 0, 'end': 12, 'username': 'WayneTruman', 'id': '1366337376461721601'}, {'start': 13, 'end': 28, 'username': 'realamberheard', 'id': '807003567605227520'}, {'start': 29, 'end': 43, 'username': 'UNHumanRights', 'id': '69231187'}, {'start': 44, 'end': 47, 'username': 'qz', 'id': '573918122'}]",0,0,1,0,"“This disregard 4 truth is so deeply troublng,” n challngng womens rights 2 reprudctve health, @UNHumanRights K.Gilmore said US ws contributng 2 rollng bck “the undrpinnings of a whole glbal order” basd ona global commtmnt 2 promting womens health https://t.co/tPOaPosxOS via @qz",en,24,24,255,2,807003567605227520,2019-06-04T23:54:55.000Z,"[{'start': 248, 'end': 271, 'url': 'https://t.co/tPOaPosxOS', 'expanded_url': 'https://qz.com/1634319/', 'display_url': 'qz.com/1634319/', 'status': 200, 'unwound_url': 'https://qz.com/1634319/the-us-is-to-blame-for-global-erosion-of-human-rights-says-top-un-official/'}]","[{'start': 110, 'end': 118, 'probability': 0.9243, 'type': 'Person', 'normalized_text': 'K.Gilmore'}]","[{'start': 95, 'end': 109, 'username': 'UNHumanRights', 'id': '69231187'}, {'start': 276, 'end': 279, 'username': 'qz', 'id': '573918122'}]",1136058783711449088,Twitter for iPhone,https://t.co/Ze18Ek9SOI,807003567605227520,190464,220,1151,568,2016-12-08T23:26:58.000Z,realamberheard,"Actor and Activist, semi-professional disruptor, ice cream advocate and shameless teacup yorkie-lover",https://pbs.twimg.com/profile_images/1383196364792680448/N8CdupEu_normal.jpg,Amber Heard,"Los Angeles, CA",,822463057011961857,101,456,1664,3,2017-01-20T15:17:28.000Z,Vincentbishopt4,"gacha life fnaf youtuber
scary cupcakes gacha 

#justiceforjohnnydepp 
#istandwithjohnnydepp",https://pbs.twimg.com/profile_images/1413335286579302403/2j9vfLtk_normal.jpg,🎃 Cassie 🎃,"Tucson, AZ",
@realamberheard @UNHumanRights @qz This truth is so deeply troubling: https://t.co/8zJ5lEFnCy,en,717763291477581824,2019-06-06T23:25:38.000Z,"[{'type': 'replied_to', 'id': '1136058783711449088'}]",1136776188389711877,807003567605227520,Twitter Web Client,,"[{'start': 70, 'end': 93, 'url': 'https://t.co/8zJ5lEFnCy', 'expanded_url': 'https://twitter.com/itfansofdepp/status/1136748256803921935', 'display_url': 'twitter.com/itfansofdepp/s…'}]","[{'start': 0, 'end': 15, 'username': 'realamberheard', 'id': '807003567605227520'}, {'start': 16, 'end': 30, 'username': 'UNHumanRights', 'id': '69231187'}, {'start': 31, 'end': 34, 'username': 'qz', 'id': '573918122'}]",0,0,7,0,"“This disregard 4 truth is so deeply troublng,” n challngng womens rights 2 reprudctve health, @UNHumanRights K.Gilmore said US ws contributng 2 rollng bck “the undrpinnings of a whole glbal order” basd ona global commtmnt 2 promting womens health https://t.co/tPOaPosxOS via @qz",en,24,24,255,2,807003567605227520,2019-06-04T23:54:55.000Z,"[{'start': 248, 'end': 271, 'url': 'https://t.co/tPOaPosxOS', 'expanded_url': 'https://qz.com/1634319/', 'display_url': 'qz.com/1634319/', 'status': 200, 'unwound_url': 'https://qz.com/1634319/the-us-is-to-blame-for-global-erosion-of-human-rights-says-top-un-official/'}]","[{'start': 110, 'end': 118, 'probability': 0.9243, 'type': 'Person', 'normalized_text': 'K.Gilmore'}]","[{'start': 95, 'end': 109, 'username': 'UNHumanRights', 'id': '69231187'}, {'start': 276, 'end': 279, 'username': 'qz', 'id': '573918122'}]",1136058783711449088,Twitter for iPhone,https://t.co/Ze18Ek9SOI,807003567605227520,190464,220,1151,568,2016-12-08T23:26:58.000Z,realamberheard,"Actor and Activist, semi-professional disruptor, ice cream advocate and shameless teacup yorkie-lover",https://pbs.twimg.com/profile_images/1383196364792680448/N8CdupEu_normal.jpg,Amber Heard,"Los Angeles, CA",,717763291477581824,1889,1238,65979,12,2016-04-06T17:17:58.000Z,nonunnun,"visiting this planet
*innen bleibt draußen
Everyone has a right to feel offended.
#JusticeForJohnnyDeppVirginia2022
#MINAMATA is a MUST WATCH in cinema!",https://pbs.twimg.com/profile_images/1502959653432475649/7ynjm5bw_normal.jpg,Mea Mara 🇩🇪 🏴‍☠️#KeepJohnnyDeppAfloat,Mellywood,
"@RAMMF1898 @realamberheard @UNHumanRights @qz I do love looking at what she’s doing and learning from #AmberHeard! 

She truly is more involved with #CivilRights, #Rights, and #Activism than others in #Entertainment. It’s great that she admirers world-changers. 

Plus, it gives me new views and good calls-to-action 😜🏖😊😎",en,847762217546137600,2019-06-06T09:53:33.000Z,"[{'type': 'replied_to', 'id': '1136571008825958400'}]",1136571821522706432,3216078659,Twitter Web App,"[{'start': 102, 'end': 113, 'tag': 'AmberHeard'}, {'start': 149, 'end': 161, 'tag': 'CivilRights'}, {'start': 163, 'end': 170, 'tag': 'Rights'}, {'start': 176, 'end': 185, 'tag': 'Activism'}, {'start': 201, 'end': 215, 'tag': 'Entertainment'}]",,"[{'start': 11, 'end': 26, 'username': 'realamberheard', 'id': '807003567605227520'}, {'start': 27, 'end': 41, 'username': 'UNHumanRights', 'id': '69231187'}, {'start': 42, 'end': 45, 'username': 'qz', 'id': '573918122'}]",0,1,1,0,"“This disregard 4 truth is so deeply troublng,” n challngng womens rights 2 reprudctve health, @UNHumanRights K.Gilmore said US ws contributng 2 rollng bck “the undrpinnings of a whole glbal order” basd ona global commtmnt 2 promting womens health https://t.co/tPOaPosxOS via @qz",en,24,24,255,2,807003567605227520,2019-06-04T23:54:55.000Z,"[{'start': 248, 'end': 271, 'url': 'https://t.co/tPOaPosxOS', 'expanded_url': 'https://qz.com/1634319/', 'display_url': 'qz.com/1634319/', 'status': 200, 'unwound_url': 'https://qz.com/1634319/the-us-is-to-blame-for-global-erosion-of-human-rights-says-top-un-official/'}]","[{'start': 110, 'end': 118, 'probability': 0.9243, 'type': 'Person', 'normalized_text': 'K.Gilmore'}]","[{'start': 95, 'end': 109, 'username': 'UNHumanRights', 'id': '69231187'}, {'start': 276, 'end': 279, 'username': 'qz', 'id': '573918122'}]",1136058783711449088,Twitter for iPhone,https://t.co/Ze18Ek9SOI,807003567605227520,190464,220,1151,568,2016-12-08T23:26:58.000Z,realamberheard,"Actor and Activist, semi-professional disruptor, ice cream advocate and shameless teacup yorkie-lover",https://pbs.twimg.com/profile_images/1383196364792680448/N8CdupEu_normal.jpg,Amber Heard,"Los Angeles, CA",https://t.co/7SykGO7PSU,847762217546137600,2649,4555,32729,21,2017-03-31T10:47:18.000Z,XTinaTaft,#Founder Social Media for Good ~ https://t.co/7SykGO7PSU🚀Better World #CEO✈Innovator🎉#Egalitarian🎸#Entrepreneur🐬#Tech🏖#Futurist💡#Motivationology☀️#Data🧡#WomenInPower,https://pbs.twimg.com/profile_images/1180185247884824576/3Zvt_F6Y_normal.jpg,Christina Taft 🧬CEO🏖🎶✈️,Worldie.com & International 🚀,
"@XTinaTaft @realamberheard @UNHumanRights @qz @realamberheard really is experienced and sophisticated, and it's just one of the things that I really love most about her as a fan!💖",en,3216078659,2019-06-06T09:50:19.000Z,"[{'type': 'replied_to', 'id': '1136570412345593856'}]",1136571008825958400,847762217546137600,Twitter Web Client,,,"[{'start': 0, 'end': 10, 'username': 'XTinaTaft', 'id': '847762217546137600'}, {'start': 11, 'end': 26, 'username': 'realamberheard', 'id': '807003567605227520'}, {'start': 27, 'end': 41, 'username': 'UNHumanRights', 'id': '69231187'}, {'start': 42, 'end': 45, 'username': 'qz', 'id': '573918122'}, {'start': 46, 'end': 61, 'username': 'realamberheard', 'id': '807003567605227520'}]",0,1,1,0,"“This disregard 4 truth is so deeply troublng,” n challngng womens rights 2 reprudctve health, @UNHumanRights K.Gilmore said US ws contributng 2 rollng bck “the undrpinnings of a whole glbal order” basd ona global commtmnt 2 promting womens health https://t.co/tPOaPosxOS via @qz",en,24,24,255,2,807003567605227520,2019-06-04T23:54:55.000Z,"[{'start': 248, 'end': 271, 'url': 'https://t.co/tPOaPosxOS', 'expanded_url': 'https://qz.com/1634319/', 'display_url': 'qz.com/1634319/', 'status': 200, 'unwound_url': 'https://qz.com/1634319/the-us-is-to-blame-for-global-erosion-of-human-rights-says-top-un-official/'}]","[{'start': 110, 'end': 118, 'probability': 0.9243, 'type': 'Person', 'normalized_text': 'K.Gilmore'}]","[{'start': 95, 'end': 109, 'username': 'UNHumanRights', 'id': '69231187'}, {'start': 276, 'end': 279, 'username': 'qz', 'id': '573918122'}]",1136058783711449088,Twitter for iPhone,https://t.co/Ze18Ek9SOI,807003567605227520,190464,220,1151,568,2016-12-08T23:26:58.000Z,realamberheard,"Actor and Activist, semi-professional disruptor, ice cream advocate and shameless teacup yorkie-lover",https://pbs.twimg.com/profile_images/1383196364792680448/N8CdupEu_normal.jpg,Amber Heard,"Los Angeles, CA",,3216078659,1464,1324,163149,17,2015-04-28T07:17:35.000Z,GGCIR8991,"On the internet, you can be pretty much anything you want, it's just kinda weird that so many people choose to be idiots and assholes",https://pbs.twimg.com/profile_images/1501219816522219520/SQVX3N2b_normal.jpg,GGCIR8991,,
"@RAMMF1898 @realamberheard @UNHumanRights @qz #AmberHeard is worldly 😜😎

Also yeah... it is regressive and awful as a first world country to act this way. 

It’s downright embarrassing to see conservative news focusing on #British protests against #DonaldTrump. It’s always sensational when there are more important issues.",en,847762217546137600,2019-06-06T09:47:57.000Z,"[{'type': 'replied_to', 'id': '1136404304187682816'}]",1136570412345593856,3216078659,Twitter Web App,"[{'start': 46, 'end': 57, 'tag': 'AmberHeard'}, {'start': 222, 'end': 230, 'tag': 'British'}, {'start': 248, 'end': 260, 'tag': 'DonaldTrump'}]",,"[{'start': 11, 'end': 26, 'username': 'realamberheard', 'id': '807003567605227520'}, {'start': 27, 'end': 41, 'username': 'UNHumanRights', 'id': '69231187'}, {'start': 42, 'end': 45, 'username': 'qz', 'id': '573918122'}]",0,1,1,0,"“This disregard 4 truth is so deeply troublng,” n challngng womens rights 2 reprudctve health, @UNHumanRights K.Gilmore said US ws contributng 2 rollng bck “the undrpinnings of a whole glbal order” basd ona global commtmnt 2 promting womens health https://t.co/tPOaPosxOS via @qz",en,24,24,255,2,807003567605227520,2019-06-04T23:54:55.000Z,"[{'start': 248, 'end': 271, 'url': 'https://t.co/tPOaPosxOS', 'expanded_url': 'https://qz.com/1634319/', 'display_url': 'qz.com/1634319/', 'status': 200, 'unwound_url': 'https://qz.com/1634319/the-us-is-to-blame-for-global-erosion-of-human-rights-says-top-un-official/'}]","[{'start': 110, 'end': 118, 'probability': 0.9243, 'type': 'Person', 'normalized_text': 'K.Gilmore'}]","[{'start': 95, 'end': 109, 'username': 'UNHumanRights', 'id': '69231187'}, {'start': 276, 'end': 279, 'username': 'qz', 'id': '573918122'}]",1136058783711449088,Twitter for iPhone,https://t.co/Ze18Ek9SOI,807003567605227520,190464,220,1151,568,2016-12-08T23:26:58.000Z,realamberheard,"Actor and Activist, semi-professional disruptor, ice cream advocate and shameless teacup yorkie-lover",https://pbs.twimg.com/profile_images/1383196364792680448/N8CdupEu_normal.jpg,Amber Heard,"Los Angeles, CA",https://t.co/7SykGO7PSU,847762217546137600,2649,4555,32729,21,2017-03-31T10:47:18.000Z,XTinaTaft,#Founder Social Media for Good ~ https://t.co/7SykGO7PSU🚀Better World #CEO✈Innovator🎉#Egalitarian🎸#Entrepreneur🐬#Tech🏖#Futurist💡#Motivationology☀️#Data🧡#WomenInPower,https://pbs.twimg.com/profile_images/1180185247884824576/3Zvt_F6Y_normal.jpg,Christina Taft 🧬CEO🏖🎶✈️,Worldie.com & International 🚀,
"@XTinaTaft @realamberheard @UNHumanRights @qz Yes, @realamberheard is really amazing for the terrific job that she does as an activist, a feminist, a woman, and an individual!",en,3216078659,2019-06-05T22:47:54.000Z,"[{'type': 'replied_to', 'id': '1136350622649765889'}]",1136404304187682816,847762217546137600,Twitter Web Client,,,"[{'start': 0, 'end': 10, 'username': 'XTinaTaft', 'id': '847762217546137600'}, {'start': 11, 'end': 26, 'username': 'realamberheard', 'id': '807003567605227520'}, {'start': 27, 'end': 41, 'username': 'UNHumanRights', 'id': '69231187'}, {'start': 42, 'end': 45, 'username': 'qz', 'id': '573918122'}, {'start': 51, 'end': 66, 'username': 'realamberheard', 'id': '807003567605227520'}]",0,1,1,0,"“This disregard 4 truth is so deeply troublng,” n challngng womens rights 2 reprudctve health, @UNHumanRights K.Gilmore said US ws contributng 2 rollng bck “the undrpinnings of a whole glbal order” basd ona global commtmnt 2 promting womens health https://t.co/tPOaPosxOS via @qz",en,24,24,255,2,807003567605227520,2019-06-04T23:54:55.000Z,"[{'start': 248, 'end': 271, 'url': 'https://t.co/tPOaPosxOS', 'expanded_url': 'https://qz.com/1634319/', 'display_url': 'qz.com/1634319/', 'status': 200, 'unwound_url': 'https://qz.com/1634319/the-us-is-to-blame-for-global-erosion-of-human-rights-says-top-un-official/'}]","[{'start': 110, 'end': 118, 'probability': 0.9243, 'type': 'Person', 'normalized_text': 'K.Gilmore'}]","[{'start': 95, 'end': 109, 'username': 'UNHumanRights', 'id': '69231187'}, {'start': 276, 'end': 279, 'username': 'qz', 'id': '573918122'}]",1136058783711449088,Twitter for iPhone,https://t.co/Ze18Ek9SOI,807003567605227520,190464,220,1151,568,2016-12-08T23:26:58.000Z,realamberheard,"Actor and Activist, semi-professional disruptor, ice cream advocate and shameless teacup yorkie-lover",https://pbs.twimg.com/profile_images/1383196364792680448/N8CdupEu_normal.jpg,Amber Heard,"Los Angeles, CA",,3216078659,1464,1324,163149,17,2015-04-28T07:17:35.000Z,GGCIR8991,"On the internet, you can be pretty much anything you want, it's just kinda weird that so many people choose to be idiots and assholes",https://pbs.twimg.com/profile_images/1501219816522219520/SQVX3N2b_normal.jpg,GGCIR8991,,
@realamberheard @UNHumanRights @qz The haters really need to tone down their ‘vocals’ since Amber apparently would never give any shite for all  insults and disagreements. I bet she shuts her ears off while saying “la la la la” towards negative comments 🤫,en,1116453497044492288,2019-06-05T20:24:50.000Z,"[{'type': 'replied_to', 'id': '1136058783711449088'}]",1136368302387634176,807003567605227520,Twitter Web App,,,"[{'start': 0, 'end': 15, 'username': 'realamberheard', 'id': '807003567605227520'}, {'start': 16, 'end': 30, 'username': 'UNHumanRights', 'id': '69231187'}, {'start': 31, 'end': 34, 'username': 'qz', 'id': '573918122'}]",0,2,0,0,"“This disregard 4 truth is so deeply troublng,” n challngng womens rights 2 reprudctve health, @UNHumanRights K.Gilmore said US ws contributng 2 rollng bck “the undrpinnings of a whole glbal order” basd ona global commtmnt 2 promting womens health https://t.co/tPOaPosxOS via @qz",en,24,24,255,2,807003567605227520,2019-06-04T23:54:55.000Z,"[{'start': 248, 'end': 271, 'url': 'https://t.co/tPOaPosxOS', 'expanded_url': 'https://qz.com/1634319/', 'display_url': 'qz.com/1634319/', 'status': 200, 'unwound_url': 'https://qz.com/1634319/the-us-is-to-blame-for-global-erosion-of-human-rights-says-top-un-official/'}]","[{'start': 110, 'end': 118, 'probability': 0.9243, 'type': 'Person', 'normalized_text': 'K.Gilmore'}]","[{'start': 95, 'end': 109, 'username': 'UNHumanRights', 'id': '69231187'}, {'start': 276, 'end': 279, 'username': 'qz', 'id': '573918122'}]",1136058783711449088,Twitter for iPhone,https://t.co/Ze18Ek9SOI,807003567605227520,190464,220,1151,568,2016-12-08T23:26:58.000Z,realamberheard,"Actor and Activist, semi-professional disruptor, ice cream advocate and shameless teacup yorkie-lover",https://pbs.twimg.com/profile_images/1383196364792680448/N8CdupEu_normal.jpg,Amber Heard,"Los Angeles, CA",,1116453497044492288,0,5,43,0,2019-04-11T21:30:31.000Z,Phen15836338,,https://abs.twimg.com/sticky/default_profile_images/default_profile_normal.png,Phen,,"[{'start': 92, 'end': 96, 'probability': 0.9865, 'type': 'Person', 'normalized_text': 'Amber'}]"
"@Parvati53138389 And what is your place of origin? The sewer? The applause for her tweet has nothing to do with the ongoing controversy with Depp and he said/she said. You don't know all the demonstrable facts, but go on and speculate into lunacy if that makes you happy.  https://t.co/bVO88P2ieS",en,1429890756,2019-06-05T19:31:08.000Z,"[{'type': 'replied_to', 'id': '1136070570746032129'}]",1136354786666790912,1063323768993517568,Twitter Web Client,,"[{'start': 273, 'end': 296, 'url': 'https://t.co/bVO88P2ieS', 'expanded_url': 'http://www.thejakartapost.com/life/2019/03/14/the-amber-heard-johnny-depp-domestic-abuse-case-just-got-even-messier-.html', 'display_url': 'thejakartapost.com/life/2019/03/1…'}]",,0,0,1,0,"“This disregard 4 truth is so deeply troublng,” n challngng womens rights 2 reprudctve health, @UNHumanRights K.Gilmore said US ws contributng 2 rollng bck “the undrpinnings of a whole glbal order” basd ona global commtmnt 2 promting womens health https://t.co/tPOaPosxOS via @qz",en,24,24,255,2,807003567605227520,2019-06-04T23:54:55.000Z,"[{'start': 248, 'end': 271, 'url': 'https://t.co/tPOaPosxOS', 'expanded_url': 'https://qz.com/1634319/', 'display_url': 'qz.com/1634319/', 'status': 200, 'unwound_url': 'https://qz.com/1634319/the-us-is-to-blame-for-global-erosion-of-human-rights-says-top-un-official/'}]","[{'start': 110, 'end': 118, 'probability': 0.9243, 'type': 'Person', 'normalized_text': 'K.Gilmore'}]","[{'start': 95, 'end': 109, 'username': 'UNHumanRights', 'id': '69231187'}, {'start': 276, 'end': 279, 'username': 'qz', 'id': '573918122'}]",1136058783711449088,Twitter for iPhone,https://t.co/Ze18Ek9SOI,807003567605227520,190464,220,1151,568,2016-12-08T23:26:58.000Z,realamberheard,"Actor and Activist, semi-professional disruptor, ice cream advocate and shameless teacup yorkie-lover",https://pbs.twimg.com/profile_images/1383196364792680448/N8CdupEu_normal.jpg,Amber Heard,"Los Angeles, CA",,1429890756,2784,2883,31927,10,2013-05-15T08:29:56.000Z,robertiiinoo,"🎶A Perfect Day Elise🎶 He/him 🌻 🦢 📚🎬🇵🇸 My patience with misogynists, racists and extremists is limited.  #ClimateCrisis  #FuckTrump   *ektekjærlighet* 🌹",https://pbs.twimg.com/profile_images/833049991665090562/wmG_TbCD_normal.jpg,Frydensal 🌱,"Norway, Drammen/Oslo. ","[{'start': 141, 'end': 144, 'probability': 0.9763, 'type': 'Person', 'normalized_text': 'Depp'}]"
"@realamberheard @UNHumanRights @qz Amber Heard is AMAZING 

Amber Heard is AMAZING 

Amber Heard is AMAZING 

Amber Heard is AMAZING 

Amber Heard is AMAZING 

Amber Heard is AMAZING 

#AmberHeard is #AMAZING

#AmberHeard is #AMAZING

#AmberHeard works for #HumanRights 

#EqualRights is what people need! 

#Rights https://t.co/8gXfm2cxla",en,847762217546137600,2019-06-05T19:14:35.000Z,"[{'type': 'replied_to', 'id': '1136058783711449088'}]",1136350622649765889,807003567605227520,Twitter Web App,"[{'start': 185, 'end': 196, 'tag': 'AmberHeard'}, {'start': 200, 'end': 208, 'tag': 'AMAZING'}, {'start': 210, 'end': 221, 'tag': 'AmberHeard'}, {'start': 225, 'end': 233, 'tag': 'AMAZING'}, {'start': 235, 'end': 246, 'tag': 'AmberHeard'}, {'start': 257, 'end': 269, 'tag': 'HumanRights'}, {'start': 272, 'end': 284, 'tag': 'EqualRights'}, {'start': 308, 'end': 315, 'tag': 'Rights'}]","[{'start': 316, 'end': 339, 'url': 'https://t.co/8gXfm2cxla', 'expanded_url': 'https://twitter.com/XTinaTaft/status/1136350622649765889/photo/1', 'display_url': 'pic.twitter.com/8gXfm2cxla'}]","[{'start': 0, 'end': 15, 'username': 'realamberheard', 'id': '807003567605227520'}, {'start': 16, 'end': 30, 'username': 'UNHumanRights', 'id': '69231187'}, {'start': 31, 'end': 34, 'username': 'qz', 'id': '573918122'}]",0,2,4,0,"“This disregard 4 truth is so deeply troublng,” n challngng womens rights 2 reprudctve health, @UNHumanRights K.Gilmore said US ws contributng 2 rollng bck “the undrpinnings of a whole glbal order” basd ona global commtmnt 2 promting womens health https://t.co/tPOaPosxOS via @qz",en,24,24,255,2,807003567605227520,2019-06-04T23:54:55.000Z,"[{'start': 248, 'end': 271, 'url': 'https://t.co/tPOaPosxOS', 'expanded_url': 'https://qz.com/1634319/', 'display_url': 'qz.com/1634319/', 'status': 200, 'unwound_url': 'https://qz.com/1634319/the-us-is-to-blame-for-global-erosion-of-human-rights-says-top-un-official/'}]","[{'start': 110, 'end': 118, 'probability': 0.9243, 'type': 'Person', 'normalized_text': 'K.Gilmore'}]","[{'start': 95, 'end': 109, 'username': 'UNHumanRights', 'id': '69231187'}, {'start': 276, 'end': 279, 'username': 'qz', 'id': '573918122'}]",1136058783711449088,Twitter for iPhone,https://t.co/Ze18Ek9SOI,807003567605227520,190464,220,1151,568,2016-12-08T23:26:58.000Z,realamberheard,"Actor and Activist, semi-professional disruptor, ice cream advocate and shameless teacup yorkie-lover",https://pbs.twimg.com/profile_images/1383196364792680448/N8CdupEu_normal.jpg,Amber Heard,"Los Angeles, CA",https://t.co/7SykGO7PSU,847762217546137600,2649,4555,32729,21,2017-03-31T10:47:18.000Z,XTinaTaft,#Founder Social Media for Good ~ https://t.co/7SykGO7PSU🚀Better World #CEO✈Innovator🎉#Egalitarian🎸#Entrepreneur🐬#Tech🏖#Futurist💡#Motivationology☀️#Data🧡#WomenInPower,https://pbs.twimg.com/profile_images/1180185247884824576/3Zvt_F6Y_normal.jpg,Christina Taft 🧬CEO🏖🎶✈️,Worldie.com & International 🚀,"[{'start': 35, 'end': 39, 'probability': 0.7969, 'type': 'Person', 'normalized_text': 'Amber'}, {'start': 60, 'end': 64, 'probability': 0.4258, 'type': 'Person', 'normalized_text': 'Amber'}, {'start': 85, 'end': 89, 'probability': 0.456, 'type': 'Person', 'normalized_text': 'Amber'}, {'start': 110, 'end': 114, 'probability': 0.4358, 'type': 'Person', 'normalized_text': 'Amber'}]"
@realamberheard @UNHumanRights @qz Stop obfuscating re Virginia versus Californian court. The Washington post is published in Virginia and is the site of the defamation. Can’t get this kicked out on a technicality- like when you were arrested for beating up your ex wife,en,1131663866432299008,2019-06-05T19:03:08.000Z,"[{'type': 'replied_to', 'id': '1136058783711449088'}]",1136347742819815427,807003567605227520,Twitter Web App,,,"[{'start': 0, 'end': 15, 'username': 'realamberheard', 'id': '807003567605227520'}, {'start': 16, 'end': 30, 'username': 'UNHumanRights', 'id': '69231187'}, {'start': 31, 'end': 34, 'username': 'qz', 'id': '573918122'}]",0,0,6,0,"“This disregard 4 truth is so deeply troublng,” n challngng womens rights 2 reprudctve health, @UNHumanRights K.Gilmore said US ws contributng 2 rollng bck “the undrpinnings of a whole glbal order” basd ona global commtmnt 2 promting womens health https://t.co/tPOaPosxOS via @qz",en,24,24,255,2,807003567605227520,2019-06-04T23:54:55.000Z,"[{'start': 248, 'end': 271, 'url': 'https://t.co/tPOaPosxOS', 'expanded_url': 'https://qz.com/1634319/', 'display_url': 'qz.com/1634319/', 'status': 200, 'unwound_url': 'https://qz.com/1634319/the-us-is-to-blame-for-global-erosion-of-human-rights-says-top-un-official/'}]","[{'start': 110, 'end': 118, 'probability': 0.9243, 'type': 'Person', 'normalized_text': 'K.Gilmore'}]","[{'start': 95, 'end': 109, 'username': 'UNHumanRights', 'id': '69231187'}, {'start': 276, 'end': 279, 'username': 'qz', 'id': '573918122'}]",1136058783711449088,Twitter for iPhone,https://t.co/Ze18Ek9SOI,807003567605227520,190464,220,1151,568,2016-12-08T23:26:58.000Z,realamberheard,"Actor and Activist, semi-professional disruptor, ice cream advocate and shameless teacup yorkie-lover",https://pbs.twimg.com/profile_images/1383196364792680448/N8CdupEu_normal.jpg,Amber Heard,"Los Angeles, CA",,1131663866432299008,21,29,1406,1,2019-05-23T20:51:05.000Z,Evolved71245694,Parent. Equal rights Equal pay Employer. Wife. set this account up due to my perceived inadequacy of the press reporting on Johnny Depp. Do not have JD posters,https://pbs.twimg.com/profile_images/1131664247698677760/fg7jZjEl_normal.jpg,Evolved,London,"[{'start': 55, 'end': 62, 'probability': 0.5735, 'type': 'Organization', 'normalized_text': 'Virginia'}, {'start': 94, 'end': 103, 'probability': 0.7827, 'type': 'Organization', 'normalized_text': 'Washington'}, {'start': 126, 'end': 133, 'probability': 0.9234, 'type': 'Place', 'normalized_text': 'Virginia'}]"
@realamberheard @UNHumanRights @qz Why would Anyone call 911 almost 2 hours after the “perpetrator” left the building? Stinks of SETUP and the court will see this too,en,1131663866432299008,2019-06-05T19:01:16.000Z,"[{'type': 'replied_to', 'id': '1136058783711449088'}]",1136347273179357184,807003567605227520,Twitter Web App,,,"[{'start': 0, 'end': 15, 'username': 'realamberheard', 'id': '807003567605227520'}, {'start': 16, 'end': 30, 'username': 'UNHumanRights', 'id': '69231187'}, {'start': 31, 'end': 34, 'username': 'qz', 'id': '573918122'}]",0,1,5,0,"“This disregard 4 truth is so deeply troublng,” n challngng womens rights 2 reprudctve health, @UNHumanRights K.Gilmore said US ws contributng 2 rollng bck “the undrpinnings of a whole glbal order” basd ona global commtmnt 2 promting womens health https://t.co/tPOaPosxOS via @qz",en,24,24,255,2,807003567605227520,2019-06-04T23:54:55.000Z,"[{'start': 248, 'end': 271, 'url': 'https://t.co/tPOaPosxOS', 'expanded_url': 'https://qz.com/1634319/', 'display_url': 'qz.com/1634319/', 'status': 200, 'unwound_url': 'https://qz.com/1634319/the-us-is-to-blame-for-global-erosion-of-human-rights-says-top-un-official/'}]","[{'start': 110, 'end': 118, 'probability': 0.9243, 'type': 'Person', 'normalized_text': 'K.Gilmore'}]","[{'start': 95, 'end': 109, 'username': 'UNHumanRights', 'id': '69231187'}, {'start': 276, 'end': 279, 'username': 'qz', 'id': '573918122'}]",1136058783711449088,Twitter for iPhone,https://t.co/Ze18Ek9SOI,807003567605227520,190464,220,1151,568,2016-12-08T23:26:58.000Z,realamberheard,"Actor and Activist, semi-professional disruptor, ice cream advocate and shameless teacup yorkie-lover",https://pbs.twimg.com/profile_images/1383196364792680448/N8CdupEu_normal.jpg,Amber Heard,"Los Angeles, CA",,1131663866432299008,21,29,1406,1,2019-05-23T20:51:05.000Z,Evolved71245694,Parent. Equal rights Equal pay Employer. Wife. set this account up due to my perceived inadequacy of the press reporting on Johnny Depp. Do not have JD posters,https://pbs.twimg.com/profile_images/1131664247698677760/fg7jZjEl_normal.jpg,Evolved,London,
"@realamberheard @UNHumanRights @qz Does this mean amber heard is a secret pro-lifer? Confused, very confused #fakeblackheart",en,1131663866432299008,2019-06-05T15:24:31.000Z,"[{'type': 'replied_to', 'id': '1136058783711449088'}]",1136292725643460608,807003567605227520,Twitter Web App,"[{'start': 109, 'end': 124, 'tag': 'fakeblackheart'}]",,"[{'start': 0, 'end': 15, 'username': 'realamberheard', 'id': '807003567605227520'}, {'start': 16, 'end': 30, 'username': 'UNHumanRights', 'id': '69231187'}, {'start': 31, 'end': 34, 'username': 'qz', 'id': '573918122'}]",0,0,1,0,"“This disregard 4 truth is so deeply troublng,” n challngng womens rights 2 reprudctve health, @UNHumanRights K.Gilmore said US ws contributng 2 rollng bck “the undrpinnings of a whole glbal order” basd ona global commtmnt 2 promting womens health https://t.co/tPOaPosxOS via @qz",en,24,24,255,2,807003567605227520,2019-06-04T23:54:55.000Z,"[{'start': 248, 'end': 271, 'url': 'https://t.co/tPOaPosxOS', 'expanded_url': 'https://qz.com/1634319/', 'display_url': 'qz.com/1634319/', 'status': 200, 'unwound_url': 'https://qz.com/1634319/the-us-is-to-blame-for-global-erosion-of-human-rights-says-top-un-official/'}]","[{'start': 110, 'end': 118, 'probability': 0.9243, 'type': 'Person', 'normalized_text': 'K.Gilmore'}]","[{'start': 95, 'end': 109, 'username': 'UNHumanRights', 'id': '69231187'}, {'start': 276, 'end': 279, 'username': 'qz', 'id': '573918122'}]",1136058783711449088,Twitter for iPhone,https://t.co/Ze18Ek9SOI,807003567605227520,190464,220,1151,568,2016-12-08T23:26:58.000Z,realamberheard,"Actor and Activist, semi-professional disruptor, ice cream advocate and shameless teacup yorkie-lover",https://pbs.twimg.com/profile_images/1383196364792680448/N8CdupEu_normal.jpg,Amber Heard,"Los Angeles, CA",,1131663866432299008,21,29,1406,1,2019-05-23T20:51:05.000Z,Evolved71245694,Parent. Equal rights Equal pay Employer. Wife. set this account up due to my perceived inadequacy of the press reporting on Johnny Depp. Do not have JD posters,https://pbs.twimg.com/profile_images/1131664247698677760/fg7jZjEl_normal.jpg,Evolved,London,"[{'start': 50, 'end': 54, 'probability': 0.8091, 'type': 'Person', 'normalized_text': 'amber'}]"
"@realamberheard @UNHumanRights @qz what happened to amber against domestic violence? We all want to know - now you’ve been busted as not only having lied about it, but actually responsible for the brutal attacks.",en,1131663866432299008,2019-06-05T15:23:26.000Z,"[{'type': 'replied_to', 'id': '1136058783711449088'}]",1136292451109560320,807003567605227520,Twitter Web App,,,"[{'start': 0, 'end': 15, 'username': 'realamberheard', 'id': '807003567605227520'}, {'start': 16, 'end': 30, 'username': 'UNHumanRights', 'id': '69231187'}, {'start': 31, 'end': 34, 'username': 'qz', 'id': '573918122'}]",0,0,5,0,"“This disregard 4 truth is so deeply troublng,” n challngng womens rights 2 reprudctve health, @UNHumanRights K.Gilmore said US ws contributng 2 rollng bck “the undrpinnings of a whole glbal order” basd ona global commtmnt 2 promting womens health https://t.co/tPOaPosxOS via @qz",en,24,24,255,2,807003567605227520,2019-06-04T23:54:55.000Z,"[{'start': 248, 'end': 271, 'url': 'https://t.co/tPOaPosxOS', 'expanded_url': 'https://qz.com/1634319/', 'display_url': 'qz.com/1634319/', 'status': 200, 'unwound_url': 'https://qz.com/1634319/the-us-is-to-blame-for-global-erosion-of-human-rights-says-top-un-official/'}]","[{'start': 110, 'end': 118, 'probability': 0.9243, 'type': 'Person', 'normalized_text': 'K.Gilmore'}]","[{'start': 95, 'end': 109, 'username': 'UNHumanRights', 'id': '69231187'}, {'start': 276, 'end': 279, 'username': 'qz', 'id': '573918122'}]",1136058783711449088,Twitter for iPhone,https://t.co/Ze18Ek9SOI,807003567605227520,190464,220,1151,568,2016-12-08T23:26:58.000Z,realamberheard,"Actor and Activist, semi-professional disruptor, ice cream advocate and shameless teacup yorkie-lover",https://pbs.twimg.com/profile_images/1383196364792680448/N8CdupEu_normal.jpg,Amber Heard,"Los Angeles, CA",,1131663866432299008,21,29,1406,1,2019-05-23T20:51:05.000Z,Evolved71245694,Parent. Equal rights Equal pay Employer. Wife. set this account up due to my perceived inadequacy of the press reporting on Johnny Depp. Do not have JD posters,https://pbs.twimg.com/profile_images/1131664247698677760/fg7jZjEl_normal.jpg,Evolved,London,"[{'start': 52, 'end': 56, 'probability': 0.595, 'type': 'Person', 'normalized_text': 'amber'}]"
"@BrandedGlobal @realamberheard @UNHumanRights @qz Adam Waldman “That Amber Heard is allowed to pretend none of this is happening, and glide from one ‘philanthropic’ photo op to the next, is a grotesque insult to the pain and experiences of real abuse victims of every gender.” #fakeblackheart",en,1131663866432299008,2019-06-05T15:20:49.000Z,"[{'type': 'replied_to', 'id': '1136061787709804544'}]",1136291792796758017,844065872,Twitter Web App,"[{'start': 277, 'end': 292, 'tag': 'fakeblackheart'}]",,"[{'start': 0, 'end': 14, 'username': 'BrandedGlobal', 'id': '844065872'}, {'start': 15, 'end': 30, 'username': 'realamberheard', 'id': '807003567605227520'}, {'start': 31, 'end': 45, 'username': 'UNHumanRights', 'id': '69231187'}, {'start': 46, 'end': 49, 'username': 'qz', 'id': '573918122'}]",0,0,0,0,"“This disregard 4 truth is so deeply troublng,” n challngng womens rights 2 reprudctve health, @UNHumanRights K.Gilmore said US ws contributng 2 rollng bck “the undrpinnings of a whole glbal order” basd ona global commtmnt 2 promting womens health https://t.co/tPOaPosxOS via @qz",en,24,24,255,2,807003567605227520,2019-06-04T23:54:55.000Z,"[{'start': 248, 'end': 271, 'url': 'https://t.co/tPOaPosxOS', 'expanded_url': 'https://qz.com/1634319/', 'display_url': 'qz.com/1634319/', 'status': 200, 'unwound_url': 'https://qz.com/1634319/the-us-is-to-blame-for-global-erosion-of-human-rights-says-top-un-official/'}]","[{'start': 110, 'end': 118, 'probability': 0.9243, 'type': 'Person', 'normalized_text': 'K.Gilmore'}]","[{'start': 95, 'end': 109, 'username': 'UNHumanRights', 'id': '69231187'}, {'start': 276, 'end': 279, 'username': 'qz', 'id': '573918122'}]",1136058783711449088,Twitter for iPhone,https://t.co/Ze18Ek9SOI,807003567605227520,190464,220,1151,568,2016-12-08T23:26:58.000Z,realamberheard,"Actor and Activist, semi-professional disruptor, ice cream advocate and shameless teacup yorkie-lover",https://pbs.twimg.com/profile_images/1383196364792680448/N8CdupEu_normal.jpg,Amber Heard,"Los Angeles, CA",,1131663866432299008,21,29,1406,1,2019-05-23T20:51:05.000Z,Evolved71245694,Parent. Equal rights Equal pay Employer. Wife. set this account up due to my perceived inadequacy of the press reporting on Johnny Depp. Do not have JD posters,https://pbs.twimg.com/profile_images/1131664247698677760/fg7jZjEl_normal.jpg,Evolved,London,"[{'start': 50, 'end': 61, 'probability': 0.9938, 'type': 'Person', 'normalized_text': 'Adam Waldman'}]"
@Enrique62175188 @realamberheard @UNHumanRights @qz Will you stop it’s actually embarrassing.,en,1131663866432299008,2019-06-05T15:17:19.000Z,"[{'type': 'replied_to', 'id': '1136063811314749440'}]",1136290913486086145,1120114201404506112,Twitter Web App,,,"[{'start': 0, 'end': 16, 'username': 'Enrique62175188', 'id': '1120114201404506112'}, {'start': 17, 'end': 32, 'username': 'realamberheard', 'id': '807003567605227520'}, {'start': 33, 'end': 47, 'username': 'UNHumanRights', 'id': '69231187'}, {'start': 48, 'end': 51, 'username': 'qz', 'id': '573918122'}]",0,0,0,0,"“This disregard 4 truth is so deeply troublng,” n challngng womens rights 2 reprudctve health, @UNHumanRights K.Gilmore said US ws contributng 2 rollng bck “the undrpinnings of a whole glbal order” basd ona global commtmnt 2 promting womens health https://t.co/tPOaPosxOS via @qz",en,24,24,255,2,807003567605227520,2019-06-04T23:54:55.000Z,"[{'start': 248, 'end': 271, 'url': 'https://t.co/tPOaPosxOS', 'expanded_url': 'https://qz.com/1634319/', 'display_url': 'qz.com/1634319/', 'status': 200, 'unwound_url': 'https://qz.com/1634319/the-us-is-to-blame-for-global-erosion-of-human-rights-says-top-un-official/'}]","[{'start': 110, 'end': 118, 'probability': 0.9243, 'type': 'Person', 'normalized_text': 'K.Gilmore'}]","[{'start': 95, 'end': 109, 'username': 'UNHumanRights', 'id': '69231187'}, {'start': 276, 'end': 279, 'username': 'qz', 'id': '573918122'}]",1136058783711449088,Twitter for iPhone,https://t.co/Ze18Ek9SOI,807003567605227520,190464,220,1151,568,2016-12-08T23:26:58.000Z,realamberheard,"Actor and Activist, semi-professional disruptor, ice cream advocate and shameless teacup yorkie-lover",https://pbs.twimg.com/profile_images/1383196364792680448/N8CdupEu_normal.jpg,Amber Heard,"Los Angeles, CA",,1131663866432299008,21,29,1406,1,2019-05-23T20:51:05.000Z,Evolved71245694,Parent. Equal rights Equal pay Employer. Wife. set this account up due to my perceived inadequacy of the press reporting on Johnny Depp. Do not have JD posters,https://pbs.twimg.com/profile_images/1131664247698677760/fg7jZjEl_normal.jpg,Evolved,London,
@realamberheard @UNHumanRights @qz What about women’s (and men’s) right to live free from physical attack and psychological abuse? Let us know your stance on that cupcake? IO Tillet-Wright called police from nyc after 10pm folks. JD left at 8:30 #AmberHeardIsAnAbuser @HuffPost #mentoo,en,1131663866432299008,2019-06-05T15:16:08.000Z,"[{'type': 'replied_to', 'id': '1136058783711449088'}]",1136290613681446913,807003567605227520,Twitter Web App,"[{'start': 246, 'end': 267, 'tag': 'AmberHeardIsAnAbuser'}, {'start': 278, 'end': 285, 'tag': 'mentoo'}]",,"[{'start': 0, 'end': 15, 'username': 'realamberheard', 'id': '807003567605227520'}, {'start': 16, 'end': 30, 'username': 'UNHumanRights', 'id': '69231187'}, {'start': 31, 'end': 34, 'username': 'qz', 'id': '573918122'}, {'start': 268, 'end': 277, 'username': 'HuffPost', 'id': '14511951'}]",0,0,6,0,"“This disregard 4 truth is so deeply troublng,” n challngng womens rights 2 reprudctve health, @UNHumanRights K.Gilmore said US ws contributng 2 rollng bck “the undrpinnings of a whole glbal order” basd ona global commtmnt 2 promting womens health https://t.co/tPOaPosxOS via @qz",en,24,24,255,2,807003567605227520,2019-06-04T23:54:55.000Z,"[{'start': 248, 'end': 271, 'url': 'https://t.co/tPOaPosxOS', 'expanded_url': 'https://qz.com/1634319/', 'display_url': 'qz.com/1634319/', 'status': 200, 'unwound_url': 'https://qz.com/1634319/the-us-is-to-blame-for-global-erosion-of-human-rights-says-top-un-official/'}]","[{'start': 110, 'end': 118, 'probability': 0.9243, 'type': 'Person', 'normalized_text': 'K.Gilmore'}]","[{'start': 95, 'end': 109, 'username': 'UNHumanRights', 'id': '69231187'}, {'start': 276, 'end': 279, 'username': 'qz', 'id': '573918122'}]",1136058783711449088,Twitter for iPhone,https://t.co/Ze18Ek9SOI,807003567605227520,190464,220,1151,568,2016-12-08T23:26:58.000Z,realamberheard,"Actor and Activist, semi-professional disruptor, ice cream advocate and shameless teacup yorkie-lover",https://pbs.twimg.com/profile_images/1383196364792680448/N8CdupEu_normal.jpg,Amber Heard,"Los Angeles, CA",,1131663866432299008,21,29,1406,1,2019-05-23T20:51:05.000Z,Evolved71245694,Parent. Equal rights Equal pay Employer. Wife. set this account up due to my perceived inadequacy of the press reporting on Johnny Depp. Do not have JD posters,https://pbs.twimg.com/profile_images/1131664247698677760/fg7jZjEl_normal.jpg,Evolved,London,"[{'start': 175, 'end': 187, 'probability': 0.8066, 'type': 'Person', 'normalized_text': 'Tillet-Wright'}, {'start': 208, 'end': 210, 'probability': 0.766, 'type': 'Place', 'normalized_text': 'nyc'}]"
@waynetruman @realamberheard @UNHumanRights @qz *liar* is the correct spelling here,en,3031526901,2019-06-05T02:13:46.000Z,"[{'type': 'replied_to', 'id': '1136066578783625216'}]",1136093726399447040,282610489,Twitter for iPhone,,,"[{'start': 0, 'end': 12, 'username': 'WayneTruman', 'id': '1366337376461721601'}, {'start': 13, 'end': 28, 'username': 'realamberheard', 'id': '807003567605227520'}, {'start': 29, 'end': 43, 'username': 'UNHumanRights', 'id': '69231187'}, {'start': 44, 'end': 47, 'username': 'qz', 'id': '573918122'}]",0,0,1,0,"“This disregard 4 truth is so deeply troublng,” n challngng womens rights 2 reprudctve health, @UNHumanRights K.Gilmore said US ws contributng 2 rollng bck “the undrpinnings of a whole glbal order” basd ona global commtmnt 2 promting womens health https://t.co/tPOaPosxOS via @qz",en,24,24,255,2,807003567605227520,2019-06-04T23:54:55.000Z,"[{'start': 248, 'end': 271, 'url': 'https://t.co/tPOaPosxOS', 'expanded_url': 'https://qz.com/1634319/', 'display_url': 'qz.com/1634319/', 'status': 200, 'unwound_url': 'https://qz.com/1634319/the-us-is-to-blame-for-global-erosion-of-human-rights-says-top-un-official/'}]","[{'start': 110, 'end': 118, 'probability': 0.9243, 'type': 'Person', 'normalized_text': 'K.Gilmore'}]","[{'start': 95, 'end': 109, 'username': 'UNHumanRights', 'id': '69231187'}, {'start': 276, 'end': 279, 'username': 'qz', 'id': '573918122'}]",1136058783711449088,Twitter for iPhone,https://t.co/Ze18Ek9SOI,807003567605227520,190464,220,1151,568,2016-12-08T23:26:58.000Z,realamberheard,"Actor and Activist, semi-professional disruptor, ice cream advocate and shameless teacup yorkie-lover",https://pbs.twimg.com/profile_images/1383196364792680448/N8CdupEu_normal.jpg,Amber Heard,"Los Angeles, CA",,3031526901,200,644,2030,7,2015-02-11T23:24:11.000Z,kermccoy,"Literary nerd, believer in justice, lover of my BatDog, Europe dreamer, animal activist, Taylor Swift, Bright Eyes, Johnny Depp. MISSING LIVE SHOWS.",https://pbs.twimg.com/profile_images/1411343759304843264/DBMfxNd0_normal.png,Kerri McCoy,"Atlanta, GA",
@realamberheard @UNHumanRights @qz STOP DISTRACTING FROM THE FACT YOU ARE A LIAR AND AN ABUSER. SHAME ON YOU PUTTING ON A SCAM BY BEING AN “ACTIVIST” YOU ARE A SICK PSYCOPATHIC LIAR. #COURTDOCS,en,897508693343784960,2019-06-05T02:12:27.000Z,"[{'type': 'replied_to', 'id': '1136058783711449088'}]",1136093392650162177,807003567605227520,Twitter for iPhone,"[{'start': 183, 'end': 193, 'tag': 'COURTDOCS'}]",,"[{'start': 0, 'end': 15, 'username': 'realamberheard', 'id': '807003567605227520'}, {'start': 16, 'end': 30, 'username': 'UNHumanRights', 'id': '69231187'}, {'start': 31, 'end': 34, 'username': 'qz', 'id': '573918122'}]",0,0,7,0,"“This disregard 4 truth is so deeply troublng,” n challngng womens rights 2 reprudctve health, @UNHumanRights K.Gilmore said US ws contributng 2 rollng bck “the undrpinnings of a whole glbal order” basd ona global commtmnt 2 promting womens health https://t.co/tPOaPosxOS via @qz",en,24,24,255,2,807003567605227520,2019-06-04T23:54:55.000Z,"[{'start': 248, 'end': 271, 'url': 'https://t.co/tPOaPosxOS', 'expanded_url': 'https://qz.com/1634319/', 'display_url': 'qz.com/1634319/', 'status': 200, 'unwound_url': 'https://qz.com/1634319/the-us-is-to-blame-for-global-erosion-of-human-rights-says-top-un-official/'}]","[{'start': 110, 'end': 118, 'probability': 0.9243, 'type': 'Person', 'normalized_text': 'K.Gilmore'}]","[{'start': 95, 'end': 109, 'username': 'UNHumanRights', 'id': '69231187'}, {'start': 276, 'end': 279, 'username': 'qz', 'id': '573918122'}]",1136058783711449088,Twitter for iPhone,https://t.co/Ze18Ek9SOI,807003567605227520,190464,220,1151,568,2016-12-08T23:26:58.000Z,realamberheard,"Actor and Activist, semi-professional disruptor, ice cream advocate and shameless teacup yorkie-lover",https://pbs.twimg.com/profile_images/1383196364792680448/N8CdupEu_normal.jpg,Amber Heard,"Los Angeles, CA",,897508693343784960,297,25,1705,0,2017-08-15T17:22:02.000Z,realnitpicker,JD forever.,https://pbs.twimg.com/profile_images/1119814516231954432/Z7KN8FP9_normal.jpg,NITPICKER,"California, USA",
"@realamberheard @UNHumanRights @qz “You can never solve a problem on the level on which it was created.”-Albert Einstein #amberheard #Einstein #quote  #quotes #quoteoftheday #quotestoliveby #quotesforlife #life #truth #Humanity #Hypocrisy 
@ACLU @Loreal",en,1002953188381687809,2019-06-05T01:57:51.000Z,"[{'type': 'replied_to', 'id': '1136058783711449088'}]",1136089719186624512,807003567605227520,Twitter for Android,"[{'start': 121, 'end': 132, 'tag': 'amberheard'}, {'start': 133, 'end': 142, 'tag': 'Einstein'}, {'start': 143, 'end': 149, 'tag': 'quote'}, {'start': 151, 'end': 158, 'tag': 'quotes'}, {'start': 159, 'end': 173, 'tag': 'quoteoftheday'}, {'start': 174, 'end': 189, 'tag': 'quotestoliveby'}, {'start': 190, 'end': 204, 'tag': 'quotesforlife'}, {'start': 205, 'end': 210, 'tag': 'life'}, {'start': 211, 'end': 217, 'tag': 'truth'}, {'start': 218, 'end': 227, 'tag': 'Humanity'}, {'start': 228, 'end': 238, 'tag': 'Hypocrisy'}]",,"[{'start': 0, 'end': 15, 'username': 'realamberheard', 'id': '807003567605227520'}, {'start': 16, 'end': 30, 'username': 'UNHumanRights', 'id': '69231187'}, {'start': 31, 'end': 34, 'username': 'qz', 'id': '573918122'}, {'start': 240, 'end': 245, 'username': 'ACLU', 'id': '13393052'}]",0,0,8,0,"“This disregard 4 truth is so deeply troublng,” n challngng womens rights 2 reprudctve health, @UNHumanRights K.Gilmore said US ws contributng 2 rollng bck “the undrpinnings of a whole glbal order” basd ona global commtmnt 2 promting womens health https://t.co/tPOaPosxOS via @qz",en,24,24,255,2,807003567605227520,2019-06-04T23:54:55.000Z,"[{'start': 248, 'end': 271, 'url': 'https://t.co/tPOaPosxOS', 'expanded_url': 'https://qz.com/1634319/', 'display_url': 'qz.com/1634319/', 'status': 200, 'unwound_url': 'https://qz.com/1634319/the-us-is-to-blame-for-global-erosion-of-human-rights-says-top-un-official/'}]","[{'start': 110, 'end': 118, 'probability': 0.9243, 'type': 'Person', 'normalized_text': 'K.Gilmore'}]","[{'start': 95, 'end': 109, 'username': 'UNHumanRights', 'id': '69231187'}, {'start': 276, 'end': 279, 'username': 'qz', 'id': '573918122'}]",1136058783711449088,Twitter for iPhone,https://t.co/Ze18Ek9SOI,807003567605227520,190464,220,1151,568,2016-12-08T23:26:58.000Z,realamberheard,"Actor and Activist, semi-professional disruptor, ice cream advocate and shameless teacup yorkie-lover",https://pbs.twimg.com/profile_images/1383196364792680448/N8CdupEu_normal.jpg,Amber Heard,"Los Angeles, CA",https://t.co/RjqtPAi4wC,1002953188381687809,24829,9406,14404,259,2018-06-02T16:40:48.000Z,DevillineS,"Fantasy/Horror Writer,Poet&Photographer,All rights reserved 2022;Wiccan,Domestic Abuse Survivor.What makes the night in us may leave stars in us-Victor Hugo",https://pbs.twimg.com/profile_images/1017878113357836288/0ioYwBnO_normal.jpg,Devilline Stone,"Salem, MA","[{'start': 105, 'end': 119, 'probability': 0.9965, 'type': 'Person', 'normalized_text': 'Albert Einstein'}]"
"@Enrique62175188 @realamberheard @UNHumanRights @qz Yeah, that's right. Women should be the ones making decisions about their bodies and themselves.",en,3216078659,2019-06-05T01:08:01.000Z,"[{'type': 'replied_to', 'id': '1136073105124810752'}]",1136077180331413504,1120114201404506112,Twitter Web App,,,"[{'start': 0, 'end': 16, 'username': 'Enrique62175188', 'id': '1120114201404506112'}, {'start': 17, 'end': 32, 'username': 'realamberheard', 'id': '807003567605227520'}, {'start': 33, 'end': 47, 'username': 'UNHumanRights', 'id': '69231187'}, {'start': 48, 'end': 51, 'username': 'qz', 'id': '573918122'}]",0,0,3,0,"“This disregard 4 truth is so deeply troublng,” n challngng womens rights 2 reprudctve health, @UNHumanRights K.Gilmore said US ws contributng 2 rollng bck “the undrpinnings of a whole glbal order” basd ona global commtmnt 2 promting womens health https://t.co/tPOaPosxOS via @qz",en,24,24,255,2,807003567605227520,2019-06-04T23:54:55.000Z,"[{'start': 248, 'end': 271, 'url': 'https://t.co/tPOaPosxOS', 'expanded_url': 'https://qz.com/1634319/', 'display_url': 'qz.com/1634319/', 'status': 200, 'unwound_url': 'https://qz.com/1634319/the-us-is-to-blame-for-global-erosion-of-human-rights-says-top-un-official/'}]","[{'start': 110, 'end': 118, 'probability': 0.9243, 'type': 'Person', 'normalized_text': 'K.Gilmore'}]","[{'start': 95, 'end': 109, 'username': 'UNHumanRights', 'id': '69231187'}, {'start': 276, 'end': 279, 'username': 'qz', 'id': '573918122'}]",1136058783711449088,Twitter for iPhone,https://t.co/Ze18Ek9SOI,807003567605227520,190464,220,1151,568,2016-12-08T23:26:58.000Z,realamberheard,"Actor and Activist, semi-professional disruptor, ice cream advocate and shameless teacup yorkie-lover",https://pbs.twimg.com/profile_images/1383196364792680448/N8CdupEu_normal.jpg,Amber Heard,"Los Angeles, CA",,3216078659,1464,1324,163149,17,2015-04-28T07:17:35.000Z,GGCIR8991,"On the internet, you can be pretty much anything you want, it's just kinda weird that so many people choose to be idiots and assholes",https://pbs.twimg.com/profile_images/1501219816522219520/SQVX3N2b_normal.jpg,GGCIR8991,,
"@realamberheard @UNHumanRights @qz las mujeres son libres de decidir lo mejor para su bienestar y nadie puede decidir sobre ellas 
Sus derechos deben ser respetados 💃💃♀♀🌹🌹🌹⚘",es,1120114201404506112,2019-06-05T00:51:50.000Z,"[{'type': 'replied_to', 'id': '1136058783711449088'}]",1136073105124810752,807003567605227520,Twitter Web App,,,"[{'start': 0, 'end': 15, 'username': 'realamberheard', 'id': '807003567605227520'}, {'start': 16, 'end': 30, 'username': 'UNHumanRights', 'id': '69231187'}, {'start': 31, 'end': 34, 'username': 'qz', 'id': '573918122'}]",0,1,1,0,"“This disregard 4 truth is so deeply troublng,” n challngng womens rights 2 reprudctve health, @UNHumanRights K.Gilmore said US ws contributng 2 rollng bck “the undrpinnings of a whole glbal order” basd ona global commtmnt 2 promting womens health https://t.co/tPOaPosxOS via @qz",en,24,24,255,2,807003567605227520,2019-06-04T23:54:55.000Z,"[{'start': 248, 'end': 271, 'url': 'https://t.co/tPOaPosxOS', 'expanded_url': 'https://qz.com/1634319/', 'display_url': 'qz.com/1634319/', 'status': 200, 'unwound_url': 'https://qz.com/1634319/the-us-is-to-blame-for-global-erosion-of-human-rights-says-top-un-official/'}]","[{'start': 110, 'end': 118, 'probability': 0.9243, 'type': 'Person', 'normalized_text': 'K.Gilmore'}]","[{'start': 95, 'end': 109, 'username': 'UNHumanRights', 'id': '69231187'}, {'start': 276, 'end': 279, 'username': 'qz', 'id': '573918122'}]",1136058783711449088,Twitter for iPhone,https://t.co/Ze18Ek9SOI,807003567605227520,190464,220,1151,568,2016-12-08T23:26:58.000Z,realamberheard,"Actor and Activist, semi-professional disruptor, ice cream advocate and shameless teacup yorkie-lover",https://pbs.twimg.com/profile_images/1383196364792680448/N8CdupEu_normal.jpg,Amber Heard,"Los Angeles, CA",,1120114201404506112,63,304,2076,0,2019-04-21T23:56:51.000Z,Enrique62175188,,https://pbs.twimg.com/profile_images/1377050191719710721/-BKIU6Zv_normal.jpg,Enrique ramirez,Puebla mexico,
"@realamberheard @UNHumanRights @qz This man is the president of Honduras one of the poorest countries in latinamerica, which has one of the highest rates of femicides in the world and which invests more in weapons to repress civil rights than in health and education. Please look into this, Mrs. Heard.",en,142211351,2019-06-05T00:45:34.000Z,"[{'type': 'replied_to', 'id': '1136069537114337280'}]",1136071529568116741,142211351,Twitter Web App,,,"[{'start': 0, 'end': 15, 'username': 'realamberheard', 'id': '807003567605227520'}, {'start': 16, 'end': 30, 'username': 'UNHumanRights', 'id': '69231187'}, {'start': 31, 'end': 34, 'username': 'qz', 'id': '573918122'}]",0,0,3,0,"“This disregard 4 truth is so deeply troublng,” n challngng womens rights 2 reprudctve health, @UNHumanRights K.Gilmore said US ws contributng 2 rollng bck “the undrpinnings of a whole glbal order” basd ona global commtmnt 2 promting womens health https://t.co/tPOaPosxOS via @qz",en,24,24,255,2,807003567605227520,2019-06-04T23:54:55.000Z,"[{'start': 248, 'end': 271, 'url': 'https://t.co/tPOaPosxOS', 'expanded_url': 'https://qz.com/1634319/', 'display_url': 'qz.com/1634319/', 'status': 200, 'unwound_url': 'https://qz.com/1634319/the-us-is-to-blame-for-global-erosion-of-human-rights-says-top-un-official/'}]","[{'start': 110, 'end': 118, 'probability': 0.9243, 'type': 'Person', 'normalized_text': 'K.Gilmore'}]","[{'start': 95, 'end': 109, 'username': 'UNHumanRights', 'id': '69231187'}, {'start': 276, 'end': 279, 'username': 'qz', 'id': '573918122'}]",1136058783711449088,Twitter for iPhone,https://t.co/Ze18Ek9SOI,807003567605227520,190464,220,1151,568,2016-12-08T23:26:58.000Z,realamberheard,"Actor and Activist, semi-professional disruptor, ice cream advocate and shameless teacup yorkie-lover",https://pbs.twimg.com/profile_images/1383196364792680448/N8CdupEu_normal.jpg,Amber Heard,"Los Angeles, CA",,142211351,157,887,2643,6,2010-05-10T08:06:14.000Z,DerelictAdvent,"Part Time Musician, Dentist & Athlete. Full Time Sarcastic Nerd.",https://pbs.twimg.com/profile_images/1159348478402813953/vB9F4Oza_normal.jpg,Christian,Honduras,"[{'start': 64, 'end': 71, 'probability': 0.9836, 'type': 'Place', 'normalized_text': 'Honduras'}, {'start': 105, 'end': 116, 'probability': 0.8046, 'type': 'Place', 'normalized_text': 'latinamerica'}, {'start': 291, 'end': 300, 'probability': 0.3328, 'type': 'Person', 'normalized_text': 'Mrs. Heard'}]"
"@Enrique62175188 @realamberheard @UNHumanRights @qz I love how @realamberheard bravely stands up for women's rights, welfare, and empowerment. She's really doing a great job with her activism as her platform, one of the things that I love about her and so proud of as a fan!💖",en,3216078659,2019-06-05T00:42:53.000Z,"[{'type': 'replied_to', 'id': '1136063811314749440'}]",1136070852498272256,1120114201404506112,Twitter Web App,,,"[{'start': 0, 'end': 16, 'username': 'Enrique62175188', 'id': '1120114201404506112'}, {'start': 17, 'end': 32, 'username': 'realamberheard', 'id': '807003567605227520'}, {'start': 33, 'end': 47, 'username': 'UNHumanRights', 'id': '69231187'}, {'start': 48, 'end': 51, 'username': 'qz', 'id': '573918122'}, {'start': 63, 'end': 78, 'username': 'realamberheard', 'id': '807003567605227520'}]",0,1,3,0,"“This disregard 4 truth is so deeply troublng,” n challngng womens rights 2 reprudctve health, @UNHumanRights K.Gilmore said US ws contributng 2 rollng bck “the undrpinnings of a whole glbal order” basd ona global commtmnt 2 promting womens health https://t.co/tPOaPosxOS via @qz",en,24,24,255,2,807003567605227520,2019-06-04T23:54:55.000Z,"[{'start': 248, 'end': 271, 'url': 'https://t.co/tPOaPosxOS', 'expanded_url': 'https://qz.com/1634319/', 'display_url': 'qz.com/1634319/', 'status': 200, 'unwound_url': 'https://qz.com/1634319/the-us-is-to-blame-for-global-erosion-of-human-rights-says-top-un-official/'}]","[{'start': 110, 'end': 118, 'probability': 0.9243, 'type': 'Person', 'normalized_text': 'K.Gilmore'}]","[{'start': 95, 'end': 109, 'username': 'UNHumanRights', 'id': '69231187'}, {'start': 276, 'end': 279, 'username': 'qz', 'id': '573918122'}]",1136058783711449088,Twitter for iPhone,https://t.co/Ze18Ek9SOI,807003567605227520,190464,220,1151,568,2016-12-08T23:26:58.000Z,realamberheard,"Actor and Activist, semi-professional disruptor, ice cream advocate and shameless teacup yorkie-lover",https://pbs.twimg.com/profile_images/1383196364792680448/N8CdupEu_normal.jpg,Amber Heard,"Los Angeles, CA",,3216078659,1464,1324,163149,17,2015-04-28T07:17:35.000Z,GGCIR8991,"On the internet, you can be pretty much anything you want, it's just kinda weird that so many people choose to be idiots and assholes",https://pbs.twimg.com/profile_images/1501219816522219520/SQVX3N2b_normal.jpg,GGCIR8991,,
@realamberheard @UNHumanRights @qz It's a shame she speaks of this while having Juan Orlando Hernandez right behind her in that picture. One of the greatest violators of human rights in the world right now. A man who also is being investigated by the DEA for having drug traffic ties.,en,142211351,2019-06-05T00:37:39.000Z,"[{'type': 'replied_to', 'id': '1136058783711449088'}]",1136069537114337280,807003567605227520,Twitter Web App,,,"[{'start': 0, 'end': 15, 'username': 'realamberheard', 'id': '807003567605227520'}, {'start': 16, 'end': 30, 'username': 'UNHumanRights', 'id': '69231187'}, {'start': 31, 'end': 34, 'username': 'qz', 'id': '573918122'}]",1,1,11,0,"“This disregard 4 truth is so deeply troublng,” n challngng womens rights 2 reprudctve health, @UNHumanRights K.Gilmore said US ws contributng 2 rollng bck “the undrpinnings of a whole glbal order” basd ona global commtmnt 2 promting womens health https://t.co/tPOaPosxOS via @qz",en,24,24,255,2,807003567605227520,2019-06-04T23:54:55.000Z,"[{'start': 248, 'end': 271, 'url': 'https://t.co/tPOaPosxOS', 'expanded_url': 'https://qz.com/1634319/', 'display_url': 'qz.com/1634319/', 'status': 200, 'unwound_url': 'https://qz.com/1634319/the-us-is-to-blame-for-global-erosion-of-human-rights-says-top-un-official/'}]","[{'start': 110, 'end': 118, 'probability': 0.9243, 'type': 'Person', 'normalized_text': 'K.Gilmore'}]","[{'start': 95, 'end': 109, 'username': 'UNHumanRights', 'id': '69231187'}, {'start': 276, 'end': 279, 'username': 'qz', 'id': '573918122'}]",1136058783711449088,Twitter for iPhone,https://t.co/Ze18Ek9SOI,807003567605227520,190464,220,1151,568,2016-12-08T23:26:58.000Z,realamberheard,"Actor and Activist, semi-professional disruptor, ice cream advocate and shameless teacup yorkie-lover",https://pbs.twimg.com/profile_images/1383196364792680448/N8CdupEu_normal.jpg,Amber Heard,"Los Angeles, CA",,142211351,157,887,2643,6,2010-05-10T08:06:14.000Z,DerelictAdvent,"Part Time Musician, Dentist & Athlete. Full Time Sarcastic Nerd.",https://pbs.twimg.com/profile_images/1159348478402813953/vB9F4Oza_normal.jpg,Christian,Honduras,"[{'start': 80, 'end': 101, 'probability': 0.9357, 'type': 'Person', 'normalized_text': 'Juan Orlando Hernandez'}, {'start': 251, 'end': 253, 'probability': 0.8211, 'type': 'Organization', 'normalized_text': 'DEA'}]"
@realamberheard @UNHumanRights @qz Los derechos de las mujeres deben ser respetados en todos los ambitos de la sociedad ellas tienen el derecho de llevar una vida libre de decisiones de otras personas gracias amber ❤❤♀♀⚘🌹🌹🌹🤗,es,1120114201404506112,2019-06-05T00:14:54.000Z,"[{'type': 'replied_to', 'id': '1136058783711449088'}]",1136063811314749440,807003567605227520,Twitter Web App,,,"[{'start': 0, 'end': 15, 'username': 'realamberheard', 'id': '807003567605227520'}, {'start': 16, 'end': 30, 'username': 'UNHumanRights', 'id': '69231187'}, {'start': 31, 'end': 34, 'username': 'qz', 'id': '573918122'}]",0,2,1,0,"“This disregard 4 truth is so deeply troublng,” n challngng womens rights 2 reprudctve health, @UNHumanRights K.Gilmore said US ws contributng 2 rollng bck “the undrpinnings of a whole glbal order” basd ona global commtmnt 2 promting womens health https://t.co/tPOaPosxOS via @qz",en,24,24,255,2,807003567605227520,2019-06-04T23:54:55.000Z,"[{'start': 248, 'end': 271, 'url': 'https://t.co/tPOaPosxOS', 'expanded_url': 'https://qz.com/1634319/', 'display_url': 'qz.com/1634319/', 'status': 200, 'unwound_url': 'https://qz.com/1634319/the-us-is-to-blame-for-global-erosion-of-human-rights-says-top-un-official/'}]","[{'start': 110, 'end': 118, 'probability': 0.9243, 'type': 'Person', 'normalized_text': 'K.Gilmore'}]","[{'start': 95, 'end': 109, 'username': 'UNHumanRights', 'id': '69231187'}, {'start': 276, 'end': 279, 'username': 'qz', 'id': '573918122'}]",1136058783711449088,Twitter for iPhone,https://t.co/Ze18Ek9SOI,807003567605227520,190464,220,1151,568,2016-12-08T23:26:58.000Z,realamberheard,"Actor and Activist, semi-professional disruptor, ice cream advocate and shameless teacup yorkie-lover",https://pbs.twimg.com/profile_images/1383196364792680448/N8CdupEu_normal.jpg,Amber Heard,"Los Angeles, CA",,1120114201404506112,63,304,2076,0,2019-04-21T23:56:51.000Z,Enrique62175188,,https://pbs.twimg.com/profile_images/1377050191719710721/-BKIU6Zv_normal.jpg,Enrique ramirez,Puebla mexico,
@BrandedGlobal @realamberheard @UNHumanRights @qz With @realamberheard all the way!,en,3216078659,2019-06-05T00:13:47.000Z,"[{'type': 'replied_to', 'id': '1136061787709804544'}]",1136063530526945281,844065872,Twitter Web App,,,"[{'start': 0, 'end': 14, 'username': 'BrandedGlobal', 'id': '844065872'}, {'start': 15, 'end': 30, 'username': 'realamberheard', 'id': '807003567605227520'}, {'start': 31, 'end': 45, 'username': 'UNHumanRights', 'id': '69231187'}, {'start': 46, 'end': 49, 'username': 'qz', 'id': '573918122'}, {'start': 55, 'end': 70, 'username': 'realamberheard', 'id': '807003567605227520'}]",0,0,1,0,"“This disregard 4 truth is so deeply troublng,” n challngng womens rights 2 reprudctve health, @UNHumanRights K.Gilmore said US ws contributng 2 rollng bck “the undrpinnings of a whole glbal order” basd ona global commtmnt 2 promting womens health https://t.co/tPOaPosxOS via @qz",en,24,24,255,2,807003567605227520,2019-06-04T23:54:55.000Z,"[{'start': 248, 'end': 271, 'url': 'https://t.co/tPOaPosxOS', 'expanded_url': 'https://qz.com/1634319/', 'display_url': 'qz.com/1634319/', 'status': 200, 'unwound_url': 'https://qz.com/1634319/the-us-is-to-blame-for-global-erosion-of-human-rights-says-top-un-official/'}]","[{'start': 110, 'end': 118, 'probability': 0.9243, 'type': 'Person', 'normalized_text': 'K.Gilmore'}]","[{'start': 95, 'end': 109, 'username': 'UNHumanRights', 'id': '69231187'}, {'start': 276, 'end': 279, 'username': 'qz', 'id': '573918122'}]",1136058783711449088,Twitter for iPhone,https://t.co/Ze18Ek9SOI,807003567605227520,190464,220,1151,568,2016-12-08T23:26:58.000Z,realamberheard,"Actor and Activist, semi-professional disruptor, ice cream advocate and shameless teacup yorkie-lover",https://pbs.twimg.com/profile_images/1383196364792680448/N8CdupEu_normal.jpg,Amber Heard,"Los Angeles, CA",,3216078659,1464,1324,163149,17,2015-04-28T07:17:35.000Z,GGCIR8991,"On the internet, you can be pretty much anything you want, it's just kinda weird that so many people choose to be idiots and assholes",https://pbs.twimg.com/profile_images/1501219816522219520/SQVX3N2b_normal.jpg,GGCIR8991,,
"@stirgussa @realamberheard @UNHumanRights @qz Yeah, that's right.",en,3216078659,2019-06-05T00:05:23.000Z,"[{'type': 'replied_to', 'id': '1136060973780000774'}]",1136061416706793472,4396120342,Twitter Web App,,,"[{'start': 0, 'end': 10, 'username': 'stirgussa', 'id': '4396120342'}, {'start': 11, 'end': 26, 'username': 'realamberheard', 'id': '807003567605227520'}, {'start': 27, 'end': 41, 'username': 'UNHumanRights', 'id': '69231187'}, {'start': 42, 'end': 45, 'username': 'qz', 'id': '573918122'}]",0,0,2,0,"“This disregard 4 truth is so deeply troublng,” n challngng womens rights 2 reprudctve health, @UNHumanRights K.Gilmore said US ws contributng 2 rollng bck “the undrpinnings of a whole glbal order” basd ona global commtmnt 2 promting womens health https://t.co/tPOaPosxOS via @qz",en,24,24,255,2,807003567605227520,2019-06-04T23:54:55.000Z,"[{'start': 248, 'end': 271, 'url': 'https://t.co/tPOaPosxOS', 'expanded_url': 'https://qz.com/1634319/', 'display_url': 'qz.com/1634319/', 'status': 200, 'unwound_url': 'https://qz.com/1634319/the-us-is-to-blame-for-global-erosion-of-human-rights-says-top-un-official/'}]","[{'start': 110, 'end': 118, 'probability': 0.9243, 'type': 'Person', 'normalized_text': 'K.Gilmore'}]","[{'start': 95, 'end': 109, 'username': 'UNHumanRights', 'id': '69231187'}, {'start': 276, 'end': 279, 'username': 'qz', 'id': '573918122'}]",1136058783711449088,Twitter for iPhone,https://t.co/Ze18Ek9SOI,807003567605227520,190464,220,1151,568,2016-12-08T23:26:58.000Z,realamberheard,"Actor and Activist, semi-professional disruptor, ice cream advocate and shameless teacup yorkie-lover",https://pbs.twimg.com/profile_images/1383196364792680448/N8CdupEu_normal.jpg,Amber Heard,"Los Angeles, CA",,3216078659,1464,1324,163149,17,2015-04-28T07:17:35.000Z,GGCIR8991,"On the internet, you can be pretty much anything you want, it's just kinda weird that so many people choose to be idiots and assholes",https://pbs.twimg.com/profile_images/1501219816522219520/SQVX3N2b_normal.jpg,GGCIR8991,,
"@realamberheard @UNHumanRights @qz True...
Especially all those small countries that Trump treats as puppets...and all those Bolsonaros that emerged following the ""example"" of America",en,4396120342,2019-06-05T00:03:37.000Z,"[{'type': 'replied_to', 'id': '1136058783711449088'}]",1136060973780000774,807003567605227520,Twitter for Android,,,"[{'start': 0, 'end': 15, 'username': 'realamberheard', 'id': '807003567605227520'}, {'start': 16, 'end': 30, 'username': 'UNHumanRights', 'id': '69231187'}, {'start': 31, 'end': 34, 'username': 'qz', 'id': '573918122'}]",0,1,6,0,"“This disregard 4 truth is so deeply troublng,” n challngng womens rights 2 reprudctve health, @UNHumanRights K.Gilmore said US ws contributng 2 rollng bck “the undrpinnings of a whole glbal order” basd ona global commtmnt 2 promting womens health https://t.co/tPOaPosxOS via @qz",en,24,24,255,2,807003567605227520,2019-06-04T23:54:55.000Z,"[{'start': 248, 'end': 271, 'url': 'https://t.co/tPOaPosxOS', 'expanded_url': 'https://qz.com/1634319/', 'display_url': 'qz.com/1634319/', 'status': 200, 'unwound_url': 'https://qz.com/1634319/the-us-is-to-blame-for-global-erosion-of-human-rights-says-top-un-official/'}]","[{'start': 110, 'end': 118, 'probability': 0.9243, 'type': 'Person', 'normalized_text': 'K.Gilmore'}]","[{'start': 95, 'end': 109, 'username': 'UNHumanRights', 'id': '69231187'}, {'start': 276, 'end': 279, 'username': 'qz', 'id': '573918122'}]",1136058783711449088,Twitter for iPhone,https://t.co/Ze18Ek9SOI,807003567605227520,190464,220,1151,568,2016-12-08T23:26:58.000Z,realamberheard,"Actor and Activist, semi-professional disruptor, ice cream advocate and shameless teacup yorkie-lover",https://pbs.twimg.com/profile_images/1383196364792680448/N8CdupEu_normal.jpg,Amber Heard,"Los Angeles, CA",,4396120342,678,296,58622,26,2015-12-06T17:21:06.000Z,stirgussa,"Only two things are infinite, the universe and human stupidity, and I'm not sure about the former. - Albert Einstein and Me!",https://pbs.twimg.com/profile_images/1378175478478082050/UKLiQPuk_normal.jpg,STIRGUS SACCHETTI,,"[{'start': 85, 'end': 89, 'probability': 0.999, 'type': 'Person', 'normalized_text': 'Trump'}, {'start': 176, 'end': 182, 'probability': 0.9774, 'type': 'Place', 'normalized_text': 'America'}]"
"@Enrique62175188 @realamberheard @UNHumanRights @qz Always sharing important information on socially relevant issues, @realamberheard is really doing a beautiful job with her activism.",en,3216078659,2019-06-05T00:03:21.000Z,"[{'type': 'replied_to', 'id': '1136059809957056513'}]",1136060906050187264,1120114201404506112,Twitter Web App,,,"[{'start': 0, 'end': 16, 'username': 'Enrique62175188', 'id': '1120114201404506112'}, {'start': 17, 'end': 32, 'username': 'realamberheard', 'id': '807003567605227520'}, {'start': 33, 'end': 47, 'username': 'UNHumanRights', 'id': '69231187'}, {'start': 48, 'end': 51, 'username': 'qz', 'id': '573918122'}, {'start': 118, 'end': 133, 'username': 'realamberheard', 'id': '807003567605227520'}]",0,0,3,0,"“This disregard 4 truth is so deeply troublng,” n challngng womens rights 2 reprudctve health, @UNHumanRights K.Gilmore said US ws contributng 2 rollng bck “the undrpinnings of a whole glbal order” basd ona global commtmnt 2 promting womens health https://t.co/tPOaPosxOS via @qz",en,24,24,255,2,807003567605227520,2019-06-04T23:54:55.000Z,"[{'start': 248, 'end': 271, 'url': 'https://t.co/tPOaPosxOS', 'expanded_url': 'https://qz.com/1634319/', 'display_url': 'qz.com/1634319/', 'status': 200, 'unwound_url': 'https://qz.com/1634319/the-us-is-to-blame-for-global-erosion-of-human-rights-says-top-un-official/'}]","[{'start': 110, 'end': 118, 'probability': 0.9243, 'type': 'Person', 'normalized_text': 'K.Gilmore'}]","[{'start': 95, 'end': 109, 'username': 'UNHumanRights', 'id': '69231187'}, {'start': 276, 'end': 279, 'username': 'qz', 'id': '573918122'}]",1136058783711449088,Twitter for iPhone,https://t.co/Ze18Ek9SOI,807003567605227520,190464,220,1151,568,2016-12-08T23:26:58.000Z,realamberheard,"Actor and Activist, semi-professional disruptor, ice cream advocate and shameless teacup yorkie-lover",https://pbs.twimg.com/profile_images/1383196364792680448/N8CdupEu_normal.jpg,Amber Heard,"Los Angeles, CA",,3216078659,1464,1324,163149,17,2015-04-28T07:17:35.000Z,GGCIR8991,"On the internet, you can be pretty much anything you want, it's just kinda weird that so many people choose to be idiots and assholes",https://pbs.twimg.com/profile_images/1501219816522219520/SQVX3N2b_normal.jpg,GGCIR8991,,
"@realamberheard @UNHumanRights @qz ""Whatever the administration believes it is entitled to do, it is not entitled to its own facts."" Abortion is a woman's right, let women decide what's best for themselves.",en,3216078659,2019-06-04T23:59:35.000Z,"[{'type': 'replied_to', 'id': '1136058783711449088'}]",1136059957185433601,807003567605227520,Twitter Web App,,,"[{'start': 0, 'end': 15, 'username': 'realamberheard', 'id': '807003567605227520'}, {'start': 16, 'end': 30, 'username': 'UNHumanRights', 'id': '69231187'}, {'start': 31, 'end': 34, 'username': 'qz', 'id': '573918122'}]",0,0,2,0,"“This disregard 4 truth is so deeply troublng,” n challngng womens rights 2 reprudctve health, @UNHumanRights K.Gilmore said US ws contributng 2 rollng bck “the undrpinnings of a whole glbal order” basd ona global commtmnt 2 promting womens health https://t.co/tPOaPosxOS via @qz",en,24,24,255,2,807003567605227520,2019-06-04T23:54:55.000Z,"[{'start': 248, 'end': 271, 'url': 'https://t.co/tPOaPosxOS', 'expanded_url': 'https://qz.com/1634319/', 'display_url': 'qz.com/1634319/', 'status': 200, 'unwound_url': 'https://qz.com/1634319/the-us-is-to-blame-for-global-erosion-of-human-rights-says-top-un-official/'}]","[{'start': 110, 'end': 118, 'probability': 0.9243, 'type': 'Person', 'normalized_text': 'K.Gilmore'}]","[{'start': 95, 'end': 109, 'username': 'UNHumanRights', 'id': '69231187'}, {'start': 276, 'end': 279, 'username': 'qz', 'id': '573918122'}]",1136058783711449088,Twitter for iPhone,https://t.co/Ze18Ek9SOI,807003567605227520,190464,220,1151,568,2016-12-08T23:26:58.000Z,realamberheard,"Actor and Activist, semi-professional disruptor, ice cream advocate and shameless teacup yorkie-lover",https://pbs.twimg.com/profile_images/1383196364792680448/N8CdupEu_normal.jpg,Amber Heard,"Los Angeles, CA",,3216078659,1464,1324,163149,17,2015-04-28T07:17:35.000Z,GGCIR8991,"On the internet, you can be pretty much anything you want, it's just kinda weird that so many people choose to be idiots and assholes",https://pbs.twimg.com/profile_images/1501219816522219520/SQVX3N2b_normal.jpg,GGCIR8991,,
"@realamberheard @UNHumanRights @qz Gracias por esta informacion
Amber vivsitare el sitio web para conocer un poco mas gracias ❤🤗♀",es,1120114201404506112,2019-06-04T23:59:00.000Z,"[{'type': 'replied_to', 'id': '1136058783711449088'}]",1136059809957056513,807003567605227520,Twitter Web App,,,"[{'start': 0, 'end': 15, 'username': 'realamberheard', 'id': '807003567605227520'}, {'start': 16, 'end': 30, 'username': 'UNHumanRights', 'id': '69231187'}, {'start': 31, 'end': 34, 'username': 'qz', 'id': '573918122'}]",0,1,1,0,"“This disregard 4 truth is so deeply troublng,” n challngng womens rights 2 reprudctve health, @UNHumanRights K.Gilmore said US ws contributng 2 rollng bck “the undrpinnings of a whole glbal order” basd ona global commtmnt 2 promting womens health https://t.co/tPOaPosxOS via @qz",en,24,24,255,2,807003567605227520,2019-06-04T23:54:55.000Z,"[{'start': 248, 'end': 271, 'url': 'https://t.co/tPOaPosxOS', 'expanded_url': 'https://qz.com/1634319/', 'display_url': 'qz.com/1634319/', 'status': 200, 'unwound_url': 'https://qz.com/1634319/the-us-is-to-blame-for-global-erosion-of-human-rights-says-top-un-official/'}]","[{'start': 110, 'end': 118, 'probability': 0.9243, 'type': 'Person', 'normalized_text': 'K.Gilmore'}]","[{'start': 95, 'end': 109, 'username': 'UNHumanRights', 'id': '69231187'}, {'start': 276, 'end': 279, 'username': 'qz', 'id': '573918122'}]",1136058783711449088,Twitter for iPhone,https://t.co/Ze18Ek9SOI,807003567605227520,190464,220,1151,568,2016-12-08T23:26:58.000Z,realamberheard,"Actor and Activist, semi-professional disruptor, ice cream advocate and shameless teacup yorkie-lover",https://pbs.twimg.com/profile_images/1383196364792680448/N8CdupEu_normal.jpg,Amber Heard,"Los Angeles, CA",,1120114201404506112,63,304,2076,0,2019-04-21T23:56:51.000Z,Enrique62175188,,https://pbs.twimg.com/profile_images/1377050191719710721/-BKIU6Zv_normal.jpg,Enrique ramirez,Puebla mexico,"[{'start': 64, 'end': 68, 'probability': 0.526, 'type': 'Person', 'normalized_text': 'Amber'}]"
@realamberheard @UNHumanRights @qz 👏👏👏,und,1429890756,2019-06-04T23:57:49.000Z,"[{'type': 'replied_to', 'id': '1136058783711449088'}]",1136059513352675329,807003567605227520,Twitter Web Client,,,"[{'start': 0, 'end': 15, 'username': 'realamberheard', 'id': '807003567605227520'}, {'start': 16, 'end': 30, 'username': 'UNHumanRights', 'id': '69231187'}, {'start': 31, 'end': 34, 'username': 'qz', 'id': '573918122'}]",0,0,1,0,"“This disregard 4 truth is so deeply troublng,” n challngng womens rights 2 reprudctve health, @UNHumanRights K.Gilmore said US ws contributng 2 rollng bck “the undrpinnings of a whole glbal order” basd ona global commtmnt 2 promting womens health https://t.co/tPOaPosxOS via @qz",en,24,24,255,2,807003567605227520,2019-06-04T23:54:55.000Z,"[{'start': 248, 'end': 271, 'url': 'https://t.co/tPOaPosxOS', 'expanded_url': 'https://qz.com/1634319/', 'display_url': 'qz.com/1634319/', 'status': 200, 'unwound_url': 'https://qz.com/1634319/the-us-is-to-blame-for-global-erosion-of-human-rights-says-top-un-official/'}]","[{'start': 110, 'end': 118, 'probability': 0.9243, 'type': 'Person', 'normalized_text': 'K.Gilmore'}]","[{'start': 95, 'end': 109, 'username': 'UNHumanRights', 'id': '69231187'}, {'start': 276, 'end': 279, 'username': 'qz', 'id': '573918122'}]",1136058783711449088,Twitter for iPhone,https://t.co/Ze18Ek9SOI,807003567605227520,190464,220,1151,568,2016-12-08T23:26:58.000Z,realamberheard,"Actor and Activist, semi-professional disruptor, ice cream advocate and shameless teacup yorkie-lover",https://pbs.twimg.com/profile_images/1383196364792680448/N8CdupEu_normal.jpg,Amber Heard,"Los Angeles, CA",,1429890756,2784,2883,31927,10,2013-05-15T08:29:56.000Z,robertiiinoo,"🎶A Perfect Day Elise🎶 He/him 🌻 🦢 📚🎬🇵🇸 My patience with misogynists, racists and extremists is limited.  #ClimateCrisis  #FuckTrump   *ektekjærlighet* 🌹",https://pbs.twimg.com/profile_images/833049991665090562/wmG_TbCD_normal.jpg,Frydensal 🌱,"Norway, Drammen/Oslo. ",
