lang,in_reply_to_user_id,text,author_id,id,created_at,source,referenced_tweets,entities.mentions,public_metrics.retweet_count,public_metrics.reply_count,public_metrics.like_count,public_metrics.quote_count,replied_tweet.lang,replied_tweet.text,replied_tweet.author_id,replied_tweet.id,replied_tweet.created_at,replied_tweet.source,replied_tweet.public_metrics.retweet_count,replied_tweet.public_metrics.reply_count,replied_tweet.public_metrics.like_count,replied_tweet.public_metrics.quote_count,replied_tweet.entities.urls,replied_tweet.referenced_tweets,replied_tweet.author.location,replied_tweet.author.created_at,replied_tweet.author.id,replied_tweet.author.description,replied_tweet.author.public_metrics.followers_count,replied_tweet.author.public_metrics.following_count,replied_tweet.author.public_metrics.tweet_count,replied_tweet.author.public_metrics.listed_count,replied_tweet.author.username,replied_tweet.author.name,replied_tweet.author.url,replied_tweet.author.profile_image_url,author.created_at,author.id,author.description,author.public_metrics.followers_count,author.public_metrics.following_count,author.public_metrics.tweet_count,author.public_metrics.listed_count,author.username,author.name,author.url,author.profile_image_url,author.location,entities.annotations,entities.hashtags,entities.urls
en,807003567605227520,@realamberheard Really? Hmm,1132038006246903808,1144957027006816257,2019-06-29T13:13:22.000Z,Twitter Web App,"[{'type': 'replied_to', 'id': '1144748974420758528'}]","[{'start': 0, 'end': 15, 'username': 'realamberheard', 'id': '807003567605227520'}]",0,0,0,0,en,Hell yes! Play like a girl it is! 💪 https://t.co/51Ikm5swX6,807003567605227520,1144748974420758528,2019-06-28T23:26:38.000Z,Twitter for iPhone,18,8,224,1,"[{'start': 36, 'end': 59, 'url': 'https://t.co/51Ikm5swX6', 'expanded_url': 'https://twitter.com/RepSpeier/status/1144745728889298945', 'display_url': 'twitter.com/RepSpeier/stat…'}]","[{'type': 'quoted', 'id': '1144745728889298945'}]","Los Angeles, CA",2016-12-08T23:26:58.000Z,807003567605227520,"Actor and Activist, semi-professional disruptor, ice cream advocate and shameless teacup yorkie-lover",190463,220,1151,568,realamberheard,Amber Heard,https://t.co/Ze18Ek9SOI,https://pbs.twimg.com/profile_images/1383196364792680448/N8CdupEu_normal.jpg,2019-05-24T21:37:47.000Z,1132038006246903808,,146,1291,3653,1,TeresaW12438048,Teresa Wright,,https://abs.twimg.com/sticky/default_profile_images/default_profile_normal.png,,,,
en,807003567605227520,"@realamberheard Play like a woman and face court. February 3, 2020.",717763291477581824,1144929186571837440,2019-06-29T11:22:44.000Z,Twitter Web Client,"[{'type': 'replied_to', 'id': '1144748974420758528'}]","[{'start': 0, 'end': 15, 'username': 'realamberheard', 'id': '807003567605227520'}]",0,0,3,0,en,Hell yes! Play like a girl it is! 💪 https://t.co/51Ikm5swX6,807003567605227520,1144748974420758528,2019-06-28T23:26:38.000Z,Twitter for iPhone,18,8,224,1,"[{'start': 36, 'end': 59, 'url': 'https://t.co/51Ikm5swX6', 'expanded_url': 'https://twitter.com/RepSpeier/status/1144745728889298945', 'display_url': 'twitter.com/RepSpeier/stat…'}]","[{'type': 'quoted', 'id': '1144745728889298945'}]","Los Angeles, CA",2016-12-08T23:26:58.000Z,807003567605227520,"Actor and Activist, semi-professional disruptor, ice cream advocate and shameless teacup yorkie-lover",190463,220,1151,568,realamberheard,Amber Heard,https://t.co/Ze18Ek9SOI,https://pbs.twimg.com/profile_images/1383196364792680448/N8CdupEu_normal.jpg,2016-04-06T17:17:58.000Z,717763291477581824,"visiting this planet
*innen bleibt draußen
Everyone has a right to feel offended.
#JusticeForJohnnyDeppVirginia2022
#MINAMATA is a MUST WATCH in cinema!",1889,1238,65979,12,nonunnun,Mea Mara 🇩🇪 🏴‍☠️#KeepJohnnyDeppAfloat,,https://pbs.twimg.com/profile_images/1502959653432475649/7ynjm5bw_normal.jpg,Mellywood,,,
en,807003567605227520,"@realamberheard And you!! What about you? You play like a vile hypocrite liar abusive piece of sh!t. I understand u r under pressure. It's not so easy to digest that all your lies are caught up &amp; you're fu©ked up. And you're about to go to your suitable place in ""Prison."" How does it feel?hmm",1110053201775128586,1144928673557909504,2019-06-29T11:20:42.000Z,Twitter for Android,"[{'type': 'replied_to', 'id': '1144748974420758528'}]","[{'start': 0, 'end': 15, 'username': 'realamberheard', 'id': '807003567605227520'}]",0,0,3,0,en,Hell yes! Play like a girl it is! 💪 https://t.co/51Ikm5swX6,807003567605227520,1144748974420758528,2019-06-28T23:26:38.000Z,Twitter for iPhone,18,8,224,1,"[{'start': 36, 'end': 59, 'url': 'https://t.co/51Ikm5swX6', 'expanded_url': 'https://twitter.com/RepSpeier/status/1144745728889298945', 'display_url': 'twitter.com/RepSpeier/stat…'}]","[{'type': 'quoted', 'id': '1144745728889298945'}]","Los Angeles, CA",2016-12-08T23:26:58.000Z,807003567605227520,"Actor and Activist, semi-professional disruptor, ice cream advocate and shameless teacup yorkie-lover",190463,220,1151,568,realamberheard,Amber Heard,https://t.co/Ze18Ek9SOI,https://pbs.twimg.com/profile_images/1383196364792680448/N8CdupEu_normal.jpg,2019-03-25T05:38:01.000Z,1110053201775128586,"Stuff I love #BritishPeriodDrama #JohnnyDepp #Lucifer #TheOriginals
Proud to be a part of my fabulous fandom.🙌",307,243,10996,0,Sarah_Zarin,S e r e i n,,https://pbs.twimg.com/profile_images/1323360120894492677/0BIAJYWw_normal.jpg,Geographically displaced,,,
es,807003567605227520,"@realamberheard Las mujeres hacen un trabajo maravilloso ⚽ ellas haran un gran cambio en la sociedad que se esta derrumbando con la desigualdad de genero 
Pero no les impedira ganar♀💪
Mujeres fuertes haran un mundo mejor♀👍💐💐🌹🌹🌹💁💁💃💃",1120114201404506112,1144801895573155840,2019-06-29T02:56:55.000Z,Twitter Web App,"[{'type': 'replied_to', 'id': '1144748974420758528'}]","[{'start': 0, 'end': 15, 'username': 'realamberheard', 'id': '807003567605227520'}]",0,0,0,0,en,Hell yes! Play like a girl it is! 💪 https://t.co/51Ikm5swX6,807003567605227520,1144748974420758528,2019-06-28T23:26:38.000Z,Twitter for iPhone,18,8,224,1,"[{'start': 36, 'end': 59, 'url': 'https://t.co/51Ikm5swX6', 'expanded_url': 'https://twitter.com/RepSpeier/status/1144745728889298945', 'display_url': 'twitter.com/RepSpeier/stat…'}]","[{'type': 'quoted', 'id': '1144745728889298945'}]","Los Angeles, CA",2016-12-08T23:26:58.000Z,807003567605227520,"Actor and Activist, semi-professional disruptor, ice cream advocate and shameless teacup yorkie-lover",190463,220,1151,568,realamberheard,Amber Heard,https://t.co/Ze18Ek9SOI,https://pbs.twimg.com/profile_images/1383196364792680448/N8CdupEu_normal.jpg,2019-04-21T23:56:51.000Z,1120114201404506112,,63,304,2076,0,Enrique62175188,Enrique ramirez,,https://pbs.twimg.com/profile_images/1377050191719710721/-BKIU6Zv_normal.jpg,Puebla mexico,,,
en,807003567605227520,@realamberheard Women are responsible for the success of soccer in the US. The men's national team doesn't have the appeal the #USWNT does! And they don't have half the talent.,33552772,1144761433126821890,2019-06-29T00:16:08.000Z,Twitter for Android,"[{'type': 'replied_to', 'id': '1144748974420758528'}]","[{'start': 0, 'end': 15, 'username': 'realamberheard', 'id': '807003567605227520'}]",0,1,2,0,en,Hell yes! Play like a girl it is! 💪 https://t.co/51Ikm5swX6,807003567605227520,1144748974420758528,2019-06-28T23:26:38.000Z,Twitter for iPhone,18,8,224,1,"[{'start': 36, 'end': 59, 'url': 'https://t.co/51Ikm5swX6', 'expanded_url': 'https://twitter.com/RepSpeier/status/1144745728889298945', 'display_url': 'twitter.com/RepSpeier/stat…'}]","[{'type': 'quoted', 'id': '1144745728889298945'}]","Los Angeles, CA",2016-12-08T23:26:58.000Z,807003567605227520,"Actor and Activist, semi-professional disruptor, ice cream advocate and shameless teacup yorkie-lover",190463,220,1151,568,realamberheard,Amber Heard,https://t.co/Ze18Ek9SOI,https://pbs.twimg.com/profile_images/1383196364792680448/N8CdupEu_normal.jpg,2009-04-20T15:37:49.000Z,33552772,Jornalista/ESL Teacher/Translator,1022,862,9238,2,RominaVRocha,Romina V. Rocha,https://t.co/yYt07zaZsZ,https://pbs.twimg.com/profile_images/1297556017463660546/g95Q7__i_normal.jpg,Brazil,"[{'start': 71, 'end': 72, 'probability': 0.8979, 'type': 'Place', 'normalized_text': 'US'}]","[{'start': 127, 'end': 133, 'tag': 'USWNT'}]",
en,807003567605227520,@realamberheard Talk about Girl Power!👸🌟💪⚡💥🔥 https://t.co/U4FMH8Va6x,3216078659,1144757193180209152,2019-06-28T23:59:18.000Z,Twitter Web Client,"[{'type': 'replied_to', 'id': '1144748974420758528'}]","[{'start': 0, 'end': 15, 'username': 'realamberheard', 'id': '807003567605227520'}]",0,0,1,0,en,Hell yes! Play like a girl it is! 💪 https://t.co/51Ikm5swX6,807003567605227520,1144748974420758528,2019-06-28T23:26:38.000Z,Twitter for iPhone,18,8,224,1,"[{'start': 36, 'end': 59, 'url': 'https://t.co/51Ikm5swX6', 'expanded_url': 'https://twitter.com/RepSpeier/status/1144745728889298945', 'display_url': 'twitter.com/RepSpeier/stat…'}]","[{'type': 'quoted', 'id': '1144745728889298945'}]","Los Angeles, CA",2016-12-08T23:26:58.000Z,807003567605227520,"Actor and Activist, semi-professional disruptor, ice cream advocate and shameless teacup yorkie-lover",190463,220,1151,568,realamberheard,Amber Heard,https://t.co/Ze18Ek9SOI,https://pbs.twimg.com/profile_images/1383196364792680448/N8CdupEu_normal.jpg,2015-04-28T07:17:35.000Z,3216078659,"On the internet, you can be pretty much anything you want, it's just kinda weird that so many people choose to be idiots and assholes",1464,1324,163149,17,GGCIR8991,GGCIR8991,,https://pbs.twimg.com/profile_images/1501219816522219520/SQVX3N2b_normal.jpg,,,,"[{'start': 45, 'end': 68, 'url': 'https://t.co/U4FMH8Va6x', 'expanded_url': 'https://twitter.com/RAMMF1898/status/1144757193180209152/photo/1', 'display_url': 'pic.twitter.com/U4FMH8Va6x'}]"
en,807003567605227520,@realamberheard the future is female ♀💪,2724444422,1144750064293896194,2019-06-28T23:30:58.000Z,Twitter for Android,"[{'type': 'replied_to', 'id': '1144748974420758528'}]","[{'start': 0, 'end': 15, 'username': 'realamberheard', 'id': '807003567605227520'}]",0,1,2,0,en,Hell yes! Play like a girl it is! 💪 https://t.co/51Ikm5swX6,807003567605227520,1144748974420758528,2019-06-28T23:26:38.000Z,Twitter for iPhone,18,8,224,1,"[{'start': 36, 'end': 59, 'url': 'https://t.co/51Ikm5swX6', 'expanded_url': 'https://twitter.com/RepSpeier/status/1144745728889298945', 'display_url': 'twitter.com/RepSpeier/stat…'}]","[{'type': 'quoted', 'id': '1144745728889298945'}]","Los Angeles, CA",2016-12-08T23:26:58.000Z,807003567605227520,"Actor and Activist, semi-professional disruptor, ice cream advocate and shameless teacup yorkie-lover",190463,220,1151,568,realamberheard,Amber Heard,https://t.co/Ze18Ek9SOI,https://pbs.twimg.com/profile_images/1383196364792680448/N8CdupEu_normal.jpg,2014-08-11T18:27:47.000Z,2724444422,all r&b and hip hop culture,1230,583,61217,11,fkatwyez,sasa,,https://pbs.twimg.com/profile_images/1505214911051440135/SZpWBAtg_normal.jpg,,,,
