created_at,source,referenced_tweets,lang,id,in_reply_to_user_id,text,author_id,entities.mentions,public_metrics.retweet_count,public_metrics.reply_count,public_metrics.like_count,public_metrics.quote_count,replied_tweet.created_at,replied_tweet.source,replied_tweet.referenced_tweets,replied_tweet.entities.urls,replied_tweet.entities.mentions,replied_tweet.lang,replied_tweet.id,replied_tweet.text,replied_tweet.author_id,replied_tweet.public_metrics.retweet_count,replied_tweet.public_metrics.reply_count,replied_tweet.public_metrics.like_count,replied_tweet.public_metrics.quote_count,replied_tweet.author.url,replied_tweet.author.username,replied_tweet.author.description,replied_tweet.author.id,replied_tweet.author.location,replied_tweet.author.profile_image_url,replied_tweet.author.created_at,replied_tweet.author.public_metrics.followers_count,replied_tweet.author.public_metrics.following_count,replied_tweet.author.public_metrics.tweet_count,replied_tweet.author.public_metrics.listed_count,replied_tweet.author.name,author.url,author.username,author.description,author.id,author.location,author.profile_image_url,author.created_at,author.public_metrics.followers_count,author.public_metrics.following_count,author.public_metrics.tweet_count,author.public_metrics.listed_count,author.name,entities.urls,entities.annotations
2019-07-27T01:59:29.000Z,Twitter for Android,"[{'type': 'replied_to', 'id': '1145931325452537859'}]",und,1154934299570987008,807003567605227520,"@realamberheard @ma_franks ""February 03, 2020.""",886864543737098241,"[{'start': 0, 'end': 15, 'username': 'realamberheard', 'id': '807003567605227520'}, {'start': 16, 'end': 26, 'username': 'ma_franks', 'id': '1930971006'}]",0,0,0,0,2019-07-02T05:44:53.000Z,Twitter for iPhone,"[{'type': 'quoted', 'id': '1145869704315232256'}]","[{'start': 254, 'end': 277, 'url': 'https://t.co/oCHn7RLl9W', 'expanded_url': 'https://twitter.com/ma_franks/status/1145869704315232256', 'display_url': 'twitter.com/ma_franks/stat…'}]","[{'start': 132, 'end': 142, 'username': 'ma_franks', 'id': '1930971006'}]",en,1145931325452537859,"Blind obedience is the result of intellectual laziness &amp; moral apathy. There can be no macro positive result from that. Thank u @ma_franks for your stunning book The Cult Of The Constitution . I can’t put it down! Grab it, if you haven’t already.... https://t.co/oCHn7RLl9W",807003567605227520,28,23,257,3,https://t.co/Ze18Ek9SOI,realamberheard,"Actor and Activist, semi-professional disruptor, ice cream advocate and shameless teacup yorkie-lover",807003567605227520,"Los Angeles, CA",https://pbs.twimg.com/profile_images/1383196364792680448/N8CdupEu_normal.jpg,2016-12-08T23:26:58.000Z,190463,220,1151,568,Amber Heard,,sohilamohammedd,"Depphead 🔥
Belonged to Arthur Fleck 💕
My life is nothing but a comedy 🃏
Joaquin Phoenix🌎
#johnnydeppisinnocent
#wearewithyoujohnnydepp
#justiceforjohnnydepp",886864543737098241,With Arthur Fleck ,https://pbs.twimg.com/profile_images/1498183049481175051/_FMTDU-u_normal.jpg,2017-07-17T08:25:59.000Z,77,83,550,0,Joker's girl 🃏,,
2019-07-10T00:40:37.000Z,Twitter for iPhone,"[{'type': 'replied_to', 'id': '1146072834390802433'}]",en,1148753861190004736,2892608836,@bopbopanna @realamberheard @ma_franks And it shows 😒,1014520222336913410,"[{'start': 0, 'end': 11, 'username': 'bopbopanna', 'id': '2892608836'}, {'start': 12, 'end': 27, 'username': 'realamberheard', 'id': '807003567605227520'}, {'start': 28, 'end': 38, 'username': 'ma_franks', 'id': '1930971006'}]",0,0,1,0,2019-07-02T05:44:53.000Z,Twitter for iPhone,"[{'type': 'quoted', 'id': '1145869704315232256'}]","[{'start': 254, 'end': 277, 'url': 'https://t.co/oCHn7RLl9W', 'expanded_url': 'https://twitter.com/ma_franks/status/1145869704315232256', 'display_url': 'twitter.com/ma_franks/stat…'}]","[{'start': 132, 'end': 142, 'username': 'ma_franks', 'id': '1930971006'}]",en,1145931325452537859,"Blind obedience is the result of intellectual laziness &amp; moral apathy. There can be no macro positive result from that. Thank u @ma_franks for your stunning book The Cult Of The Constitution . I can’t put it down! Grab it, if you haven’t already.... https://t.co/oCHn7RLl9W",807003567605227520,28,23,257,3,https://t.co/Ze18Ek9SOI,realamberheard,"Actor and Activist, semi-professional disruptor, ice cream advocate and shameless teacup yorkie-lover",807003567605227520,"Los Angeles, CA",https://pbs.twimg.com/profile_images/1383196364792680448/N8CdupEu_normal.jpg,2016-12-08T23:26:58.000Z,190463,220,1151,568,Amber Heard,,emma_eliza_rose,"Sparrabeth shipper, Keira Knightley stan, 🏳️‍🌈🏳️‍🌈, donut. I’d happily die for Vivien Leigh. #JusticeForJohnnyDepp",1014520222336913410,,https://pbs.twimg.com/profile_images/1334313516413710336/IKnSuqZa_normal.jpg,2018-07-04T14:44:04.000Z,177,139,4371,0,🏳️‍🌈🍩 ¯\_(ツ)_/¯ 🍩🏴‍☠️,,
2019-07-10T00:40:04.000Z,Twitter for iPhone,"[{'type': 'quoted', 'id': '1147267615678717953'}, {'type': 'replied_to', 'id': '1145932931971584000'}]",und,1148753719510650882,769813478760644608,@TheRebelDave @realamberheard @ma_franks https://t.co/3obJbgRGQN,1014520222336913410,"[{'start': 14, 'end': 29, 'username': 'realamberheard', 'id': '807003567605227520'}, {'start': 30, 'end': 40, 'username': 'ma_franks', 'id': '1930971006'}]",0,0,0,0,2019-07-02T05:44:53.000Z,Twitter for iPhone,"[{'type': 'quoted', 'id': '1145869704315232256'}]","[{'start': 254, 'end': 277, 'url': 'https://t.co/oCHn7RLl9W', 'expanded_url': 'https://twitter.com/ma_franks/status/1145869704315232256', 'display_url': 'twitter.com/ma_franks/stat…'}]","[{'start': 132, 'end': 142, 'username': 'ma_franks', 'id': '1930971006'}]",en,1145931325452537859,"Blind obedience is the result of intellectual laziness &amp; moral apathy. There can be no macro positive result from that. Thank u @ma_franks for your stunning book The Cult Of The Constitution . I can’t put it down! Grab it, if you haven’t already.... https://t.co/oCHn7RLl9W",807003567605227520,28,23,257,3,https://t.co/Ze18Ek9SOI,realamberheard,"Actor and Activist, semi-professional disruptor, ice cream advocate and shameless teacup yorkie-lover",807003567605227520,"Los Angeles, CA",https://pbs.twimg.com/profile_images/1383196364792680448/N8CdupEu_normal.jpg,2016-12-08T23:26:58.000Z,190463,220,1151,568,Amber Heard,,emma_eliza_rose,"Sparrabeth shipper, Keira Knightley stan, 🏳️‍🌈🏳️‍🌈, donut. I’d happily die for Vivien Leigh. #JusticeForJohnnyDepp",1014520222336913410,,https://pbs.twimg.com/profile_images/1334313516413710336/IKnSuqZa_normal.jpg,2018-07-04T14:44:04.000Z,177,139,4371,0,🏳️‍🌈🍩 ¯\_(ツ)_/¯ 🍩🏴‍☠️,"[{'start': 41, 'end': 64, 'url': 'https://t.co/3obJbgRGQN', 'expanded_url': 'https://twitter.com/queenbpip/status/1147267615678717953?s=12', 'display_url': 'twitter.com/queenbpip/stat…'}]",
2019-07-03T19:25:55.000Z,Twitter Web App,"[{'type': 'replied_to', 'id': '1145931325452537859'}]",en,1146500334434553863,807003567605227520,"@realamberheard @ma_franks The new breed of dick, the dickette.",1131663866432299008,"[{'start': 0, 'end': 15, 'username': 'realamberheard', 'id': '807003567605227520'}, {'start': 16, 'end': 26, 'username': 'ma_franks', 'id': '1930971006'}]",0,0,2,0,2019-07-02T05:44:53.000Z,Twitter for iPhone,"[{'type': 'quoted', 'id': '1145869704315232256'}]","[{'start': 254, 'end': 277, 'url': 'https://t.co/oCHn7RLl9W', 'expanded_url': 'https://twitter.com/ma_franks/status/1145869704315232256', 'display_url': 'twitter.com/ma_franks/stat…'}]","[{'start': 132, 'end': 142, 'username': 'ma_franks', 'id': '1930971006'}]",en,1145931325452537859,"Blind obedience is the result of intellectual laziness &amp; moral apathy. There can be no macro positive result from that. Thank u @ma_franks for your stunning book The Cult Of The Constitution . I can’t put it down! Grab it, if you haven’t already.... https://t.co/oCHn7RLl9W",807003567605227520,28,23,257,3,https://t.co/Ze18Ek9SOI,realamberheard,"Actor and Activist, semi-professional disruptor, ice cream advocate and shameless teacup yorkie-lover",807003567605227520,"Los Angeles, CA",https://pbs.twimg.com/profile_images/1383196364792680448/N8CdupEu_normal.jpg,2016-12-08T23:26:58.000Z,190463,220,1151,568,Amber Heard,,Evolved71245694,Parent. Equal rights Equal pay Employer. Wife. set this account up due to my perceived inadequacy of the press reporting on Johnny Depp. Do not have JD posters,1131663866432299008,London,https://pbs.twimg.com/profile_images/1131664247698677760/fg7jZjEl_normal.jpg,2019-05-23T20:51:05.000Z,21,29,1406,1,Evolved,,
2019-07-03T19:25:26.000Z,Twitter Web App,"[{'type': 'replied_to', 'id': '1145931325452537859'}]",en,1146500215073071105,807003567605227520,"@realamberheard @ma_franks Like the worst patriarchal dick guy, you use intellectual theories of strength and dominance to excuse your own dick behaviour. Shagging around despite another’s shame, trying to own their movements, physical violence, threats.. then suddenly the sheepish virgin when it suits u.",1131663866432299008,"[{'start': 0, 'end': 15, 'username': 'realamberheard', 'id': '807003567605227520'}, {'start': 16, 'end': 26, 'username': 'ma_franks', 'id': '1930971006'}]",0,0,1,0,2019-07-02T05:44:53.000Z,Twitter for iPhone,"[{'type': 'quoted', 'id': '1145869704315232256'}]","[{'start': 254, 'end': 277, 'url': 'https://t.co/oCHn7RLl9W', 'expanded_url': 'https://twitter.com/ma_franks/status/1145869704315232256', 'display_url': 'twitter.com/ma_franks/stat…'}]","[{'start': 132, 'end': 142, 'username': 'ma_franks', 'id': '1930971006'}]",en,1145931325452537859,"Blind obedience is the result of intellectual laziness &amp; moral apathy. There can be no macro positive result from that. Thank u @ma_franks for your stunning book The Cult Of The Constitution . I can’t put it down! Grab it, if you haven’t already.... https://t.co/oCHn7RLl9W",807003567605227520,28,23,257,3,https://t.co/Ze18Ek9SOI,realamberheard,"Actor and Activist, semi-professional disruptor, ice cream advocate and shameless teacup yorkie-lover",807003567605227520,"Los Angeles, CA",https://pbs.twimg.com/profile_images/1383196364792680448/N8CdupEu_normal.jpg,2016-12-08T23:26:58.000Z,190463,220,1151,568,Amber Heard,,Evolved71245694,Parent. Equal rights Equal pay Employer. Wife. set this account up due to my perceived inadequacy of the press reporting on Johnny Depp. Do not have JD posters,1131663866432299008,London,https://pbs.twimg.com/profile_images/1131664247698677760/fg7jZjEl_normal.jpg,2019-05-23T20:51:05.000Z,21,29,1406,1,Evolved,,
2019-07-03T01:58:56.000Z,Twitter Web App,"[{'type': 'replied_to', 'id': '1145931325452537859'}]",es,1146236854993346560,807003567605227520,"@realamberheard @ma_franks Le agradezco mucho la recomendación del libro tratare de conseguirlo pero no sera facil 
Y me gustaron mucho sus grandes palabras gracias y espero compartir mi experiencia con este libro muy pronto 
Thank you 🤗📙💐",1120114201404506112,"[{'start': 0, 'end': 15, 'username': 'realamberheard', 'id': '807003567605227520'}, {'start': 16, 'end': 26, 'username': 'ma_franks', 'id': '1930971006'}]",0,0,0,0,2019-07-02T05:44:53.000Z,Twitter for iPhone,"[{'type': 'quoted', 'id': '1145869704315232256'}]","[{'start': 254, 'end': 277, 'url': 'https://t.co/oCHn7RLl9W', 'expanded_url': 'https://twitter.com/ma_franks/status/1145869704315232256', 'display_url': 'twitter.com/ma_franks/stat…'}]","[{'start': 132, 'end': 142, 'username': 'ma_franks', 'id': '1930971006'}]",en,1145931325452537859,"Blind obedience is the result of intellectual laziness &amp; moral apathy. There can be no macro positive result from that. Thank u @ma_franks for your stunning book The Cult Of The Constitution . I can’t put it down! Grab it, if you haven’t already.... https://t.co/oCHn7RLl9W",807003567605227520,28,23,257,3,https://t.co/Ze18Ek9SOI,realamberheard,"Actor and Activist, semi-professional disruptor, ice cream advocate and shameless teacup yorkie-lover",807003567605227520,"Los Angeles, CA",https://pbs.twimg.com/profile_images/1383196364792680448/N8CdupEu_normal.jpg,2016-12-08T23:26:58.000Z,190463,220,1151,568,Amber Heard,,Enrique62175188,,1120114201404506112,Puebla mexico,https://pbs.twimg.com/profile_images/1377050191719710721/-BKIU6Zv_normal.jpg,2019-04-21T23:56:51.000Z,63,304,2076,0,Enrique ramirez,,
2019-07-02T18:17:17.000Z,Twitter Web App,"[{'type': 'replied_to', 'id': '1145931325452537859'}]",en,1146120673317621760,807003567605227520,"@realamberheard @ma_franks ""Blind obedience is the result of intellectual laziness and moral apathy,"" absolutely! It's really great that you've shared this.",3216078659,"[{'start': 0, 'end': 15, 'username': 'realamberheard', 'id': '807003567605227520'}, {'start': 16, 'end': 26, 'username': 'ma_franks', 'id': '1930971006'}]",0,0,1,0,2019-07-02T05:44:53.000Z,Twitter for iPhone,"[{'type': 'quoted', 'id': '1145869704315232256'}]","[{'start': 254, 'end': 277, 'url': 'https://t.co/oCHn7RLl9W', 'expanded_url': 'https://twitter.com/ma_franks/status/1145869704315232256', 'display_url': 'twitter.com/ma_franks/stat…'}]","[{'start': 132, 'end': 142, 'username': 'ma_franks', 'id': '1930971006'}]",en,1145931325452537859,"Blind obedience is the result of intellectual laziness &amp; moral apathy. There can be no macro positive result from that. Thank u @ma_franks for your stunning book The Cult Of The Constitution . I can’t put it down! Grab it, if you haven’t already.... https://t.co/oCHn7RLl9W",807003567605227520,28,23,257,3,https://t.co/Ze18Ek9SOI,realamberheard,"Actor and Activist, semi-professional disruptor, ice cream advocate and shameless teacup yorkie-lover",807003567605227520,"Los Angeles, CA",https://pbs.twimg.com/profile_images/1383196364792680448/N8CdupEu_normal.jpg,2016-12-08T23:26:58.000Z,190463,220,1151,568,Amber Heard,,GGCIR8991,"On the internet, you can be pretty much anything you want, it's just kinda weird that so many people choose to be idiots and assholes",3216078659,,https://pbs.twimg.com/profile_images/1501219816522219520/SQVX3N2b_normal.jpg,2015-04-28T07:17:35.000Z,1464,1324,163149,17,GGCIR8991,,
2019-07-02T15:40:50.000Z,Twitter Web Client,"[{'type': 'replied_to', 'id': '1145931325452537859'}]",en,1146081303336488962,807003567605227520,"@realamberheard @ma_franks ""Ms. Heard’s team has now admitted Mr. Franco is the man cuddling with a  nightgown-clad, perfect-faced Ms. Heard and hiding from the elevator  surveillance camera at 11:00 PM on May 22, the day after her face  beating hoax. Lies beget lies.""  https://t.co/sGahrhqd5i https://t.co/MA04pLobZL",717763291477581824,"[{'start': 0, 'end': 15, 'username': 'realamberheard', 'id': '807003567605227520'}, {'start': 16, 'end': 26, 'username': 'ma_franks', 'id': '1930971006'}]",0,0,7,0,2019-07-02T05:44:53.000Z,Twitter for iPhone,"[{'type': 'quoted', 'id': '1145869704315232256'}]","[{'start': 254, 'end': 277, 'url': 'https://t.co/oCHn7RLl9W', 'expanded_url': 'https://twitter.com/ma_franks/status/1145869704315232256', 'display_url': 'twitter.com/ma_franks/stat…'}]","[{'start': 132, 'end': 142, 'username': 'ma_franks', 'id': '1930971006'}]",en,1145931325452537859,"Blind obedience is the result of intellectual laziness &amp; moral apathy. There can be no macro positive result from that. Thank u @ma_franks for your stunning book The Cult Of The Constitution . I can’t put it down! Grab it, if you haven’t already.... https://t.co/oCHn7RLl9W",807003567605227520,28,23,257,3,https://t.co/Ze18Ek9SOI,realamberheard,"Actor and Activist, semi-professional disruptor, ice cream advocate and shameless teacup yorkie-lover",807003567605227520,"Los Angeles, CA",https://pbs.twimg.com/profile_images/1383196364792680448/N8CdupEu_normal.jpg,2016-12-08T23:26:58.000Z,190463,220,1151,568,Amber Heard,,nonunnun,"visiting this planet
*innen bleibt draußen
Everyone has a right to feel offended.
#JusticeForJohnnyDeppVirginia2022
#MINAMATA is a MUST WATCH in cinema!",717763291477581824,Mellywood,https://pbs.twimg.com/profile_images/1502959653432475649/7ynjm5bw_normal.jpg,2016-04-06T17:17:58.000Z,1889,1238,65979,12,Mea Mara 🇩🇪 🏴‍☠️#KeepJohnnyDeppAfloat,"[{'start': 271, 'end': 294, 'url': 'https://t.co/sGahrhqd5i', 'expanded_url': 'https://theblast.com/c/johnny-depp-amber-heard-james-franco-video/amp?__twitter_impression=true', 'display_url': 'theblast.com/c/johnny-depp-…'}, {'start': 295, 'end': 318, 'url': 'https://t.co/MA04pLobZL', 'expanded_url': 'https://twitter.com/nonunnun/status/1146081303336488962/photo/1', 'display_url': 'pic.twitter.com/MA04pLobZL'}]","[{'start': 62, 'end': 71, 'probability': 0.9912, 'type': 'Person', 'normalized_text': 'Mr. Franco'}]"
2019-07-02T15:37:30.000Z,Twitter Web Client,"[{'type': 'replied_to', 'id': '1145931325452537859'}]",en,1146080465226477569,807003567605227520,"@realamberheard @ma_franks ""Lies beget lies (...) Mr. Franco didn't and doesn't live in  the building. Nor does he live in the hallway of Mr. Depp’s private  penthouse floor to which elevator 3 goes."" Hahaha! Oh, how pathetic you are... 😂https://t.co/sGahrhqd5i",717763291477581824,"[{'start': 0, 'end': 15, 'username': 'realamberheard', 'id': '807003567605227520'}, {'start': 16, 'end': 26, 'username': 'ma_franks', 'id': '1930971006'}]",0,0,6,0,2019-07-02T05:44:53.000Z,Twitter for iPhone,"[{'type': 'quoted', 'id': '1145869704315232256'}]","[{'start': 254, 'end': 277, 'url': 'https://t.co/oCHn7RLl9W', 'expanded_url': 'https://twitter.com/ma_franks/status/1145869704315232256', 'display_url': 'twitter.com/ma_franks/stat…'}]","[{'start': 132, 'end': 142, 'username': 'ma_franks', 'id': '1930971006'}]",en,1145931325452537859,"Blind obedience is the result of intellectual laziness &amp; moral apathy. There can be no macro positive result from that. Thank u @ma_franks for your stunning book The Cult Of The Constitution . I can’t put it down! Grab it, if you haven’t already.... https://t.co/oCHn7RLl9W",807003567605227520,28,23,257,3,https://t.co/Ze18Ek9SOI,realamberheard,"Actor and Activist, semi-professional disruptor, ice cream advocate and shameless teacup yorkie-lover",807003567605227520,"Los Angeles, CA",https://pbs.twimg.com/profile_images/1383196364792680448/N8CdupEu_normal.jpg,2016-12-08T23:26:58.000Z,190463,220,1151,568,Amber Heard,,nonunnun,"visiting this planet
*innen bleibt draußen
Everyone has a right to feel offended.
#JusticeForJohnnyDeppVirginia2022
#MINAMATA is a MUST WATCH in cinema!",717763291477581824,Mellywood,https://pbs.twimg.com/profile_images/1502959653432475649/7ynjm5bw_normal.jpg,2016-04-06T17:17:58.000Z,1889,1238,65979,12,Mea Mara 🇩🇪 🏴‍☠️#KeepJohnnyDeppAfloat,"[{'start': 238, 'end': 261, 'url': 'https://t.co/sGahrhqd5i', 'expanded_url': 'https://theblast.com/c/johnny-depp-amber-heard-james-franco-video/amp?__twitter_impression=true', 'display_url': 'theblast.com/c/johnny-depp-…'}]","[{'start': 50, 'end': 59, 'probability': 0.8925, 'type': 'Person', 'normalized_text': 'Mr. Franco'}, {'start': 138, 'end': 145, 'probability': 0.9729, 'type': 'Person', 'normalized_text': 'Mr. Depp'}]"
2019-07-02T15:35:28.000Z,Twitter for Android,"[{'type': 'quoted', 'id': '1146074053221990401'}, {'type': 'replied_to', 'id': '1145931325452537859'}]",und,1146079953768914944,807003567605227520,@realamberheard @ma_franks https://t.co/9ZuzEuY76I,1131491594560069632,"[{'start': 0, 'end': 15, 'username': 'realamberheard', 'id': '807003567605227520'}, {'start': 16, 'end': 26, 'username': 'ma_franks', 'id': '1930971006'}]",0,0,3,0,2019-07-02T05:44:53.000Z,Twitter for iPhone,"[{'type': 'quoted', 'id': '1145869704315232256'}]","[{'start': 254, 'end': 277, 'url': 'https://t.co/oCHn7RLl9W', 'expanded_url': 'https://twitter.com/ma_franks/status/1145869704315232256', 'display_url': 'twitter.com/ma_franks/stat…'}]","[{'start': 132, 'end': 142, 'username': 'ma_franks', 'id': '1930971006'}]",en,1145931325452537859,"Blind obedience is the result of intellectual laziness &amp; moral apathy. There can be no macro positive result from that. Thank u @ma_franks for your stunning book The Cult Of The Constitution . I can’t put it down! Grab it, if you haven’t already.... https://t.co/oCHn7RLl9W",807003567605227520,28,23,257,3,https://t.co/Ze18Ek9SOI,realamberheard,"Actor and Activist, semi-professional disruptor, ice cream advocate and shameless teacup yorkie-lover",807003567605227520,"Los Angeles, CA",https://pbs.twimg.com/profile_images/1383196364792680448/N8CdupEu_normal.jpg,2016-12-08T23:26:58.000Z,190463,220,1151,568,Amber Heard,,BlaineyLouise,,1131491594560069632,,https://pbs.twimg.com/profile_images/1346978189583802368/bC__1_mP_normal.jpg,2019-05-23T09:26:33.000Z,45,115,1534,0,Lou,"[{'start': 27, 'end': 50, 'url': 'https://t.co/9ZuzEuY76I', 'expanded_url': 'https://twitter.com/TheBlastNews/status/1146074053221990401?s=19', 'display_url': 'twitter.com/TheBlastNews/s…'}]",
2019-07-02T15:34:20.000Z,Twitter Web Client,"[{'type': 'replied_to', 'id': '1145931325452537859'}]",en,1146079666052186114,807003567605227520,"@realamberheard @ma_franks ""simply taking an elevator at the same time."" Haha... sure, she in a nightgown n barefoot going down to the parking lot... he leaning against her... sure, simply taking an elevator at the same time... pure coincidence... How dumb do you think we are...?! https://t.co/sGahrhqd5i",717763291477581824,"[{'start': 0, 'end': 15, 'username': 'realamberheard', 'id': '807003567605227520'}, {'start': 16, 'end': 26, 'username': 'ma_franks', 'id': '1930971006'}]",0,0,6,0,2019-07-02T05:44:53.000Z,Twitter for iPhone,"[{'type': 'quoted', 'id': '1145869704315232256'}]","[{'start': 254, 'end': 277, 'url': 'https://t.co/oCHn7RLl9W', 'expanded_url': 'https://twitter.com/ma_franks/status/1145869704315232256', 'display_url': 'twitter.com/ma_franks/stat…'}]","[{'start': 132, 'end': 142, 'username': 'ma_franks', 'id': '1930971006'}]",en,1145931325452537859,"Blind obedience is the result of intellectual laziness &amp; moral apathy. There can be no macro positive result from that. Thank u @ma_franks for your stunning book The Cult Of The Constitution . I can’t put it down! Grab it, if you haven’t already.... https://t.co/oCHn7RLl9W",807003567605227520,28,23,257,3,https://t.co/Ze18Ek9SOI,realamberheard,"Actor and Activist, semi-professional disruptor, ice cream advocate and shameless teacup yorkie-lover",807003567605227520,"Los Angeles, CA",https://pbs.twimg.com/profile_images/1383196364792680448/N8CdupEu_normal.jpg,2016-12-08T23:26:58.000Z,190463,220,1151,568,Amber Heard,,nonunnun,"visiting this planet
*innen bleibt draußen
Everyone has a right to feel offended.
#JusticeForJohnnyDeppVirginia2022
#MINAMATA is a MUST WATCH in cinema!",717763291477581824,Mellywood,https://pbs.twimg.com/profile_images/1502959653432475649/7ynjm5bw_normal.jpg,2016-04-06T17:17:58.000Z,1889,1238,65979,12,Mea Mara 🇩🇪 🏴‍☠️#KeepJohnnyDeppAfloat,"[{'start': 282, 'end': 305, 'url': 'https://t.co/sGahrhqd5i', 'expanded_url': 'https://theblast.com/c/johnny-depp-amber-heard-james-franco-video/amp?__twitter_impression=true', 'display_url': 'theblast.com/c/johnny-depp-…'}]",
2019-07-02T15:26:19.000Z,Twitter Web Client,"[{'type': 'replied_to', 'id': '1145931325452537859'}]",en,1146077650009677825,807003567605227520,"@realamberheard @ma_franks ""Adam Waldman tells The Blast,""We are interested in James Franco and  Elon Musk as fact witnesses because we have evidence they are men who  saw Amber Heard's face in the days and nights between when she claimed  Mr. Depp smashed her in the face on May 21""
https://t.co/sGahrhqd5i",717763291477581824,"[{'start': 0, 'end': 15, 'username': 'realamberheard', 'id': '807003567605227520'}, {'start': 16, 'end': 26, 'username': 'ma_franks', 'id': '1930971006'}]",0,0,4,0,2019-07-02T05:44:53.000Z,Twitter for iPhone,"[{'type': 'quoted', 'id': '1145869704315232256'}]","[{'start': 254, 'end': 277, 'url': 'https://t.co/oCHn7RLl9W', 'expanded_url': 'https://twitter.com/ma_franks/status/1145869704315232256', 'display_url': 'twitter.com/ma_franks/stat…'}]","[{'start': 132, 'end': 142, 'username': 'ma_franks', 'id': '1930971006'}]",en,1145931325452537859,"Blind obedience is the result of intellectual laziness &amp; moral apathy. There can be no macro positive result from that. Thank u @ma_franks for your stunning book The Cult Of The Constitution . I can’t put it down! Grab it, if you haven’t already.... https://t.co/oCHn7RLl9W",807003567605227520,28,23,257,3,https://t.co/Ze18Ek9SOI,realamberheard,"Actor and Activist, semi-professional disruptor, ice cream advocate and shameless teacup yorkie-lover",807003567605227520,"Los Angeles, CA",https://pbs.twimg.com/profile_images/1383196364792680448/N8CdupEu_normal.jpg,2016-12-08T23:26:58.000Z,190463,220,1151,568,Amber Heard,,nonunnun,"visiting this planet
*innen bleibt draußen
Everyone has a right to feel offended.
#JusticeForJohnnyDeppVirginia2022
#MINAMATA is a MUST WATCH in cinema!",717763291477581824,Mellywood,https://pbs.twimg.com/profile_images/1502959653432475649/7ynjm5bw_normal.jpg,2016-04-06T17:17:58.000Z,1889,1238,65979,12,Mea Mara 🇩🇪 🏴‍☠️#KeepJohnnyDeppAfloat,"[{'start': 284, 'end': 307, 'url': 'https://t.co/sGahrhqd5i', 'expanded_url': 'https://theblast.com/c/johnny-depp-amber-heard-james-franco-video/amp?__twitter_impression=true', 'display_url': 'theblast.com/c/johnny-depp-…'}]","[{'start': 28, 'end': 39, 'probability': 0.999, 'type': 'Person', 'normalized_text': 'Adam Waldman'}, {'start': 79, 'end': 90, 'probability': 0.9927, 'type': 'Person', 'normalized_text': 'James Franco'}, {'start': 97, 'end': 105, 'probability': 0.9949, 'type': 'Person', 'normalized_text': 'Elon Musk'}, {'start': 172, 'end': 176, 'probability': 0.9567, 'type': 'Person', 'normalized_text': 'Amber'}, {'start': 240, 'end': 247, 'probability': 0.9925, 'type': 'Person', 'normalized_text': 'Mr. Depp'}]"
2019-07-02T15:07:11.000Z,Twitter for iPhone,"[{'type': 'replied_to', 'id': '1145931325452537859'}]",en,1146072834390802433,807003567605227520,@realamberheard @ma_franks Aren’t you an ayn rand fan?,2892608836,"[{'start': 0, 'end': 15, 'username': 'realamberheard', 'id': '807003567605227520'}, {'start': 16, 'end': 26, 'username': 'ma_franks', 'id': '1930971006'}]",0,1,1,0,2019-07-02T05:44:53.000Z,Twitter for iPhone,"[{'type': 'quoted', 'id': '1145869704315232256'}]","[{'start': 254, 'end': 277, 'url': 'https://t.co/oCHn7RLl9W', 'expanded_url': 'https://twitter.com/ma_franks/status/1145869704315232256', 'display_url': 'twitter.com/ma_franks/stat…'}]","[{'start': 132, 'end': 142, 'username': 'ma_franks', 'id': '1930971006'}]",en,1145931325452537859,"Blind obedience is the result of intellectual laziness &amp; moral apathy. There can be no macro positive result from that. Thank u @ma_franks for your stunning book The Cult Of The Constitution . I can’t put it down! Grab it, if you haven’t already.... https://t.co/oCHn7RLl9W",807003567605227520,28,23,257,3,https://t.co/Ze18Ek9SOI,realamberheard,"Actor and Activist, semi-professional disruptor, ice cream advocate and shameless teacup yorkie-lover",807003567605227520,"Los Angeles, CA",https://pbs.twimg.com/profile_images/1383196364792680448/N8CdupEu_normal.jpg,2016-12-08T23:26:58.000Z,190463,220,1151,568,Amber Heard,,bopbopanna,"I don't Twitter much, but every now and then...",2892608836,,https://pbs.twimg.com/profile_images/537366692343451649/9DxIUNaT_normal.jpeg,2014-11-25T21:59:33.000Z,84,171,3070,1,Wairupe,,
2019-07-02T14:29:30.000Z,Twitter for Android,"[{'type': 'replied_to', 'id': '1146048375604822016'}]",en,1146063353661362181,293722901,@shielapul @blueeyesgypsy2 @realamberheard @ma_franks These people say otherwise https://t.co/ziu0U7CsZs,1117062790945148934,"[{'start': 0, 'end': 10, 'username': 'shielapul', 'id': '293722901'}, {'start': 11, 'end': 26, 'username': 'blueeyesgypsy2', 'id': '1188423707489951757'}, {'start': 27, 'end': 42, 'username': 'realamberheard', 'id': '807003567605227520'}, {'start': 43, 'end': 53, 'username': 'ma_franks', 'id': '1930971006'}]",0,0,1,0,2019-07-02T05:44:53.000Z,Twitter for iPhone,"[{'type': 'quoted', 'id': '1145869704315232256'}]","[{'start': 254, 'end': 277, 'url': 'https://t.co/oCHn7RLl9W', 'expanded_url': 'https://twitter.com/ma_franks/status/1145869704315232256', 'display_url': 'twitter.com/ma_franks/stat…'}]","[{'start': 132, 'end': 142, 'username': 'ma_franks', 'id': '1930971006'}]",en,1145931325452537859,"Blind obedience is the result of intellectual laziness &amp; moral apathy. There can be no macro positive result from that. Thank u @ma_franks for your stunning book The Cult Of The Constitution . I can’t put it down! Grab it, if you haven’t already.... https://t.co/oCHn7RLl9W",807003567605227520,28,23,257,3,https://t.co/Ze18Ek9SOI,realamberheard,"Actor and Activist, semi-professional disruptor, ice cream advocate and shameless teacup yorkie-lover",807003567605227520,"Los Angeles, CA",https://pbs.twimg.com/profile_images/1383196364792680448/N8CdupEu_normal.jpg,2016-12-08T23:26:58.000Z,190463,220,1151,568,Amber Heard,,Isuckatbeingag1,I'm just here to watch a real novela unfold and ask questions,1117062790945148934,,https://pbs.twimg.com/profile_images/1194835999668555776/gPQLYfNw_normal.jpg,2019-04-13T13:51:38.000Z,600,163,29812,3,Isuckatbeingagirl🏴‍☠️,"[{'start': 81, 'end': 104, 'url': 'https://t.co/ziu0U7CsZs', 'expanded_url': 'https://twitter.com/Isuckatbeingag1/status/1146063353661362181/photo/1', 'display_url': 'pic.twitter.com/ziu0U7CsZs'}, {'start': 81, 'end': 104, 'url': 'https://t.co/ziu0U7CsZs', 'expanded_url': 'https://twitter.com/Isuckatbeingag1/status/1146063353661362181/photo/1', 'display_url': 'pic.twitter.com/ziu0U7CsZs'}, {'start': 81, 'end': 104, 'url': 'https://t.co/ziu0U7CsZs', 'expanded_url': 'https://twitter.com/Isuckatbeingag1/status/1146063353661362181/photo/1', 'display_url': 'pic.twitter.com/ziu0U7CsZs'}, {'start': 81, 'end': 104, 'url': 'https://t.co/ziu0U7CsZs', 'expanded_url': 'https://twitter.com/Isuckatbeingag1/status/1146063353661362181/photo/1', 'display_url': 'pic.twitter.com/ziu0U7CsZs'}]",
2019-07-02T13:29:59.000Z,Twitter Web App,"[{'type': 'replied_to', 'id': '1145949723507007488'}]",en,1146048375604822016,477783789,@blueeyesgypsy2 @realamberheard @ma_franks Except he did.  Now go away you brainwashed loon.,293722901,"[{'start': 0, 'end': 15, 'username': 'blueeyesgypsy2', 'id': '1188423707489951757'}, {'start': 16, 'end': 31, 'username': 'realamberheard', 'id': '807003567605227520'}, {'start': 32, 'end': 42, 'username': 'ma_franks', 'id': '1930971006'}]",0,2,2,0,2019-07-02T05:44:53.000Z,Twitter for iPhone,"[{'type': 'quoted', 'id': '1145869704315232256'}]","[{'start': 254, 'end': 277, 'url': 'https://t.co/oCHn7RLl9W', 'expanded_url': 'https://twitter.com/ma_franks/status/1145869704315232256', 'display_url': 'twitter.com/ma_franks/stat…'}]","[{'start': 132, 'end': 142, 'username': 'ma_franks', 'id': '1930971006'}]",en,1145931325452537859,"Blind obedience is the result of intellectual laziness &amp; moral apathy. There can be no macro positive result from that. Thank u @ma_franks for your stunning book The Cult Of The Constitution . I can’t put it down! Grab it, if you haven’t already.... https://t.co/oCHn7RLl9W",807003567605227520,28,23,257,3,https://t.co/Ze18Ek9SOI,realamberheard,"Actor and Activist, semi-professional disruptor, ice cream advocate and shameless teacup yorkie-lover",807003567605227520,"Los Angeles, CA",https://pbs.twimg.com/profile_images/1383196364792680448/N8CdupEu_normal.jpg,2016-12-08T23:26:58.000Z,190463,220,1151,568,Amber Heard,,shielapul,"Very pro-the following: environment 🌿🌎♻️, animal rights 🐅🐖🐴🐥🐢, accountability for abuse of power, prison reform. Scared for my country right now.",293722901,,https://pbs.twimg.com/profile_images/1340729533/cows-spain-hdr_25349_600x450_normal.jpg,2011-05-05T21:19:11.000Z,634,869,28261,4,IAmTheWhistleBlower 🇺🇸🇺🇸🇺🇸🇺🇸,,
2019-07-02T12:43:41.000Z,Twitter Web App,"[{'type': 'replied_to', 'id': '1145931325452537859'}]",en,1146036723383767040,807003567605227520,"@realamberheard Thank you, dear friend!",1930971006,"[{'start': 0, 'end': 15, 'username': 'realamberheard', 'id': '807003567605227520'}]",0,0,5,0,2019-07-02T05:44:53.000Z,Twitter for iPhone,"[{'type': 'quoted', 'id': '1145869704315232256'}]","[{'start': 254, 'end': 277, 'url': 'https://t.co/oCHn7RLl9W', 'expanded_url': 'https://twitter.com/ma_franks/status/1145869704315232256', 'display_url': 'twitter.com/ma_franks/stat…'}]","[{'start': 132, 'end': 142, 'username': 'ma_franks', 'id': '1930971006'}]",en,1145931325452537859,"Blind obedience is the result of intellectual laziness &amp; moral apathy. There can be no macro positive result from that. Thank u @ma_franks for your stunning book The Cult Of The Constitution . I can’t put it down! Grab it, if you haven’t already.... https://t.co/oCHn7RLl9W",807003567605227520,28,23,257,3,https://t.co/Ze18Ek9SOI,realamberheard,"Actor and Activist, semi-professional disruptor, ice cream advocate and shameless teacup yorkie-lover",807003567605227520,"Los Angeles, CA",https://pbs.twimg.com/profile_images/1383196364792680448/N8CdupEu_normal.jpg,2016-12-08T23:26:58.000Z,190463,220,1151,568,Amber Heard,,ma_franks,"Author, The Cult of the Constitution @stanfordpress (2020 IPPY Gold Medal and AAP PROSE Award Winner). Law Professor @MiamiLawSchool. President @CCRInitiative.",1930971006,,https://pbs.twimg.com/profile_images/598681192364277761/Ek3fjR3b_normal.jpg,2013-10-03T14:54:14.000Z,17737,2640,9088,336,Dr. Mary Anne Franks,,
2019-07-02T07:20:58.000Z,Twitter Web Client,"[{'type': 'replied_to', 'id': '1145934805508530176'}]",en,1145955507993227264,1000024170313519105,"@GoodManisbest @realamberheard @ma_franks What´s right? Kicking a door into Johnny´s head, throwing objects at him, spitting on him, punching him in the face repeatedly with INTENT? She ADMITTED abuse! Lied to government authorities, committed perjury, defamation, smuggled dogs, tried to grease people in her favour.",717763291477581824,"[{'start': 0, 'end': 14, 'username': 'GoodManisbest', 'id': '1000024170313519105'}, {'start': 15, 'end': 30, 'username': 'realamberheard', 'id': '807003567605227520'}, {'start': 31, 'end': 41, 'username': 'ma_franks', 'id': '1930971006'}]",0,0,5,0,2019-07-02T05:44:53.000Z,Twitter for iPhone,"[{'type': 'quoted', 'id': '1145869704315232256'}]","[{'start': 254, 'end': 277, 'url': 'https://t.co/oCHn7RLl9W', 'expanded_url': 'https://twitter.com/ma_franks/status/1145869704315232256', 'display_url': 'twitter.com/ma_franks/stat…'}]","[{'start': 132, 'end': 142, 'username': 'ma_franks', 'id': '1930971006'}]",en,1145931325452537859,"Blind obedience is the result of intellectual laziness &amp; moral apathy. There can be no macro positive result from that. Thank u @ma_franks for your stunning book The Cult Of The Constitution . I can’t put it down! Grab it, if you haven’t already.... https://t.co/oCHn7RLl9W",807003567605227520,28,23,257,3,https://t.co/Ze18Ek9SOI,realamberheard,"Actor and Activist, semi-professional disruptor, ice cream advocate and shameless teacup yorkie-lover",807003567605227520,"Los Angeles, CA",https://pbs.twimg.com/profile_images/1383196364792680448/N8CdupEu_normal.jpg,2016-12-08T23:26:58.000Z,190463,220,1151,568,Amber Heard,,nonunnun,"visiting this planet
*innen bleibt draußen
Everyone has a right to feel offended.
#JusticeForJohnnyDeppVirginia2022
#MINAMATA is a MUST WATCH in cinema!",717763291477581824,Mellywood,https://pbs.twimg.com/profile_images/1502959653432475649/7ynjm5bw_normal.jpg,2016-04-06T17:17:58.000Z,1889,1238,65979,12,Mea Mara 🇩🇪 🏴‍☠️#KeepJohnnyDeppAfloat,,"[{'start': 76, 'end': 81, 'probability': 0.9396, 'type': 'Person', 'normalized_text': 'Johnny'}]"
2019-07-02T07:12:48.000Z,Twitter for iPhone,"[{'type': 'replied_to', 'id': '1145934805508530176'}]",en,1145953452230451200,1000024170313519105,@GoodManisbest @realamberheard @ma_franks amber is noting more than an abuser :),2634616771,"[{'start': 0, 'end': 14, 'username': 'GoodManisbest', 'id': '1000024170313519105'}, {'start': 15, 'end': 30, 'username': 'realamberheard', 'id': '807003567605227520'}, {'start': 31, 'end': 41, 'username': 'ma_franks', 'id': '1930971006'}]",0,1,4,0,2019-07-02T05:44:53.000Z,Twitter for iPhone,"[{'type': 'quoted', 'id': '1145869704315232256'}]","[{'start': 254, 'end': 277, 'url': 'https://t.co/oCHn7RLl9W', 'expanded_url': 'https://twitter.com/ma_franks/status/1145869704315232256', 'display_url': 'twitter.com/ma_franks/stat…'}]","[{'start': 132, 'end': 142, 'username': 'ma_franks', 'id': '1930971006'}]",en,1145931325452537859,"Blind obedience is the result of intellectual laziness &amp; moral apathy. There can be no macro positive result from that. Thank u @ma_franks for your stunning book The Cult Of The Constitution . I can’t put it down! Grab it, if you haven’t already.... https://t.co/oCHn7RLl9W",807003567605227520,28,23,257,3,https://t.co/Ze18Ek9SOI,realamberheard,"Actor and Activist, semi-professional disruptor, ice cream advocate and shameless teacup yorkie-lover",807003567605227520,"Los Angeles, CA",https://pbs.twimg.com/profile_images/1383196364792680448/N8CdupEu_normal.jpg,2016-12-08T23:26:58.000Z,190463,220,1151,568,Amber Heard,https://t.co/qeVsA0tLiV,zaynsmayfair,just another steve and max apologist,2634616771,san francisco || she/her • 21,https://pbs.twimg.com/profile_images/1506690117406101507/tISvIGQ-_normal.jpg,2014-07-13T04:00:23.000Z,9375,548,122522,32,lana,,"[{'start': 42, 'end': 46, 'probability': 0.9132, 'type': 'Person', 'normalized_text': 'amber'}]"
2019-07-02T06:55:16.000Z,Twitter Web App,"[{'type': 'replied_to', 'id': '1145942479843319808'}]",en,1145949039751507969,477783789,"@blueeyesgypsy2 @realamberheard @ma_franks Go back to you fan-girling of a woman abusing drunk, ya loon.",293722901,"[{'start': 0, 'end': 15, 'username': 'blueeyesgypsy2', 'id': '1188423707489951757'}, {'start': 16, 'end': 31, 'username': 'realamberheard', 'id': '807003567605227520'}, {'start': 32, 'end': 42, 'username': 'ma_franks', 'id': '1930971006'}]",0,2,3,0,2019-07-02T05:44:53.000Z,Twitter for iPhone,"[{'type': 'quoted', 'id': '1145869704315232256'}]","[{'start': 254, 'end': 277, 'url': 'https://t.co/oCHn7RLl9W', 'expanded_url': 'https://twitter.com/ma_franks/status/1145869704315232256', 'display_url': 'twitter.com/ma_franks/stat…'}]","[{'start': 132, 'end': 142, 'username': 'ma_franks', 'id': '1930971006'}]",en,1145931325452537859,"Blind obedience is the result of intellectual laziness &amp; moral apathy. There can be no macro positive result from that. Thank u @ma_franks for your stunning book The Cult Of The Constitution . I can’t put it down! Grab it, if you haven’t already.... https://t.co/oCHn7RLl9W",807003567605227520,28,23,257,3,https://t.co/Ze18Ek9SOI,realamberheard,"Actor and Activist, semi-professional disruptor, ice cream advocate and shameless teacup yorkie-lover",807003567605227520,"Los Angeles, CA",https://pbs.twimg.com/profile_images/1383196364792680448/N8CdupEu_normal.jpg,2016-12-08T23:26:58.000Z,190463,220,1151,568,Amber Heard,,shielapul,"Very pro-the following: environment 🌿🌎♻️, animal rights 🐅🐖🐴🐥🐢, accountability for abuse of power, prison reform. Scared for my country right now.",293722901,,https://pbs.twimg.com/profile_images/1340729533/cows-spain-hdr_25349_600x450_normal.jpg,2011-05-05T21:19:11.000Z,634,869,28261,4,IAmTheWhistleBlower 🇺🇸🇺🇸🇺🇸🇺🇸,,
2019-07-02T05:56:12.000Z,Twitter for Android,"[{'type': 'replied_to', 'id': '1145931325452537859'}]",en,1145934176199348224,807003567605227520,@realamberheard @ma_franks You inspire me!,550551914,"[{'start': 0, 'end': 15, 'username': 'realamberheard', 'id': '807003567605227520'}, {'start': 16, 'end': 26, 'username': 'ma_franks', 'id': '1930971006'}]",0,0,0,0,2019-07-02T05:44:53.000Z,Twitter for iPhone,"[{'type': 'quoted', 'id': '1145869704315232256'}]","[{'start': 254, 'end': 277, 'url': 'https://t.co/oCHn7RLl9W', 'expanded_url': 'https://twitter.com/ma_franks/status/1145869704315232256', 'display_url': 'twitter.com/ma_franks/stat…'}]","[{'start': 132, 'end': 142, 'username': 'ma_franks', 'id': '1930971006'}]",en,1145931325452537859,"Blind obedience is the result of intellectual laziness &amp; moral apathy. There can be no macro positive result from that. Thank u @ma_franks for your stunning book The Cult Of The Constitution . I can’t put it down! Grab it, if you haven’t already.... https://t.co/oCHn7RLl9W",807003567605227520,28,23,257,3,https://t.co/Ze18Ek9SOI,realamberheard,"Actor and Activist, semi-professional disruptor, ice cream advocate and shameless teacup yorkie-lover",807003567605227520,"Los Angeles, CA",https://pbs.twimg.com/profile_images/1383196364792680448/N8CdupEu_normal.jpg,2016-12-08T23:26:58.000Z,190463,220,1151,568,Amber Heard,,debnammendess,multifandom fan account | alycia and shawn.,550551914,he/him ,https://pbs.twimg.com/profile_images/1428860438016630786/9ZBrdN8Y_normal.jpg,2012-04-11T00:14:13.000Z,522,1096,7000,2,wonder ミ☆,,
2019-07-02T05:51:16.000Z,Twitter for iPhone,"[{'type': 'replied_to', 'id': '1145931325452537859'}]",en,1145932931971584000,807003567605227520,@realamberheard @ma_franks Thanks for always using your platform for good Amber ❤️,769813478760644608,"[{'start': 0, 'end': 15, 'username': 'realamberheard', 'id': '807003567605227520'}, {'start': 16, 'end': 26, 'username': 'ma_franks', 'id': '1930971006'}]",0,2,3,0,2019-07-02T05:44:53.000Z,Twitter for iPhone,"[{'type': 'quoted', 'id': '1145869704315232256'}]","[{'start': 254, 'end': 277, 'url': 'https://t.co/oCHn7RLl9W', 'expanded_url': 'https://twitter.com/ma_franks/status/1145869704315232256', 'display_url': 'twitter.com/ma_franks/stat…'}]","[{'start': 132, 'end': 142, 'username': 'ma_franks', 'id': '1930971006'}]",en,1145931325452537859,"Blind obedience is the result of intellectual laziness &amp; moral apathy. There can be no macro positive result from that. Thank u @ma_franks for your stunning book The Cult Of The Constitution . I can’t put it down! Grab it, if you haven’t already.... https://t.co/oCHn7RLl9W",807003567605227520,28,23,257,3,https://t.co/Ze18Ek9SOI,realamberheard,"Actor and Activist, semi-professional disruptor, ice cream advocate and shameless teacup yorkie-lover",807003567605227520,"Los Angeles, CA",https://pbs.twimg.com/profile_images/1383196364792680448/N8CdupEu_normal.jpg,2016-12-08T23:26:58.000Z,190463,220,1151,568,Amber Heard,,DaveSaidWhat_,"Everything sucks, but we’re still here, so let’s make it suck less",769813478760644608,"New York, USA",https://pbs.twimg.com/profile_images/1463896041791578117/9BM8k1yt_normal.jpg,2016-08-28T08:26:50.000Z,561,482,18401,3,dave,,"[{'start': 74, 'end': 78, 'probability': 0.8638, 'type': 'Person', 'normalized_text': 'Amber'}]"
