id,source,lang,text,referenced_tweets,in_reply_to_user_id,author_id,created_at,public_metrics.retweet_count,public_metrics.reply_count,public_metrics.like_count,public_metrics.quote_count,entities.mentions,replied_tweet.id,replied_tweet.source,replied_tweet.lang,replied_tweet.text,replied_tweet.public_metrics.retweet_count,replied_tweet.public_metrics.reply_count,replied_tweet.public_metrics.like_count,replied_tweet.public_metrics.quote_count,replied_tweet.entities.urls,replied_tweet.entities.mentions,replied_tweet.author_id,replied_tweet.created_at,replied_tweet.author.location,replied_tweet.author.profile_image_url,replied_tweet.author.name,replied_tweet.author.username,replied_tweet.author.created_at,replied_tweet.author.id,replied_tweet.author.public_metrics.followers_count,replied_tweet.author.public_metrics.following_count,replied_tweet.author.public_metrics.tweet_count,replied_tweet.author.public_metrics.listed_count,replied_tweet.author.url,replied_tweet.author.description,author.location,author.profile_image_url,author.name,author.username,author.created_at,author.id,author.public_metrics.followers_count,author.public_metrics.following_count,author.public_metrics.tweet_count,author.public_metrics.listed_count,author.url,author.description,entities.urls,entities.annotations
1145535536154591233,Twitter for Android,en,@realamberheard @imcoreyrae Oh wow three years of you being a asshole,"[{'type': 'replied_to', 'id': '1145345426012483584'}]",807003567605227520,822463057011961857,2019-07-01T03:32:09.000Z,0,0,2,0,"[{'start': 0, 'end': 15, 'username': 'realamberheard', 'id': '807003567605227520'}, {'start': 16, 'end': 27, 'username': 'imcoreyrae', 'id': '395065894'}]",1145345426012483584,Twitter for iPhone,en,So proud of my beautiful friend &amp; activist @imcoreyrae 4 her endless bravery &amp; strength n bringing unapologetic visibility &amp; undeniable grace to the trans &amp; mainstream world. Happy 3 years into changing the world!  https://t.co/ecv0YeXprG,26,8,268,2,"[{'start': 231, 'end': 254, 'url': 'https://t.co/ecv0YeXprG', 'expanded_url': 'http://www.coreyrae.com/blog/2019/6/27/three-year-anniversary', 'display_url': 'coreyrae.com/blog/2019/6/27…', 'status': 200, 'unwound_url': 'https://www.coreyrae.com/blog/2019/6/27/three-year-anniversary'}]","[{'start': 47, 'end': 58, 'username': 'imcoreyrae', 'id': '395065894'}]",807003567605227520,2019-06-30T14:56:43.000Z,"Los Angeles, CA",https://pbs.twimg.com/profile_images/1383196364792680448/N8CdupEu_normal.jpg,Amber Heard,realamberheard,2016-12-08T23:26:58.000Z,807003567605227520,190463,220,1151,568,https://t.co/Ze18Ek9SOI,"Actor and Activist, semi-professional disruptor, ice cream advocate and shameless teacup yorkie-lover","Tucson, AZ",https://pbs.twimg.com/profile_images/1413335286579302403/2j9vfLtk_normal.jpg,🎃 Cassie 🎃,Vincentbishopt4,2017-01-20T15:17:28.000Z,822463057011961857,101,456,1664,3,,"gacha life fnaf youtuber
scary cupcakes gacha 

#justiceforjohnnydepp 
#istandwithjohnnydepp",,
1145475965608443904,Twitter Web App,und,@realamberheard @imcoreyrae https://t.co/uLq1rDJEx2,"[{'type': 'quoted', 'id': '1144904047645929472'}, {'type': 'replied_to', 'id': '1145345426012483584'}]",807003567605227520,1050721822092812289,2019-06-30T23:35:26.000Z,0,0,1,0,"[{'start': 0, 'end': 15, 'username': 'realamberheard', 'id': '807003567605227520'}, {'start': 16, 'end': 27, 'username': 'imcoreyrae', 'id': '395065894'}]",1145345426012483584,Twitter for iPhone,en,So proud of my beautiful friend &amp; activist @imcoreyrae 4 her endless bravery &amp; strength n bringing unapologetic visibility &amp; undeniable grace to the trans &amp; mainstream world. Happy 3 years into changing the world!  https://t.co/ecv0YeXprG,26,8,268,2,"[{'start': 231, 'end': 254, 'url': 'https://t.co/ecv0YeXprG', 'expanded_url': 'http://www.coreyrae.com/blog/2019/6/27/three-year-anniversary', 'display_url': 'coreyrae.com/blog/2019/6/27…', 'status': 200, 'unwound_url': 'https://www.coreyrae.com/blog/2019/6/27/three-year-anniversary'}]","[{'start': 47, 'end': 58, 'username': 'imcoreyrae', 'id': '395065894'}]",807003567605227520,2019-06-30T14:56:43.000Z,"Los Angeles, CA",https://pbs.twimg.com/profile_images/1383196364792680448/N8CdupEu_normal.jpg,Amber Heard,realamberheard,2016-12-08T23:26:58.000Z,807003567605227520,190463,220,1151,568,https://t.co/Ze18Ek9SOI,"Actor and Activist, semi-professional disruptor, ice cream advocate and shameless teacup yorkie-lover",#ibelievehim,https://pbs.twimg.com/profile_images/1340701831975096320/g92j12jM_normal.jpg,Susan,teamdepp_,2018-10-12T12:16:18.000Z,1050721822092812289,412,300,12987,1,,•✿ Johnny is definition of love ✿•,"[{'start': 28, 'end': 51, 'url': 'https://t.co/uLq1rDJEx2', 'expanded_url': 'https://twitter.com/FemCondition/status/1144904047645929472?s=20', 'display_url': 'twitter.com/FemCondition/s…'}]",
1145416514654355456,Twitter Web App,en,@realamberheard @imcoreyrae Fundamentalists hate and avoid everyone. We’ve ALL been there. Should we throw glass at them? Maybe get high and punch the sucker in the nose? EQ 3 year old. Victim of narcissist parents turning into one yourself.,"[{'type': 'replied_to', 'id': '1145345426012483584'}]",807003567605227520,1131663866432299008,2019-06-30T19:39:12.000Z,0,0,0,0,"[{'start': 0, 'end': 15, 'username': 'realamberheard', 'id': '807003567605227520'}, {'start': 16, 'end': 27, 'username': 'imcoreyrae', 'id': '395065894'}]",1145345426012483584,Twitter for iPhone,en,So proud of my beautiful friend &amp; activist @imcoreyrae 4 her endless bravery &amp; strength n bringing unapologetic visibility &amp; undeniable grace to the trans &amp; mainstream world. Happy 3 years into changing the world!  https://t.co/ecv0YeXprG,26,8,268,2,"[{'start': 231, 'end': 254, 'url': 'https://t.co/ecv0YeXprG', 'expanded_url': 'http://www.coreyrae.com/blog/2019/6/27/three-year-anniversary', 'display_url': 'coreyrae.com/blog/2019/6/27…', 'status': 200, 'unwound_url': 'https://www.coreyrae.com/blog/2019/6/27/three-year-anniversary'}]","[{'start': 47, 'end': 58, 'username': 'imcoreyrae', 'id': '395065894'}]",807003567605227520,2019-06-30T14:56:43.000Z,"Los Angeles, CA",https://pbs.twimg.com/profile_images/1383196364792680448/N8CdupEu_normal.jpg,Amber Heard,realamberheard,2016-12-08T23:26:58.000Z,807003567605227520,190463,220,1151,568,https://t.co/Ze18Ek9SOI,"Actor and Activist, semi-professional disruptor, ice cream advocate and shameless teacup yorkie-lover",London,https://pbs.twimg.com/profile_images/1131664247698677760/fg7jZjEl_normal.jpg,Evolved,Evolved71245694,2019-05-23T20:51:05.000Z,1131663866432299008,21,29,1406,1,,Parent. Equal rights Equal pay Employer. Wife. set this account up due to my perceived inadequacy of the press reporting on Johnny Depp. Do not have JD posters,,
1145414846885826560,Twitter Web App,en,"@realamberheard @imcoreyrae Yes, this is what being a woman is all about - breasts. Dear god.","[{'type': 'replied_to', 'id': '1145345426012483584'}]",807003567605227520,1131663866432299008,2019-06-30T19:32:34.000Z,0,0,0,0,"[{'start': 0, 'end': 15, 'username': 'realamberheard', 'id': '807003567605227520'}, {'start': 16, 'end': 27, 'username': 'imcoreyrae', 'id': '395065894'}]",1145345426012483584,Twitter for iPhone,en,So proud of my beautiful friend &amp; activist @imcoreyrae 4 her endless bravery &amp; strength n bringing unapologetic visibility &amp; undeniable grace to the trans &amp; mainstream world. Happy 3 years into changing the world!  https://t.co/ecv0YeXprG,26,8,268,2,"[{'start': 231, 'end': 254, 'url': 'https://t.co/ecv0YeXprG', 'expanded_url': 'http://www.coreyrae.com/blog/2019/6/27/three-year-anniversary', 'display_url': 'coreyrae.com/blog/2019/6/27…', 'status': 200, 'unwound_url': 'https://www.coreyrae.com/blog/2019/6/27/three-year-anniversary'}]","[{'start': 47, 'end': 58, 'username': 'imcoreyrae', 'id': '395065894'}]",807003567605227520,2019-06-30T14:56:43.000Z,"Los Angeles, CA",https://pbs.twimg.com/profile_images/1383196364792680448/N8CdupEu_normal.jpg,Amber Heard,realamberheard,2016-12-08T23:26:58.000Z,807003567605227520,190463,220,1151,568,https://t.co/Ze18Ek9SOI,"Actor and Activist, semi-professional disruptor, ice cream advocate and shameless teacup yorkie-lover",London,https://pbs.twimg.com/profile_images/1131664247698677760/fg7jZjEl_normal.jpg,Evolved,Evolved71245694,2019-05-23T20:51:05.000Z,1131663866432299008,21,29,1406,1,,Parent. Equal rights Equal pay Employer. Wife. set this account up due to my perceived inadequacy of the press reporting on Johnny Depp. Do not have JD posters,,"[{'start': 89, 'end': 91, 'probability': 0.669, 'type': 'Other', 'normalized_text': 'god'}]"
1145372971978174464,Twitter Web App,en,@realamberheard @imcoreyrae You said it all! You are both inspiring and Amazing!! ❤💚💜💙💛💖💕💕💕💕💕💕💕💕🌈🌈🌈🌈🌈🌈🌈,"[{'type': 'replied_to', 'id': '1145345426012483584'}]",807003567605227520,489756858,2019-06-30T16:46:11.000Z,0,0,0,0,"[{'start': 0, 'end': 15, 'username': 'realamberheard', 'id': '807003567605227520'}, {'start': 16, 'end': 27, 'username': 'imcoreyrae', 'id': '395065894'}]",1145345426012483584,Twitter for iPhone,en,So proud of my beautiful friend &amp; activist @imcoreyrae 4 her endless bravery &amp; strength n bringing unapologetic visibility &amp; undeniable grace to the trans &amp; mainstream world. Happy 3 years into changing the world!  https://t.co/ecv0YeXprG,26,8,268,2,"[{'start': 231, 'end': 254, 'url': 'https://t.co/ecv0YeXprG', 'expanded_url': 'http://www.coreyrae.com/blog/2019/6/27/three-year-anniversary', 'display_url': 'coreyrae.com/blog/2019/6/27…', 'status': 200, 'unwound_url': 'https://www.coreyrae.com/blog/2019/6/27/three-year-anniversary'}]","[{'start': 47, 'end': 58, 'username': 'imcoreyrae', 'id': '395065894'}]",807003567605227520,2019-06-30T14:56:43.000Z,"Los Angeles, CA",https://pbs.twimg.com/profile_images/1383196364792680448/N8CdupEu_normal.jpg,Amber Heard,realamberheard,2016-12-08T23:26:58.000Z,807003567605227520,190463,220,1151,568,https://t.co/Ze18Ek9SOI,"Actor and Activist, semi-professional disruptor, ice cream advocate and shameless teacup yorkie-lover",,https://pbs.twimg.com/profile_images/1267664674939711489/3VV-80TT_normal.jpg,GEORGE(I hope things in the world get better),GPBGeorge,2012-02-11T21:19:08.000Z,489756858,3464,5000,347384,152,,❤️ @liljsez @JenniferMlott @AwbreyMadison  @BrookeLewisLA @SonjaTMorgan @KristaAllenXO @THERealLyndaDC @RachelZegler @TheAlexisJoy @Susan_Blakely❤,,
1145369995200741376,Twitter for iPhone,en,@realamberheard I love you!! Thank you 😘😘😘✨✨✨🌈🌈🌈,"[{'type': 'replied_to', 'id': '1145345426012483584'}]",807003567605227520,395065894,2019-06-30T16:34:21.000Z,1,0,5,1,"[{'start': 0, 'end': 15, 'username': 'realamberheard', 'id': '807003567605227520'}]",1145345426012483584,Twitter for iPhone,en,So proud of my beautiful friend &amp; activist @imcoreyrae 4 her endless bravery &amp; strength n bringing unapologetic visibility &amp; undeniable grace to the trans &amp; mainstream world. Happy 3 years into changing the world!  https://t.co/ecv0YeXprG,26,8,268,2,"[{'start': 231, 'end': 254, 'url': 'https://t.co/ecv0YeXprG', 'expanded_url': 'http://www.coreyrae.com/blog/2019/6/27/three-year-anniversary', 'display_url': 'coreyrae.com/blog/2019/6/27…', 'status': 200, 'unwound_url': 'https://www.coreyrae.com/blog/2019/6/27/three-year-anniversary'}]","[{'start': 47, 'end': 58, 'username': 'imcoreyrae', 'id': '395065894'}]",807003567605227520,2019-06-30T14:56:43.000Z,"Los Angeles, CA",https://pbs.twimg.com/profile_images/1383196364792680448/N8CdupEu_normal.jpg,Amber Heard,realamberheard,2016-12-08T23:26:58.000Z,807003567605227520,190463,220,1151,568,https://t.co/Ze18Ek9SOI,"Actor and Activist, semi-professional disruptor, ice cream advocate and shameless teacup yorkie-lover",LA | NY,https://pbs.twimg.com/profile_images/1482051228959866880/egBDNT4e_normal.jpg,Corey Rae,imcoreyrae,2011-10-21T02:25:30.000Z,395065894,1186,119,4313,4,https://t.co/X6EoI4hFDX,"🖐🏻Lefty ♊️Gemini 🌱Vegan 🌍Please Care More♻️ 👑The 1st Transgender Prom Queen 🦋       💖Activist, Actress, Model, Speaker, Writer✨",,
1145350856830681090,Twitter Web App,en,"@realamberheard @imcoreyrae ""... endless bravery &amp; strength n bringing unapologetic visibility &amp; undeniable grace..."" now this is something you two really have in common; birds of the same feathers really do flock together. Both of you are absolutely admirable and inspiring!💖💖💖💖💖💖","[{'type': 'replied_to', 'id': '1145345426012483584'}]",807003567605227520,3216078659,2019-06-30T15:18:18.000Z,0,0,1,0,"[{'start': 0, 'end': 15, 'username': 'realamberheard', 'id': '807003567605227520'}, {'start': 16, 'end': 27, 'username': 'imcoreyrae', 'id': '395065894'}]",1145345426012483584,Twitter for iPhone,en,So proud of my beautiful friend &amp; activist @imcoreyrae 4 her endless bravery &amp; strength n bringing unapologetic visibility &amp; undeniable grace to the trans &amp; mainstream world. Happy 3 years into changing the world!  https://t.co/ecv0YeXprG,26,8,268,2,"[{'start': 231, 'end': 254, 'url': 'https://t.co/ecv0YeXprG', 'expanded_url': 'http://www.coreyrae.com/blog/2019/6/27/three-year-anniversary', 'display_url': 'coreyrae.com/blog/2019/6/27…', 'status': 200, 'unwound_url': 'https://www.coreyrae.com/blog/2019/6/27/three-year-anniversary'}]","[{'start': 47, 'end': 58, 'username': 'imcoreyrae', 'id': '395065894'}]",807003567605227520,2019-06-30T14:56:43.000Z,"Los Angeles, CA",https://pbs.twimg.com/profile_images/1383196364792680448/N8CdupEu_normal.jpg,Amber Heard,realamberheard,2016-12-08T23:26:58.000Z,807003567605227520,190463,220,1151,568,https://t.co/Ze18Ek9SOI,"Actor and Activist, semi-professional disruptor, ice cream advocate and shameless teacup yorkie-lover",,https://pbs.twimg.com/profile_images/1501219816522219520/SQVX3N2b_normal.jpg,GGCIR8991,GGCIR8991,2015-04-28T07:17:35.000Z,3216078659,1464,1324,163149,17,,"On the internet, you can be pretty much anything you want, it's just kinda weird that so many people choose to be idiots and assholes",,
1145347979097903104,Twitter Web App,es,@realamberheard @imcoreyrae Que bueno que existan personas tan maravillosas que hacen un gran cambio en esta sociedad y estamos viendo los cambios poco a poco felicitala de mi parte y dile que gracias🤗🤗💐💐🌹💁❤❤,"[{'type': 'replied_to', 'id': '1145345426012483584'}]",807003567605227520,1120114201404506112,2019-06-30T15:06:52.000Z,0,0,1,0,"[{'start': 0, 'end': 15, 'username': 'realamberheard', 'id': '807003567605227520'}, {'start': 16, 'end': 27, 'username': 'imcoreyrae', 'id': '395065894'}]",1145345426012483584,Twitter for iPhone,en,So proud of my beautiful friend &amp; activist @imcoreyrae 4 her endless bravery &amp; strength n bringing unapologetic visibility &amp; undeniable grace to the trans &amp; mainstream world. Happy 3 years into changing the world!  https://t.co/ecv0YeXprG,26,8,268,2,"[{'start': 231, 'end': 254, 'url': 'https://t.co/ecv0YeXprG', 'expanded_url': 'http://www.coreyrae.com/blog/2019/6/27/three-year-anniversary', 'display_url': 'coreyrae.com/blog/2019/6/27…', 'status': 200, 'unwound_url': 'https://www.coreyrae.com/blog/2019/6/27/three-year-anniversary'}]","[{'start': 47, 'end': 58, 'username': 'imcoreyrae', 'id': '395065894'}]",807003567605227520,2019-06-30T14:56:43.000Z,"Los Angeles, CA",https://pbs.twimg.com/profile_images/1383196364792680448/N8CdupEu_normal.jpg,Amber Heard,realamberheard,2016-12-08T23:26:58.000Z,807003567605227520,190463,220,1151,568,https://t.co/Ze18Ek9SOI,"Actor and Activist, semi-professional disruptor, ice cream advocate and shameless teacup yorkie-lover",Puebla mexico,https://pbs.twimg.com/profile_images/1377050191719710721/-BKIU6Zv_normal.jpg,Enrique ramirez,Enrique62175188,2019-04-21T23:56:51.000Z,1120114201404506112,63,304,2076,0,,,,
