in_reply_to_user_id,id,lang,author_id,referenced_tweets,text,created_at,source,entities.hashtags,entities.mentions,public_metrics.retweet_count,public_metrics.reply_count,public_metrics.like_count,public_metrics.quote_count,replied_tweet.id,replied_tweet.entities.hashtags,replied_tweet.entities.mentions,replied_tweet.entities.urls,replied_tweet.entities.annotations,replied_tweet.lang,replied_tweet.author_id,replied_tweet.public_metrics.retweet_count,replied_tweet.public_metrics.reply_count,replied_tweet.public_metrics.like_count,replied_tweet.public_metrics.quote_count,replied_tweet.text,replied_tweet.created_at,replied_tweet.source,replied_tweet.author.url,replied_tweet.author.username,replied_tweet.author.description,replied_tweet.author.name,replied_tweet.author.location,replied_tweet.author.created_at,replied_tweet.author.profile_image_url,replied_tweet.author.public_metrics.followers_count,replied_tweet.author.public_metrics.following_count,replied_tweet.author.public_metrics.tweet_count,replied_tweet.author.public_metrics.listed_count,replied_tweet.author.id,author.url,author.username,author.description,author.name,author.location,author.created_at,author.profile_image_url,author.public_metrics.followers_count,author.public_metrics.following_count,author.public_metrics.tweet_count,author.public_metrics.listed_count,author.id,entities.annotations,entities.urls
807003567605227520,1287431237951528961,en,1195094986502610945,"[{'type': 'replied_to', 'id': '1145842977807511552'}]",@realamberheard @CNNPolitics Why you pretending to care? Psychopaths have no feelings  #ambuser #AmberTurd  #JusticeForJohhnyDepp #AmberHeardIsALiar  #AmberHeardAbusedJohnnyDepp,2020-07-26T16:55:01.000Z,Twitter for iPhone,"[{'start': 87, 'end': 95, 'tag': 'ambuser'}, {'start': 96, 'end': 106, 'tag': 'AmberTurd'}, {'start': 108, 'end': 129, 'tag': 'JusticeForJohhnyDepp'}, {'start': 130, 'end': 148, 'tag': 'AmberHeardIsALiar'}, {'start': 150, 'end': 177, 'tag': 'AmberHeardAbusedJohnnyDepp'}]","[{'start': 0, 'end': 15, 'username': 'realamberheard', 'id': '807003567605227520'}, {'start': 16, 'end': 28, 'username': 'CNNPolitics', 'id': '13850422'}]",0,0,0,0,1145842977807511552,"[{'start': 127, 'end': 144, 'tag': 'SansBidenBetches'}]","[{'start': 224, 'end': 236, 'username': 'CNNPolitics', 'id': '13850422'}]","[{'start': 237, 'end': 260, 'url': 'https://t.co/liOCUghmyA', 'expanded_url': 'https://cnn.it/2NnmY61', 'display_url': 'cnn.it/2NnmY61', 'status': 403, 'unwound_url': 'https://cnn.it/2NnmY61'}]","[{'start': 19, 'end': 23, 'probability': 0.9899, 'type': 'Person', 'normalized_text': 'Biden'}, {'start': 146, 'end': 148, 'probability': 0.8038, 'type': 'Organization', 'normalized_text': 'CNN'}, {'start': 156, 'end': 161, 'probability': 0.9348, 'type': 'Person', 'normalized_text': 'Harris'}, {'start': 165, 'end': 170, 'probability': 0.9335, 'type': 'Person', 'normalized_text': 'Warren'}, {'start': 178, 'end': 182, 'probability': 0.9908, 'type': 'Person', 'normalized_text': 'Biden'}]",en,807003567605227520,29,18,202,1,"Ugh.. u don’t need Biden 2 “slide” (or go anywhere, 4 that matter) n order 4 these women 2 have f*ng slaaayed!. .they just DID #SansBidenBetches 
CNN Poll: Harris &amp; Warren rise. Biden slides after 1st Democratic debates @CNNPolitics https://t.co/liOCUghmyA",2019-07-01T23:53:49.000Z,Twitter for iPad,https://t.co/Ze18Ek9SOI,realamberheard,"Actor and Activist, semi-professional disruptor, ice cream advocate and shameless teacup yorkie-lover",Amber Heard,"Los Angeles, CA",2016-12-08T23:26:58.000Z,https://pbs.twimg.com/profile_images/1383196364792680448/N8CdupEu_normal.jpg,190463,220,1151,568,807003567605227520,,natalie81408266,Passionate about raising awareness of domestic abuse and equity for male victims. End abuse together,natalie gardner,"Manchester, England",2019-11-14T21:43:52.000Z,https://pbs.twimg.com/profile_images/1495917550097641481/CxjSAUx8_normal.jpg,86,236,1239,0,1195094986502610945,,
807003567605227520,1154934364691730433,und,886864543737098241,"[{'type': 'replied_to', 'id': '1145842977807511552'}]","@realamberheard @CNNPolitics ""February 03, 2020.""",2019-07-27T01:59:44.000Z,Twitter for Android,,"[{'start': 0, 'end': 15, 'username': 'realamberheard', 'id': '807003567605227520'}, {'start': 16, 'end': 28, 'username': 'CNNPolitics', 'id': '13850422'}]",0,0,0,0,1145842977807511552,"[{'start': 127, 'end': 144, 'tag': 'SansBidenBetches'}]","[{'start': 224, 'end': 236, 'username': 'CNNPolitics', 'id': '13850422'}]","[{'start': 237, 'end': 260, 'url': 'https://t.co/liOCUghmyA', 'expanded_url': 'https://cnn.it/2NnmY61', 'display_url': 'cnn.it/2NnmY61', 'status': 403, 'unwound_url': 'https://cnn.it/2NnmY61'}]","[{'start': 19, 'end': 23, 'probability': 0.9899, 'type': 'Person', 'normalized_text': 'Biden'}, {'start': 146, 'end': 148, 'probability': 0.8038, 'type': 'Organization', 'normalized_text': 'CNN'}, {'start': 156, 'end': 161, 'probability': 0.9348, 'type': 'Person', 'normalized_text': 'Harris'}, {'start': 165, 'end': 170, 'probability': 0.9335, 'type': 'Person', 'normalized_text': 'Warren'}, {'start': 178, 'end': 182, 'probability': 0.9908, 'type': 'Person', 'normalized_text': 'Biden'}]",en,807003567605227520,29,18,202,1,"Ugh.. u don’t need Biden 2 “slide” (or go anywhere, 4 that matter) n order 4 these women 2 have f*ng slaaayed!. .they just DID #SansBidenBetches 
CNN Poll: Harris &amp; Warren rise. Biden slides after 1st Democratic debates @CNNPolitics https://t.co/liOCUghmyA",2019-07-01T23:53:49.000Z,Twitter for iPad,https://t.co/Ze18Ek9SOI,realamberheard,"Actor and Activist, semi-professional disruptor, ice cream advocate and shameless teacup yorkie-lover",Amber Heard,"Los Angeles, CA",2016-12-08T23:26:58.000Z,https://pbs.twimg.com/profile_images/1383196364792680448/N8CdupEu_normal.jpg,190463,220,1151,568,807003567605227520,,sohilamohammedd,"Depphead 🔥
Belonged to Arthur Fleck 💕
My life is nothing but a comedy 🃏
Joaquin Phoenix🌎
#johnnydeppisinnocent
#wearewithyoujohnnydepp
#justiceforjohnnydepp",Joker's girl 🃏,With Arthur Fleck ,2017-07-17T08:25:59.000Z,https://pbs.twimg.com/profile_images/1498183049481175051/_FMTDU-u_normal.jpg,77,83,550,0,886864543737098241,,
807003567605227520,1151729695072968715,en,1085685349681188864,"[{'type': 'replied_to', 'id': '1145842977807511552'}]","@realamberheard @CNNPolitics P.S.S. THEY'RE ALL 
M A F I A , ANYWAY, MISS HEARD, DIDNT YOU KNOW THAT? TELL US, HAVE YOU BEEN APPROACHED YET,  OR MAYBE SEEN ""SOME"" THINGS? THEY'RE POISIONING PEOPLE THESE DAYS, ALL THE TIME, TOO--YOUNG &amp; OLD ALIKE!",2019-07-18T05:45:32.000Z,Twitter Web App,,"[{'start': 0, 'end': 15, 'username': 'realamberheard', 'id': '807003567605227520'}, {'start': 16, 'end': 28, 'username': 'CNNPolitics', 'id': '13850422'}]",0,0,0,0,1145842977807511552,"[{'start': 127, 'end': 144, 'tag': 'SansBidenBetches'}]","[{'start': 224, 'end': 236, 'username': 'CNNPolitics', 'id': '13850422'}]","[{'start': 237, 'end': 260, 'url': 'https://t.co/liOCUghmyA', 'expanded_url': 'https://cnn.it/2NnmY61', 'display_url': 'cnn.it/2NnmY61', 'status': 403, 'unwound_url': 'https://cnn.it/2NnmY61'}]","[{'start': 19, 'end': 23, 'probability': 0.9899, 'type': 'Person', 'normalized_text': 'Biden'}, {'start': 146, 'end': 148, 'probability': 0.8038, 'type': 'Organization', 'normalized_text': 'CNN'}, {'start': 156, 'end': 161, 'probability': 0.9348, 'type': 'Person', 'normalized_text': 'Harris'}, {'start': 165, 'end': 170, 'probability': 0.9335, 'type': 'Person', 'normalized_text': 'Warren'}, {'start': 178, 'end': 182, 'probability': 0.9908, 'type': 'Person', 'normalized_text': 'Biden'}]",en,807003567605227520,29,18,202,1,"Ugh.. u don’t need Biden 2 “slide” (or go anywhere, 4 that matter) n order 4 these women 2 have f*ng slaaayed!. .they just DID #SansBidenBetches 
CNN Poll: Harris &amp; Warren rise. Biden slides after 1st Democratic debates @CNNPolitics https://t.co/liOCUghmyA",2019-07-01T23:53:49.000Z,Twitter for iPad,https://t.co/Ze18Ek9SOI,realamberheard,"Actor and Activist, semi-professional disruptor, ice cream advocate and shameless teacup yorkie-lover",Amber Heard,"Los Angeles, CA",2016-12-08T23:26:58.000Z,https://pbs.twimg.com/profile_images/1383196364792680448/N8CdupEu_normal.jpg,190463,220,1151,568,807003567605227520,,LJ27911327,"GENUINE AUTHENTIC AMERICAN! ""WE will grieve not rather FIND STRENGTH in what remains behind,in our primal sympathy which having BEEN must ever BE"". W.WORDSWORTH",LJ,,2019-01-16T23:48:53.000Z,https://pbs.twimg.com/profile_images/1421994897482133505/1mVtj_eT_normal.jpg,72,1,2963,0,1085685349681188864,,
807003567605227520,1151664377394843648,en,1085685349681188864,"[{'type': 'replied_to', 'id': '1145842977807511552'}]","@realamberheard @CNNPolitics P.S. None of the women candidates are even close to 
CAPABLITY OR RESPONSIBLITY OF THE IRON LADY, WHICH IS WHAT USA NEEDS TO PULL TOGETHER. MARGARET THATCHER, DIDNT PUT UP WITH NONSENSE. PERIOD. (WHICH WE THINK THIS GROUP &amp; YOU ALL ARE, SERIOUSLY!",2019-07-18T01:25:59.000Z,Twitter Web App,,"[{'start': 0, 'end': 15, 'username': 'realamberheard', 'id': '807003567605227520'}, {'start': 16, 'end': 28, 'username': 'CNNPolitics', 'id': '13850422'}]",0,0,0,0,1145842977807511552,"[{'start': 127, 'end': 144, 'tag': 'SansBidenBetches'}]","[{'start': 224, 'end': 236, 'username': 'CNNPolitics', 'id': '13850422'}]","[{'start': 237, 'end': 260, 'url': 'https://t.co/liOCUghmyA', 'expanded_url': 'https://cnn.it/2NnmY61', 'display_url': 'cnn.it/2NnmY61', 'status': 403, 'unwound_url': 'https://cnn.it/2NnmY61'}]","[{'start': 19, 'end': 23, 'probability': 0.9899, 'type': 'Person', 'normalized_text': 'Biden'}, {'start': 146, 'end': 148, 'probability': 0.8038, 'type': 'Organization', 'normalized_text': 'CNN'}, {'start': 156, 'end': 161, 'probability': 0.9348, 'type': 'Person', 'normalized_text': 'Harris'}, {'start': 165, 'end': 170, 'probability': 0.9335, 'type': 'Person', 'normalized_text': 'Warren'}, {'start': 178, 'end': 182, 'probability': 0.9908, 'type': 'Person', 'normalized_text': 'Biden'}]",en,807003567605227520,29,18,202,1,"Ugh.. u don’t need Biden 2 “slide” (or go anywhere, 4 that matter) n order 4 these women 2 have f*ng slaaayed!. .they just DID #SansBidenBetches 
CNN Poll: Harris &amp; Warren rise. Biden slides after 1st Democratic debates @CNNPolitics https://t.co/liOCUghmyA",2019-07-01T23:53:49.000Z,Twitter for iPad,https://t.co/Ze18Ek9SOI,realamberheard,"Actor and Activist, semi-professional disruptor, ice cream advocate and shameless teacup yorkie-lover",Amber Heard,"Los Angeles, CA",2016-12-08T23:26:58.000Z,https://pbs.twimg.com/profile_images/1383196364792680448/N8CdupEu_normal.jpg,190463,220,1151,568,807003567605227520,,LJ27911327,"GENUINE AUTHENTIC AMERICAN! ""WE will grieve not rather FIND STRENGTH in what remains behind,in our primal sympathy which having BEEN must ever BE"". W.WORDSWORTH",LJ,,2019-01-16T23:48:53.000Z,https://pbs.twimg.com/profile_images/1421994897482133505/1mVtj_eT_normal.jpg,72,1,2963,0,1085685349681188864,"[{'start': 141, 'end': 143, 'probability': 0.9372, 'type': 'Place', 'normalized_text': 'USA'}, {'start': 169, 'end': 185, 'probability': 0.9828, 'type': 'Person', 'normalized_text': 'MARGARET THATCHER'}]",
807003567605227520,1151662946520580097,en,1085685349681188864,"[{'type': 'replied_to', 'id': '1145842977807511552'}]","@realamberheard @CNNPolitics Watch ur profanity, Miss HEARD, true alley cats whine &amp; claw, when theyre not getting any. Remember HILLARY Clinton was always high in POLLS,yet,TRUMP won. Further,why would u fraudulently lead OTHERS ASTRAY from abuse of ""WHERE the BOYS are"" hometown,J.D.?Youre no real Mera!",2019-07-18T01:20:17.000Z,Twitter Web App,,"[{'start': 0, 'end': 15, 'username': 'realamberheard', 'id': '807003567605227520'}, {'start': 16, 'end': 28, 'username': 'CNNPolitics', 'id': '13850422'}]",0,0,0,0,1145842977807511552,"[{'start': 127, 'end': 144, 'tag': 'SansBidenBetches'}]","[{'start': 224, 'end': 236, 'username': 'CNNPolitics', 'id': '13850422'}]","[{'start': 237, 'end': 260, 'url': 'https://t.co/liOCUghmyA', 'expanded_url': 'https://cnn.it/2NnmY61', 'display_url': 'cnn.it/2NnmY61', 'status': 403, 'unwound_url': 'https://cnn.it/2NnmY61'}]","[{'start': 19, 'end': 23, 'probability': 0.9899, 'type': 'Person', 'normalized_text': 'Biden'}, {'start': 146, 'end': 148, 'probability': 0.8038, 'type': 'Organization', 'normalized_text': 'CNN'}, {'start': 156, 'end': 161, 'probability': 0.9348, 'type': 'Person', 'normalized_text': 'Harris'}, {'start': 165, 'end': 170, 'probability': 0.9335, 'type': 'Person', 'normalized_text': 'Warren'}, {'start': 178, 'end': 182, 'probability': 0.9908, 'type': 'Person', 'normalized_text': 'Biden'}]",en,807003567605227520,29,18,202,1,"Ugh.. u don’t need Biden 2 “slide” (or go anywhere, 4 that matter) n order 4 these women 2 have f*ng slaaayed!. .they just DID #SansBidenBetches 
CNN Poll: Harris &amp; Warren rise. Biden slides after 1st Democratic debates @CNNPolitics https://t.co/liOCUghmyA",2019-07-01T23:53:49.000Z,Twitter for iPad,https://t.co/Ze18Ek9SOI,realamberheard,"Actor and Activist, semi-professional disruptor, ice cream advocate and shameless teacup yorkie-lover",Amber Heard,"Los Angeles, CA",2016-12-08T23:26:58.000Z,https://pbs.twimg.com/profile_images/1383196364792680448/N8CdupEu_normal.jpg,190463,220,1151,568,807003567605227520,,LJ27911327,"GENUINE AUTHENTIC AMERICAN! ""WE will grieve not rather FIND STRENGTH in what remains behind,in our primal sympathy which having BEEN must ever BE"". W.WORDSWORTH",LJ,,2019-01-16T23:48:53.000Z,https://pbs.twimg.com/profile_images/1421994897482133505/1mVtj_eT_normal.jpg,72,1,2963,0,1085685349681188864,"[{'start': 129, 'end': 143, 'probability': 0.9881, 'type': 'Person', 'normalized_text': 'HILLARY Clinton'}, {'start': 174, 'end': 178, 'probability': 0.9991, 'type': 'Person', 'normalized_text': 'TRUMP'}]",
4396120342,1146084805869625345,en,550783216,"[{'type': 'replied_to', 'id': '1145846431057698816'}]",@stirgussa @realamberheard @CNNPolitics Yo.  Did you see Franco is getting a subpoena?  Gonna get pretty interesting I should say 😂,2019-07-02T15:54:45.000Z,Twitter for Android,,"[{'start': 0, 'end': 10, 'username': 'stirgussa', 'id': '4396120342'}, {'start': 11, 'end': 26, 'username': 'realamberheard', 'id': '807003567605227520'}, {'start': 27, 'end': 39, 'username': 'CNNPolitics', 'id': '13850422'}]",0,0,1,0,1145842977807511552,"[{'start': 127, 'end': 144, 'tag': 'SansBidenBetches'}]","[{'start': 224, 'end': 236, 'username': 'CNNPolitics', 'id': '13850422'}]","[{'start': 237, 'end': 260, 'url': 'https://t.co/liOCUghmyA', 'expanded_url': 'https://cnn.it/2NnmY61', 'display_url': 'cnn.it/2NnmY61', 'status': 403, 'unwound_url': 'https://cnn.it/2NnmY61'}]","[{'start': 19, 'end': 23, 'probability': 0.9899, 'type': 'Person', 'normalized_text': 'Biden'}, {'start': 146, 'end': 148, 'probability': 0.8038, 'type': 'Organization', 'normalized_text': 'CNN'}, {'start': 156, 'end': 161, 'probability': 0.9348, 'type': 'Person', 'normalized_text': 'Harris'}, {'start': 165, 'end': 170, 'probability': 0.9335, 'type': 'Person', 'normalized_text': 'Warren'}, {'start': 178, 'end': 182, 'probability': 0.9908, 'type': 'Person', 'normalized_text': 'Biden'}]",en,807003567605227520,29,18,202,1,"Ugh.. u don’t need Biden 2 “slide” (or go anywhere, 4 that matter) n order 4 these women 2 have f*ng slaaayed!. .they just DID #SansBidenBetches 
CNN Poll: Harris &amp; Warren rise. Biden slides after 1st Democratic debates @CNNPolitics https://t.co/liOCUghmyA",2019-07-01T23:53:49.000Z,Twitter for iPad,https://t.co/Ze18Ek9SOI,realamberheard,"Actor and Activist, semi-professional disruptor, ice cream advocate and shameless teacup yorkie-lover",Amber Heard,"Los Angeles, CA",2016-12-08T23:26:58.000Z,https://pbs.twimg.com/profile_images/1383196364792680448/N8CdupEu_normal.jpg,190463,220,1151,568,807003567605227520,,outlandishshene,,Outlandishshenanigans,,2012-04-11T07:29:11.000Z,https://pbs.twimg.com/profile_images/1275962961257918465/tYnsADSJ_normal.jpg,127,29,2628,0,550783216,"[{'start': 57, 'end': 62, 'probability': 0.9936, 'type': 'Person', 'normalized_text': 'Franco'}]",
807003567605227520,1145916552971083777,en,1110053201775128586,"[{'type': 'replied_to', 'id': '1145842977807511552'}]","@realamberheard @CNNPolitics You won't be able to vote Harris probably you'd be in jail at that time.😆😆
No worries you could cheer her up from your jail cell though.",2019-07-02T04:46:10.000Z,Twitter for Android,,"[{'start': 0, 'end': 15, 'username': 'realamberheard', 'id': '807003567605227520'}, {'start': 16, 'end': 28, 'username': 'CNNPolitics', 'id': '13850422'}]",0,0,3,0,1145842977807511552,"[{'start': 127, 'end': 144, 'tag': 'SansBidenBetches'}]","[{'start': 224, 'end': 236, 'username': 'CNNPolitics', 'id': '13850422'}]","[{'start': 237, 'end': 260, 'url': 'https://t.co/liOCUghmyA', 'expanded_url': 'https://cnn.it/2NnmY61', 'display_url': 'cnn.it/2NnmY61', 'status': 403, 'unwound_url': 'https://cnn.it/2NnmY61'}]","[{'start': 19, 'end': 23, 'probability': 0.9899, 'type': 'Person', 'normalized_text': 'Biden'}, {'start': 146, 'end': 148, 'probability': 0.8038, 'type': 'Organization', 'normalized_text': 'CNN'}, {'start': 156, 'end': 161, 'probability': 0.9348, 'type': 'Person', 'normalized_text': 'Harris'}, {'start': 165, 'end': 170, 'probability': 0.9335, 'type': 'Person', 'normalized_text': 'Warren'}, {'start': 178, 'end': 182, 'probability': 0.9908, 'type': 'Person', 'normalized_text': 'Biden'}]",en,807003567605227520,29,18,202,1,"Ugh.. u don’t need Biden 2 “slide” (or go anywhere, 4 that matter) n order 4 these women 2 have f*ng slaaayed!. .they just DID #SansBidenBetches 
CNN Poll: Harris &amp; Warren rise. Biden slides after 1st Democratic debates @CNNPolitics https://t.co/liOCUghmyA",2019-07-01T23:53:49.000Z,Twitter for iPad,https://t.co/Ze18Ek9SOI,realamberheard,"Actor and Activist, semi-professional disruptor, ice cream advocate and shameless teacup yorkie-lover",Amber Heard,"Los Angeles, CA",2016-12-08T23:26:58.000Z,https://pbs.twimg.com/profile_images/1383196364792680448/N8CdupEu_normal.jpg,190463,220,1151,568,807003567605227520,,Sarah_Zarin,"Stuff I love #BritishPeriodDrama #JohnnyDepp #Lucifer #TheOriginals
Proud to be a part of my fabulous fandom.🙌",S e r e i n,Geographically displaced,2019-03-25T05:38:01.000Z,https://pbs.twimg.com/profile_images/1323360120894492677/0BIAJYWw_normal.jpg,307,243,10996,0,1110053201775128586,"[{'start': 55, 'end': 60, 'probability': 0.989, 'type': 'Person', 'normalized_text': 'Harris'}]",
807003567605227520,1145891918724943873,en,1050721822092812289,"[{'type': 'replied_to', 'id': '1145842977807511552'}]",@realamberheard @CNNPolitics Her own makeup artist trying to say it’s not Johnnys ding when Amber herself sold the pictures to tabloids twisting what she did to Johnny. 🤮ps not my conversation! The whole conversation can be found at @HerWarhammer page! DV is a big deal and no one should suffer this tragedy https://t.co/KzGeFJkn6n,2019-07-02T03:08:17.000Z,Twitter for iPhone,,"[{'start': 0, 'end': 15, 'username': 'realamberheard', 'id': '807003567605227520'}, {'start': 16, 'end': 28, 'username': 'CNNPolitics', 'id': '13850422'}, {'start': 233, 'end': 246, 'username': 'HERWARHAMMER', 'id': '794673761329016832'}]",0,0,5,0,1145842977807511552,"[{'start': 127, 'end': 144, 'tag': 'SansBidenBetches'}]","[{'start': 224, 'end': 236, 'username': 'CNNPolitics', 'id': '13850422'}]","[{'start': 237, 'end': 260, 'url': 'https://t.co/liOCUghmyA', 'expanded_url': 'https://cnn.it/2NnmY61', 'display_url': 'cnn.it/2NnmY61', 'status': 403, 'unwound_url': 'https://cnn.it/2NnmY61'}]","[{'start': 19, 'end': 23, 'probability': 0.9899, 'type': 'Person', 'normalized_text': 'Biden'}, {'start': 146, 'end': 148, 'probability': 0.8038, 'type': 'Organization', 'normalized_text': 'CNN'}, {'start': 156, 'end': 161, 'probability': 0.9348, 'type': 'Person', 'normalized_text': 'Harris'}, {'start': 165, 'end': 170, 'probability': 0.9335, 'type': 'Person', 'normalized_text': 'Warren'}, {'start': 178, 'end': 182, 'probability': 0.9908, 'type': 'Person', 'normalized_text': 'Biden'}]",en,807003567605227520,29,18,202,1,"Ugh.. u don’t need Biden 2 “slide” (or go anywhere, 4 that matter) n order 4 these women 2 have f*ng slaaayed!. .they just DID #SansBidenBetches 
CNN Poll: Harris &amp; Warren rise. Biden slides after 1st Democratic debates @CNNPolitics https://t.co/liOCUghmyA",2019-07-01T23:53:49.000Z,Twitter for iPad,https://t.co/Ze18Ek9SOI,realamberheard,"Actor and Activist, semi-professional disruptor, ice cream advocate and shameless teacup yorkie-lover",Amber Heard,"Los Angeles, CA",2016-12-08T23:26:58.000Z,https://pbs.twimg.com/profile_images/1383196364792680448/N8CdupEu_normal.jpg,190463,220,1151,568,807003567605227520,,teamdepp_,•✿ Johnny is definition of love ✿•,Susan,#ibelievehim,2018-10-12T12:16:18.000Z,https://pbs.twimg.com/profile_images/1340701831975096320/g92j12jM_normal.jpg,412,300,12987,1,1050721822092812289,"[{'start': 74, 'end': 80, 'probability': 0.5907, 'type': 'Person', 'normalized_text': 'Johnnys'}, {'start': 92, 'end': 96, 'probability': 0.9774, 'type': 'Person', 'normalized_text': 'Amber'}, {'start': 161, 'end': 166, 'probability': 0.9311, 'type': 'Person', 'normalized_text': 'Johnny'}, {'start': 169, 'end': 172, 'probability': 0.5458, 'type': 'Person', 'normalized_text': '🤮ps'}]","[{'start': 308, 'end': 331, 'url': 'https://t.co/KzGeFJkn6n', 'expanded_url': 'https://twitter.com/teamdepp_/status/1145891918724943873/photo/1', 'display_url': 'pic.twitter.com/KzGeFJkn6n'}, {'start': 308, 'end': 331, 'url': 'https://t.co/KzGeFJkn6n', 'expanded_url': 'https://twitter.com/teamdepp_/status/1145891918724943873/photo/1', 'display_url': 'pic.twitter.com/KzGeFJkn6n'}]"
1002953188381687809,1145864164306554880,en,1002953188381687809,"[{'type': 'replied_to', 'id': '1145859890298204160'}]",@realamberheard @CNNPolitics And there's a bunch of them!,2019-07-02T01:18:00.000Z,Twitter for Android,,"[{'start': 0, 'end': 15, 'username': 'realamberheard', 'id': '807003567605227520'}, {'start': 16, 'end': 28, 'username': 'CNNPolitics', 'id': '13850422'}]",0,0,0,0,1145842977807511552,"[{'start': 127, 'end': 144, 'tag': 'SansBidenBetches'}]","[{'start': 224, 'end': 236, 'username': 'CNNPolitics', 'id': '13850422'}]","[{'start': 237, 'end': 260, 'url': 'https://t.co/liOCUghmyA', 'expanded_url': 'https://cnn.it/2NnmY61', 'display_url': 'cnn.it/2NnmY61', 'status': 403, 'unwound_url': 'https://cnn.it/2NnmY61'}]","[{'start': 19, 'end': 23, 'probability': 0.9899, 'type': 'Person', 'normalized_text': 'Biden'}, {'start': 146, 'end': 148, 'probability': 0.8038, 'type': 'Organization', 'normalized_text': 'CNN'}, {'start': 156, 'end': 161, 'probability': 0.9348, 'type': 'Person', 'normalized_text': 'Harris'}, {'start': 165, 'end': 170, 'probability': 0.9335, 'type': 'Person', 'normalized_text': 'Warren'}, {'start': 178, 'end': 182, 'probability': 0.9908, 'type': 'Person', 'normalized_text': 'Biden'}]",en,807003567605227520,29,18,202,1,"Ugh.. u don’t need Biden 2 “slide” (or go anywhere, 4 that matter) n order 4 these women 2 have f*ng slaaayed!. .they just DID #SansBidenBetches 
CNN Poll: Harris &amp; Warren rise. Biden slides after 1st Democratic debates @CNNPolitics https://t.co/liOCUghmyA",2019-07-01T23:53:49.000Z,Twitter for iPad,https://t.co/Ze18Ek9SOI,realamberheard,"Actor and Activist, semi-professional disruptor, ice cream advocate and shameless teacup yorkie-lover",Amber Heard,"Los Angeles, CA",2016-12-08T23:26:58.000Z,https://pbs.twimg.com/profile_images/1383196364792680448/N8CdupEu_normal.jpg,190463,220,1151,568,807003567605227520,https://t.co/RjqtPAi4wC,DevillineS,"Fantasy/Horror Writer,Poet&Photographer,All rights reserved 2022;Wiccan,Domestic Abuse Survivor.What makes the night in us may leave stars in us-Victor Hugo",Devilline Stone,"Salem, MA",2018-06-02T16:40:48.000Z,https://pbs.twimg.com/profile_images/1017878113357836288/0ioYwBnO_normal.jpg,24829,9406,14404,259,1002953188381687809,,
807003567605227520,1145859890298204160,en,1002953188381687809,"[{'type': 'replied_to', 'id': '1145842977807511552'}]",@realamberheard @CNNPolitics What will be the just establishment of a woman as president is a candidate elected based on one's true abilities. Comparing candidates based on gender will hinder this process. I respect a woman who makes a point not to identify her candidacy with gender. She may just get my vote,2019-07-02T01:01:01.000Z,Twitter for Android,,"[{'start': 0, 'end': 15, 'username': 'realamberheard', 'id': '807003567605227520'}, {'start': 16, 'end': 28, 'username': 'CNNPolitics', 'id': '13850422'}]",0,1,5,0,1145842977807511552,"[{'start': 127, 'end': 144, 'tag': 'SansBidenBetches'}]","[{'start': 224, 'end': 236, 'username': 'CNNPolitics', 'id': '13850422'}]","[{'start': 237, 'end': 260, 'url': 'https://t.co/liOCUghmyA', 'expanded_url': 'https://cnn.it/2NnmY61', 'display_url': 'cnn.it/2NnmY61', 'status': 403, 'unwound_url': 'https://cnn.it/2NnmY61'}]","[{'start': 19, 'end': 23, 'probability': 0.9899, 'type': 'Person', 'normalized_text': 'Biden'}, {'start': 146, 'end': 148, 'probability': 0.8038, 'type': 'Organization', 'normalized_text': 'CNN'}, {'start': 156, 'end': 161, 'probability': 0.9348, 'type': 'Person', 'normalized_text': 'Harris'}, {'start': 165, 'end': 170, 'probability': 0.9335, 'type': 'Person', 'normalized_text': 'Warren'}, {'start': 178, 'end': 182, 'probability': 0.9908, 'type': 'Person', 'normalized_text': 'Biden'}]",en,807003567605227520,29,18,202,1,"Ugh.. u don’t need Biden 2 “slide” (or go anywhere, 4 that matter) n order 4 these women 2 have f*ng slaaayed!. .they just DID #SansBidenBetches 
CNN Poll: Harris &amp; Warren rise. Biden slides after 1st Democratic debates @CNNPolitics https://t.co/liOCUghmyA",2019-07-01T23:53:49.000Z,Twitter for iPad,https://t.co/Ze18Ek9SOI,realamberheard,"Actor and Activist, semi-professional disruptor, ice cream advocate and shameless teacup yorkie-lover",Amber Heard,"Los Angeles, CA",2016-12-08T23:26:58.000Z,https://pbs.twimg.com/profile_images/1383196364792680448/N8CdupEu_normal.jpg,190463,220,1151,568,807003567605227520,https://t.co/RjqtPAi4wC,DevillineS,"Fantasy/Horror Writer,Poet&Photographer,All rights reserved 2022;Wiccan,Domestic Abuse Survivor.What makes the night in us may leave stars in us-Victor Hugo",Devilline Stone,"Salem, MA",2018-06-02T16:40:48.000Z,https://pbs.twimg.com/profile_images/1017878113357836288/0ioYwBnO_normal.jpg,24829,9406,14404,259,1002953188381687809,,
807003567605227520,1145852797633650691,cy,2283448712,"[{'type': 'replied_to', 'id': '1145842977807511552'}]",@realamberheard @CNNPolitics Elizabeth 👍👍👍💯💯💯💯💯💯💯🙏🙏🙏,2019-07-02T00:32:50.000Z,Twitter Web App,,"[{'start': 0, 'end': 15, 'username': 'realamberheard', 'id': '807003567605227520'}, {'start': 16, 'end': 28, 'username': 'CNNPolitics', 'id': '13850422'}]",0,0,1,0,1145842977807511552,"[{'start': 127, 'end': 144, 'tag': 'SansBidenBetches'}]","[{'start': 224, 'end': 236, 'username': 'CNNPolitics', 'id': '13850422'}]","[{'start': 237, 'end': 260, 'url': 'https://t.co/liOCUghmyA', 'expanded_url': 'https://cnn.it/2NnmY61', 'display_url': 'cnn.it/2NnmY61', 'status': 403, 'unwound_url': 'https://cnn.it/2NnmY61'}]","[{'start': 19, 'end': 23, 'probability': 0.9899, 'type': 'Person', 'normalized_text': 'Biden'}, {'start': 146, 'end': 148, 'probability': 0.8038, 'type': 'Organization', 'normalized_text': 'CNN'}, {'start': 156, 'end': 161, 'probability': 0.9348, 'type': 'Person', 'normalized_text': 'Harris'}, {'start': 165, 'end': 170, 'probability': 0.9335, 'type': 'Person', 'normalized_text': 'Warren'}, {'start': 178, 'end': 182, 'probability': 0.9908, 'type': 'Person', 'normalized_text': 'Biden'}]",en,807003567605227520,29,18,202,1,"Ugh.. u don’t need Biden 2 “slide” (or go anywhere, 4 that matter) n order 4 these women 2 have f*ng slaaayed!. .they just DID #SansBidenBetches 
CNN Poll: Harris &amp; Warren rise. Biden slides after 1st Democratic debates @CNNPolitics https://t.co/liOCUghmyA",2019-07-01T23:53:49.000Z,Twitter for iPad,https://t.co/Ze18Ek9SOI,realamberheard,"Actor and Activist, semi-professional disruptor, ice cream advocate and shameless teacup yorkie-lover",Amber Heard,"Los Angeles, CA",2016-12-08T23:26:58.000Z,https://pbs.twimg.com/profile_images/1383196364792680448/N8CdupEu_normal.jpg,190463,220,1151,568,807003567605227520,,cupoftea890,,vickie,,2014-01-09T11:27:40.000Z,https://pbs.twimg.com/profile_images/498434710565969920/iXpyyw8Q_normal.jpeg,15,374,12521,2,2283448712,,
807003567605227520,1145846838697742336,en,3216078659,"[{'type': 'replied_to', 'id': '1145842977807511552'}]","@realamberheard @CNNPolitics ""That represents a 10-point decline in support for Biden since the last CNN poll in May, while Harris, of California, has posted a 9-point increase, and Warren, of Massachusetts, has boosted her support by 8 points.""👏👏👏👏👏",2019-07-02T00:09:09.000Z,Twitter Web Client,,"[{'start': 0, 'end': 15, 'username': 'realamberheard', 'id': '807003567605227520'}, {'start': 16, 'end': 28, 'username': 'CNNPolitics', 'id': '13850422'}]",0,0,1,0,1145842977807511552,"[{'start': 127, 'end': 144, 'tag': 'SansBidenBetches'}]","[{'start': 224, 'end': 236, 'username': 'CNNPolitics', 'id': '13850422'}]","[{'start': 237, 'end': 260, 'url': 'https://t.co/liOCUghmyA', 'expanded_url': 'https://cnn.it/2NnmY61', 'display_url': 'cnn.it/2NnmY61', 'status': 403, 'unwound_url': 'https://cnn.it/2NnmY61'}]","[{'start': 19, 'end': 23, 'probability': 0.9899, 'type': 'Person', 'normalized_text': 'Biden'}, {'start': 146, 'end': 148, 'probability': 0.8038, 'type': 'Organization', 'normalized_text': 'CNN'}, {'start': 156, 'end': 161, 'probability': 0.9348, 'type': 'Person', 'normalized_text': 'Harris'}, {'start': 165, 'end': 170, 'probability': 0.9335, 'type': 'Person', 'normalized_text': 'Warren'}, {'start': 178, 'end': 182, 'probability': 0.9908, 'type': 'Person', 'normalized_text': 'Biden'}]",en,807003567605227520,29,18,202,1,"Ugh.. u don’t need Biden 2 “slide” (or go anywhere, 4 that matter) n order 4 these women 2 have f*ng slaaayed!. .they just DID #SansBidenBetches 
CNN Poll: Harris &amp; Warren rise. Biden slides after 1st Democratic debates @CNNPolitics https://t.co/liOCUghmyA",2019-07-01T23:53:49.000Z,Twitter for iPad,https://t.co/Ze18Ek9SOI,realamberheard,"Actor and Activist, semi-professional disruptor, ice cream advocate and shameless teacup yorkie-lover",Amber Heard,"Los Angeles, CA",2016-12-08T23:26:58.000Z,https://pbs.twimg.com/profile_images/1383196364792680448/N8CdupEu_normal.jpg,190463,220,1151,568,807003567605227520,,GGCIR8991,"On the internet, you can be pretty much anything you want, it's just kinda weird that so many people choose to be idiots and assholes",GGCIR8991,,2015-04-28T07:17:35.000Z,https://pbs.twimg.com/profile_images/1501219816522219520/SQVX3N2b_normal.jpg,1464,1324,163149,17,3216078659,"[{'start': 80, 'end': 84, 'probability': 0.9905, 'type': 'Person', 'normalized_text': 'Biden'}, {'start': 101, 'end': 103, 'probability': 0.994, 'type': 'Organization', 'normalized_text': 'CNN'}, {'start': 124, 'end': 129, 'probability': 0.9489, 'type': 'Person', 'normalized_text': 'Harris'}, {'start': 135, 'end': 144, 'probability': 0.8951, 'type': 'Place', 'normalized_text': 'California'}, {'start': 182, 'end': 187, 'probability': 0.6025, 'type': 'Person', 'normalized_text': 'Warren'}, {'start': 193, 'end': 205, 'probability': 0.8615, 'type': 'Place', 'normalized_text': 'Massachusetts'}]",
807003567605227520,1145846431057698816,en,4396120342,"[{'type': 'replied_to', 'id': '1145842977807511552'}]",@realamberheard @CNNPolitics Oh but a women can't exist in an independent dimension other than in function of their role in men's lives #sarcasm https://t.co/1PHJNjJQtK,2019-07-02T00:07:32.000Z,Twitter for Android,"[{'start': 136, 'end': 144, 'tag': 'sarcasm'}]","[{'start': 0, 'end': 15, 'username': 'realamberheard', 'id': '807003567605227520'}, {'start': 16, 'end': 28, 'username': 'CNNPolitics', 'id': '13850422'}]",0,1,3,0,1145842977807511552,"[{'start': 127, 'end': 144, 'tag': 'SansBidenBetches'}]","[{'start': 224, 'end': 236, 'username': 'CNNPolitics', 'id': '13850422'}]","[{'start': 237, 'end': 260, 'url': 'https://t.co/liOCUghmyA', 'expanded_url': 'https://cnn.it/2NnmY61', 'display_url': 'cnn.it/2NnmY61', 'status': 403, 'unwound_url': 'https://cnn.it/2NnmY61'}]","[{'start': 19, 'end': 23, 'probability': 0.9899, 'type': 'Person', 'normalized_text': 'Biden'}, {'start': 146, 'end': 148, 'probability': 0.8038, 'type': 'Organization', 'normalized_text': 'CNN'}, {'start': 156, 'end': 161, 'probability': 0.9348, 'type': 'Person', 'normalized_text': 'Harris'}, {'start': 165, 'end': 170, 'probability': 0.9335, 'type': 'Person', 'normalized_text': 'Warren'}, {'start': 178, 'end': 182, 'probability': 0.9908, 'type': 'Person', 'normalized_text': 'Biden'}]",en,807003567605227520,29,18,202,1,"Ugh.. u don’t need Biden 2 “slide” (or go anywhere, 4 that matter) n order 4 these women 2 have f*ng slaaayed!. .they just DID #SansBidenBetches 
CNN Poll: Harris &amp; Warren rise. Biden slides after 1st Democratic debates @CNNPolitics https://t.co/liOCUghmyA",2019-07-01T23:53:49.000Z,Twitter for iPad,https://t.co/Ze18Ek9SOI,realamberheard,"Actor and Activist, semi-professional disruptor, ice cream advocate and shameless teacup yorkie-lover",Amber Heard,"Los Angeles, CA",2016-12-08T23:26:58.000Z,https://pbs.twimg.com/profile_images/1383196364792680448/N8CdupEu_normal.jpg,190463,220,1151,568,807003567605227520,,stirgussa,"Only two things are infinite, the universe and human stupidity, and I'm not sure about the former. - Albert Einstein and Me!",STIRGUS SACCHETTI,,2015-12-06T17:21:06.000Z,https://pbs.twimg.com/profile_images/1378175478478082050/UKLiQPuk_normal.jpg,678,296,58622,26,4396120342,,"[{'start': 145, 'end': 168, 'url': 'https://t.co/1PHJNjJQtK', 'expanded_url': 'https://twitter.com/stirgussa/status/1145846431057698816/photo/1', 'display_url': 'pic.twitter.com/1PHJNjJQtK'}]"
807003567605227520,1145846294885404676,en,337498972,"[{'type': 'replied_to', 'id': '1145842977807511552'}]",@realamberheard @CNNPolitics I'M FOR GABBOARD AND YANG,2019-07-02T00:07:00.000Z,Twitter Web Client,,"[{'start': 0, 'end': 15, 'username': 'realamberheard', 'id': '807003567605227520'}, {'start': 16, 'end': 28, 'username': 'CNNPolitics', 'id': '13850422'}]",0,0,0,0,1145842977807511552,"[{'start': 127, 'end': 144, 'tag': 'SansBidenBetches'}]","[{'start': 224, 'end': 236, 'username': 'CNNPolitics', 'id': '13850422'}]","[{'start': 237, 'end': 260, 'url': 'https://t.co/liOCUghmyA', 'expanded_url': 'https://cnn.it/2NnmY61', 'display_url': 'cnn.it/2NnmY61', 'status': 403, 'unwound_url': 'https://cnn.it/2NnmY61'}]","[{'start': 19, 'end': 23, 'probability': 0.9899, 'type': 'Person', 'normalized_text': 'Biden'}, {'start': 146, 'end': 148, 'probability': 0.8038, 'type': 'Organization', 'normalized_text': 'CNN'}, {'start': 156, 'end': 161, 'probability': 0.9348, 'type': 'Person', 'normalized_text': 'Harris'}, {'start': 165, 'end': 170, 'probability': 0.9335, 'type': 'Person', 'normalized_text': 'Warren'}, {'start': 178, 'end': 182, 'probability': 0.9908, 'type': 'Person', 'normalized_text': 'Biden'}]",en,807003567605227520,29,18,202,1,"Ugh.. u don’t need Biden 2 “slide” (or go anywhere, 4 that matter) n order 4 these women 2 have f*ng slaaayed!. .they just DID #SansBidenBetches 
CNN Poll: Harris &amp; Warren rise. Biden slides after 1st Democratic debates @CNNPolitics https://t.co/liOCUghmyA",2019-07-01T23:53:49.000Z,Twitter for iPad,https://t.co/Ze18Ek9SOI,realamberheard,"Actor and Activist, semi-professional disruptor, ice cream advocate and shameless teacup yorkie-lover",Amber Heard,"Los Angeles, CA",2016-12-08T23:26:58.000Z,https://pbs.twimg.com/profile_images/1383196364792680448/N8CdupEu_normal.jpg,190463,220,1151,568,807003567605227520,https://t.co/3uTgdC4GKT,WomenIMRL,Freelance Artist,Dwain Morris Beep/Bop/Boop,,2011-07-18T03:45:18.000Z,https://pbs.twimg.com/profile_images/856272758900219905/5DssP_jo_normal.jpg,2434,1948,29606,60,337498972,,
807003567605227520,1145844316843040768,en,124685977,"[{'type': 'replied_to', 'id': '1145842977807511552'}]",@realamberheard @CNNPolitics can they run the country together?,2019-07-01T23:59:08.000Z,Twitter Web Client,,"[{'start': 0, 'end': 15, 'username': 'realamberheard', 'id': '807003567605227520'}, {'start': 16, 'end': 28, 'username': 'CNNPolitics', 'id': '13850422'}]",0,0,0,0,1145842977807511552,"[{'start': 127, 'end': 144, 'tag': 'SansBidenBetches'}]","[{'start': 224, 'end': 236, 'username': 'CNNPolitics', 'id': '13850422'}]","[{'start': 237, 'end': 260, 'url': 'https://t.co/liOCUghmyA', 'expanded_url': 'https://cnn.it/2NnmY61', 'display_url': 'cnn.it/2NnmY61', 'status': 403, 'unwound_url': 'https://cnn.it/2NnmY61'}]","[{'start': 19, 'end': 23, 'probability': 0.9899, 'type': 'Person', 'normalized_text': 'Biden'}, {'start': 146, 'end': 148, 'probability': 0.8038, 'type': 'Organization', 'normalized_text': 'CNN'}, {'start': 156, 'end': 161, 'probability': 0.9348, 'type': 'Person', 'normalized_text': 'Harris'}, {'start': 165, 'end': 170, 'probability': 0.9335, 'type': 'Person', 'normalized_text': 'Warren'}, {'start': 178, 'end': 182, 'probability': 0.9908, 'type': 'Person', 'normalized_text': 'Biden'}]",en,807003567605227520,29,18,202,1,"Ugh.. u don’t need Biden 2 “slide” (or go anywhere, 4 that matter) n order 4 these women 2 have f*ng slaaayed!. .they just DID #SansBidenBetches 
CNN Poll: Harris &amp; Warren rise. Biden slides after 1st Democratic debates @CNNPolitics https://t.co/liOCUghmyA",2019-07-01T23:53:49.000Z,Twitter for iPad,https://t.co/Ze18Ek9SOI,realamberheard,"Actor and Activist, semi-professional disruptor, ice cream advocate and shameless teacup yorkie-lover",Amber Heard,"Los Angeles, CA",2016-12-08T23:26:58.000Z,https://pbs.twimg.com/profile_images/1383196364792680448/N8CdupEu_normal.jpg,190463,220,1151,568,807003567605227520,,dentitexx,,flossy,,2010-03-20T06:32:36.000Z,https://pbs.twimg.com/profile_images/938453982829199360/PO53hO8w_normal.jpg,151,1152,2234,3,124685977,,
