created_at,source,referenced_tweets,lang,id,in_reply_to_user_id,text,author_id,entities.hashtags,entities.mentions,public_metrics.retweet_count,public_metrics.reply_count,public_metrics.like_count,public_metrics.quote_count,replied_tweet.created_at,replied_tweet.source,replied_tweet.entities.urls,replied_tweet.entities.mentions,replied_tweet.entities.annotations,replied_tweet.lang,replied_tweet.id,replied_tweet.text,replied_tweet.author_id,replied_tweet.public_metrics.retweet_count,replied_tweet.public_metrics.reply_count,replied_tweet.public_metrics.like_count,replied_tweet.public_metrics.quote_count,replied_tweet.author.url,replied_tweet.author.username,replied_tweet.author.description,replied_tweet.author.id,replied_tweet.author.location,replied_tweet.author.profile_image_url,replied_tweet.author.created_at,replied_tweet.author.public_metrics.followers_count,replied_tweet.author.public_metrics.following_count,replied_tweet.author.public_metrics.tweet_count,replied_tweet.author.public_metrics.listed_count,replied_tweet.author.name,author.url,author.username,author.description,author.id,author.location,author.profile_image_url,author.created_at,author.public_metrics.followers_count,author.public_metrics.following_count,author.public_metrics.tweet_count,author.public_metrics.listed_count,author.name,entities.annotations,entities.urls
2019-09-11T23:58:32.000Z,Twitter for iPhone,"[{'type': 'replied_to', 'id': '1148298409570263040'}]",en,1171936093098266626,807003567605227520,@realamberheard @AmberHe73918705 @iOlovesyou Karma is coming AH ! Nothing you can try to stop it! The people already have the documentation of your lies and your friends lies ! You are no spokesperson for women! You are equal you beat men and women! #February ! Time to pay up!,927708662642065409,"[{'start': 250, 'end': 259, 'tag': 'February'}]","[{'start': 0, 'end': 15, 'username': 'realamberheard', 'id': '807003567605227520'}, {'start': 16, 'end': 32, 'username': 'AmberHe73918705', 'id': '1119355599626620933'}, {'start': 33, 'end': 44, 'username': 'iOlovesyou', 'id': '210991825'}]",0,0,0,0,2019-07-08T18:30:49.000Z,Twitter for iPad,"[{'start': 217, 'end': 240, 'url': 'https://t.co/Dn5IImuOc7', 'expanded_url': 'https://podcasts.apple.com/us/podcast/the-ballad-of-billy-balls-the-rfk-tapes/id1391405921', 'display_url': 'podcasts.apple.com/us/podcast/the…', 'status': 200, 'unwound_url': 'https://podcasts.apple.com/us/podcast/the-ballad-of-billy-balls-the-rfk-tapes/id1391405921'}]","[{'start': 2, 'end': 13, 'username': 'iOlovesyou', 'id': '210991825'}]","[{'start': 79, 'end': 89, 'probability': 0.2741, 'type': 'Other', 'normalized_text': 'Billy Balls'}]",en,1148298409570263040,"⁦⁦@iOlovesyou⁩ wrapped up the insanely great &amp; beautiful podcast The Ballad of Billy Balls.  Since the whole series is available, I feel less guilty about turning ppl on to this upsettingly addictive show. Enjoy! https://t.co/Dn5IImuOc7",807003567605227520,19,20,237,3,https://t.co/Ze18Ek9SOI,realamberheard,"Actor and Activist, semi-professional disruptor, ice cream advocate and shameless teacup yorkie-lover",807003567605227520,"Los Angeles, CA",https://pbs.twimg.com/profile_images/1383196364792680448/N8CdupEu_normal.jpg,2016-12-08T23:26:58.000Z,190463,220,1151,568,Amber Heard,,apirateslife77,"just Rach , a #spoonie, feeling some hope after 4 years of crazy, #biden/Harris! music is therapy, movies let you get lost in another world!",927708662642065409,"California, USA",https://pbs.twimg.com/profile_images/1440260559996264448/VQ7yjEIc_normal.jpg,2017-11-07T01:25:55.000Z,506,1301,3989,0,justrach 🌊🏴‍☠️🏴‍☠️🏴‍☠️🏴‍☠️,,
2019-07-27T01:58:06.000Z,Twitter for Android,"[{'type': 'replied_to', 'id': '1148298409570263040'}]",und,1154933952932696064,807003567605227520,"@realamberheard @iOlovesyou ""February 03, 2020.""",886864543737098241,,"[{'start': 0, 'end': 15, 'username': 'realamberheard', 'id': '807003567605227520'}, {'start': 16, 'end': 27, 'username': 'iOlovesyou', 'id': '210991825'}]",0,0,0,0,2019-07-08T18:30:49.000Z,Twitter for iPad,"[{'start': 217, 'end': 240, 'url': 'https://t.co/Dn5IImuOc7', 'expanded_url': 'https://podcasts.apple.com/us/podcast/the-ballad-of-billy-balls-the-rfk-tapes/id1391405921', 'display_url': 'podcasts.apple.com/us/podcast/the…', 'status': 200, 'unwound_url': 'https://podcasts.apple.com/us/podcast/the-ballad-of-billy-balls-the-rfk-tapes/id1391405921'}]","[{'start': 2, 'end': 13, 'username': 'iOlovesyou', 'id': '210991825'}]","[{'start': 79, 'end': 89, 'probability': 0.2741, 'type': 'Other', 'normalized_text': 'Billy Balls'}]",en,1148298409570263040,"⁦⁦@iOlovesyou⁩ wrapped up the insanely great &amp; beautiful podcast The Ballad of Billy Balls.  Since the whole series is available, I feel less guilty about turning ppl on to this upsettingly addictive show. Enjoy! https://t.co/Dn5IImuOc7",807003567605227520,19,20,237,3,https://t.co/Ze18Ek9SOI,realamberheard,"Actor and Activist, semi-professional disruptor, ice cream advocate and shameless teacup yorkie-lover",807003567605227520,"Los Angeles, CA",https://pbs.twimg.com/profile_images/1383196364792680448/N8CdupEu_normal.jpg,2016-12-08T23:26:58.000Z,190463,220,1151,568,Amber Heard,,sohilamohammedd,"Depphead 🔥
Belonged to Arthur Fleck 💕
My life is nothing but a comedy 🃏
Joaquin Phoenix🌎
#johnnydeppisinnocent
#wearewithyoujohnnydepp
#justiceforjohnnydepp",886864543737098241,With Arthur Fleck ,https://pbs.twimg.com/profile_images/1498183049481175051/_FMTDU-u_normal.jpg,2017-07-17T08:25:59.000Z,77,83,550,0,Joker's girl 🃏,,
2019-07-25T21:55:30.000Z,Twitter for iPhone,"[{'type': 'replied_to', 'id': '1148298409570263040'}]",en,1154510513402871808,807003567605227520,"@realamberheard @iOlovesyou Seems the lying biaotch blocked me for speaking the truth, something y’all don’t know how to do!",927708662642065409,,"[{'start': 0, 'end': 15, 'username': 'realamberheard', 'id': '807003567605227520'}, {'start': 16, 'end': 27, 'username': 'iOlovesyou', 'id': '210991825'}]",0,0,0,0,2019-07-08T18:30:49.000Z,Twitter for iPad,"[{'start': 217, 'end': 240, 'url': 'https://t.co/Dn5IImuOc7', 'expanded_url': 'https://podcasts.apple.com/us/podcast/the-ballad-of-billy-balls-the-rfk-tapes/id1391405921', 'display_url': 'podcasts.apple.com/us/podcast/the…', 'status': 200, 'unwound_url': 'https://podcasts.apple.com/us/podcast/the-ballad-of-billy-balls-the-rfk-tapes/id1391405921'}]","[{'start': 2, 'end': 13, 'username': 'iOlovesyou', 'id': '210991825'}]","[{'start': 79, 'end': 89, 'probability': 0.2741, 'type': 'Other', 'normalized_text': 'Billy Balls'}]",en,1148298409570263040,"⁦⁦@iOlovesyou⁩ wrapped up the insanely great &amp; beautiful podcast The Ballad of Billy Balls.  Since the whole series is available, I feel less guilty about turning ppl on to this upsettingly addictive show. Enjoy! https://t.co/Dn5IImuOc7",807003567605227520,19,20,237,3,https://t.co/Ze18Ek9SOI,realamberheard,"Actor and Activist, semi-professional disruptor, ice cream advocate and shameless teacup yorkie-lover",807003567605227520,"Los Angeles, CA",https://pbs.twimg.com/profile_images/1383196364792680448/N8CdupEu_normal.jpg,2016-12-08T23:26:58.000Z,190463,220,1151,568,Amber Heard,,apirateslife77,"just Rach , a #spoonie, feeling some hope after 4 years of crazy, #biden/Harris! music is therapy, movies let you get lost in another world!",927708662642065409,"California, USA",https://pbs.twimg.com/profile_images/1440260559996264448/VQ7yjEIc_normal.jpg,2017-11-07T01:25:55.000Z,506,1301,3989,0,justrach 🌊🏴‍☠️🏴‍☠️🏴‍☠️🏴‍☠️,,
2019-07-18T06:22:39.000Z,Twitter for Android,"[{'type': 'replied_to', 'id': '1151738565795012608'}]",en,1151739036756615168,1148124909761024000,@charlie30692474 @deppheadgal23 @iOlovesyou @realamberheard Amber Heard definitely is.,1110053201775128586,,"[{'start': 0, 'end': 16, 'username': 'charlie30692474', 'id': '1148124909761024000'}, {'start': 17, 'end': 31, 'username': 'DeppHeadGal23', 'id': '1255468962'}, {'start': 32, 'end': 43, 'username': 'iOlovesyou', 'id': '210991825'}, {'start': 44, 'end': 59, 'username': 'realamberheard', 'id': '807003567605227520'}]",0,0,2,0,2019-07-08T18:30:49.000Z,Twitter for iPad,"[{'start': 217, 'end': 240, 'url': 'https://t.co/Dn5IImuOc7', 'expanded_url': 'https://podcasts.apple.com/us/podcast/the-ballad-of-billy-balls-the-rfk-tapes/id1391405921', 'display_url': 'podcasts.apple.com/us/podcast/the…', 'status': 200, 'unwound_url': 'https://podcasts.apple.com/us/podcast/the-ballad-of-billy-balls-the-rfk-tapes/id1391405921'}]","[{'start': 2, 'end': 13, 'username': 'iOlovesyou', 'id': '210991825'}]","[{'start': 79, 'end': 89, 'probability': 0.2741, 'type': 'Other', 'normalized_text': 'Billy Balls'}]",en,1148298409570263040,"⁦⁦@iOlovesyou⁩ wrapped up the insanely great &amp; beautiful podcast The Ballad of Billy Balls.  Since the whole series is available, I feel less guilty about turning ppl on to this upsettingly addictive show. Enjoy! https://t.co/Dn5IImuOc7",807003567605227520,19,20,237,3,https://t.co/Ze18Ek9SOI,realamberheard,"Actor and Activist, semi-professional disruptor, ice cream advocate and shameless teacup yorkie-lover",807003567605227520,"Los Angeles, CA",https://pbs.twimg.com/profile_images/1383196364792680448/N8CdupEu_normal.jpg,2016-12-08T23:26:58.000Z,190463,220,1151,568,Amber Heard,,Sarah_Zarin,"Stuff I love #BritishPeriodDrama #JohnnyDepp #Lucifer #TheOriginals
Proud to be a part of my fabulous fandom.🙌",1110053201775128586,Geographically displaced,https://pbs.twimg.com/profile_images/1323360120894492677/0BIAJYWw_normal.jpg,2019-03-25T05:38:01.000Z,307,243,10996,0,S e r e i n,"[{'start': 60, 'end': 64, 'probability': 0.7996, 'type': 'Person', 'normalized_text': 'Amber'}]",
2019-07-18T06:20:47.000Z,Twitter for iPhone,"[{'type': 'replied_to', 'id': '1151690386806431744'}]",en,1151738565795012608,2986705451,@deppheadgal23 @iOlovesyou @realamberheard but amber heard’s not,1148124909761024000,,"[{'start': 0, 'end': 14, 'username': 'DeppHeadGal23', 'id': '1255468962'}, {'start': 15, 'end': 26, 'username': 'iOlovesyou', 'id': '210991825'}, {'start': 27, 'end': 42, 'username': 'realamberheard', 'id': '807003567605227520'}]",0,1,1,0,2019-07-08T18:30:49.000Z,Twitter for iPad,"[{'start': 217, 'end': 240, 'url': 'https://t.co/Dn5IImuOc7', 'expanded_url': 'https://podcasts.apple.com/us/podcast/the-ballad-of-billy-balls-the-rfk-tapes/id1391405921', 'display_url': 'podcasts.apple.com/us/podcast/the…', 'status': 200, 'unwound_url': 'https://podcasts.apple.com/us/podcast/the-ballad-of-billy-balls-the-rfk-tapes/id1391405921'}]","[{'start': 2, 'end': 13, 'username': 'iOlovesyou', 'id': '210991825'}]","[{'start': 79, 'end': 89, 'probability': 0.2741, 'type': 'Other', 'normalized_text': 'Billy Balls'}]",en,1148298409570263040,"⁦⁦@iOlovesyou⁩ wrapped up the insanely great &amp; beautiful podcast The Ballad of Billy Balls.  Since the whole series is available, I feel less guilty about turning ppl on to this upsettingly addictive show. Enjoy! https://t.co/Dn5IImuOc7",807003567605227520,19,20,237,3,https://t.co/Ze18Ek9SOI,realamberheard,"Actor and Activist, semi-professional disruptor, ice cream advocate and shameless teacup yorkie-lover",807003567605227520,"Los Angeles, CA",https://pbs.twimg.com/profile_images/1383196364792680448/N8CdupEu_normal.jpg,2016-12-08T23:26:58.000Z,190463,220,1151,568,Amber Heard,,charlie30692474,"love Charlie puth’s song and amber heard everything ,and love Spider-Man best",1148124909761024000,,https://pbs.twimg.com/profile_images/1148468926310830086/WWr2Eqp0_normal.jpg,2019-07-08T07:01:24.000Z,0,7,64,0,charlies,"[{'start': 47, 'end': 51, 'probability': 0.9442, 'type': 'Person', 'normalized_text': 'amber'}]",
2019-07-13T03:25:38.000Z,Twitter for iPhone,"[{'type': 'replied_to', 'id': '1149870007821774849'}]",en,1149882550854324224,1051055353,@Abby8_8 @realamberheard @iOlovesyou I’ve been searching but I can’t find him.,1103782066309791751,,"[{'start': 0, 'end': 8, 'username': 'abby8_8', 'id': '1051055353'}, {'start': 9, 'end': 24, 'username': 'realamberheard', 'id': '807003567605227520'}, {'start': 25, 'end': 36, 'username': 'iOlovesyou', 'id': '210991825'}]",0,0,0,0,2019-07-08T18:30:49.000Z,Twitter for iPad,"[{'start': 217, 'end': 240, 'url': 'https://t.co/Dn5IImuOc7', 'expanded_url': 'https://podcasts.apple.com/us/podcast/the-ballad-of-billy-balls-the-rfk-tapes/id1391405921', 'display_url': 'podcasts.apple.com/us/podcast/the…', 'status': 200, 'unwound_url': 'https://podcasts.apple.com/us/podcast/the-ballad-of-billy-balls-the-rfk-tapes/id1391405921'}]","[{'start': 2, 'end': 13, 'username': 'iOlovesyou', 'id': '210991825'}]","[{'start': 79, 'end': 89, 'probability': 0.2741, 'type': 'Other', 'normalized_text': 'Billy Balls'}]",en,1148298409570263040,"⁦⁦@iOlovesyou⁩ wrapped up the insanely great &amp; beautiful podcast The Ballad of Billy Balls.  Since the whole series is available, I feel less guilty about turning ppl on to this upsettingly addictive show. Enjoy! https://t.co/Dn5IImuOc7",807003567605227520,19,20,237,3,https://t.co/Ze18Ek9SOI,realamberheard,"Actor and Activist, semi-professional disruptor, ice cream advocate and shameless teacup yorkie-lover",807003567605227520,"Los Angeles, CA",https://pbs.twimg.com/profile_images/1383196364792680448/N8CdupEu_normal.jpg,2016-12-08T23:26:58.000Z,190463,220,1151,568,Amber Heard,,M1che11ePearl,,1103782066309791751,,https://pbs.twimg.com/profile_images/1103782257377062914/NZ9kKTo1_normal.jpg,2019-03-07T22:18:46.000Z,485,248,10660,0,Michelle💋❤️🕸🥀📖,,
2019-07-13T02:35:48.000Z,Twitter for iPhone,"[{'type': 'replied_to', 'id': '1149773238454693888'}]",en,1149870007821774849,1103782066309791751,@M1che11ePearl @realamberheard @iOlovesyou He’s on IG / YT,1051055353,,"[{'start': 0, 'end': 14, 'username': 'M1che11ePearl', 'id': '1103782066309791751'}, {'start': 15, 'end': 30, 'username': 'realamberheard', 'id': '807003567605227520'}, {'start': 31, 'end': 42, 'username': 'iOlovesyou', 'id': '210991825'}]",0,1,1,0,2019-07-08T18:30:49.000Z,Twitter for iPad,"[{'start': 217, 'end': 240, 'url': 'https://t.co/Dn5IImuOc7', 'expanded_url': 'https://podcasts.apple.com/us/podcast/the-ballad-of-billy-balls-the-rfk-tapes/id1391405921', 'display_url': 'podcasts.apple.com/us/podcast/the…', 'status': 200, 'unwound_url': 'https://podcasts.apple.com/us/podcast/the-ballad-of-billy-balls-the-rfk-tapes/id1391405921'}]","[{'start': 2, 'end': 13, 'username': 'iOlovesyou', 'id': '210991825'}]","[{'start': 79, 'end': 89, 'probability': 0.2741, 'type': 'Other', 'normalized_text': 'Billy Balls'}]",en,1148298409570263040,"⁦⁦@iOlovesyou⁩ wrapped up the insanely great &amp; beautiful podcast The Ballad of Billy Balls.  Since the whole series is available, I feel less guilty about turning ppl on to this upsettingly addictive show. Enjoy! https://t.co/Dn5IImuOc7",807003567605227520,19,20,237,3,https://t.co/Ze18Ek9SOI,realamberheard,"Actor and Activist, semi-professional disruptor, ice cream advocate and shameless teacup yorkie-lover",807003567605227520,"Los Angeles, CA",https://pbs.twimg.com/profile_images/1383196364792680448/N8CdupEu_normal.jpg,2016-12-08T23:26:58.000Z,190463,220,1151,568,Amber Heard,,abby8_8,"➳Art Lover | Film buff ✧ | Fangirl ~.~
































Ex JW | #alpacino & #johnnydepp have my🖤",1051055353,DC - N.Y.C,https://pbs.twimg.com/profile_images/1480632845651648518/cjZYGd0J_normal.jpg,2012-12-31T19:42:16.000Z,859,2329,45217,21,𝕵𝖚𝖘𝖎𝖈𝖊 𝖋𝖔𝖗 𝕵𝖔𝖍𝖓𝖓𝖞 𝕯𝖊𝖕𝖕 ♡,,
2019-07-12T20:11:16.000Z,Twitter for iPhone,"[{'type': 'replied_to', 'id': '1149747100537802754'}]",en,1149773238454693888,1051055353,@Abby8_8 @realamberheard @iOlovesyou Thank you.,1103782066309791751,,"[{'start': 0, 'end': 8, 'username': 'abby8_8', 'id': '1051055353'}, {'start': 9, 'end': 24, 'username': 'realamberheard', 'id': '807003567605227520'}, {'start': 25, 'end': 36, 'username': 'iOlovesyou', 'id': '210991825'}]",0,1,1,0,2019-07-08T18:30:49.000Z,Twitter for iPad,"[{'start': 217, 'end': 240, 'url': 'https://t.co/Dn5IImuOc7', 'expanded_url': 'https://podcasts.apple.com/us/podcast/the-ballad-of-billy-balls-the-rfk-tapes/id1391405921', 'display_url': 'podcasts.apple.com/us/podcast/the…', 'status': 200, 'unwound_url': 'https://podcasts.apple.com/us/podcast/the-ballad-of-billy-balls-the-rfk-tapes/id1391405921'}]","[{'start': 2, 'end': 13, 'username': 'iOlovesyou', 'id': '210991825'}]","[{'start': 79, 'end': 89, 'probability': 0.2741, 'type': 'Other', 'normalized_text': 'Billy Balls'}]",en,1148298409570263040,"⁦⁦@iOlovesyou⁩ wrapped up the insanely great &amp; beautiful podcast The Ballad of Billy Balls.  Since the whole series is available, I feel less guilty about turning ppl on to this upsettingly addictive show. Enjoy! https://t.co/Dn5IImuOc7",807003567605227520,19,20,237,3,https://t.co/Ze18Ek9SOI,realamberheard,"Actor and Activist, semi-professional disruptor, ice cream advocate and shameless teacup yorkie-lover",807003567605227520,"Los Angeles, CA",https://pbs.twimg.com/profile_images/1383196364792680448/N8CdupEu_normal.jpg,2016-12-08T23:26:58.000Z,190463,220,1151,568,Amber Heard,,M1che11ePearl,,1103782066309791751,,https://pbs.twimg.com/profile_images/1103782257377062914/NZ9kKTo1_normal.jpg,2019-03-07T22:18:46.000Z,485,248,10660,0,Michelle💋❤️🕸🥀📖,,
2019-07-12T18:27:24.000Z,Twitter for iPhone,"[{'type': 'replied_to', 'id': '1149500860084264960'}]",en,1149747100537802754,1103782066309791751,@M1che11ePearl @realamberheard @iOlovesyou Ricky Thompson,1051055353,,"[{'start': 0, 'end': 14, 'username': 'M1che11ePearl', 'id': '1103782066309791751'}, {'start': 15, 'end': 30, 'username': 'realamberheard', 'id': '807003567605227520'}, {'start': 31, 'end': 42, 'username': 'iOlovesyou', 'id': '210991825'}]",0,1,1,0,2019-07-08T18:30:49.000Z,Twitter for iPad,"[{'start': 217, 'end': 240, 'url': 'https://t.co/Dn5IImuOc7', 'expanded_url': 'https://podcasts.apple.com/us/podcast/the-ballad-of-billy-balls-the-rfk-tapes/id1391405921', 'display_url': 'podcasts.apple.com/us/podcast/the…', 'status': 200, 'unwound_url': 'https://podcasts.apple.com/us/podcast/the-ballad-of-billy-balls-the-rfk-tapes/id1391405921'}]","[{'start': 2, 'end': 13, 'username': 'iOlovesyou', 'id': '210991825'}]","[{'start': 79, 'end': 89, 'probability': 0.2741, 'type': 'Other', 'normalized_text': 'Billy Balls'}]",en,1148298409570263040,"⁦⁦@iOlovesyou⁩ wrapped up the insanely great &amp; beautiful podcast The Ballad of Billy Balls.  Since the whole series is available, I feel less guilty about turning ppl on to this upsettingly addictive show. Enjoy! https://t.co/Dn5IImuOc7",807003567605227520,19,20,237,3,https://t.co/Ze18Ek9SOI,realamberheard,"Actor and Activist, semi-professional disruptor, ice cream advocate and shameless teacup yorkie-lover",807003567605227520,"Los Angeles, CA",https://pbs.twimg.com/profile_images/1383196364792680448/N8CdupEu_normal.jpg,2016-12-08T23:26:58.000Z,190463,220,1151,568,Amber Heard,,abby8_8,"➳Art Lover | Film buff ✧ | Fangirl ~.~
































Ex JW | #alpacino & #johnnydepp have my🖤",1051055353,DC - N.Y.C,https://pbs.twimg.com/profile_images/1480632845651648518/cjZYGd0J_normal.jpg,2012-12-31T19:42:16.000Z,859,2329,45217,21,𝕵𝖚𝖘𝖎𝖈𝖊 𝖋𝖔𝖗 𝕵𝖔𝖍𝖓𝖓𝖞 𝕯𝖊𝖕𝖕 ♡,"[{'start': 43, 'end': 56, 'probability': 0.9924, 'type': 'Person', 'normalized_text': 'Ricky Thompson'}]",
2019-07-12T02:08:56.000Z,Twitter for iPhone,"[{'type': 'replied_to', 'id': '1148356605857140737'}]",en,1149500860084264960,1051055353,@Abby8_8 @realamberheard @iOlovesyou Who is this? In the video?,1103782066309791751,,"[{'start': 0, 'end': 8, 'username': 'abby8_8', 'id': '1051055353'}, {'start': 9, 'end': 24, 'username': 'realamberheard', 'id': '807003567605227520'}, {'start': 25, 'end': 36, 'username': 'iOlovesyou', 'id': '210991825'}]",0,1,1,0,2019-07-08T18:30:49.000Z,Twitter for iPad,"[{'start': 217, 'end': 240, 'url': 'https://t.co/Dn5IImuOc7', 'expanded_url': 'https://podcasts.apple.com/us/podcast/the-ballad-of-billy-balls-the-rfk-tapes/id1391405921', 'display_url': 'podcasts.apple.com/us/podcast/the…', 'status': 200, 'unwound_url': 'https://podcasts.apple.com/us/podcast/the-ballad-of-billy-balls-the-rfk-tapes/id1391405921'}]","[{'start': 2, 'end': 13, 'username': 'iOlovesyou', 'id': '210991825'}]","[{'start': 79, 'end': 89, 'probability': 0.2741, 'type': 'Other', 'normalized_text': 'Billy Balls'}]",en,1148298409570263040,"⁦⁦@iOlovesyou⁩ wrapped up the insanely great &amp; beautiful podcast The Ballad of Billy Balls.  Since the whole series is available, I feel less guilty about turning ppl on to this upsettingly addictive show. Enjoy! https://t.co/Dn5IImuOc7",807003567605227520,19,20,237,3,https://t.co/Ze18Ek9SOI,realamberheard,"Actor and Activist, semi-professional disruptor, ice cream advocate and shameless teacup yorkie-lover",807003567605227520,"Los Angeles, CA",https://pbs.twimg.com/profile_images/1383196364792680448/N8CdupEu_normal.jpg,2016-12-08T23:26:58.000Z,190463,220,1151,568,Amber Heard,,M1che11ePearl,,1103782066309791751,,https://pbs.twimg.com/profile_images/1103782257377062914/NZ9kKTo1_normal.jpg,2019-03-07T22:18:46.000Z,485,248,10660,0,Michelle💋❤️🕸🥀📖,,
2019-07-10T15:38:30.000Z,Twitter for Android,"[{'type': 'replied_to', 'id': '1148356396100067330'}]",en,1148979817611612161,1145497616383381505,"@HellangelNess @deppwarrior @realamberheard @iOlovesyou Yes, this chick has been caught in numerous lies and admitted under oath SHE was his abuser.  He almost died and yet remained silent until enough was enough.  She's no good.",550783216,,"[{'start': 28, 'end': 43, 'username': 'realamberheard', 'id': '807003567605227520'}, {'start': 44, 'end': 55, 'username': 'iOlovesyou', 'id': '210991825'}]",0,0,2,0,2019-07-08T18:30:49.000Z,Twitter for iPad,"[{'start': 217, 'end': 240, 'url': 'https://t.co/Dn5IImuOc7', 'expanded_url': 'https://podcasts.apple.com/us/podcast/the-ballad-of-billy-balls-the-rfk-tapes/id1391405921', 'display_url': 'podcasts.apple.com/us/podcast/the…', 'status': 200, 'unwound_url': 'https://podcasts.apple.com/us/podcast/the-ballad-of-billy-balls-the-rfk-tapes/id1391405921'}]","[{'start': 2, 'end': 13, 'username': 'iOlovesyou', 'id': '210991825'}]","[{'start': 79, 'end': 89, 'probability': 0.2741, 'type': 'Other', 'normalized_text': 'Billy Balls'}]",en,1148298409570263040,"⁦⁦@iOlovesyou⁩ wrapped up the insanely great &amp; beautiful podcast The Ballad of Billy Balls.  Since the whole series is available, I feel less guilty about turning ppl on to this upsettingly addictive show. Enjoy! https://t.co/Dn5IImuOc7",807003567605227520,19,20,237,3,https://t.co/Ze18Ek9SOI,realamberheard,"Actor and Activist, semi-professional disruptor, ice cream advocate and shameless teacup yorkie-lover",807003567605227520,"Los Angeles, CA",https://pbs.twimg.com/profile_images/1383196364792680448/N8CdupEu_normal.jpg,2016-12-08T23:26:58.000Z,190463,220,1151,568,Amber Heard,,outlandishshene,,550783216,,https://pbs.twimg.com/profile_images/1275962961257918465/tYnsADSJ_normal.jpg,2012-04-11T07:29:11.000Z,127,29,2628,0,Outlandishshenanigans,,
2019-07-09T05:11:00.000Z,Twitter for iPhone,"[{'type': 'replied_to', 'id': '1148299170760912896'}]",en,1148459513747402752,210991825,@iOlovesyou @realamberheard She is my goddess .She is https://t.co/bjYbkTp4yZ can’t match her.,1148124909761024000,,"[{'start': 0, 'end': 11, 'username': 'iOlovesyou', 'id': '210991825'}, {'start': 12, 'end': 27, 'username': 'realamberheard', 'id': '807003567605227520'}]",0,2,0,0,2019-07-08T18:30:49.000Z,Twitter for iPad,"[{'start': 217, 'end': 240, 'url': 'https://t.co/Dn5IImuOc7', 'expanded_url': 'https://podcasts.apple.com/us/podcast/the-ballad-of-billy-balls-the-rfk-tapes/id1391405921', 'display_url': 'podcasts.apple.com/us/podcast/the…', 'status': 200, 'unwound_url': 'https://podcasts.apple.com/us/podcast/the-ballad-of-billy-balls-the-rfk-tapes/id1391405921'}]","[{'start': 2, 'end': 13, 'username': 'iOlovesyou', 'id': '210991825'}]","[{'start': 79, 'end': 89, 'probability': 0.2741, 'type': 'Other', 'normalized_text': 'Billy Balls'}]",en,1148298409570263040,"⁦⁦@iOlovesyou⁩ wrapped up the insanely great &amp; beautiful podcast The Ballad of Billy Balls.  Since the whole series is available, I feel less guilty about turning ppl on to this upsettingly addictive show. Enjoy! https://t.co/Dn5IImuOc7",807003567605227520,19,20,237,3,https://t.co/Ze18Ek9SOI,realamberheard,"Actor and Activist, semi-professional disruptor, ice cream advocate and shameless teacup yorkie-lover",807003567605227520,"Los Angeles, CA",https://pbs.twimg.com/profile_images/1383196364792680448/N8CdupEu_normal.jpg,2016-12-08T23:26:58.000Z,190463,220,1151,568,Amber Heard,,charlie30692474,"love Charlie puth’s song and amber heard everything ,and love Spider-Man best",1148124909761024000,,https://pbs.twimg.com/profile_images/1148468926310830086/WWr2Eqp0_normal.jpg,2019-07-08T07:01:24.000Z,0,7,64,0,charlies,,"[{'start': 54, 'end': 77, 'url': 'https://t.co/bjYbkTp4yZ', 'expanded_url': 'http://perfect.You', 'display_url': 'perfect.You'}]"
2019-07-09T03:30:14.000Z,Twitter for Android,"[{'type': 'replied_to', 'id': '1148298409570263040'}]",en,1148434154859585537,807003567605227520,@realamberheard @iOlovesyou I'm still processing what the Ballad means but everyone should listen to it.,79733332,,"[{'start': 0, 'end': 15, 'username': 'realamberheard', 'id': '807003567605227520'}, {'start': 16, 'end': 27, 'username': 'iOlovesyou', 'id': '210991825'}]",0,0,0,0,2019-07-08T18:30:49.000Z,Twitter for iPad,"[{'start': 217, 'end': 240, 'url': 'https://t.co/Dn5IImuOc7', 'expanded_url': 'https://podcasts.apple.com/us/podcast/the-ballad-of-billy-balls-the-rfk-tapes/id1391405921', 'display_url': 'podcasts.apple.com/us/podcast/the…', 'status': 200, 'unwound_url': 'https://podcasts.apple.com/us/podcast/the-ballad-of-billy-balls-the-rfk-tapes/id1391405921'}]","[{'start': 2, 'end': 13, 'username': 'iOlovesyou', 'id': '210991825'}]","[{'start': 79, 'end': 89, 'probability': 0.2741, 'type': 'Other', 'normalized_text': 'Billy Balls'}]",en,1148298409570263040,"⁦⁦@iOlovesyou⁩ wrapped up the insanely great &amp; beautiful podcast The Ballad of Billy Balls.  Since the whole series is available, I feel less guilty about turning ppl on to this upsettingly addictive show. Enjoy! https://t.co/Dn5IImuOc7",807003567605227520,19,20,237,3,https://t.co/Ze18Ek9SOI,realamberheard,"Actor and Activist, semi-professional disruptor, ice cream advocate and shameless teacup yorkie-lover",807003567605227520,"Los Angeles, CA",https://pbs.twimg.com/profile_images/1383196364792680448/N8CdupEu_normal.jpg,2016-12-08T23:26:58.000Z,190463,220,1151,568,Amber Heard,,buffsblg,"Lawyer, loud mouth, believer in facts,  not as smart as I used to believe. He/him",79733332, ,https://pbs.twimg.com/profile_images/1087180957566685186/VErh4KEs_normal.jpg,2009-10-04T13:45:49.000Z,2321,2279,179127,50,Willing to discuss,,
2019-07-09T03:08:57.000Z,Twitter for Android,"[{'type': 'replied_to', 'id': '1148298409570263040'}]",en,1148428800981471232,807003567605227520,@realamberheard @iOlovesyou You sound like a junkie. Listening ur podcast means willingly abuse our ears. You're a drunken alcoholic abusive whore. So there's no possibility that your voice is going to abuse free. How long will you abuse people???? #AmberHeardIsAnAbuser #BoycottAbuserAmberHeard,1110053201775128586,"[{'start': 249, 'end': 270, 'tag': 'AmberHeardIsAnAbuser'}, {'start': 271, 'end': 295, 'tag': 'BoycottAbuserAmberHeard'}]","[{'start': 0, 'end': 15, 'username': 'realamberheard', 'id': '807003567605227520'}, {'start': 16, 'end': 27, 'username': 'iOlovesyou', 'id': '210991825'}]",0,0,8,0,2019-07-08T18:30:49.000Z,Twitter for iPad,"[{'start': 217, 'end': 240, 'url': 'https://t.co/Dn5IImuOc7', 'expanded_url': 'https://podcasts.apple.com/us/podcast/the-ballad-of-billy-balls-the-rfk-tapes/id1391405921', 'display_url': 'podcasts.apple.com/us/podcast/the…', 'status': 200, 'unwound_url': 'https://podcasts.apple.com/us/podcast/the-ballad-of-billy-balls-the-rfk-tapes/id1391405921'}]","[{'start': 2, 'end': 13, 'username': 'iOlovesyou', 'id': '210991825'}]","[{'start': 79, 'end': 89, 'probability': 0.2741, 'type': 'Other', 'normalized_text': 'Billy Balls'}]",en,1148298409570263040,"⁦⁦@iOlovesyou⁩ wrapped up the insanely great &amp; beautiful podcast The Ballad of Billy Balls.  Since the whole series is available, I feel less guilty about turning ppl on to this upsettingly addictive show. Enjoy! https://t.co/Dn5IImuOc7",807003567605227520,19,20,237,3,https://t.co/Ze18Ek9SOI,realamberheard,"Actor and Activist, semi-professional disruptor, ice cream advocate and shameless teacup yorkie-lover",807003567605227520,"Los Angeles, CA",https://pbs.twimg.com/profile_images/1383196364792680448/N8CdupEu_normal.jpg,2016-12-08T23:26:58.000Z,190463,220,1151,568,Amber Heard,,Sarah_Zarin,"Stuff I love #BritishPeriodDrama #JohnnyDepp #Lucifer #TheOriginals
Proud to be a part of my fabulous fandom.🙌",1110053201775128586,Geographically displaced,https://pbs.twimg.com/profile_images/1323360120894492677/0BIAJYWw_normal.jpg,2019-03-25T05:38:01.000Z,307,243,10996,0,S e r e i n,,
2019-07-08T23:23:41.000Z,Twitter Web App,"[{'type': 'replied_to', 'id': '1148371395753185280'}]",en,1148372111787999234,2465079218,@deppwarrior @realamberheard @iOlovesyou The get the f*cking Power to make it happen she is scared she Hits men and women make her leave now,1106312645945249794,,"[{'start': 13, 'end': 28, 'username': 'realamberheard', 'id': '807003567605227520'}, {'start': 29, 'end': 40, 'username': 'iOlovesyou', 'id': '210991825'}]",1,0,6,0,2019-07-08T18:30:49.000Z,Twitter for iPad,"[{'start': 217, 'end': 240, 'url': 'https://t.co/Dn5IImuOc7', 'expanded_url': 'https://podcasts.apple.com/us/podcast/the-ballad-of-billy-balls-the-rfk-tapes/id1391405921', 'display_url': 'podcasts.apple.com/us/podcast/the…', 'status': 200, 'unwound_url': 'https://podcasts.apple.com/us/podcast/the-ballad-of-billy-balls-the-rfk-tapes/id1391405921'}]","[{'start': 2, 'end': 13, 'username': 'iOlovesyou', 'id': '210991825'}]","[{'start': 79, 'end': 89, 'probability': 0.2741, 'type': 'Other', 'normalized_text': 'Billy Balls'}]",en,1148298409570263040,"⁦⁦@iOlovesyou⁩ wrapped up the insanely great &amp; beautiful podcast The Ballad of Billy Balls.  Since the whole series is available, I feel less guilty about turning ppl on to this upsettingly addictive show. Enjoy! https://t.co/Dn5IImuOc7",807003567605227520,19,20,237,3,https://t.co/Ze18Ek9SOI,realamberheard,"Actor and Activist, semi-professional disruptor, ice cream advocate and shameless teacup yorkie-lover",807003567605227520,"Los Angeles, CA",https://pbs.twimg.com/profile_images/1383196364792680448/N8CdupEu_normal.jpg,2016-12-08T23:26:58.000Z,190463,220,1151,568,Amber Heard,,marie_volkmann1,"05.09.2020 carlos❤❤❤❤❤❤ finally Single, freedom. 23.12.2021 Lost the Man I loved",1106312645945249794,,https://pbs.twimg.com/profile_images/1380917606605987841/gn2hxFUA_normal.png,2019-03-14T21:54:23.000Z,190,770,4162,0,Marie & Carlos,,
2019-07-08T23:20:51.000Z,Twitter for Android,"[{'type': 'replied_to', 'id': '1148370689528946688'}]",en,1148371395753185280,1106312645945249794,"@MarieVolkmann1 @realamberheard @iOlovesyou Haha if I had that power, she would have been gone a long time ago.",2465079218,,"[{'start': 16, 'end': 31, 'username': 'realamberheard', 'id': '807003567605227520'}, {'start': 32, 'end': 43, 'username': 'iOlovesyou', 'id': '210991825'}]",1,1,5,0,2019-07-08T18:30:49.000Z,Twitter for iPad,"[{'start': 217, 'end': 240, 'url': 'https://t.co/Dn5IImuOc7', 'expanded_url': 'https://podcasts.apple.com/us/podcast/the-ballad-of-billy-balls-the-rfk-tapes/id1391405921', 'display_url': 'podcasts.apple.com/us/podcast/the…', 'status': 200, 'unwound_url': 'https://podcasts.apple.com/us/podcast/the-ballad-of-billy-balls-the-rfk-tapes/id1391405921'}]","[{'start': 2, 'end': 13, 'username': 'iOlovesyou', 'id': '210991825'}]","[{'start': 79, 'end': 89, 'probability': 0.2741, 'type': 'Other', 'normalized_text': 'Billy Balls'}]",en,1148298409570263040,"⁦⁦@iOlovesyou⁩ wrapped up the insanely great &amp; beautiful podcast The Ballad of Billy Balls.  Since the whole series is available, I feel less guilty about turning ppl on to this upsettingly addictive show. Enjoy! https://t.co/Dn5IImuOc7",807003567605227520,19,20,237,3,https://t.co/Ze18Ek9SOI,realamberheard,"Actor and Activist, semi-professional disruptor, ice cream advocate and shameless teacup yorkie-lover",807003567605227520,"Los Angeles, CA",https://pbs.twimg.com/profile_images/1383196364792680448/N8CdupEu_normal.jpg,2016-12-08T23:26:58.000Z,190463,220,1151,568,Amber Heard,https://t.co/imzbQnpaXH,reineyelah,classic lara croft supremacy. i fucking love you for hating me. wife to noodle. #justiceforjohnnydepp #justiceforsurvivors #istandwithjkrowling,2465079218,on the precipice.,https://pbs.twimg.com/profile_images/1506624478310191113/EEpjan86_normal.jpg,2014-04-26T20:16:57.000Z,1592,222,37211,3,not haley,,
2019-07-08T23:18:02.000Z,Twitter Web App,"[{'type': 'replied_to', 'id': '1148350248978472960'}]",en,1148370689528946688,2465079218,"@deppwarrior @realamberheard @iOlovesyou Haley is she still there she scares the sh*t out  off me ,make here go away from twitter,make her please",1106312645945249794,,"[{'start': 13, 'end': 28, 'username': 'realamberheard', 'id': '807003567605227520'}, {'start': 29, 'end': 40, 'username': 'iOlovesyou', 'id': '210991825'}]",0,1,5,0,2019-07-08T18:30:49.000Z,Twitter for iPad,"[{'start': 217, 'end': 240, 'url': 'https://t.co/Dn5IImuOc7', 'expanded_url': 'https://podcasts.apple.com/us/podcast/the-ballad-of-billy-balls-the-rfk-tapes/id1391405921', 'display_url': 'podcasts.apple.com/us/podcast/the…', 'status': 200, 'unwound_url': 'https://podcasts.apple.com/us/podcast/the-ballad-of-billy-balls-the-rfk-tapes/id1391405921'}]","[{'start': 2, 'end': 13, 'username': 'iOlovesyou', 'id': '210991825'}]","[{'start': 79, 'end': 89, 'probability': 0.2741, 'type': 'Other', 'normalized_text': 'Billy Balls'}]",en,1148298409570263040,"⁦⁦@iOlovesyou⁩ wrapped up the insanely great &amp; beautiful podcast The Ballad of Billy Balls.  Since the whole series is available, I feel less guilty about turning ppl on to this upsettingly addictive show. Enjoy! https://t.co/Dn5IImuOc7",807003567605227520,19,20,237,3,https://t.co/Ze18Ek9SOI,realamberheard,"Actor and Activist, semi-professional disruptor, ice cream advocate and shameless teacup yorkie-lover",807003567605227520,"Los Angeles, CA",https://pbs.twimg.com/profile_images/1383196364792680448/N8CdupEu_normal.jpg,2016-12-08T23:26:58.000Z,190463,220,1151,568,Amber Heard,,marie_volkmann1,"05.09.2020 carlos❤❤❤❤❤❤ finally Single, freedom. 23.12.2021 Lost the Man I loved",1106312645945249794,,https://pbs.twimg.com/profile_images/1380917606605987841/gn2hxFUA_normal.png,2019-03-14T21:54:23.000Z,190,770,4162,0,Marie & Carlos,"[{'start': 41, 'end': 45, 'probability': 0.9941, 'type': 'Person', 'normalized_text': 'Haley'}, {'start': 122, 'end': 128, 'probability': 0.656, 'type': 'Product', 'normalized_text': 'twitter'}]",
2019-07-08T22:22:04.000Z,Twitter for iPhone,"[{'type': 'replied_to', 'id': '1148298409570263040'}]",en,1148356605857140737,807003567605227520,@realamberheard @iOlovesyou Ugh is it 2020 yet 😒 https://t.co/oNZrZVHJHt,1051055353,,"[{'start': 0, 'end': 15, 'username': 'realamberheard', 'id': '807003567605227520'}, {'start': 16, 'end': 27, 'username': 'iOlovesyou', 'id': '210991825'}]",0,1,7,0,2019-07-08T18:30:49.000Z,Twitter for iPad,"[{'start': 217, 'end': 240, 'url': 'https://t.co/Dn5IImuOc7', 'expanded_url': 'https://podcasts.apple.com/us/podcast/the-ballad-of-billy-balls-the-rfk-tapes/id1391405921', 'display_url': 'podcasts.apple.com/us/podcast/the…', 'status': 200, 'unwound_url': 'https://podcasts.apple.com/us/podcast/the-ballad-of-billy-balls-the-rfk-tapes/id1391405921'}]","[{'start': 2, 'end': 13, 'username': 'iOlovesyou', 'id': '210991825'}]","[{'start': 79, 'end': 89, 'probability': 0.2741, 'type': 'Other', 'normalized_text': 'Billy Balls'}]",en,1148298409570263040,"⁦⁦@iOlovesyou⁩ wrapped up the insanely great &amp; beautiful podcast The Ballad of Billy Balls.  Since the whole series is available, I feel less guilty about turning ppl on to this upsettingly addictive show. Enjoy! https://t.co/Dn5IImuOc7",807003567605227520,19,20,237,3,https://t.co/Ze18Ek9SOI,realamberheard,"Actor and Activist, semi-professional disruptor, ice cream advocate and shameless teacup yorkie-lover",807003567605227520,"Los Angeles, CA",https://pbs.twimg.com/profile_images/1383196364792680448/N8CdupEu_normal.jpg,2016-12-08T23:26:58.000Z,190463,220,1151,568,Amber Heard,,abby8_8,"➳Art Lover | Film buff ✧ | Fangirl ~.~
































Ex JW | #alpacino & #johnnydepp have my🖤",1051055353,DC - N.Y.C,https://pbs.twimg.com/profile_images/1480632845651648518/cjZYGd0J_normal.jpg,2012-12-31T19:42:16.000Z,859,2329,45217,21,𝕵𝖚𝖘𝖎𝖈𝖊 𝖋𝖔𝖗 𝕵𝖔𝖍𝖓𝖓𝖞 𝕯𝖊𝖕𝖕 ♡,,"[{'start': 49, 'end': 72, 'url': 'https://t.co/oNZrZVHJHt', 'expanded_url': 'https://twitter.com/Abby8_8/status/1148356605857140737/video/1', 'display_url': 'pic.twitter.com/oNZrZVHJHt'}]"
2019-07-08T22:05:37.000Z,Twitter Web Client,"[{'type': 'replied_to', 'id': '1148351776942370816'}]",en,1148352462547562496,2465079218,@HellangelNess @realamberheard @iOlovesyou *waiting for the comment that I need to get a life*,2465079218,,"[{'start': 15, 'end': 30, 'username': 'realamberheard', 'id': '807003567605227520'}, {'start': 31, 'end': 42, 'username': 'iOlovesyou', 'id': '210991825'}]",0,0,0,0,2019-07-08T18:30:49.000Z,Twitter for iPad,"[{'start': 217, 'end': 240, 'url': 'https://t.co/Dn5IImuOc7', 'expanded_url': 'https://podcasts.apple.com/us/podcast/the-ballad-of-billy-balls-the-rfk-tapes/id1391405921', 'display_url': 'podcasts.apple.com/us/podcast/the…', 'status': 200, 'unwound_url': 'https://podcasts.apple.com/us/podcast/the-ballad-of-billy-balls-the-rfk-tapes/id1391405921'}]","[{'start': 2, 'end': 13, 'username': 'iOlovesyou', 'id': '210991825'}]","[{'start': 79, 'end': 89, 'probability': 0.2741, 'type': 'Other', 'normalized_text': 'Billy Balls'}]",en,1148298409570263040,"⁦⁦@iOlovesyou⁩ wrapped up the insanely great &amp; beautiful podcast The Ballad of Billy Balls.  Since the whole series is available, I feel less guilty about turning ppl on to this upsettingly addictive show. Enjoy! https://t.co/Dn5IImuOc7",807003567605227520,19,20,237,3,https://t.co/Ze18Ek9SOI,realamberheard,"Actor and Activist, semi-professional disruptor, ice cream advocate and shameless teacup yorkie-lover",807003567605227520,"Los Angeles, CA",https://pbs.twimg.com/profile_images/1383196364792680448/N8CdupEu_normal.jpg,2016-12-08T23:26:58.000Z,190463,220,1151,568,Amber Heard,https://t.co/imzbQnpaXH,reineyelah,classic lara croft supremacy. i fucking love you for hating me. wife to noodle. #justiceforjohnnydepp #justiceforsurvivors #istandwithjkrowling,2465079218,on the precipice.,https://pbs.twimg.com/profile_images/1506624478310191113/EEpjan86_normal.jpg,2014-04-26T20:16:57.000Z,1592,222,37211,3,not haley,,
2019-07-08T22:03:39.000Z,Twitter for Android,"[{'type': 'replied_to', 'id': '1148350915390443527'}]",en,1148351970899562497,1145497616383381505,@HellangelNess @deppwarrior @realamberheard @iOlovesyou You probably haven't even looked at the court docs... Here's some light reading for you https://t.co/LsYYvycWMy,1117062790945148934,,"[{'start': 28, 'end': 43, 'username': 'realamberheard', 'id': '807003567605227520'}, {'start': 44, 'end': 55, 'username': 'iOlovesyou', 'id': '210991825'}]",0,0,4,0,2019-07-08T18:30:49.000Z,Twitter for iPad,"[{'start': 217, 'end': 240, 'url': 'https://t.co/Dn5IImuOc7', 'expanded_url': 'https://podcasts.apple.com/us/podcast/the-ballad-of-billy-balls-the-rfk-tapes/id1391405921', 'display_url': 'podcasts.apple.com/us/podcast/the…', 'status': 200, 'unwound_url': 'https://podcasts.apple.com/us/podcast/the-ballad-of-billy-balls-the-rfk-tapes/id1391405921'}]","[{'start': 2, 'end': 13, 'username': 'iOlovesyou', 'id': '210991825'}]","[{'start': 79, 'end': 89, 'probability': 0.2741, 'type': 'Other', 'normalized_text': 'Billy Balls'}]",en,1148298409570263040,"⁦⁦@iOlovesyou⁩ wrapped up the insanely great &amp; beautiful podcast The Ballad of Billy Balls.  Since the whole series is available, I feel less guilty about turning ppl on to this upsettingly addictive show. Enjoy! https://t.co/Dn5IImuOc7",807003567605227520,19,20,237,3,https://t.co/Ze18Ek9SOI,realamberheard,"Actor and Activist, semi-professional disruptor, ice cream advocate and shameless teacup yorkie-lover",807003567605227520,"Los Angeles, CA",https://pbs.twimg.com/profile_images/1383196364792680448/N8CdupEu_normal.jpg,2016-12-08T23:26:58.000Z,190463,220,1151,568,Amber Heard,,Isuckatbeingag1,I'm just here to watch a real novela unfold and ask questions,1117062790945148934,,https://pbs.twimg.com/profile_images/1194835999668555776/gPQLYfNw_normal.jpg,2019-04-13T13:51:38.000Z,600,163,29812,3,Isuckatbeingagirl🏴‍☠️,,"[{'start': 144, 'end': 167, 'url': 'https://t.co/LsYYvycWMy', 'expanded_url': 'https://twitter.com/Isuckatbeingag1/status/1148351970899562497/photo/1', 'display_url': 'pic.twitter.com/LsYYvycWMy'}, {'start': 144, 'end': 167, 'url': 'https://t.co/LsYYvycWMy', 'expanded_url': 'https://twitter.com/Isuckatbeingag1/status/1148351970899562497/photo/1', 'display_url': 'pic.twitter.com/LsYYvycWMy'}, {'start': 144, 'end': 167, 'url': 'https://t.co/LsYYvycWMy', 'expanded_url': 'https://twitter.com/Isuckatbeingag1/status/1148351970899562497/photo/1', 'display_url': 'pic.twitter.com/LsYYvycWMy'}, {'start': 144, 'end': 167, 'url': 'https://t.co/LsYYvycWMy', 'expanded_url': 'https://twitter.com/Isuckatbeingag1/status/1148351970899562497/photo/1', 'display_url': 'pic.twitter.com/LsYYvycWMy'}]"
2019-07-08T22:02:53.000Z,Twitter Web Client,"[{'type': 'replied_to', 'id': '1148351562986729472'}]",en,1148351776942370816,2465079218,"@HellangelNess @realamberheard @iOlovesyou And being that I have followed this case since 2016, have built an entire website around it, and have analyzed all like...900 something pages of court documents, I would say that I AT LEAST know more than you.",2465079218,,"[{'start': 15, 'end': 30, 'username': 'realamberheard', 'id': '807003567605227520'}, {'start': 31, 'end': 42, 'username': 'iOlovesyou', 'id': '210991825'}]",0,1,7,0,2019-07-08T18:30:49.000Z,Twitter for iPad,"[{'start': 217, 'end': 240, 'url': 'https://t.co/Dn5IImuOc7', 'expanded_url': 'https://podcasts.apple.com/us/podcast/the-ballad-of-billy-balls-the-rfk-tapes/id1391405921', 'display_url': 'podcasts.apple.com/us/podcast/the…', 'status': 200, 'unwound_url': 'https://podcasts.apple.com/us/podcast/the-ballad-of-billy-balls-the-rfk-tapes/id1391405921'}]","[{'start': 2, 'end': 13, 'username': 'iOlovesyou', 'id': '210991825'}]","[{'start': 79, 'end': 89, 'probability': 0.2741, 'type': 'Other', 'normalized_text': 'Billy Balls'}]",en,1148298409570263040,"⁦⁦@iOlovesyou⁩ wrapped up the insanely great &amp; beautiful podcast The Ballad of Billy Balls.  Since the whole series is available, I feel less guilty about turning ppl on to this upsettingly addictive show. Enjoy! https://t.co/Dn5IImuOc7",807003567605227520,19,20,237,3,https://t.co/Ze18Ek9SOI,realamberheard,"Actor and Activist, semi-professional disruptor, ice cream advocate and shameless teacup yorkie-lover",807003567605227520,"Los Angeles, CA",https://pbs.twimg.com/profile_images/1383196364792680448/N8CdupEu_normal.jpg,2016-12-08T23:26:58.000Z,190463,220,1151,568,Amber Heard,https://t.co/imzbQnpaXH,reineyelah,classic lara croft supremacy. i fucking love you for hating me. wife to noodle. #justiceforjohnnydepp #justiceforsurvivors #istandwithjkrowling,2465079218,on the precipice.,https://pbs.twimg.com/profile_images/1506624478310191113/EEpjan86_normal.jpg,2014-04-26T20:16:57.000Z,1592,222,37211,3,not haley,,
2019-07-08T22:02:02.000Z,Twitter Web Client,"[{'type': 'replied_to', 'id': '1148350915390443527'}]",en,1148351562986729472,1145497616383381505,@HellangelNess @realamberheard @iOlovesyou She admitted to abusing him. The trial is a formality at this point. She's guilty as fuck.,2465079218,,"[{'start': 15, 'end': 30, 'username': 'realamberheard', 'id': '807003567605227520'}, {'start': 31, 'end': 42, 'username': 'iOlovesyou', 'id': '210991825'}]",0,1,10,0,2019-07-08T18:30:49.000Z,Twitter for iPad,"[{'start': 217, 'end': 240, 'url': 'https://t.co/Dn5IImuOc7', 'expanded_url': 'https://podcasts.apple.com/us/podcast/the-ballad-of-billy-balls-the-rfk-tapes/id1391405921', 'display_url': 'podcasts.apple.com/us/podcast/the…', 'status': 200, 'unwound_url': 'https://podcasts.apple.com/us/podcast/the-ballad-of-billy-balls-the-rfk-tapes/id1391405921'}]","[{'start': 2, 'end': 13, 'username': 'iOlovesyou', 'id': '210991825'}]","[{'start': 79, 'end': 89, 'probability': 0.2741, 'type': 'Other', 'normalized_text': 'Billy Balls'}]",en,1148298409570263040,"⁦⁦@iOlovesyou⁩ wrapped up the insanely great &amp; beautiful podcast The Ballad of Billy Balls.  Since the whole series is available, I feel less guilty about turning ppl on to this upsettingly addictive show. Enjoy! https://t.co/Dn5IImuOc7",807003567605227520,19,20,237,3,https://t.co/Ze18Ek9SOI,realamberheard,"Actor and Activist, semi-professional disruptor, ice cream advocate and shameless teacup yorkie-lover",807003567605227520,"Los Angeles, CA",https://pbs.twimg.com/profile_images/1383196364792680448/N8CdupEu_normal.jpg,2016-12-08T23:26:58.000Z,190463,220,1151,568,Amber Heard,https://t.co/imzbQnpaXH,reineyelah,classic lara croft supremacy. i fucking love you for hating me. wife to noodle. #justiceforjohnnydepp #justiceforsurvivors #istandwithjkrowling,2465079218,on the precipice.,https://pbs.twimg.com/profile_images/1506624478310191113/EEpjan86_normal.jpg,2014-04-26T20:16:57.000Z,1592,222,37211,3,not haley,,
2019-07-08T21:56:49.000Z,Twitter Web Client,"[{'type': 'replied_to', 'id': '1148298409570263040'}]",en,1148350248978472960,807003567605227520,@realamberheard @iOlovesyou How are you even still on social media when 90% of your comments are just pointing out what everyone already knows? The fact that you abused Johnny Depp is not a secret anymore.,2465079218,,"[{'start': 0, 'end': 15, 'username': 'realamberheard', 'id': '807003567605227520'}, {'start': 16, 'end': 27, 'username': 'iOlovesyou', 'id': '210991825'}]",3,1,26,0,2019-07-08T18:30:49.000Z,Twitter for iPad,"[{'start': 217, 'end': 240, 'url': 'https://t.co/Dn5IImuOc7', 'expanded_url': 'https://podcasts.apple.com/us/podcast/the-ballad-of-billy-balls-the-rfk-tapes/id1391405921', 'display_url': 'podcasts.apple.com/us/podcast/the…', 'status': 200, 'unwound_url': 'https://podcasts.apple.com/us/podcast/the-ballad-of-billy-balls-the-rfk-tapes/id1391405921'}]","[{'start': 2, 'end': 13, 'username': 'iOlovesyou', 'id': '210991825'}]","[{'start': 79, 'end': 89, 'probability': 0.2741, 'type': 'Other', 'normalized_text': 'Billy Balls'}]",en,1148298409570263040,"⁦⁦@iOlovesyou⁩ wrapped up the insanely great &amp; beautiful podcast The Ballad of Billy Balls.  Since the whole series is available, I feel less guilty about turning ppl on to this upsettingly addictive show. Enjoy! https://t.co/Dn5IImuOc7",807003567605227520,19,20,237,3,https://t.co/Ze18Ek9SOI,realamberheard,"Actor and Activist, semi-professional disruptor, ice cream advocate and shameless teacup yorkie-lover",807003567605227520,"Los Angeles, CA",https://pbs.twimg.com/profile_images/1383196364792680448/N8CdupEu_normal.jpg,2016-12-08T23:26:58.000Z,190463,220,1151,568,Amber Heard,https://t.co/imzbQnpaXH,reineyelah,classic lara croft supremacy. i fucking love you for hating me. wife to noodle. #justiceforjohnnydepp #justiceforsurvivors #istandwithjkrowling,2465079218,on the precipice.,https://pbs.twimg.com/profile_images/1506624478310191113/EEpjan86_normal.jpg,2014-04-26T20:16:57.000Z,1592,222,37211,3,not haley,"[{'start': 169, 'end': 179, 'probability': 0.9976, 'type': 'Person', 'normalized_text': 'Johnny Depp'}]",
2019-07-08T21:55:19.000Z,Twitter Web Client,"[{'type': 'replied_to', 'id': '1148347478414123009'}]",en,1148349871721799691,1145497616383381505,@HellangelNess @realamberheard @iOlovesyou She is a serial abuser. Nothing wonderful about that.,2465079218,,"[{'start': 15, 'end': 30, 'username': 'realamberheard', 'id': '807003567605227520'}, {'start': 31, 'end': 42, 'username': 'iOlovesyou', 'id': '210991825'}]",0,0,15,0,2019-07-08T18:30:49.000Z,Twitter for iPad,"[{'start': 217, 'end': 240, 'url': 'https://t.co/Dn5IImuOc7', 'expanded_url': 'https://podcasts.apple.com/us/podcast/the-ballad-of-billy-balls-the-rfk-tapes/id1391405921', 'display_url': 'podcasts.apple.com/us/podcast/the…', 'status': 200, 'unwound_url': 'https://podcasts.apple.com/us/podcast/the-ballad-of-billy-balls-the-rfk-tapes/id1391405921'}]","[{'start': 2, 'end': 13, 'username': 'iOlovesyou', 'id': '210991825'}]","[{'start': 79, 'end': 89, 'probability': 0.2741, 'type': 'Other', 'normalized_text': 'Billy Balls'}]",en,1148298409570263040,"⁦⁦@iOlovesyou⁩ wrapped up the insanely great &amp; beautiful podcast The Ballad of Billy Balls.  Since the whole series is available, I feel less guilty about turning ppl on to this upsettingly addictive show. Enjoy! https://t.co/Dn5IImuOc7",807003567605227520,19,20,237,3,https://t.co/Ze18Ek9SOI,realamberheard,"Actor and Activist, semi-professional disruptor, ice cream advocate and shameless teacup yorkie-lover",807003567605227520,"Los Angeles, CA",https://pbs.twimg.com/profile_images/1383196364792680448/N8CdupEu_normal.jpg,2016-12-08T23:26:58.000Z,190463,220,1151,568,Amber Heard,https://t.co/imzbQnpaXH,reineyelah,classic lara croft supremacy. i fucking love you for hating me. wife to noodle. #justiceforjohnnydepp #justiceforsurvivors #istandwithjkrowling,2465079218,on the precipice.,https://pbs.twimg.com/profile_images/1506624478310191113/EEpjan86_normal.jpg,2014-04-26T20:16:57.000Z,1592,222,37211,3,not haley,,
2019-07-08T20:58:06.000Z,Twitter Web App,"[{'type': 'replied_to', 'id': '1148298409570263040'}]",en,1148335471942148097,807003567605227520,@realamberheard @iOlovesyou You’re busted now the whole world has both sides and can make their own mind up. Including the Judge who saw fit to dismiss your attempt to dismiss the case. Johnny Depp “will not be silenced” and seems super happy these days don’t u think?,1131663866432299008,,"[{'start': 0, 'end': 15, 'username': 'realamberheard', 'id': '807003567605227520'}, {'start': 16, 'end': 27, 'username': 'iOlovesyou', 'id': '210991825'}]",0,0,8,0,2019-07-08T18:30:49.000Z,Twitter for iPad,"[{'start': 217, 'end': 240, 'url': 'https://t.co/Dn5IImuOc7', 'expanded_url': 'https://podcasts.apple.com/us/podcast/the-ballad-of-billy-balls-the-rfk-tapes/id1391405921', 'display_url': 'podcasts.apple.com/us/podcast/the…', 'status': 200, 'unwound_url': 'https://podcasts.apple.com/us/podcast/the-ballad-of-billy-balls-the-rfk-tapes/id1391405921'}]","[{'start': 2, 'end': 13, 'username': 'iOlovesyou', 'id': '210991825'}]","[{'start': 79, 'end': 89, 'probability': 0.2741, 'type': 'Other', 'normalized_text': 'Billy Balls'}]",en,1148298409570263040,"⁦⁦@iOlovesyou⁩ wrapped up the insanely great &amp; beautiful podcast The Ballad of Billy Balls.  Since the whole series is available, I feel less guilty about turning ppl on to this upsettingly addictive show. Enjoy! https://t.co/Dn5IImuOc7",807003567605227520,19,20,237,3,https://t.co/Ze18Ek9SOI,realamberheard,"Actor and Activist, semi-professional disruptor, ice cream advocate and shameless teacup yorkie-lover",807003567605227520,"Los Angeles, CA",https://pbs.twimg.com/profile_images/1383196364792680448/N8CdupEu_normal.jpg,2016-12-08T23:26:58.000Z,190463,220,1151,568,Amber Heard,,Evolved71245694,Parent. Equal rights Equal pay Employer. Wife. set this account up due to my perceived inadequacy of the press reporting on Johnny Depp. Do not have JD posters,1131663866432299008,London,https://pbs.twimg.com/profile_images/1131664247698677760/fg7jZjEl_normal.jpg,2019-05-23T20:51:05.000Z,21,29,1406,1,Evolved,"[{'start': 186, 'end': 196, 'probability': 0.9932, 'type': 'Person', 'normalized_text': 'Johnny Depp'}]",
2019-07-08T20:56:14.000Z,Twitter Web App,"[{'type': 'replied_to', 'id': '1148298409570263040'}]",en,1148335004893818882,807003567605227520,"@realamberheard @iOlovesyou #iotilletwright trying to be nice to iO so he supports you in court? Phone records will show if he made his “life saving call” at 10pm, 2 hours after JD left. He basically is the only person you’ve got, and he was in NY! Didn’t actually see anything",1131663866432299008,"[{'start': 28, 'end': 43, 'tag': 'iotilletwright'}]","[{'start': 0, 'end': 15, 'username': 'realamberheard', 'id': '807003567605227520'}, {'start': 16, 'end': 27, 'username': 'iOlovesyou', 'id': '210991825'}]",0,0,8,0,2019-07-08T18:30:49.000Z,Twitter for iPad,"[{'start': 217, 'end': 240, 'url': 'https://t.co/Dn5IImuOc7', 'expanded_url': 'https://podcasts.apple.com/us/podcast/the-ballad-of-billy-balls-the-rfk-tapes/id1391405921', 'display_url': 'podcasts.apple.com/us/podcast/the…', 'status': 200, 'unwound_url': 'https://podcasts.apple.com/us/podcast/the-ballad-of-billy-balls-the-rfk-tapes/id1391405921'}]","[{'start': 2, 'end': 13, 'username': 'iOlovesyou', 'id': '210991825'}]","[{'start': 79, 'end': 89, 'probability': 0.2741, 'type': 'Other', 'normalized_text': 'Billy Balls'}]",en,1148298409570263040,"⁦⁦@iOlovesyou⁩ wrapped up the insanely great &amp; beautiful podcast The Ballad of Billy Balls.  Since the whole series is available, I feel less guilty about turning ppl on to this upsettingly addictive show. Enjoy! https://t.co/Dn5IImuOc7",807003567605227520,19,20,237,3,https://t.co/Ze18Ek9SOI,realamberheard,"Actor and Activist, semi-professional disruptor, ice cream advocate and shameless teacup yorkie-lover",807003567605227520,"Los Angeles, CA",https://pbs.twimg.com/profile_images/1383196364792680448/N8CdupEu_normal.jpg,2016-12-08T23:26:58.000Z,190463,220,1151,568,Amber Heard,,Evolved71245694,Parent. Equal rights Equal pay Employer. Wife. set this account up due to my perceived inadequacy of the press reporting on Johnny Depp. Do not have JD posters,1131663866432299008,London,https://pbs.twimg.com/profile_images/1131664247698677760/fg7jZjEl_normal.jpg,2019-05-23T20:51:05.000Z,21,29,1406,1,Evolved,"[{'start': 245, 'end': 246, 'probability': 0.9236, 'type': 'Place', 'normalized_text': 'NY'}]",
2019-07-08T20:27:14.000Z,Twitter Web App,"[{'type': 'replied_to', 'id': '1148298409570263040'}]",en,1148327706339110912,807003567605227520,"@realamberheard @iOlovesyou Thanks for sharing this, another podcast that I'll enjoy!💖",3216078659,,"[{'start': 0, 'end': 15, 'username': 'realamberheard', 'id': '807003567605227520'}, {'start': 16, 'end': 27, 'username': 'iOlovesyou', 'id': '210991825'}]",0,0,1,0,2019-07-08T18:30:49.000Z,Twitter for iPad,"[{'start': 217, 'end': 240, 'url': 'https://t.co/Dn5IImuOc7', 'expanded_url': 'https://podcasts.apple.com/us/podcast/the-ballad-of-billy-balls-the-rfk-tapes/id1391405921', 'display_url': 'podcasts.apple.com/us/podcast/the…', 'status': 200, 'unwound_url': 'https://podcasts.apple.com/us/podcast/the-ballad-of-billy-balls-the-rfk-tapes/id1391405921'}]","[{'start': 2, 'end': 13, 'username': 'iOlovesyou', 'id': '210991825'}]","[{'start': 79, 'end': 89, 'probability': 0.2741, 'type': 'Other', 'normalized_text': 'Billy Balls'}]",en,1148298409570263040,"⁦⁦@iOlovesyou⁩ wrapped up the insanely great &amp; beautiful podcast The Ballad of Billy Balls.  Since the whole series is available, I feel less guilty about turning ppl on to this upsettingly addictive show. Enjoy! https://t.co/Dn5IImuOc7",807003567605227520,19,20,237,3,https://t.co/Ze18Ek9SOI,realamberheard,"Actor and Activist, semi-professional disruptor, ice cream advocate and shameless teacup yorkie-lover",807003567605227520,"Los Angeles, CA",https://pbs.twimg.com/profile_images/1383196364792680448/N8CdupEu_normal.jpg,2016-12-08T23:26:58.000Z,190463,220,1151,568,Amber Heard,,GGCIR8991,"On the internet, you can be pretty much anything you want, it's just kinda weird that so many people choose to be idiots and assholes",3216078659,,https://pbs.twimg.com/profile_images/1501219816522219520/SQVX3N2b_normal.jpg,2015-04-28T07:17:35.000Z,1464,1324,163149,17,GGCIR8991,,
2019-07-08T19:09:17.000Z,Twitter Web App,"[{'type': 'replied_to', 'id': '1148298409570263040'}]",es,1148308088400879616,807003567605227520,"@realamberheard @iOlovesyou Amber gracias por la recomendación del podcast 
@realamberheard @iOlovesyou  👍👍👍🤗💐❤",1120114201404506112,,"[{'start': 0, 'end': 15, 'username': 'realamberheard', 'id': '807003567605227520'}, {'start': 16, 'end': 27, 'username': 'iOlovesyou', 'id': '210991825'}, {'start': 76, 'end': 91, 'username': 'realamberheard', 'id': '807003567605227520'}, {'start': 92, 'end': 103, 'username': 'iOlovesyou', 'id': '210991825'}]",0,0,0,0,2019-07-08T18:30:49.000Z,Twitter for iPad,"[{'start': 217, 'end': 240, 'url': 'https://t.co/Dn5IImuOc7', 'expanded_url': 'https://podcasts.apple.com/us/podcast/the-ballad-of-billy-balls-the-rfk-tapes/id1391405921', 'display_url': 'podcasts.apple.com/us/podcast/the…', 'status': 200, 'unwound_url': 'https://podcasts.apple.com/us/podcast/the-ballad-of-billy-balls-the-rfk-tapes/id1391405921'}]","[{'start': 2, 'end': 13, 'username': 'iOlovesyou', 'id': '210991825'}]","[{'start': 79, 'end': 89, 'probability': 0.2741, 'type': 'Other', 'normalized_text': 'Billy Balls'}]",en,1148298409570263040,"⁦⁦@iOlovesyou⁩ wrapped up the insanely great &amp; beautiful podcast The Ballad of Billy Balls.  Since the whole series is available, I feel less guilty about turning ppl on to this upsettingly addictive show. Enjoy! https://t.co/Dn5IImuOc7",807003567605227520,19,20,237,3,https://t.co/Ze18Ek9SOI,realamberheard,"Actor and Activist, semi-professional disruptor, ice cream advocate and shameless teacup yorkie-lover",807003567605227520,"Los Angeles, CA",https://pbs.twimg.com/profile_images/1383196364792680448/N8CdupEu_normal.jpg,2016-12-08T23:26:58.000Z,190463,220,1151,568,Amber Heard,,Enrique62175188,,1120114201404506112,Puebla mexico,https://pbs.twimg.com/profile_images/1377050191719710721/-BKIU6Zv_normal.jpg,2019-04-21T23:56:51.000Z,63,304,2076,0,Enrique ramirez,"[{'start': 28, 'end': 32, 'probability': 0.701, 'type': 'Person', 'normalized_text': 'Amber'}]",
2019-07-08T18:44:22.000Z,Twitter Web App,"[{'type': 'replied_to', 'id': '1148298409570263040'}]",es,1148301817496973313,807003567605227520,@realamberheard @iOlovesyou Ustedes Son grandes amigos y eso es maravilloso 👍👫🤗 no pude haber algo mejor💐,1120114201404506112,,"[{'start': 0, 'end': 15, 'username': 'realamberheard', 'id': '807003567605227520'}, {'start': 16, 'end': 27, 'username': 'iOlovesyou', 'id': '210991825'}]",0,0,2,0,2019-07-08T18:30:49.000Z,Twitter for iPad,"[{'start': 217, 'end': 240, 'url': 'https://t.co/Dn5IImuOc7', 'expanded_url': 'https://podcasts.apple.com/us/podcast/the-ballad-of-billy-balls-the-rfk-tapes/id1391405921', 'display_url': 'podcasts.apple.com/us/podcast/the…', 'status': 200, 'unwound_url': 'https://podcasts.apple.com/us/podcast/the-ballad-of-billy-balls-the-rfk-tapes/id1391405921'}]","[{'start': 2, 'end': 13, 'username': 'iOlovesyou', 'id': '210991825'}]","[{'start': 79, 'end': 89, 'probability': 0.2741, 'type': 'Other', 'normalized_text': 'Billy Balls'}]",en,1148298409570263040,"⁦⁦@iOlovesyou⁩ wrapped up the insanely great &amp; beautiful podcast The Ballad of Billy Balls.  Since the whole series is available, I feel less guilty about turning ppl on to this upsettingly addictive show. Enjoy! https://t.co/Dn5IImuOc7",807003567605227520,19,20,237,3,https://t.co/Ze18Ek9SOI,realamberheard,"Actor and Activist, semi-professional disruptor, ice cream advocate and shameless teacup yorkie-lover",807003567605227520,"Los Angeles, CA",https://pbs.twimg.com/profile_images/1383196364792680448/N8CdupEu_normal.jpg,2016-12-08T23:26:58.000Z,190463,220,1151,568,Amber Heard,,Enrique62175188,,1120114201404506112,Puebla mexico,https://pbs.twimg.com/profile_images/1377050191719710721/-BKIU6Zv_normal.jpg,2019-04-21T23:56:51.000Z,63,304,2076,0,Enrique ramirez,,
2019-07-08T18:40:45.000Z,Twitter for Android,"[{'type': 'replied_to', 'id': '1148298409570263040'}]",en,1148300905961447424,807003567605227520,"@realamberheard @iOlovesyou Thanks for the recommendation dear 

I've read nothing but good things about IO's podcast #congratulations 👏",4396120342,"[{'start': 118, 'end': 134, 'tag': 'congratulations'}]","[{'start': 0, 'end': 15, 'username': 'realamberheard', 'id': '807003567605227520'}, {'start': 16, 'end': 27, 'username': 'iOlovesyou', 'id': '210991825'}]",0,0,2,0,2019-07-08T18:30:49.000Z,Twitter for iPad,"[{'start': 217, 'end': 240, 'url': 'https://t.co/Dn5IImuOc7', 'expanded_url': 'https://podcasts.apple.com/us/podcast/the-ballad-of-billy-balls-the-rfk-tapes/id1391405921', 'display_url': 'podcasts.apple.com/us/podcast/the…', 'status': 200, 'unwound_url': 'https://podcasts.apple.com/us/podcast/the-ballad-of-billy-balls-the-rfk-tapes/id1391405921'}]","[{'start': 2, 'end': 13, 'username': 'iOlovesyou', 'id': '210991825'}]","[{'start': 79, 'end': 89, 'probability': 0.2741, 'type': 'Other', 'normalized_text': 'Billy Balls'}]",en,1148298409570263040,"⁦⁦@iOlovesyou⁩ wrapped up the insanely great &amp; beautiful podcast The Ballad of Billy Balls.  Since the whole series is available, I feel less guilty about turning ppl on to this upsettingly addictive show. Enjoy! https://t.co/Dn5IImuOc7",807003567605227520,19,20,237,3,https://t.co/Ze18Ek9SOI,realamberheard,"Actor and Activist, semi-professional disruptor, ice cream advocate and shameless teacup yorkie-lover",807003567605227520,"Los Angeles, CA",https://pbs.twimg.com/profile_images/1383196364792680448/N8CdupEu_normal.jpg,2016-12-08T23:26:58.000Z,190463,220,1151,568,Amber Heard,,stirgussa,"Only two things are infinite, the universe and human stupidity, and I'm not sure about the former. - Albert Einstein and Me!",4396120342,,https://pbs.twimg.com/profile_images/1378175478478082050/UKLiQPuk_normal.jpg,2015-12-06T17:21:06.000Z,678,296,58622,26,STIRGUS SACCHETTI,"[{'start': 63, 'end': 64, 'probability': 0.4555, 'type': 'Person', 'normalized_text': ''}]",
2019-07-08T18:37:26.000Z,Twitter Web App,"[{'type': 'replied_to', 'id': '1148298409570263040'}]",und,1148300075065647105,807003567605227520,@realamberheard @iOlovesyou https://t.co/qoPtJaPzuf https://t.co/6g2s7Z5BN6,1050721822092812289,,"[{'start': 0, 'end': 15, 'username': 'realamberheard', 'id': '807003567605227520'}, {'start': 16, 'end': 27, 'username': 'iOlovesyou', 'id': '210991825'}]",0,0,5,0,2019-07-08T18:30:49.000Z,Twitter for iPad,"[{'start': 217, 'end': 240, 'url': 'https://t.co/Dn5IImuOc7', 'expanded_url': 'https://podcasts.apple.com/us/podcast/the-ballad-of-billy-balls-the-rfk-tapes/id1391405921', 'display_url': 'podcasts.apple.com/us/podcast/the…', 'status': 200, 'unwound_url': 'https://podcasts.apple.com/us/podcast/the-ballad-of-billy-balls-the-rfk-tapes/id1391405921'}]","[{'start': 2, 'end': 13, 'username': 'iOlovesyou', 'id': '210991825'}]","[{'start': 79, 'end': 89, 'probability': 0.2741, 'type': 'Other', 'normalized_text': 'Billy Balls'}]",en,1148298409570263040,"⁦⁦@iOlovesyou⁩ wrapped up the insanely great &amp; beautiful podcast The Ballad of Billy Balls.  Since the whole series is available, I feel less guilty about turning ppl on to this upsettingly addictive show. Enjoy! https://t.co/Dn5IImuOc7",807003567605227520,19,20,237,3,https://t.co/Ze18Ek9SOI,realamberheard,"Actor and Activist, semi-professional disruptor, ice cream advocate and shameless teacup yorkie-lover",807003567605227520,"Los Angeles, CA",https://pbs.twimg.com/profile_images/1383196364792680448/N8CdupEu_normal.jpg,2016-12-08T23:26:58.000Z,190463,220,1151,568,Amber Heard,,teamdepp_,•✿ Johnny is definition of love ✿•,1050721822092812289,#ibelievehim,https://pbs.twimg.com/profile_images/1340701831975096320/g92j12jM_normal.jpg,2018-10-12T12:16:18.000Z,412,300,12987,1,Susan,,"[{'start': 28, 'end': 51, 'url': 'https://t.co/qoPtJaPzuf', 'expanded_url': 'https://radionowindy.com/1409121/amber-heard-arrested-for-domestic-violence/', 'display_url': 'radionowindy.com/1409121/amber-…', 'status': 200, 'unwound_url': 'https://radionowindy.com/1409121/amber-heard-arrested-for-domestic-violence/'}, {'start': 52, 'end': 75, 'url': 'https://t.co/6g2s7Z5BN6', 'expanded_url': 'https://twitter.com/teamdepp_/status/1148300075065647105/photo/1', 'display_url': 'pic.twitter.com/6g2s7Z5BN6'}, {'start': 52, 'end': 75, 'url': 'https://t.co/6g2s7Z5BN6', 'expanded_url': 'https://twitter.com/teamdepp_/status/1148300075065647105/photo/1', 'display_url': 'pic.twitter.com/6g2s7Z5BN6'}, {'start': 52, 'end': 75, 'url': 'https://t.co/6g2s7Z5BN6', 'expanded_url': 'https://twitter.com/teamdepp_/status/1148300075065647105/photo/1', 'display_url': 'pic.twitter.com/6g2s7Z5BN6'}, {'start': 52, 'end': 75, 'url': 'https://t.co/6g2s7Z5BN6', 'expanded_url': 'https://twitter.com/teamdepp_/status/1148300075065647105/photo/1', 'display_url': 'pic.twitter.com/6g2s7Z5BN6'}]"
2019-07-08T18:35:06.000Z,Twitter for Android,"[{'type': 'replied_to', 'id': '1148298409570263040'}]",en,1148299484201283584,807003567605227520,@realamberheard @iOlovesyou Amber I love you. 😘,940459573105823744,,"[{'start': 0, 'end': 15, 'username': 'realamberheard', 'id': '807003567605227520'}, {'start': 16, 'end': 27, 'username': 'iOlovesyou', 'id': '210991825'}]",0,0,1,0,2019-07-08T18:30:49.000Z,Twitter for iPad,"[{'start': 217, 'end': 240, 'url': 'https://t.co/Dn5IImuOc7', 'expanded_url': 'https://podcasts.apple.com/us/podcast/the-ballad-of-billy-balls-the-rfk-tapes/id1391405921', 'display_url': 'podcasts.apple.com/us/podcast/the…', 'status': 200, 'unwound_url': 'https://podcasts.apple.com/us/podcast/the-ballad-of-billy-balls-the-rfk-tapes/id1391405921'}]","[{'start': 2, 'end': 13, 'username': 'iOlovesyou', 'id': '210991825'}]","[{'start': 79, 'end': 89, 'probability': 0.2741, 'type': 'Other', 'normalized_text': 'Billy Balls'}]",en,1148298409570263040,"⁦⁦@iOlovesyou⁩ wrapped up the insanely great &amp; beautiful podcast The Ballad of Billy Balls.  Since the whole series is available, I feel less guilty about turning ppl on to this upsettingly addictive show. Enjoy! https://t.co/Dn5IImuOc7",807003567605227520,19,20,237,3,https://t.co/Ze18Ek9SOI,realamberheard,"Actor and Activist, semi-professional disruptor, ice cream advocate and shameless teacup yorkie-lover",807003567605227520,"Los Angeles, CA",https://pbs.twimg.com/profile_images/1383196364792680448/N8CdupEu_normal.jpg,2016-12-08T23:26:58.000Z,190463,220,1151,568,Amber Heard,,RealMukul,"| \W/estworld |

he/him | Fan Account |
#IStandWithAmberHeard
#IStandWithUkraine",940459573105823744,,https://pbs.twimg.com/profile_images/1478739279056556039/0Kn_xg4O_normal.jpg,2017-12-12T05:53:29.000Z,1379,1009,37436,15,MUKUL,"[{'start': 28, 'end': 32, 'probability': 0.8584, 'type': 'Person', 'normalized_text': 'Amber'}]",
2019-07-08T18:33:27.000Z,Twitter for iPhone,"[{'type': 'replied_to', 'id': '1148298409570263040'}]",en,1148299069590298624,807003567605227520,@realamberheard @iOlovesyou Could listen to ios voice forever 😍😍😍 https://t.co/XRGw54TTFS,49303675,,"[{'start': 0, 'end': 15, 'username': 'realamberheard', 'id': '807003567605227520'}, {'start': 16, 'end': 27, 'username': 'iOlovesyou', 'id': '210991825'}]",0,0,2,0,2019-07-08T18:30:49.000Z,Twitter for iPad,"[{'start': 217, 'end': 240, 'url': 'https://t.co/Dn5IImuOc7', 'expanded_url': 'https://podcasts.apple.com/us/podcast/the-ballad-of-billy-balls-the-rfk-tapes/id1391405921', 'display_url': 'podcasts.apple.com/us/podcast/the…', 'status': 200, 'unwound_url': 'https://podcasts.apple.com/us/podcast/the-ballad-of-billy-balls-the-rfk-tapes/id1391405921'}]","[{'start': 2, 'end': 13, 'username': 'iOlovesyou', 'id': '210991825'}]","[{'start': 79, 'end': 89, 'probability': 0.2741, 'type': 'Other', 'normalized_text': 'Billy Balls'}]",en,1148298409570263040,"⁦⁦@iOlovesyou⁩ wrapped up the insanely great &amp; beautiful podcast The Ballad of Billy Balls.  Since the whole series is available, I feel less guilty about turning ppl on to this upsettingly addictive show. Enjoy! https://t.co/Dn5IImuOc7",807003567605227520,19,20,237,3,https://t.co/Ze18Ek9SOI,realamberheard,"Actor and Activist, semi-professional disruptor, ice cream advocate and shameless teacup yorkie-lover",807003567605227520,"Los Angeles, CA",https://pbs.twimg.com/profile_images/1383196364792680448/N8CdupEu_normal.jpg,2016-12-08T23:26:58.000Z,190463,220,1151,568,Amber Heard,,maybonnevier,"“out. for. a. walk. bitch 🤙🏻” -Spike, Buffy s5e5. Catmom x 2 and fangirl x a lot",49303675,Sweden,https://pbs.twimg.com/profile_images/1495740552364670980/JFFPLq6P_normal.jpg,2009-06-21T12:28:44.000Z,445,146,44808,18,May🐊💞,"[{'start': 44, 'end': 46, 'probability': 0.9118, 'type': 'Product', 'normalized_text': 'ios'}]","[{'start': 66, 'end': 89, 'url': 'https://t.co/XRGw54TTFS', 'expanded_url': 'https://twitter.com/maybonnevier/status/1148299069590298624/photo/1', 'display_url': 'pic.twitter.com/XRGw54TTFS'}]"
2019-07-08T18:33:21.000Z,Twitter for Android,"[{'type': 'replied_to', 'id': '1148298409570263040'}]",en,1148299047196905480,807003567605227520,"@realamberheard @iOlovesyou My friend just saved a burning church, tell them they're cool! @atlantiscorps",874745759786299393,,"[{'start': 0, 'end': 15, 'username': 'realamberheard', 'id': '807003567605227520'}, {'start': 16, 'end': 27, 'username': 'iOlovesyou', 'id': '210991825'}]",0,1,0,0,2019-07-08T18:30:49.000Z,Twitter for iPad,"[{'start': 217, 'end': 240, 'url': 'https://t.co/Dn5IImuOc7', 'expanded_url': 'https://podcasts.apple.com/us/podcast/the-ballad-of-billy-balls-the-rfk-tapes/id1391405921', 'display_url': 'podcasts.apple.com/us/podcast/the…', 'status': 200, 'unwound_url': 'https://podcasts.apple.com/us/podcast/the-ballad-of-billy-balls-the-rfk-tapes/id1391405921'}]","[{'start': 2, 'end': 13, 'username': 'iOlovesyou', 'id': '210991825'}]","[{'start': 79, 'end': 89, 'probability': 0.2741, 'type': 'Other', 'normalized_text': 'Billy Balls'}]",en,1148298409570263040,"⁦⁦@iOlovesyou⁩ wrapped up the insanely great &amp; beautiful podcast The Ballad of Billy Balls.  Since the whole series is available, I feel less guilty about turning ppl on to this upsettingly addictive show. Enjoy! https://t.co/Dn5IImuOc7",807003567605227520,19,20,237,3,https://t.co/Ze18Ek9SOI,realamberheard,"Actor and Activist, semi-professional disruptor, ice cream advocate and shameless teacup yorkie-lover",807003567605227520,"Los Angeles, CA",https://pbs.twimg.com/profile_images/1383196364792680448/N8CdupEu_normal.jpg,2016-12-08T23:26:58.000Z,190463,220,1151,568,Amber Heard,https://t.co/YToORYyG0a,garagerocksound,♠ 22. He/Him. INFJ-T. Comunicación audiovisual. Pelis. Series. Videojuegos. Cómics. Duolingo addict || LGB(T)(A²) 🏳️‍🌈 🏹 Ace || Red Dead. Fallout.,874745759786299393,blocked,https://pbs.twimg.com/profile_images/1320737391548641280/zuV9BBSS_normal.png,2017-06-13T21:50:15.000Z,680,4720,27702,0,alex,,
2019-07-08T18:32:13.000Z,Twitter for iPhone,"[{'type': 'replied_to', 'id': '1148298409570263040'}]",en,1148298760423911424,807003567605227520,@realamberheard @iOlovesyou So obsessed w this been crying in work every Thursday there’s been a new episode... I NEED MOREEEE,49303675,,"[{'start': 0, 'end': 15, 'username': 'realamberheard', 'id': '807003567605227520'}, {'start': 16, 'end': 27, 'username': 'iOlovesyou', 'id': '210991825'}]",0,0,2,0,2019-07-08T18:30:49.000Z,Twitter for iPad,"[{'start': 217, 'end': 240, 'url': 'https://t.co/Dn5IImuOc7', 'expanded_url': 'https://podcasts.apple.com/us/podcast/the-ballad-of-billy-balls-the-rfk-tapes/id1391405921', 'display_url': 'podcasts.apple.com/us/podcast/the…', 'status': 200, 'unwound_url': 'https://podcasts.apple.com/us/podcast/the-ballad-of-billy-balls-the-rfk-tapes/id1391405921'}]","[{'start': 2, 'end': 13, 'username': 'iOlovesyou', 'id': '210991825'}]","[{'start': 79, 'end': 89, 'probability': 0.2741, 'type': 'Other', 'normalized_text': 'Billy Balls'}]",en,1148298409570263040,"⁦⁦@iOlovesyou⁩ wrapped up the insanely great &amp; beautiful podcast The Ballad of Billy Balls.  Since the whole series is available, I feel less guilty about turning ppl on to this upsettingly addictive show. Enjoy! https://t.co/Dn5IImuOc7",807003567605227520,19,20,237,3,https://t.co/Ze18Ek9SOI,realamberheard,"Actor and Activist, semi-professional disruptor, ice cream advocate and shameless teacup yorkie-lover",807003567605227520,"Los Angeles, CA",https://pbs.twimg.com/profile_images/1383196364792680448/N8CdupEu_normal.jpg,2016-12-08T23:26:58.000Z,190463,220,1151,568,Amber Heard,,maybonnevier,"“out. for. a. walk. bitch 🤙🏻” -Spike, Buffy s5e5. Catmom x 2 and fangirl x a lot",49303675,Sweden,https://pbs.twimg.com/profile_images/1495740552364670980/JFFPLq6P_normal.jpg,2009-06-21T12:28:44.000Z,445,146,44808,18,May🐊💞,,
