referenced_tweets,id,lang,text,created_at,source,author_id,in_reply_to_user_id,entities.mentions,public_metrics.retweet_count,public_metrics.reply_count,public_metrics.like_count,public_metrics.quote_count,replied_tweet.id,replied_tweet.lang,replied_tweet.text,replied_tweet.created_at,replied_tweet.source,replied_tweet.author_id,replied_tweet.entities.urls,replied_tweet.entities.annotations,replied_tweet.public_metrics.retweet_count,replied_tweet.public_metrics.reply_count,replied_tweet.public_metrics.like_count,replied_tweet.public_metrics.quote_count,replied_tweet.author.public_metrics.followers_count,replied_tweet.author.public_metrics.following_count,replied_tweet.author.public_metrics.tweet_count,replied_tweet.author.public_metrics.listed_count,replied_tweet.author.created_at,replied_tweet.author.id,replied_tweet.author.location,replied_tweet.author.name,replied_tweet.author.profile_image_url,replied_tweet.author.username,replied_tweet.author.url,replied_tweet.author.description,author.public_metrics.followers_count,author.public_metrics.following_count,author.public_metrics.tweet_count,author.public_metrics.listed_count,author.created_at,author.id,author.location,author.name,author.profile_image_url,author.username,author.url,author.description,entities.annotations,entities.urls,entities.hashtags
"[{'type': 'replied_to', 'id': '1149114769539862528'}]",1154933896519327745,und,"@realamberheard ""February 03, 2020.""",2019-07-27T01:57:53.000Z,Twitter for Android,886864543737098241,807003567605227520,"[{'start': 0, 'end': 15, 'username': 'realamberheard', 'id': '807003567605227520'}]",0,0,0,0,1149114769539862528,en,"""Third Rock from the Sun"" by Dorianne Laux https://t.co/RJe9v5gyrH",2019-07-11T00:34:45.000Z,Twitter Web App,807003567605227520,"[{'start': 43, 'end': 66, 'url': 'https://t.co/RJe9v5gyrH', 'expanded_url': 'http://createsend.com/t/y-22A67FCAB7FB46E8', 'display_url': 'createsend.com/t/y-22A67FCAB7…', 'status': 200, 'unwound_url': 'http://createsend.com/t/y-22A67FCAB7FB46E8'}]","[{'start': 1, 'end': 23, 'probability': 0.8797, 'type': 'Other', 'normalized_text': 'Third Rock from the Sun'}, {'start': 29, 'end': 41, 'probability': 0.9737, 'type': 'Person', 'normalized_text': 'Dorianne Laux'}]",23,21,213,1,190463,220,1151,568,2016-12-08T23:26:58.000Z,807003567605227520,"Los Angeles, CA",Amber Heard,https://pbs.twimg.com/profile_images/1383196364792680448/N8CdupEu_normal.jpg,realamberheard,https://t.co/Ze18Ek9SOI,"Actor and Activist, semi-professional disruptor, ice cream advocate and shameless teacup yorkie-lover",77,83,550,0,2017-07-17T08:25:59.000Z,886864543737098241,With Arthur Fleck ,Joker's girl 🃏,https://pbs.twimg.com/profile_images/1498183049481175051/_FMTDU-u_normal.jpg,sohilamohammedd,,"Depphead 🔥
Belonged to Arthur Fleck 💕
My life is nothing but a comedy 🃏
Joaquin Phoenix🌎
#johnnydeppisinnocent
#wearewithyoujohnnydepp
#justiceforjohnnydepp",,,
"[{'type': 'replied_to', 'id': '1149570583178301440'}]",1154573538390695936,en,"@MarieVolkmann1 @Parvati53138389 @DrYadwad @realamberheard jeez, I hope not. People seem to think there's a difference between a female abuser and a male abuser. And abuser is an abuser. Gender doesn't matter.",2019-07-26T02:05:57.000Z,TweetCaster for Android,272122295,1106312645945249794,"[{'start': 43, 'end': 58, 'username': 'realamberheard', 'id': '807003567605227520'}]",0,0,0,0,1149114769539862528,en,"""Third Rock from the Sun"" by Dorianne Laux https://t.co/RJe9v5gyrH",2019-07-11T00:34:45.000Z,Twitter Web App,807003567605227520,"[{'start': 43, 'end': 66, 'url': 'https://t.co/RJe9v5gyrH', 'expanded_url': 'http://createsend.com/t/y-22A67FCAB7FB46E8', 'display_url': 'createsend.com/t/y-22A67FCAB7…', 'status': 200, 'unwound_url': 'http://createsend.com/t/y-22A67FCAB7FB46E8'}]","[{'start': 1, 'end': 23, 'probability': 0.8797, 'type': 'Other', 'normalized_text': 'Third Rock from the Sun'}, {'start': 29, 'end': 41, 'probability': 0.9737, 'type': 'Person', 'normalized_text': 'Dorianne Laux'}]",23,21,213,1,190463,220,1151,568,2016-12-08T23:26:58.000Z,807003567605227520,"Los Angeles, CA",Amber Heard,https://pbs.twimg.com/profile_images/1383196364792680448/N8CdupEu_normal.jpg,realamberheard,https://t.co/Ze18Ek9SOI,"Actor and Activist, semi-professional disruptor, ice cream advocate and shameless teacup yorkie-lover",245,378,14026,21,2011-03-25T21:50:06.000Z,272122295,Yonderland ,TheDKS,https://pbs.twimg.com/profile_images/818931131919826949/6TCl12cG_normal.jpg,dkstevens327,https://t.co/DngHOUMk8k,Mom to  the most amazing kid. Reader. Writer. Professional Cripple. Future Crazy Cat Lady.,,,
"[{'type': 'replied_to', 'id': '1149566156576976896'}]",1154572974357450753,en,@Parvati53138389 @DrYadwad @MarieVolkmann1 @realamberheard that is a truly scary thought. Heard in gov't. I'd definitely have to leave the US as I've been through real DV &amp; she'll probably make DV legal. 🙄,2019-07-26T02:03:42.000Z,TweetCaster for Android,272122295,1063323768993517568,"[{'start': 43, 'end': 58, 'username': 'realamberheard', 'id': '807003567605227520'}]",0,0,0,0,1149114769539862528,en,"""Third Rock from the Sun"" by Dorianne Laux https://t.co/RJe9v5gyrH",2019-07-11T00:34:45.000Z,Twitter Web App,807003567605227520,"[{'start': 43, 'end': 66, 'url': 'https://t.co/RJe9v5gyrH', 'expanded_url': 'http://createsend.com/t/y-22A67FCAB7FB46E8', 'display_url': 'createsend.com/t/y-22A67FCAB7…', 'status': 200, 'unwound_url': 'http://createsend.com/t/y-22A67FCAB7FB46E8'}]","[{'start': 1, 'end': 23, 'probability': 0.8797, 'type': 'Other', 'normalized_text': 'Third Rock from the Sun'}, {'start': 29, 'end': 41, 'probability': 0.9737, 'type': 'Person', 'normalized_text': 'Dorianne Laux'}]",23,21,213,1,190463,220,1151,568,2016-12-08T23:26:58.000Z,807003567605227520,"Los Angeles, CA",Amber Heard,https://pbs.twimg.com/profile_images/1383196364792680448/N8CdupEu_normal.jpg,realamberheard,https://t.co/Ze18Ek9SOI,"Actor and Activist, semi-professional disruptor, ice cream advocate and shameless teacup yorkie-lover",245,378,14026,21,2011-03-25T21:50:06.000Z,272122295,Yonderland ,TheDKS,https://pbs.twimg.com/profile_images/818931131919826949/6TCl12cG_normal.jpg,dkstevens327,https://t.co/DngHOUMk8k,Mom to  the most amazing kid. Reader. Writer. Professional Cripple. Future Crazy Cat Lady.,"[{'start': 139, 'end': 140, 'probability': 0.7507, 'type': 'Place', 'normalized_text': 'US'}]",,
"[{'type': 'replied_to', 'id': '1149114769539862528'}]",1150967973722677248,en,@realamberheard I’m really not understanding why you continue to post. You know people will use this platform to call you out on your behavior....just pack it in st this point.,2019-07-16T03:18:43.000Z,Twitter for iPhone,1103782066309791751,807003567605227520,"[{'start': 0, 'end': 15, 'username': 'realamberheard', 'id': '807003567605227520'}]",1,0,6,0,1149114769539862528,en,"""Third Rock from the Sun"" by Dorianne Laux https://t.co/RJe9v5gyrH",2019-07-11T00:34:45.000Z,Twitter Web App,807003567605227520,"[{'start': 43, 'end': 66, 'url': 'https://t.co/RJe9v5gyrH', 'expanded_url': 'http://createsend.com/t/y-22A67FCAB7FB46E8', 'display_url': 'createsend.com/t/y-22A67FCAB7…', 'status': 200, 'unwound_url': 'http://createsend.com/t/y-22A67FCAB7FB46E8'}]","[{'start': 1, 'end': 23, 'probability': 0.8797, 'type': 'Other', 'normalized_text': 'Third Rock from the Sun'}, {'start': 29, 'end': 41, 'probability': 0.9737, 'type': 'Person', 'normalized_text': 'Dorianne Laux'}]",23,21,213,1,190463,220,1151,568,2016-12-08T23:26:58.000Z,807003567605227520,"Los Angeles, CA",Amber Heard,https://pbs.twimg.com/profile_images/1383196364792680448/N8CdupEu_normal.jpg,realamberheard,https://t.co/Ze18Ek9SOI,"Actor and Activist, semi-professional disruptor, ice cream advocate and shameless teacup yorkie-lover",485,248,10660,0,2019-03-07T22:18:46.000Z,1103782066309791751,,Michelle💋❤️🕸🥀📖,https://pbs.twimg.com/profile_images/1103782257377062914/NZ9kKTo1_normal.jpg,M1che11ePearl,,,,,
"[{'type': 'replied_to', 'id': '1149114769539862528'}]",1150639040007417856,en,"@realamberheard She fancies herself as a bit of a geek/brainiac but she’s obviously no columbo! Cue calling cops at 10pm, 2 HOURS after poor Johnny Depp left the building, his own home. @rickygervais",2019-07-15T05:31:39.000Z,Twitter Web App,1131663866432299008,807003567605227520,"[{'start': 0, 'end': 15, 'username': 'realamberheard', 'id': '807003567605227520'}, {'start': 186, 'end': 199, 'username': 'rickygervais', 'id': '20015311'}]",0,0,0,0,1149114769539862528,en,"""Third Rock from the Sun"" by Dorianne Laux https://t.co/RJe9v5gyrH",2019-07-11T00:34:45.000Z,Twitter Web App,807003567605227520,"[{'start': 43, 'end': 66, 'url': 'https://t.co/RJe9v5gyrH', 'expanded_url': 'http://createsend.com/t/y-22A67FCAB7FB46E8', 'display_url': 'createsend.com/t/y-22A67FCAB7…', 'status': 200, 'unwound_url': 'http://createsend.com/t/y-22A67FCAB7FB46E8'}]","[{'start': 1, 'end': 23, 'probability': 0.8797, 'type': 'Other', 'normalized_text': 'Third Rock from the Sun'}, {'start': 29, 'end': 41, 'probability': 0.9737, 'type': 'Person', 'normalized_text': 'Dorianne Laux'}]",23,21,213,1,190463,220,1151,568,2016-12-08T23:26:58.000Z,807003567605227520,"Los Angeles, CA",Amber Heard,https://pbs.twimg.com/profile_images/1383196364792680448/N8CdupEu_normal.jpg,realamberheard,https://t.co/Ze18Ek9SOI,"Actor and Activist, semi-professional disruptor, ice cream advocate and shameless teacup yorkie-lover",21,29,1406,1,2019-05-23T20:51:05.000Z,1131663866432299008,London,Evolved,https://pbs.twimg.com/profile_images/1131664247698677760/fg7jZjEl_normal.jpg,Evolved71245694,,Parent. Equal rights Equal pay Employer. Wife. set this account up due to my perceived inadequacy of the press reporting on Johnny Depp. Do not have JD posters,"[{'start': 141, 'end': 151, 'probability': 0.993, 'type': 'Person', 'normalized_text': 'Johnny Depp'}]",,
"[{'type': 'replied_to', 'id': '1149114769539862528'}]",1150638197162090496,en,"@realamberheard If you had a week left to live AH, would you imagine it being spent dodging people who despise you for being a lying, destructive, home-wrecking bit of totty with a big mouth?",2019-07-15T05:28:18.000Z,Twitter Web App,1131663866432299008,807003567605227520,"[{'start': 0, 'end': 15, 'username': 'realamberheard', 'id': '807003567605227520'}]",0,0,0,0,1149114769539862528,en,"""Third Rock from the Sun"" by Dorianne Laux https://t.co/RJe9v5gyrH",2019-07-11T00:34:45.000Z,Twitter Web App,807003567605227520,"[{'start': 43, 'end': 66, 'url': 'https://t.co/RJe9v5gyrH', 'expanded_url': 'http://createsend.com/t/y-22A67FCAB7FB46E8', 'display_url': 'createsend.com/t/y-22A67FCAB7…', 'status': 200, 'unwound_url': 'http://createsend.com/t/y-22A67FCAB7FB46E8'}]","[{'start': 1, 'end': 23, 'probability': 0.8797, 'type': 'Other', 'normalized_text': 'Third Rock from the Sun'}, {'start': 29, 'end': 41, 'probability': 0.9737, 'type': 'Person', 'normalized_text': 'Dorianne Laux'}]",23,21,213,1,190463,220,1151,568,2016-12-08T23:26:58.000Z,807003567605227520,"Los Angeles, CA",Amber Heard,https://pbs.twimg.com/profile_images/1383196364792680448/N8CdupEu_normal.jpg,realamberheard,https://t.co/Ze18Ek9SOI,"Actor and Activist, semi-professional disruptor, ice cream advocate and shameless teacup yorkie-lover",21,29,1406,1,2019-05-23T20:51:05.000Z,1131663866432299008,London,Evolved,https://pbs.twimg.com/profile_images/1131664247698677760/fg7jZjEl_normal.jpg,Evolved71245694,,Parent. Equal rights Equal pay Employer. Wife. set this account up due to my perceived inadequacy of the press reporting on Johnny Depp. Do not have JD posters,,,
"[{'type': 'replied_to', 'id': '1149114769539862528'}]",1150176753916305408,es,"@realamberheard HEY  COLORADA INFIEL....
TENGO TATUADO EN MI CORAZÓN , EL SONETO XVII DE NERUDA.... @realamberheard ...¡¡¡ https://t.co/FtE3aL01ms",2019-07-13T22:54:42.000Z,Twitter Web Client,161368964,807003567605227520,"[{'start': 0, 'end': 15, 'username': 'realamberheard', 'id': '807003567605227520'}, {'start': 100, 'end': 115, 'username': 'realamberheard', 'id': '807003567605227520'}]",0,0,1,0,1149114769539862528,en,"""Third Rock from the Sun"" by Dorianne Laux https://t.co/RJe9v5gyrH",2019-07-11T00:34:45.000Z,Twitter Web App,807003567605227520,"[{'start': 43, 'end': 66, 'url': 'https://t.co/RJe9v5gyrH', 'expanded_url': 'http://createsend.com/t/y-22A67FCAB7FB46E8', 'display_url': 'createsend.com/t/y-22A67FCAB7…', 'status': 200, 'unwound_url': 'http://createsend.com/t/y-22A67FCAB7FB46E8'}]","[{'start': 1, 'end': 23, 'probability': 0.8797, 'type': 'Other', 'normalized_text': 'Third Rock from the Sun'}, {'start': 29, 'end': 41, 'probability': 0.9737, 'type': 'Person', 'normalized_text': 'Dorianne Laux'}]",23,21,213,1,190463,220,1151,568,2016-12-08T23:26:58.000Z,807003567605227520,"Los Angeles, CA",Amber Heard,https://pbs.twimg.com/profile_images/1383196364792680448/N8CdupEu_normal.jpg,realamberheard,https://t.co/Ze18Ek9SOI,"Actor and Activist, semi-professional disruptor, ice cream advocate and shameless teacup yorkie-lover",245,157,11104,2,2010-06-30T17:34:20.000Z,161368964,CUENCA - ECUADOR,MANOLO  ANDRADE,https://pbs.twimg.com/profile_images/687978323134296064/4P9vN9Wk_normal.png,MANOLITHIS,,[   YO  SOY   LA  VOZ  DEL PUEBLO ],,"[{'start': 123, 'end': 146, 'url': 'https://t.co/FtE3aL01ms', 'expanded_url': 'https://twitter.com/MANOLITHIS/status/1150176753916305408/photo/1', 'display_url': 'pic.twitter.com/FtE3aL01ms'}]",
"[{'type': 'replied_to', 'id': '1149124200294158337'}]",1149746749231075328,en,@DrYadwad @realamberheard Try doing it her way.  Far more effective I have heard 😉 https://t.co/dzUeOB9ii7,2019-07-12T18:26:00.000Z,Twitter for Android,550783216,1142669599189688320,"[{'start': 10, 'end': 25, 'username': 'realamberheard', 'id': '807003567605227520'}]",0,0,0,0,1149114769539862528,en,"""Third Rock from the Sun"" by Dorianne Laux https://t.co/RJe9v5gyrH",2019-07-11T00:34:45.000Z,Twitter Web App,807003567605227520,"[{'start': 43, 'end': 66, 'url': 'https://t.co/RJe9v5gyrH', 'expanded_url': 'http://createsend.com/t/y-22A67FCAB7FB46E8', 'display_url': 'createsend.com/t/y-22A67FCAB7…', 'status': 200, 'unwound_url': 'http://createsend.com/t/y-22A67FCAB7FB46E8'}]","[{'start': 1, 'end': 23, 'probability': 0.8797, 'type': 'Other', 'normalized_text': 'Third Rock from the Sun'}, {'start': 29, 'end': 41, 'probability': 0.9737, 'type': 'Person', 'normalized_text': 'Dorianne Laux'}]",23,21,213,1,190463,220,1151,568,2016-12-08T23:26:58.000Z,807003567605227520,"Los Angeles, CA",Amber Heard,https://pbs.twimg.com/profile_images/1383196364792680448/N8CdupEu_normal.jpg,realamberheard,https://t.co/Ze18Ek9SOI,"Actor and Activist, semi-professional disruptor, ice cream advocate and shameless teacup yorkie-lover",127,29,2628,0,2012-04-11T07:29:11.000Z,550783216,,Outlandishshenanigans,https://pbs.twimg.com/profile_images/1275962961257918465/tYnsADSJ_normal.jpg,outlandishshene,,,,"[{'start': 83, 'end': 106, 'url': 'https://t.co/dzUeOB9ii7', 'expanded_url': 'https://twitter.com/ZnationAnnie/status/1149746749231075328/photo/1', 'display_url': 'pic.twitter.com/dzUeOB9ii7'}]",
"[{'type': 'replied_to', 'id': '1149684230575681541'}]",1149690270591533056,en,"@realamberheard But we all know what that padded expense account IS REALLY for, don't we 😉😉 https://t.co/r0j02oVdOM",2019-07-12T14:41:35.000Z,Twitter for Android,550783216,550783216,"[{'start': 0, 'end': 15, 'username': 'realamberheard', 'id': '807003567605227520'}]",1,0,2,0,1149114769539862528,en,"""Third Rock from the Sun"" by Dorianne Laux https://t.co/RJe9v5gyrH",2019-07-11T00:34:45.000Z,Twitter Web App,807003567605227520,"[{'start': 43, 'end': 66, 'url': 'https://t.co/RJe9v5gyrH', 'expanded_url': 'http://createsend.com/t/y-22A67FCAB7FB46E8', 'display_url': 'createsend.com/t/y-22A67FCAB7…', 'status': 200, 'unwound_url': 'http://createsend.com/t/y-22A67FCAB7FB46E8'}]","[{'start': 1, 'end': 23, 'probability': 0.8797, 'type': 'Other', 'normalized_text': 'Third Rock from the Sun'}, {'start': 29, 'end': 41, 'probability': 0.9737, 'type': 'Person', 'normalized_text': 'Dorianne Laux'}]",23,21,213,1,190463,220,1151,568,2016-12-08T23:26:58.000Z,807003567605227520,"Los Angeles, CA",Amber Heard,https://pbs.twimg.com/profile_images/1383196364792680448/N8CdupEu_normal.jpg,realamberheard,https://t.co/Ze18Ek9SOI,"Actor and Activist, semi-professional disruptor, ice cream advocate and shameless teacup yorkie-lover",127,29,2628,0,2012-04-11T07:29:11.000Z,550783216,,Outlandishshenanigans,https://pbs.twimg.com/profile_images/1275962961257918465/tYnsADSJ_normal.jpg,outlandishshene,,,,"[{'start': 92, 'end': 115, 'url': 'https://t.co/r0j02oVdOM', 'expanded_url': 'https://twitter.com/ZnationAnnie/status/1149690270591533056/photo/1', 'display_url': 'pic.twitter.com/r0j02oVdOM'}]",
"[{'type': 'replied_to', 'id': '1149114769539862528'}]",1149684230575681541,en,@realamberheard I like to call this poetic justice piece: 'I live beyond my means so I must extort money from a privileged man I married for his money' enjoy 😁 https://t.co/hfjLNFm08P,2019-07-12T14:17:35.000Z,Twitter for Android,550783216,807003567605227520,"[{'start': 0, 'end': 15, 'username': 'realamberheard', 'id': '807003567605227520'}]",2,1,3,0,1149114769539862528,en,"""Third Rock from the Sun"" by Dorianne Laux https://t.co/RJe9v5gyrH",2019-07-11T00:34:45.000Z,Twitter Web App,807003567605227520,"[{'start': 43, 'end': 66, 'url': 'https://t.co/RJe9v5gyrH', 'expanded_url': 'http://createsend.com/t/y-22A67FCAB7FB46E8', 'display_url': 'createsend.com/t/y-22A67FCAB7…', 'status': 200, 'unwound_url': 'http://createsend.com/t/y-22A67FCAB7FB46E8'}]","[{'start': 1, 'end': 23, 'probability': 0.8797, 'type': 'Other', 'normalized_text': 'Third Rock from the Sun'}, {'start': 29, 'end': 41, 'probability': 0.9737, 'type': 'Person', 'normalized_text': 'Dorianne Laux'}]",23,21,213,1,190463,220,1151,568,2016-12-08T23:26:58.000Z,807003567605227520,"Los Angeles, CA",Amber Heard,https://pbs.twimg.com/profile_images/1383196364792680448/N8CdupEu_normal.jpg,realamberheard,https://t.co/Ze18Ek9SOI,"Actor and Activist, semi-professional disruptor, ice cream advocate and shameless teacup yorkie-lover",127,29,2628,0,2012-04-11T07:29:11.000Z,550783216,,Outlandishshenanigans,https://pbs.twimg.com/profile_images/1275962961257918465/tYnsADSJ_normal.jpg,outlandishshene,,,,"[{'start': 160, 'end': 183, 'url': 'https://t.co/hfjLNFm08P', 'expanded_url': 'https://twitter.com/ZnationAnnie/status/1149684230575681541/photo/1', 'display_url': 'pic.twitter.com/hfjLNFm08P'}, {'start': 160, 'end': 183, 'url': 'https://t.co/hfjLNFm08P', 'expanded_url': 'https://twitter.com/ZnationAnnie/status/1149684230575681541/photo/1', 'display_url': 'pic.twitter.com/hfjLNFm08P'}, {'start': 160, 'end': 183, 'url': 'https://t.co/hfjLNFm08P', 'expanded_url': 'https://twitter.com/ZnationAnnie/status/1149684230575681541/photo/1', 'display_url': 'pic.twitter.com/hfjLNFm08P'}, {'start': 160, 'end': 183, 'url': 'https://t.co/hfjLNFm08P', 'expanded_url': 'https://twitter.com/ZnationAnnie/status/1149684230575681541/photo/1', 'display_url': 'pic.twitter.com/hfjLNFm08P'}]",
"[{'type': 'replied_to', 'id': '1149592717082542084'}]",1149608360162910209,en,@Parvati53138389 @dkstevens327 @DrYadwad @realamberheard Hopefully the Voting  Are not before Frebruary,2019-07-12T09:16:06.000Z,Twitter Web App,1106312645945249794,1063323768993517568,"[{'start': 17, 'end': 30, 'username': 'dkstevens327', 'id': '272122295'}, {'start': 41, 'end': 56, 'username': 'realamberheard', 'id': '807003567605227520'}]",0,0,0,0,1149114769539862528,en,"""Third Rock from the Sun"" by Dorianne Laux https://t.co/RJe9v5gyrH",2019-07-11T00:34:45.000Z,Twitter Web App,807003567605227520,"[{'start': 43, 'end': 66, 'url': 'https://t.co/RJe9v5gyrH', 'expanded_url': 'http://createsend.com/t/y-22A67FCAB7FB46E8', 'display_url': 'createsend.com/t/y-22A67FCAB7…', 'status': 200, 'unwound_url': 'http://createsend.com/t/y-22A67FCAB7FB46E8'}]","[{'start': 1, 'end': 23, 'probability': 0.8797, 'type': 'Other', 'normalized_text': 'Third Rock from the Sun'}, {'start': 29, 'end': 41, 'probability': 0.9737, 'type': 'Person', 'normalized_text': 'Dorianne Laux'}]",23,21,213,1,190463,220,1151,568,2016-12-08T23:26:58.000Z,807003567605227520,"Los Angeles, CA",Amber Heard,https://pbs.twimg.com/profile_images/1383196364792680448/N8CdupEu_normal.jpg,realamberheard,https://t.co/Ze18Ek9SOI,"Actor and Activist, semi-professional disruptor, ice cream advocate and shameless teacup yorkie-lover",190,770,4162,0,2019-03-14T21:54:23.000Z,1106312645945249794,,Marie & Carlos,https://pbs.twimg.com/profile_images/1380917606605987841/gn2hxFUA_normal.png,marie_volkmann1,,"05.09.2020 carlos❤❤❤❤❤❤ finally Single, freedom. 23.12.2021 Lost the Man I loved",,,
"[{'type': 'replied_to', 'id': '1149592717082542084'}]",1149606104134909954,en,@Parvati53138389 @dkstevens327 @DrYadwad @realamberheard Not much,2019-07-12T09:07:08.000Z,Twitter Web App,1106312645945249794,1063323768993517568,"[{'start': 17, 'end': 30, 'username': 'dkstevens327', 'id': '272122295'}, {'start': 41, 'end': 56, 'username': 'realamberheard', 'id': '807003567605227520'}]",0,0,0,0,1149114769539862528,en,"""Third Rock from the Sun"" by Dorianne Laux https://t.co/RJe9v5gyrH",2019-07-11T00:34:45.000Z,Twitter Web App,807003567605227520,"[{'start': 43, 'end': 66, 'url': 'https://t.co/RJe9v5gyrH', 'expanded_url': 'http://createsend.com/t/y-22A67FCAB7FB46E8', 'display_url': 'createsend.com/t/y-22A67FCAB7…', 'status': 200, 'unwound_url': 'http://createsend.com/t/y-22A67FCAB7FB46E8'}]","[{'start': 1, 'end': 23, 'probability': 0.8797, 'type': 'Other', 'normalized_text': 'Third Rock from the Sun'}, {'start': 29, 'end': 41, 'probability': 0.9737, 'type': 'Person', 'normalized_text': 'Dorianne Laux'}]",23,21,213,1,190463,220,1151,568,2016-12-08T23:26:58.000Z,807003567605227520,"Los Angeles, CA",Amber Heard,https://pbs.twimg.com/profile_images/1383196364792680448/N8CdupEu_normal.jpg,realamberheard,https://t.co/Ze18Ek9SOI,"Actor and Activist, semi-professional disruptor, ice cream advocate and shameless teacup yorkie-lover",190,770,4162,0,2019-03-14T21:54:23.000Z,1106312645945249794,,Marie & Carlos,https://pbs.twimg.com/profile_images/1380917606605987841/gn2hxFUA_normal.png,marie_volkmann1,,"05.09.2020 carlos❤❤❤❤❤❤ finally Single, freedom. 23.12.2021 Lost the Man I loved",,,
"[{'type': 'replied_to', 'id': '1149580760518496257'}]",1149587298230554625,en,@Parvati53138389 @dkstevens327 @DrYadwad @realamberheard We need to stop that  from happening,2019-07-12T07:52:24.000Z,Twitter Web App,1106312645945249794,1063323768993517568,"[{'start': 17, 'end': 30, 'username': 'dkstevens327', 'id': '272122295'}, {'start': 41, 'end': 56, 'username': 'realamberheard', 'id': '807003567605227520'}]",0,0,0,0,1149114769539862528,en,"""Third Rock from the Sun"" by Dorianne Laux https://t.co/RJe9v5gyrH",2019-07-11T00:34:45.000Z,Twitter Web App,807003567605227520,"[{'start': 43, 'end': 66, 'url': 'https://t.co/RJe9v5gyrH', 'expanded_url': 'http://createsend.com/t/y-22A67FCAB7FB46E8', 'display_url': 'createsend.com/t/y-22A67FCAB7…', 'status': 200, 'unwound_url': 'http://createsend.com/t/y-22A67FCAB7FB46E8'}]","[{'start': 1, 'end': 23, 'probability': 0.8797, 'type': 'Other', 'normalized_text': 'Third Rock from the Sun'}, {'start': 29, 'end': 41, 'probability': 0.9737, 'type': 'Person', 'normalized_text': 'Dorianne Laux'}]",23,21,213,1,190463,220,1151,568,2016-12-08T23:26:58.000Z,807003567605227520,"Los Angeles, CA",Amber Heard,https://pbs.twimg.com/profile_images/1383196364792680448/N8CdupEu_normal.jpg,realamberheard,https://t.co/Ze18Ek9SOI,"Actor and Activist, semi-professional disruptor, ice cream advocate and shameless teacup yorkie-lover",190,770,4162,0,2019-03-14T21:54:23.000Z,1106312645945249794,,Marie & Carlos,https://pbs.twimg.com/profile_images/1380917606605987841/gn2hxFUA_normal.png,marie_volkmann1,,"05.09.2020 carlos❤❤❤❤❤❤ finally Single, freedom. 23.12.2021 Lost the Man I loved",,,
"[{'type': 'replied_to', 'id': '1149566156576976896'}]",1149570583178301440,en,@Parvati53138389 @dkstevens327 @DrYadwad @realamberheard So.being a female  abuser will be legal and okay in America,2019-07-12T06:45:59.000Z,Twitter Web App,1106312645945249794,1063323768993517568,"[{'start': 17, 'end': 30, 'username': 'dkstevens327', 'id': '272122295'}, {'start': 41, 'end': 56, 'username': 'realamberheard', 'id': '807003567605227520'}]",0,1,0,0,1149114769539862528,en,"""Third Rock from the Sun"" by Dorianne Laux https://t.co/RJe9v5gyrH",2019-07-11T00:34:45.000Z,Twitter Web App,807003567605227520,"[{'start': 43, 'end': 66, 'url': 'https://t.co/RJe9v5gyrH', 'expanded_url': 'http://createsend.com/t/y-22A67FCAB7FB46E8', 'display_url': 'createsend.com/t/y-22A67FCAB7…', 'status': 200, 'unwound_url': 'http://createsend.com/t/y-22A67FCAB7FB46E8'}]","[{'start': 1, 'end': 23, 'probability': 0.8797, 'type': 'Other', 'normalized_text': 'Third Rock from the Sun'}, {'start': 29, 'end': 41, 'probability': 0.9737, 'type': 'Person', 'normalized_text': 'Dorianne Laux'}]",23,21,213,1,190463,220,1151,568,2016-12-08T23:26:58.000Z,807003567605227520,"Los Angeles, CA",Amber Heard,https://pbs.twimg.com/profile_images/1383196364792680448/N8CdupEu_normal.jpg,realamberheard,https://t.co/Ze18Ek9SOI,"Actor and Activist, semi-professional disruptor, ice cream advocate and shameless teacup yorkie-lover",190,770,4162,0,2019-03-14T21:54:23.000Z,1106312645945249794,,Marie & Carlos,https://pbs.twimg.com/profile_images/1380917606605987841/gn2hxFUA_normal.png,marie_volkmann1,,"05.09.2020 carlos❤❤❤❤❤❤ finally Single, freedom. 23.12.2021 Lost the Man I loved","[{'start': 109, 'end': 115, 'probability': 0.9938, 'type': 'Place', 'normalized_text': 'America'}]",,
"[{'type': 'replied_to', 'id': '1149498605532676098'}]",1149511957256425472,en,"@DrYadwad @MarieVolkmann1 @Parvati53138389 @realamberheard sadly, if a rapist/racist like trump got official as a joke, s u re Heard could be president.
Fact is, she's the abuser, not Depp, look up her history / kryptonite.",2019-07-12T02:53:02.000Z,TweetCaster for Android,272122295,1142669599189688320,"[{'start': 43, 'end': 58, 'username': 'realamberheard', 'id': '807003567605227520'}]",0,0,1,0,1149114769539862528,en,"""Third Rock from the Sun"" by Dorianne Laux https://t.co/RJe9v5gyrH",2019-07-11T00:34:45.000Z,Twitter Web App,807003567605227520,"[{'start': 43, 'end': 66, 'url': 'https://t.co/RJe9v5gyrH', 'expanded_url': 'http://createsend.com/t/y-22A67FCAB7FB46E8', 'display_url': 'createsend.com/t/y-22A67FCAB7…', 'status': 200, 'unwound_url': 'http://createsend.com/t/y-22A67FCAB7FB46E8'}]","[{'start': 1, 'end': 23, 'probability': 0.8797, 'type': 'Other', 'normalized_text': 'Third Rock from the Sun'}, {'start': 29, 'end': 41, 'probability': 0.9737, 'type': 'Person', 'normalized_text': 'Dorianne Laux'}]",23,21,213,1,190463,220,1151,568,2016-12-08T23:26:58.000Z,807003567605227520,"Los Angeles, CA",Amber Heard,https://pbs.twimg.com/profile_images/1383196364792680448/N8CdupEu_normal.jpg,realamberheard,https://t.co/Ze18Ek9SOI,"Actor and Activist, semi-professional disruptor, ice cream advocate and shameless teacup yorkie-lover",245,378,14026,21,2011-03-25T21:50:06.000Z,272122295,Yonderland ,TheDKS,https://pbs.twimg.com/profile_images/818931131919826949/6TCl12cG_normal.jpg,dkstevens327,https://t.co/DngHOUMk8k,Mom to  the most amazing kid. Reader. Writer. Professional Cripple. Future Crazy Cat Lady.,"[{'start': 90, 'end': 94, 'probability': 0.9985, 'type': 'Person', 'normalized_text': 'trump'}, {'start': 184, 'end': 187, 'probability': 0.9592, 'type': 'Person', 'normalized_text': 'Depp'}]",,
"[{'type': 'replied_to', 'id': '1149458454085545985'}]",1149460383486402560,en,"@DrYadwad @Parvati53138389 @realamberheard It wasn't mean as  a insult  but more  like well you love her as a  god  and I thought  it's  Kind of crazy  because  she is Human ,you are Human we all ate Human  and by the way I'm an adult German woman",2019-07-11T23:28:06.000Z,Twitter Web App,1106312645945249794,1142669599189688320,"[{'start': 27, 'end': 42, 'username': 'realamberheard', 'id': '807003567605227520'}]",0,0,0,0,1149114769539862528,en,"""Third Rock from the Sun"" by Dorianne Laux https://t.co/RJe9v5gyrH",2019-07-11T00:34:45.000Z,Twitter Web App,807003567605227520,"[{'start': 43, 'end': 66, 'url': 'https://t.co/RJe9v5gyrH', 'expanded_url': 'http://createsend.com/t/y-22A67FCAB7FB46E8', 'display_url': 'createsend.com/t/y-22A67FCAB7…', 'status': 200, 'unwound_url': 'http://createsend.com/t/y-22A67FCAB7FB46E8'}]","[{'start': 1, 'end': 23, 'probability': 0.8797, 'type': 'Other', 'normalized_text': 'Third Rock from the Sun'}, {'start': 29, 'end': 41, 'probability': 0.9737, 'type': 'Person', 'normalized_text': 'Dorianne Laux'}]",23,21,213,1,190463,220,1151,568,2016-12-08T23:26:58.000Z,807003567605227520,"Los Angeles, CA",Amber Heard,https://pbs.twimg.com/profile_images/1383196364792680448/N8CdupEu_normal.jpg,realamberheard,https://t.co/Ze18Ek9SOI,"Actor and Activist, semi-professional disruptor, ice cream advocate and shameless teacup yorkie-lover",190,770,4162,0,2019-03-14T21:54:23.000Z,1106312645945249794,,Marie & Carlos,https://pbs.twimg.com/profile_images/1380917606605987841/gn2hxFUA_normal.png,marie_volkmann1,,"05.09.2020 carlos❤❤❤❤❤❤ finally Single, freedom. 23.12.2021 Lost the Man I loved",,,
"[{'type': 'replied_to', 'id': '1149114769539862528'}]",1149420376780365824,en,"@realamberheard All is finite. Even your lies. Bye, Amber. :-)",2019-07-11T20:49:07.000Z,Twitter Web Client,717763291477581824,807003567605227520,"[{'start': 0, 'end': 15, 'username': 'realamberheard', 'id': '807003567605227520'}]",0,0,4,0,1149114769539862528,en,"""Third Rock from the Sun"" by Dorianne Laux https://t.co/RJe9v5gyrH",2019-07-11T00:34:45.000Z,Twitter Web App,807003567605227520,"[{'start': 43, 'end': 66, 'url': 'https://t.co/RJe9v5gyrH', 'expanded_url': 'http://createsend.com/t/y-22A67FCAB7FB46E8', 'display_url': 'createsend.com/t/y-22A67FCAB7…', 'status': 200, 'unwound_url': 'http://createsend.com/t/y-22A67FCAB7FB46E8'}]","[{'start': 1, 'end': 23, 'probability': 0.8797, 'type': 'Other', 'normalized_text': 'Third Rock from the Sun'}, {'start': 29, 'end': 41, 'probability': 0.9737, 'type': 'Person', 'normalized_text': 'Dorianne Laux'}]",23,21,213,1,190463,220,1151,568,2016-12-08T23:26:58.000Z,807003567605227520,"Los Angeles, CA",Amber Heard,https://pbs.twimg.com/profile_images/1383196364792680448/N8CdupEu_normal.jpg,realamberheard,https://t.co/Ze18Ek9SOI,"Actor and Activist, semi-professional disruptor, ice cream advocate and shameless teacup yorkie-lover",1889,1238,65979,12,2016-04-06T17:17:58.000Z,717763291477581824,Mellywood,Mea Mara 🇩🇪 🏴‍☠️#KeepJohnnyDeppAfloat,https://pbs.twimg.com/profile_images/1502959653432475649/7ynjm5bw_normal.jpg,nonunnun,,"visiting this planet
*innen bleibt draußen
Everyone has a right to feel offended.
#JusticeForJohnnyDeppVirginia2022
#MINAMATA is a MUST WATCH in cinema!","[{'start': 52, 'end': 56, 'probability': 0.952, 'type': 'Person', 'normalized_text': 'Amber'}]",,
"[{'type': 'replied_to', 'id': '1149384584259407872'}]",1149389976213315587,en,@DrYadwad @Parvati53138389 @realamberheard Me neither,2019-07-11T18:48:19.000Z,Twitter Web App,1106312645945249794,1142669599189688320,"[{'start': 27, 'end': 42, 'username': 'realamberheard', 'id': '807003567605227520'}]",0,0,0,0,1149114769539862528,en,"""Third Rock from the Sun"" by Dorianne Laux https://t.co/RJe9v5gyrH",2019-07-11T00:34:45.000Z,Twitter Web App,807003567605227520,"[{'start': 43, 'end': 66, 'url': 'https://t.co/RJe9v5gyrH', 'expanded_url': 'http://createsend.com/t/y-22A67FCAB7FB46E8', 'display_url': 'createsend.com/t/y-22A67FCAB7…', 'status': 200, 'unwound_url': 'http://createsend.com/t/y-22A67FCAB7FB46E8'}]","[{'start': 1, 'end': 23, 'probability': 0.8797, 'type': 'Other', 'normalized_text': 'Third Rock from the Sun'}, {'start': 29, 'end': 41, 'probability': 0.9737, 'type': 'Person', 'normalized_text': 'Dorianne Laux'}]",23,21,213,1,190463,220,1151,568,2016-12-08T23:26:58.000Z,807003567605227520,"Los Angeles, CA",Amber Heard,https://pbs.twimg.com/profile_images/1383196364792680448/N8CdupEu_normal.jpg,realamberheard,https://t.co/Ze18Ek9SOI,"Actor and Activist, semi-professional disruptor, ice cream advocate and shameless teacup yorkie-lover",190,770,4162,0,2019-03-14T21:54:23.000Z,1106312645945249794,,Marie & Carlos,https://pbs.twimg.com/profile_images/1380917606605987841/gn2hxFUA_normal.png,marie_volkmann1,,"05.09.2020 carlos❤❤❤❤❤❤ finally Single, freedom. 23.12.2021 Lost the Man I loved",,,
"[{'type': 'replied_to', 'id': '1149388164378894336'}]",1149389845325914113,en,@Parvati53138389 @DrYadwad @realamberheard Don't know hope he doesn't mean me,2019-07-11T18:47:48.000Z,Twitter Web App,1106312645945249794,1063323768993517568,"[{'start': 27, 'end': 42, 'username': 'realamberheard', 'id': '807003567605227520'}]",0,0,0,0,1149114769539862528,en,"""Third Rock from the Sun"" by Dorianne Laux https://t.co/RJe9v5gyrH",2019-07-11T00:34:45.000Z,Twitter Web App,807003567605227520,"[{'start': 43, 'end': 66, 'url': 'https://t.co/RJe9v5gyrH', 'expanded_url': 'http://createsend.com/t/y-22A67FCAB7FB46E8', 'display_url': 'createsend.com/t/y-22A67FCAB7…', 'status': 200, 'unwound_url': 'http://createsend.com/t/y-22A67FCAB7FB46E8'}]","[{'start': 1, 'end': 23, 'probability': 0.8797, 'type': 'Other', 'normalized_text': 'Third Rock from the Sun'}, {'start': 29, 'end': 41, 'probability': 0.9737, 'type': 'Person', 'normalized_text': 'Dorianne Laux'}]",23,21,213,1,190463,220,1151,568,2016-12-08T23:26:58.000Z,807003567605227520,"Los Angeles, CA",Amber Heard,https://pbs.twimg.com/profile_images/1383196364792680448/N8CdupEu_normal.jpg,realamberheard,https://t.co/Ze18Ek9SOI,"Actor and Activist, semi-professional disruptor, ice cream advocate and shameless teacup yorkie-lover",190,770,4162,0,2019-03-14T21:54:23.000Z,1106312645945249794,,Marie & Carlos,https://pbs.twimg.com/profile_images/1380917606605987841/gn2hxFUA_normal.png,marie_volkmann1,,"05.09.2020 carlos❤❤❤❤❤❤ finally Single, freedom. 23.12.2021 Lost the Man I loved",,,
"[{'type': 'replied_to', 'id': '1149383091686957057'}]",1149384170520678402,en,@Parvati53138389 @DrYadwad @realamberheard He is that I call crazy sendhim a🥼,2019-07-11T18:25:15.000Z,Twitter Web App,1106312645945249794,1063323768993517568,"[{'start': 27, 'end': 42, 'username': 'realamberheard', 'id': '807003567605227520'}]",0,0,0,0,1149114769539862528,en,"""Third Rock from the Sun"" by Dorianne Laux https://t.co/RJe9v5gyrH",2019-07-11T00:34:45.000Z,Twitter Web App,807003567605227520,"[{'start': 43, 'end': 66, 'url': 'https://t.co/RJe9v5gyrH', 'expanded_url': 'http://createsend.com/t/y-22A67FCAB7FB46E8', 'display_url': 'createsend.com/t/y-22A67FCAB7…', 'status': 200, 'unwound_url': 'http://createsend.com/t/y-22A67FCAB7FB46E8'}]","[{'start': 1, 'end': 23, 'probability': 0.8797, 'type': 'Other', 'normalized_text': 'Third Rock from the Sun'}, {'start': 29, 'end': 41, 'probability': 0.9737, 'type': 'Person', 'normalized_text': 'Dorianne Laux'}]",23,21,213,1,190463,220,1151,568,2016-12-08T23:26:58.000Z,807003567605227520,"Los Angeles, CA",Amber Heard,https://pbs.twimg.com/profile_images/1383196364792680448/N8CdupEu_normal.jpg,realamberheard,https://t.co/Ze18Ek9SOI,"Actor and Activist, semi-professional disruptor, ice cream advocate and shameless teacup yorkie-lover",190,770,4162,0,2019-03-14T21:54:23.000Z,1106312645945249794,,Marie & Carlos,https://pbs.twimg.com/profile_images/1380917606605987841/gn2hxFUA_normal.png,marie_volkmann1,,"05.09.2020 carlos❤❤❤❤❤❤ finally Single, freedom. 23.12.2021 Lost the Man I loved",,,
"[{'type': 'quoted', 'id': '1147267615678717953'}, {'type': 'replied_to', 'id': '1149376171471077376'}]",1149383254363049984,en,"@kidchico @realamberheard Yes, she is 

https://t.co/O2D81WnnN3",2019-07-11T18:21:37.000Z,Twitter for iPhone,1062219892223631360,16414168,"[{'start': 0, 'end': 9, 'username': 'kidchico', 'id': '16414168'}, {'start': 10, 'end': 25, 'username': 'realamberheard', 'id': '807003567605227520'}]",0,0,5,0,1149114769539862528,en,"""Third Rock from the Sun"" by Dorianne Laux https://t.co/RJe9v5gyrH",2019-07-11T00:34:45.000Z,Twitter Web App,807003567605227520,"[{'start': 43, 'end': 66, 'url': 'https://t.co/RJe9v5gyrH', 'expanded_url': 'http://createsend.com/t/y-22A67FCAB7FB46E8', 'display_url': 'createsend.com/t/y-22A67FCAB7…', 'status': 200, 'unwound_url': 'http://createsend.com/t/y-22A67FCAB7FB46E8'}]","[{'start': 1, 'end': 23, 'probability': 0.8797, 'type': 'Other', 'normalized_text': 'Third Rock from the Sun'}, {'start': 29, 'end': 41, 'probability': 0.9737, 'type': 'Person', 'normalized_text': 'Dorianne Laux'}]",23,21,213,1,190463,220,1151,568,2016-12-08T23:26:58.000Z,807003567605227520,"Los Angeles, CA",Amber Heard,https://pbs.twimg.com/profile_images/1383196364792680448/N8CdupEu_normal.jpg,realamberheard,https://t.co/Ze18Ek9SOI,"Actor and Activist, semi-professional disruptor, ice cream advocate and shameless teacup yorkie-lover",888,821,79380,6,2018-11-13T05:45:32.000Z,1062219892223631360,"Distrito Federal, México",Viri 🍂,https://pbs.twimg.com/profile_images/1402678426293649408/11XELWYm_normal.jpg,ViriMZ,,"I stand by Johnny Depp
#JohnnyDeppIsInnocent #JusticeForJohnnyDepp",,"[{'start': 40, 'end': 63, 'url': 'https://t.co/O2D81WnnN3', 'expanded_url': 'https://twitter.com/queenbpip/status/1147267615678717953?s=21', 'display_url': 'twitter.com/queenbpip/stat…'}]",
"[{'type': 'replied_to', 'id': '1149275898748837888'}]",1149374225938935809,sv,@JePsychic @realamberheard Idiot,2019-07-11T17:45:44.000Z,Twitter for Android,550783216,1051476893571145729,"[{'start': 0, 'end': 10, 'username': 'jepsychic', 'id': '4318990053'}, {'start': 11, 'end': 26, 'username': 'realamberheard', 'id': '807003567605227520'}]",0,0,0,0,1149114769539862528,en,"""Third Rock from the Sun"" by Dorianne Laux https://t.co/RJe9v5gyrH",2019-07-11T00:34:45.000Z,Twitter Web App,807003567605227520,"[{'start': 43, 'end': 66, 'url': 'https://t.co/RJe9v5gyrH', 'expanded_url': 'http://createsend.com/t/y-22A67FCAB7FB46E8', 'display_url': 'createsend.com/t/y-22A67FCAB7…', 'status': 200, 'unwound_url': 'http://createsend.com/t/y-22A67FCAB7FB46E8'}]","[{'start': 1, 'end': 23, 'probability': 0.8797, 'type': 'Other', 'normalized_text': 'Third Rock from the Sun'}, {'start': 29, 'end': 41, 'probability': 0.9737, 'type': 'Person', 'normalized_text': 'Dorianne Laux'}]",23,21,213,1,190463,220,1151,568,2016-12-08T23:26:58.000Z,807003567605227520,"Los Angeles, CA",Amber Heard,https://pbs.twimg.com/profile_images/1383196364792680448/N8CdupEu_normal.jpg,realamberheard,https://t.co/Ze18Ek9SOI,"Actor and Activist, semi-professional disruptor, ice cream advocate and shameless teacup yorkie-lover",127,29,2628,0,2012-04-11T07:29:11.000Z,550783216,,Outlandishshenanigans,https://pbs.twimg.com/profile_images/1275962961257918465/tYnsADSJ_normal.jpg,outlandishshene,,,,,
"[{'type': 'replied_to', 'id': '1149200061802393601'}]",1149368555084943360,en,@Parvati53138389 @DrYadwad @realamberheard And they call us crazy man get a doctor please that isn't normal not even we do it  like you,2019-07-11T17:23:12.000Z,Twitter Web App,1106312645945249794,1063323768993517568,"[{'start': 27, 'end': 42, 'username': 'realamberheard', 'id': '807003567605227520'}]",0,0,0,0,1149114769539862528,en,"""Third Rock from the Sun"" by Dorianne Laux https://t.co/RJe9v5gyrH",2019-07-11T00:34:45.000Z,Twitter Web App,807003567605227520,"[{'start': 43, 'end': 66, 'url': 'https://t.co/RJe9v5gyrH', 'expanded_url': 'http://createsend.com/t/y-22A67FCAB7FB46E8', 'display_url': 'createsend.com/t/y-22A67FCAB7…', 'status': 200, 'unwound_url': 'http://createsend.com/t/y-22A67FCAB7FB46E8'}]","[{'start': 1, 'end': 23, 'probability': 0.8797, 'type': 'Other', 'normalized_text': 'Third Rock from the Sun'}, {'start': 29, 'end': 41, 'probability': 0.9737, 'type': 'Person', 'normalized_text': 'Dorianne Laux'}]",23,21,213,1,190463,220,1151,568,2016-12-08T23:26:58.000Z,807003567605227520,"Los Angeles, CA",Amber Heard,https://pbs.twimg.com/profile_images/1383196364792680448/N8CdupEu_normal.jpg,realamberheard,https://t.co/Ze18Ek9SOI,"Actor and Activist, semi-professional disruptor, ice cream advocate and shameless teacup yorkie-lover",190,770,4162,0,2019-03-14T21:54:23.000Z,1106312645945249794,,Marie & Carlos,https://pbs.twimg.com/profile_images/1380917606605987841/gn2hxFUA_normal.png,marie_volkmann1,,"05.09.2020 carlos❤❤❤❤❤❤ finally Single, freedom. 23.12.2021 Lost the Man I loved",,,
"[{'type': 'replied_to', 'id': '1149114769539862528'}]",1149331295278776322,und,@realamberheard https://t.co/qs82wzd13n,2019-07-11T14:55:08.000Z,Twitter for Android,1110053201775128586,807003567605227520,"[{'start': 0, 'end': 15, 'username': 'realamberheard', 'id': '807003567605227520'}]",0,0,6,0,1149114769539862528,en,"""Third Rock from the Sun"" by Dorianne Laux https://t.co/RJe9v5gyrH",2019-07-11T00:34:45.000Z,Twitter Web App,807003567605227520,"[{'start': 43, 'end': 66, 'url': 'https://t.co/RJe9v5gyrH', 'expanded_url': 'http://createsend.com/t/y-22A67FCAB7FB46E8', 'display_url': 'createsend.com/t/y-22A67FCAB7…', 'status': 200, 'unwound_url': 'http://createsend.com/t/y-22A67FCAB7FB46E8'}]","[{'start': 1, 'end': 23, 'probability': 0.8797, 'type': 'Other', 'normalized_text': 'Third Rock from the Sun'}, {'start': 29, 'end': 41, 'probability': 0.9737, 'type': 'Person', 'normalized_text': 'Dorianne Laux'}]",23,21,213,1,190463,220,1151,568,2016-12-08T23:26:58.000Z,807003567605227520,"Los Angeles, CA",Amber Heard,https://pbs.twimg.com/profile_images/1383196364792680448/N8CdupEu_normal.jpg,realamberheard,https://t.co/Ze18Ek9SOI,"Actor and Activist, semi-professional disruptor, ice cream advocate and shameless teacup yorkie-lover",307,243,10996,0,2019-03-25T05:38:01.000Z,1110053201775128586,Geographically displaced,S e r e i n,https://pbs.twimg.com/profile_images/1323360120894492677/0BIAJYWw_normal.jpg,Sarah_Zarin,,"Stuff I love #BritishPeriodDrama #JohnnyDepp #Lucifer #TheOriginals
Proud to be a part of my fabulous fandom.🙌",,"[{'start': 16, 'end': 39, 'url': 'https://t.co/qs82wzd13n', 'expanded_url': 'https://twitter.com/Sarah_Zarin/status/1149331295278776322/photo/1', 'display_url': 'pic.twitter.com/qs82wzd13n'}]",
"[{'type': 'replied_to', 'id': '1149288471879716865'}]",1149290263682179072,en,@Parvati53138389 @realamberheard You are Funy,2019-07-11T12:12:06.000Z,Twitter Web App,2179478251,1063323768993517568,"[{'start': 17, 'end': 32, 'username': 'realamberheard', 'id': '807003567605227520'}]",0,0,0,0,1149114769539862528,en,"""Third Rock from the Sun"" by Dorianne Laux https://t.co/RJe9v5gyrH",2019-07-11T00:34:45.000Z,Twitter Web App,807003567605227520,"[{'start': 43, 'end': 66, 'url': 'https://t.co/RJe9v5gyrH', 'expanded_url': 'http://createsend.com/t/y-22A67FCAB7FB46E8', 'display_url': 'createsend.com/t/y-22A67FCAB7…', 'status': 200, 'unwound_url': 'http://createsend.com/t/y-22A67FCAB7FB46E8'}]","[{'start': 1, 'end': 23, 'probability': 0.8797, 'type': 'Other', 'normalized_text': 'Third Rock from the Sun'}, {'start': 29, 'end': 41, 'probability': 0.9737, 'type': 'Person', 'normalized_text': 'Dorianne Laux'}]",23,21,213,1,190463,220,1151,568,2016-12-08T23:26:58.000Z,807003567605227520,"Los Angeles, CA",Amber Heard,https://pbs.twimg.com/profile_images/1383196364792680448/N8CdupEu_normal.jpg,realamberheard,https://t.co/Ze18Ek9SOI,"Actor and Activist, semi-professional disruptor, ice cream advocate and shameless teacup yorkie-lover",12,170,533,0,2013-11-07T06:27:46.000Z,2179478251,Dammam,monster,https://pbs.twimg.com/profile_images/1248165828891049984/a3m76LlW_normal.jpg,monster2inc,,,,,
"[{'type': 'replied_to', 'id': '1149114769539862528'}]",1149234368541597696,en,@realamberheard I think like this will be good https://t.co/tixVBrd01R,2019-07-11T08:29:59.000Z,Twitter Web App,2179478251,807003567605227520,"[{'start': 0, 'end': 15, 'username': 'realamberheard', 'id': '807003567605227520'}]",0,0,0,0,1149114769539862528,en,"""Third Rock from the Sun"" by Dorianne Laux https://t.co/RJe9v5gyrH",2019-07-11T00:34:45.000Z,Twitter Web App,807003567605227520,"[{'start': 43, 'end': 66, 'url': 'https://t.co/RJe9v5gyrH', 'expanded_url': 'http://createsend.com/t/y-22A67FCAB7FB46E8', 'display_url': 'createsend.com/t/y-22A67FCAB7…', 'status': 200, 'unwound_url': 'http://createsend.com/t/y-22A67FCAB7FB46E8'}]","[{'start': 1, 'end': 23, 'probability': 0.8797, 'type': 'Other', 'normalized_text': 'Third Rock from the Sun'}, {'start': 29, 'end': 41, 'probability': 0.9737, 'type': 'Person', 'normalized_text': 'Dorianne Laux'}]",23,21,213,1,190463,220,1151,568,2016-12-08T23:26:58.000Z,807003567605227520,"Los Angeles, CA",Amber Heard,https://pbs.twimg.com/profile_images/1383196364792680448/N8CdupEu_normal.jpg,realamberheard,https://t.co/Ze18Ek9SOI,"Actor and Activist, semi-professional disruptor, ice cream advocate and shameless teacup yorkie-lover",12,170,533,0,2013-11-07T06:27:46.000Z,2179478251,Dammam,monster,https://pbs.twimg.com/profile_images/1248165828891049984/a3m76LlW_normal.jpg,monster2inc,,,,"[{'start': 47, 'end': 70, 'url': 'https://t.co/tixVBrd01R', 'expanded_url': 'https://twitter.com/monster2inc/status/1149234368541597696/photo/1', 'display_url': 'pic.twitter.com/tixVBrd01R'}]",
"[{'type': 'replied_to', 'id': '1149114769539862528'}]",1149155145743314944,en,@realamberheard Another poem called extortion letter https://t.co/79fLUqus1O,2019-07-11T03:15:11.000Z,Twitter Web App,1050721822092812289,807003567605227520,"[{'start': 0, 'end': 15, 'username': 'realamberheard', 'id': '807003567605227520'}]",2,0,8,0,1149114769539862528,en,"""Third Rock from the Sun"" by Dorianne Laux https://t.co/RJe9v5gyrH",2019-07-11T00:34:45.000Z,Twitter Web App,807003567605227520,"[{'start': 43, 'end': 66, 'url': 'https://t.co/RJe9v5gyrH', 'expanded_url': 'http://createsend.com/t/y-22A67FCAB7FB46E8', 'display_url': 'createsend.com/t/y-22A67FCAB7…', 'status': 200, 'unwound_url': 'http://createsend.com/t/y-22A67FCAB7FB46E8'}]","[{'start': 1, 'end': 23, 'probability': 0.8797, 'type': 'Other', 'normalized_text': 'Third Rock from the Sun'}, {'start': 29, 'end': 41, 'probability': 0.9737, 'type': 'Person', 'normalized_text': 'Dorianne Laux'}]",23,21,213,1,190463,220,1151,568,2016-12-08T23:26:58.000Z,807003567605227520,"Los Angeles, CA",Amber Heard,https://pbs.twimg.com/profile_images/1383196364792680448/N8CdupEu_normal.jpg,realamberheard,https://t.co/Ze18Ek9SOI,"Actor and Activist, semi-professional disruptor, ice cream advocate and shameless teacup yorkie-lover",412,300,12987,1,2018-10-12T12:16:18.000Z,1050721822092812289,#ibelievehim,Susan,https://pbs.twimg.com/profile_images/1340701831975096320/g92j12jM_normal.jpg,teamdepp_,,•✿ Johnny is definition of love ✿•,,"[{'start': 53, 'end': 76, 'url': 'https://t.co/79fLUqus1O', 'expanded_url': 'https://twitter.com/teamdepp_/status/1149155145743314944/photo/1', 'display_url': 'pic.twitter.com/79fLUqus1O'}, {'start': 53, 'end': 76, 'url': 'https://t.co/79fLUqus1O', 'expanded_url': 'https://twitter.com/teamdepp_/status/1149155145743314944/photo/1', 'display_url': 'pic.twitter.com/79fLUqus1O'}]",
"[{'type': 'replied_to', 'id': '1149114769539862528'}]",1149148192111562754,es,"@realamberheard Muy lindo gracias me alegraste la tarde 
Amber estoy muy agradecido y estoy preparando algo para ti se trata de un pequeño poema te prometo que lo terminare pronto gracias por tu atención 👐🤗📝📝✏✏💐💐❤",2019-07-11T02:47:33.000Z,Twitter Web App,1120114201404506112,807003567605227520,"[{'start': 0, 'end': 15, 'username': 'realamberheard', 'id': '807003567605227520'}]",0,0,1,0,1149114769539862528,en,"""Third Rock from the Sun"" by Dorianne Laux https://t.co/RJe9v5gyrH",2019-07-11T00:34:45.000Z,Twitter Web App,807003567605227520,"[{'start': 43, 'end': 66, 'url': 'https://t.co/RJe9v5gyrH', 'expanded_url': 'http://createsend.com/t/y-22A67FCAB7FB46E8', 'display_url': 'createsend.com/t/y-22A67FCAB7…', 'status': 200, 'unwound_url': 'http://createsend.com/t/y-22A67FCAB7FB46E8'}]","[{'start': 1, 'end': 23, 'probability': 0.8797, 'type': 'Other', 'normalized_text': 'Third Rock from the Sun'}, {'start': 29, 'end': 41, 'probability': 0.9737, 'type': 'Person', 'normalized_text': 'Dorianne Laux'}]",23,21,213,1,190463,220,1151,568,2016-12-08T23:26:58.000Z,807003567605227520,"Los Angeles, CA",Amber Heard,https://pbs.twimg.com/profile_images/1383196364792680448/N8CdupEu_normal.jpg,realamberheard,https://t.co/Ze18Ek9SOI,"Actor and Activist, semi-professional disruptor, ice cream advocate and shameless teacup yorkie-lover",63,304,2076,0,2019-04-21T23:56:51.000Z,1120114201404506112,Puebla mexico,Enrique ramirez,https://pbs.twimg.com/profile_images/1377050191719710721/-BKIU6Zv_normal.jpg,Enrique62175188,,,"[{'start': 56, 'end': 61, 'probability': 0.7096, 'type': 'Person', 'normalized_text': 'Amber'}]",,
"[{'type': 'replied_to', 'id': '1149114769539862528'}]",1149139960496369664,en,@realamberheard Love you 😘,2019-07-11T02:14:51.000Z,Twitter for iPhone,2720696051,807003567605227520,"[{'start': 0, 'end': 15, 'username': 'realamberheard', 'id': '807003567605227520'}]",0,0,0,0,1149114769539862528,en,"""Third Rock from the Sun"" by Dorianne Laux https://t.co/RJe9v5gyrH",2019-07-11T00:34:45.000Z,Twitter Web App,807003567605227520,"[{'start': 43, 'end': 66, 'url': 'https://t.co/RJe9v5gyrH', 'expanded_url': 'http://createsend.com/t/y-22A67FCAB7FB46E8', 'display_url': 'createsend.com/t/y-22A67FCAB7…', 'status': 200, 'unwound_url': 'http://createsend.com/t/y-22A67FCAB7FB46E8'}]","[{'start': 1, 'end': 23, 'probability': 0.8797, 'type': 'Other', 'normalized_text': 'Third Rock from the Sun'}, {'start': 29, 'end': 41, 'probability': 0.9737, 'type': 'Person', 'normalized_text': 'Dorianne Laux'}]",23,21,213,1,190463,220,1151,568,2016-12-08T23:26:58.000Z,807003567605227520,"Los Angeles, CA",Amber Heard,https://pbs.twimg.com/profile_images/1383196364792680448/N8CdupEu_normal.jpg,realamberheard,https://t.co/Ze18Ek9SOI,"Actor and Activist, semi-professional disruptor, ice cream advocate and shameless teacup yorkie-lover",14,61,19,1,2014-07-22T13:04:11.000Z,2720696051,Islamic Republic of Iran,Mohamad Soleimani,https://pbs.twimg.com/profile_images/1121818750779625473/1SWXocbp_normal.jpg,m__soleimani,,civil engineer🏗🏗,,,
"[{'type': 'replied_to', 'id': '1149138306598342656'}]",1149138971223629824,en,@realamberheard Abuser https://t.co/55HZ1nJfOs,2019-07-11T02:10:55.000Z,Twitter Web App,1050721822092812289,1050721822092812289,"[{'start': 0, 'end': 15, 'username': 'realamberheard', 'id': '807003567605227520'}]",2,0,9,0,1149114769539862528,en,"""Third Rock from the Sun"" by Dorianne Laux https://t.co/RJe9v5gyrH",2019-07-11T00:34:45.000Z,Twitter Web App,807003567605227520,"[{'start': 43, 'end': 66, 'url': 'https://t.co/RJe9v5gyrH', 'expanded_url': 'http://createsend.com/t/y-22A67FCAB7FB46E8', 'display_url': 'createsend.com/t/y-22A67FCAB7…', 'status': 200, 'unwound_url': 'http://createsend.com/t/y-22A67FCAB7FB46E8'}]","[{'start': 1, 'end': 23, 'probability': 0.8797, 'type': 'Other', 'normalized_text': 'Third Rock from the Sun'}, {'start': 29, 'end': 41, 'probability': 0.9737, 'type': 'Person', 'normalized_text': 'Dorianne Laux'}]",23,21,213,1,190463,220,1151,568,2016-12-08T23:26:58.000Z,807003567605227520,"Los Angeles, CA",Amber Heard,https://pbs.twimg.com/profile_images/1383196364792680448/N8CdupEu_normal.jpg,realamberheard,https://t.co/Ze18Ek9SOI,"Actor and Activist, semi-professional disruptor, ice cream advocate and shameless teacup yorkie-lover",412,300,12987,1,2018-10-12T12:16:18.000Z,1050721822092812289,#ibelievehim,Susan,https://pbs.twimg.com/profile_images/1340701831975096320/g92j12jM_normal.jpg,teamdepp_,,•✿ Johnny is definition of love ✿•,,"[{'start': 23, 'end': 46, 'url': 'https://t.co/55HZ1nJfOs', 'expanded_url': 'https://twitter.com/teamdepp_/status/1149138971223629824/photo/1', 'display_url': 'pic.twitter.com/55HZ1nJfOs'}, {'start': 23, 'end': 46, 'url': 'https://t.co/55HZ1nJfOs', 'expanded_url': 'https://twitter.com/teamdepp_/status/1149138971223629824/photo/1', 'display_url': 'pic.twitter.com/55HZ1nJfOs'}, {'start': 23, 'end': 46, 'url': 'https://t.co/55HZ1nJfOs', 'expanded_url': 'https://twitter.com/teamdepp_/status/1149138971223629824/photo/1', 'display_url': 'pic.twitter.com/55HZ1nJfOs'}, {'start': 23, 'end': 46, 'url': 'https://t.co/55HZ1nJfOs', 'expanded_url': 'https://twitter.com/teamdepp_/status/1149138971223629824/photo/1', 'display_url': 'pic.twitter.com/55HZ1nJfOs'}]",
"[{'type': 'replied_to', 'id': '1149114769539862528'}]",1149138306598342656,en,@realamberheard A little poem called scamming around #AmberHeardIsAnAbuser #amberheardisaliar https://t.co/07pGNpovA2,2019-07-11T02:08:16.000Z,Twitter Web App,1050721822092812289,807003567605227520,"[{'start': 0, 'end': 15, 'username': 'realamberheard', 'id': '807003567605227520'}]",2,1,11,0,1149114769539862528,en,"""Third Rock from the Sun"" by Dorianne Laux https://t.co/RJe9v5gyrH",2019-07-11T00:34:45.000Z,Twitter Web App,807003567605227520,"[{'start': 43, 'end': 66, 'url': 'https://t.co/RJe9v5gyrH', 'expanded_url': 'http://createsend.com/t/y-22A67FCAB7FB46E8', 'display_url': 'createsend.com/t/y-22A67FCAB7…', 'status': 200, 'unwound_url': 'http://createsend.com/t/y-22A67FCAB7FB46E8'}]","[{'start': 1, 'end': 23, 'probability': 0.8797, 'type': 'Other', 'normalized_text': 'Third Rock from the Sun'}, {'start': 29, 'end': 41, 'probability': 0.9737, 'type': 'Person', 'normalized_text': 'Dorianne Laux'}]",23,21,213,1,190463,220,1151,568,2016-12-08T23:26:58.000Z,807003567605227520,"Los Angeles, CA",Amber Heard,https://pbs.twimg.com/profile_images/1383196364792680448/N8CdupEu_normal.jpg,realamberheard,https://t.co/Ze18Ek9SOI,"Actor and Activist, semi-professional disruptor, ice cream advocate and shameless teacup yorkie-lover",412,300,12987,1,2018-10-12T12:16:18.000Z,1050721822092812289,#ibelievehim,Susan,https://pbs.twimg.com/profile_images/1340701831975096320/g92j12jM_normal.jpg,teamdepp_,,•✿ Johnny is definition of love ✿•,,"[{'start': 94, 'end': 117, 'url': 'https://t.co/07pGNpovA2', 'expanded_url': 'https://twitter.com/teamdepp_/status/1149138306598342656/photo/1', 'display_url': 'pic.twitter.com/07pGNpovA2'}, {'start': 94, 'end': 117, 'url': 'https://t.co/07pGNpovA2', 'expanded_url': 'https://twitter.com/teamdepp_/status/1149138306598342656/photo/1', 'display_url': 'pic.twitter.com/07pGNpovA2'}, {'start': 94, 'end': 117, 'url': 'https://t.co/07pGNpovA2', 'expanded_url': 'https://twitter.com/teamdepp_/status/1149138306598342656/photo/1', 'display_url': 'pic.twitter.com/07pGNpovA2'}]","[{'start': 53, 'end': 74, 'tag': 'AmberHeardIsAnAbuser'}, {'start': 75, 'end': 93, 'tag': 'amberheardisaliar'}]"
"[{'type': 'replied_to', 'id': '1149114769539862528'}]",1149116022013566976,en,@realamberheard Like the tv show?!? 😃😃😃😃,2019-07-11T00:39:43.000Z,Twitter Web App,979293106704039938,807003567605227520,"[{'start': 0, 'end': 15, 'username': 'realamberheard', 'id': '807003567605227520'}]",0,0,0,0,1149114769539862528,en,"""Third Rock from the Sun"" by Dorianne Laux https://t.co/RJe9v5gyrH",2019-07-11T00:34:45.000Z,Twitter Web App,807003567605227520,"[{'start': 43, 'end': 66, 'url': 'https://t.co/RJe9v5gyrH', 'expanded_url': 'http://createsend.com/t/y-22A67FCAB7FB46E8', 'display_url': 'createsend.com/t/y-22A67FCAB7…', 'status': 200, 'unwound_url': 'http://createsend.com/t/y-22A67FCAB7FB46E8'}]","[{'start': 1, 'end': 23, 'probability': 0.8797, 'type': 'Other', 'normalized_text': 'Third Rock from the Sun'}, {'start': 29, 'end': 41, 'probability': 0.9737, 'type': 'Person', 'normalized_text': 'Dorianne Laux'}]",23,21,213,1,190463,220,1151,568,2016-12-08T23:26:58.000Z,807003567605227520,"Los Angeles, CA",Amber Heard,https://pbs.twimg.com/profile_images/1383196364792680448/N8CdupEu_normal.jpg,realamberheard,https://t.co/Ze18Ek9SOI,"Actor and Activist, semi-professional disruptor, ice cream advocate and shameless teacup yorkie-lover",257,747,13076,0,2018-03-29T09:44:05.000Z,979293106704039938,Boise Idaho,Jesse Barthalemew Atkins,https://pbs.twimg.com/profile_images/1472840269213011971/kYI8wum4_normal.jpg,JesseBarthalem1,,"Musician, artist, fanboy, aspiring writer and aspiring filmmaker. Someday I’m gonna be a REAL boy! (Pinocchio) 😆🤘",,,
"[{'type': 'replied_to', 'id': '1149114769539862528'}]",1149115908779986944,en,"@realamberheard ""How did we come to be, how can we remind ourselves each day that being itself is a miracle, that all is finite,"" really thought-provoking and I just love it!💖💖💖💖",2019-07-11T00:39:16.000Z,Twitter Web Client,3216078659,807003567605227520,"[{'start': 0, 'end': 15, 'username': 'realamberheard', 'id': '807003567605227520'}]",0,0,1,0,1149114769539862528,en,"""Third Rock from the Sun"" by Dorianne Laux https://t.co/RJe9v5gyrH",2019-07-11T00:34:45.000Z,Twitter Web App,807003567605227520,"[{'start': 43, 'end': 66, 'url': 'https://t.co/RJe9v5gyrH', 'expanded_url': 'http://createsend.com/t/y-22A67FCAB7FB46E8', 'display_url': 'createsend.com/t/y-22A67FCAB7…', 'status': 200, 'unwound_url': 'http://createsend.com/t/y-22A67FCAB7FB46E8'}]","[{'start': 1, 'end': 23, 'probability': 0.8797, 'type': 'Other', 'normalized_text': 'Third Rock from the Sun'}, {'start': 29, 'end': 41, 'probability': 0.9737, 'type': 'Person', 'normalized_text': 'Dorianne Laux'}]",23,21,213,1,190463,220,1151,568,2016-12-08T23:26:58.000Z,807003567605227520,"Los Angeles, CA",Amber Heard,https://pbs.twimg.com/profile_images/1383196364792680448/N8CdupEu_normal.jpg,realamberheard,https://t.co/Ze18Ek9SOI,"Actor and Activist, semi-professional disruptor, ice cream advocate and shameless teacup yorkie-lover",1464,1324,163149,17,2015-04-28T07:17:35.000Z,3216078659,,GGCIR8991,https://pbs.twimg.com/profile_images/1501219816522219520/SQVX3N2b_normal.jpg,GGCIR8991,,"On the internet, you can be pretty much anything you want, it's just kinda weird that so many people choose to be idiots and assholes",,,
"[{'type': 'replied_to', 'id': '1149114769539862528'}]",1149115115398025216,en,"@realamberheard Absolutely beautiful poem, I love it. Thanks for sharing this!💖💖💖💖💖",2019-07-11T00:36:07.000Z,Twitter Web Client,3216078659,807003567605227520,"[{'start': 0, 'end': 15, 'username': 'realamberheard', 'id': '807003567605227520'}]",0,0,1,0,1149114769539862528,en,"""Third Rock from the Sun"" by Dorianne Laux https://t.co/RJe9v5gyrH",2019-07-11T00:34:45.000Z,Twitter Web App,807003567605227520,"[{'start': 43, 'end': 66, 'url': 'https://t.co/RJe9v5gyrH', 'expanded_url': 'http://createsend.com/t/y-22A67FCAB7FB46E8', 'display_url': 'createsend.com/t/y-22A67FCAB7…', 'status': 200, 'unwound_url': 'http://createsend.com/t/y-22A67FCAB7FB46E8'}]","[{'start': 1, 'end': 23, 'probability': 0.8797, 'type': 'Other', 'normalized_text': 'Third Rock from the Sun'}, {'start': 29, 'end': 41, 'probability': 0.9737, 'type': 'Person', 'normalized_text': 'Dorianne Laux'}]",23,21,213,1,190463,220,1151,568,2016-12-08T23:26:58.000Z,807003567605227520,"Los Angeles, CA",Amber Heard,https://pbs.twimg.com/profile_images/1383196364792680448/N8CdupEu_normal.jpg,realamberheard,https://t.co/Ze18Ek9SOI,"Actor and Activist, semi-professional disruptor, ice cream advocate and shameless teacup yorkie-lover",1464,1324,163149,17,2015-04-28T07:17:35.000Z,3216078659,,GGCIR8991,https://pbs.twimg.com/profile_images/1501219816522219520/SQVX3N2b_normal.jpg,GGCIR8991,,"On the internet, you can be pretty much anything you want, it's just kinda weird that so many people choose to be idiots and assholes",,,
