text,source,referenced_tweets,in_reply_to_user_id,lang,id,created_at,author_id,public_metrics.retweet_count,public_metrics.reply_count,public_metrics.like_count,public_metrics.quote_count,entities.mentions,entities.annotations,replied_tweet.text,replied_tweet.source,replied_tweet.public_metrics.retweet_count,replied_tweet.public_metrics.reply_count,replied_tweet.public_metrics.like_count,replied_tweet.public_metrics.quote_count,replied_tweet.lang,replied_tweet.id,replied_tweet.created_at,replied_tweet.entities.mentions,replied_tweet.entities.annotations,replied_tweet.entities.urls,replied_tweet.author_id,replied_tweet.author.public_metrics.followers_count,replied_tweet.author.public_metrics.following_count,replied_tweet.author.public_metrics.tweet_count,replied_tweet.author.public_metrics.listed_count,replied_tweet.author.location,replied_tweet.author.profile_image_url,replied_tweet.author.url,replied_tweet.author.username,replied_tweet.author.description,replied_tweet.author.id,replied_tweet.author.name,replied_tweet.author.created_at,author.public_metrics.followers_count,author.public_metrics.following_count,author.public_metrics.tweet_count,author.public_metrics.listed_count,author.location,author.profile_image_url,author.url,author.username,author.description,author.id,author.name,author.created_at,entities.hashtags,entities.urls
"@realamberheard @UPI Wow you can really see the botch job on her cheeks🤔.
God only knows why she had all that work done??
You look like lady gaga when she does the sharp look on her cheeks(robot like)oh well rockenman always is seeking Aliens?.Though he cannot fix this😂😂",Twitter Web App,"[{'type': 'replied_to', 'id': '1174757768298811392'}]",807003567605227520,en,1341371370966433799,2020-12-22T13:13:50.000Z,474156089,0,0,0,0,"[{'start': 0, 'end': 15, 'username': 'realamberheard', 'id': '807003567605227520'}, {'start': 16, 'end': 20, 'username': 'UPI', 'id': '16666806'}]","[{'start': 75, 'end': 77, 'probability': 0.8386, 'type': 'Other', 'normalized_text': 'God'}, {'start': 137, 'end': 145, 'probability': 0.8243, 'type': 'Person', 'normalized_text': 'lady gaga'}]","Amber Heard, Mark Ruffalo support worldwide fracking ban https://t.co/q3EcLzpU6d via @upi",Twitter Web Client,67,26,649,3,en,1174757768298811392,2019-09-19T18:50:52.000Z,"[{'start': 85, 'end': 89, 'username': 'UPI', 'id': '16666806'}]","[{'start': 0, 'end': 10, 'probability': 0.6817, 'type': 'Person', 'normalized_text': 'Amber Heard'}, {'start': 13, 'end': 24, 'probability': 0.9822, 'type': 'Person', 'normalized_text': 'Mark Ruffalo'}]","[{'start': 57, 'end': 80, 'url': 'https://t.co/q3EcLzpU6d', 'expanded_url': 'https://upi.com/6940778t', 'display_url': 'upi.com/6940778t', 'status': 200, 'unwound_url': 'https://www.upi.com/Entertainment_News/2019/09/19/Amber-Heard-Mark-Ruffalo-support-worldwide-fracking-ban/9181568900963/?spt=su&or=btn_tw'}]",807003567605227520,190461,220,1151,568,"Los Angeles, CA",https://pbs.twimg.com/profile_images/1383196364792680448/N8CdupEu_normal.jpg,https://t.co/Ze18Ek9SOI,realamberheard,"Actor and Activist, semi-professional disruptor, ice cream advocate and shameless teacup yorkie-lover",807003567605227520,Amber Heard,2016-12-08T23:26:58.000Z,499,787,4785,1,Australia,https://pbs.twimg.com/profile_images/1276320034176954368/bOn6qoz8_normal.jpg,https://t.co/o6YHMsftLi,michstar7,"Mother of two lovely girls, love meeting new ppl.JD❤️",474156089,bella kane,2012-01-25T18:14:51.000Z,,
@realamberheard @UPI 🐍🐍🐍🐍🐍🐍🐍🐍🐍🐍🐍🐍🐍🐍🐍🐍🐍🐍🐍🐍🐍🐍🐍🐍🐍🐍🐍🐍🐍🐍🐍🐍🐍🐍🐍🐍🐍🐍🐍🐍🐍🐍🐍🐍🐍🐍🐍🐍🐍🐍🐍🐍🐍🐍🐍🐍🐍🐍🐍🐍🐍🐍🐍🐍🐍🐍🐍🐍🐍🐍🐍🐍🐍🐍🐍🐍🐍🐍🐍🐍🐍🐍🐍🐍🐍🐍🐍🐍🐍🐍🐍🐍🐍🐍🐍🐍🐍🐍🐍🐍🐍🐍🐍🐍🐍🐍🐍🐍🐍🐍🐍🐍🐍🐍🐍🐍🐍🐍🐍🐍🐍🐍🐍🐍🐍🐍🐍🐍🐍🐍🐍🐍🐍🐍🐍🐍🐍🐍🐍🐍,Twitter Web App,"[{'type': 'replied_to', 'id': '1174757768298811392'}]",807003567605227520,und,1282556908235304960,2020-07-13T06:06:10.000Z,3254993937,0,0,0,0,"[{'start': 0, 'end': 15, 'username': 'realamberheard', 'id': '807003567605227520'}, {'start': 16, 'end': 20, 'username': 'UPI', 'id': '16666806'}]",,"Amber Heard, Mark Ruffalo support worldwide fracking ban https://t.co/q3EcLzpU6d via @upi",Twitter Web Client,67,26,649,3,en,1174757768298811392,2019-09-19T18:50:52.000Z,"[{'start': 85, 'end': 89, 'username': 'UPI', 'id': '16666806'}]","[{'start': 0, 'end': 10, 'probability': 0.6817, 'type': 'Person', 'normalized_text': 'Amber Heard'}, {'start': 13, 'end': 24, 'probability': 0.9822, 'type': 'Person', 'normalized_text': 'Mark Ruffalo'}]","[{'start': 57, 'end': 80, 'url': 'https://t.co/q3EcLzpU6d', 'expanded_url': 'https://upi.com/6940778t', 'display_url': 'upi.com/6940778t', 'status': 200, 'unwound_url': 'https://www.upi.com/Entertainment_News/2019/09/19/Amber-Heard-Mark-Ruffalo-support-worldwide-fracking-ban/9181568900963/?spt=su&or=btn_tw'}]",807003567605227520,190461,220,1151,568,"Los Angeles, CA",https://pbs.twimg.com/profile_images/1383196364792680448/N8CdupEu_normal.jpg,https://t.co/Ze18Ek9SOI,realamberheard,"Actor and Activist, semi-professional disruptor, ice cream advocate and shameless teacup yorkie-lover",807003567605227520,Amber Heard,2016-12-08T23:26:58.000Z,539,168,27675,9,he/him,https://pbs.twimg.com/profile_images/1472816438666842114/HGwhrr8__normal.jpg,,universe3007,21 #MakeTASM3,3254993937,EP,2015-05-15T01:50:17.000Z,,
@realamberheard @UPI #JusticeForJohnnyDeep,Twitter Web App,"[{'type': 'replied_to', 'id': '1174757768298811392'}]",807003567605227520,und,1229983772076126208,2020-02-19T04:19:17.000Z,72740779,0,0,0,0,"[{'start': 0, 'end': 15, 'username': 'realamberheard', 'id': '807003567605227520'}, {'start': 16, 'end': 20, 'username': 'UPI', 'id': '16666806'}]",,"Amber Heard, Mark Ruffalo support worldwide fracking ban https://t.co/q3EcLzpU6d via @upi",Twitter Web Client,67,26,649,3,en,1174757768298811392,2019-09-19T18:50:52.000Z,"[{'start': 85, 'end': 89, 'username': 'UPI', 'id': '16666806'}]","[{'start': 0, 'end': 10, 'probability': 0.6817, 'type': 'Person', 'normalized_text': 'Amber Heard'}, {'start': 13, 'end': 24, 'probability': 0.9822, 'type': 'Person', 'normalized_text': 'Mark Ruffalo'}]","[{'start': 57, 'end': 80, 'url': 'https://t.co/q3EcLzpU6d', 'expanded_url': 'https://upi.com/6940778t', 'display_url': 'upi.com/6940778t', 'status': 200, 'unwound_url': 'https://www.upi.com/Entertainment_News/2019/09/19/Amber-Heard-Mark-Ruffalo-support-worldwide-fracking-ban/9181568900963/?spt=su&or=btn_tw'}]",807003567605227520,190461,220,1151,568,"Los Angeles, CA",https://pbs.twimg.com/profile_images/1383196364792680448/N8CdupEu_normal.jpg,https://t.co/Ze18Ek9SOI,realamberheard,"Actor and Activist, semi-professional disruptor, ice cream advocate and shameless teacup yorkie-lover",807003567605227520,Amber Heard,2016-12-08T23:26:58.000Z,52,1338,3840,1,,https://pbs.twimg.com/profile_images/1347748304344535042/GxhHvrRf_normal.jpg,,jkeener71,Lover and Gamer extraordinaire,72740779,Let's Go Brandon!,2009-09-09T02:28:11.000Z,"[{'start': 21, 'end': 42, 'tag': 'JusticeForJohnnyDeep'}]",
@realamberheard @UPI U,Twitter for iPhone,"[{'type': 'replied_to', 'id': '1182150607844433920'}]",626892823,und,1182150681538387968,2019-10-10T04:27:40.000Z,626892823,0,0,0,0,"[{'start': 0, 'end': 15, 'username': 'realamberheard', 'id': '807003567605227520'}, {'start': 16, 'end': 20, 'username': 'UPI', 'id': '16666806'}]",,"Amber Heard, Mark Ruffalo support worldwide fracking ban https://t.co/q3EcLzpU6d via @upi",Twitter Web Client,67,26,649,3,en,1174757768298811392,2019-09-19T18:50:52.000Z,"[{'start': 85, 'end': 89, 'username': 'UPI', 'id': '16666806'}]","[{'start': 0, 'end': 10, 'probability': 0.6817, 'type': 'Person', 'normalized_text': 'Amber Heard'}, {'start': 13, 'end': 24, 'probability': 0.9822, 'type': 'Person', 'normalized_text': 'Mark Ruffalo'}]","[{'start': 57, 'end': 80, 'url': 'https://t.co/q3EcLzpU6d', 'expanded_url': 'https://upi.com/6940778t', 'display_url': 'upi.com/6940778t', 'status': 200, 'unwound_url': 'https://www.upi.com/Entertainment_News/2019/09/19/Amber-Heard-Mark-Ruffalo-support-worldwide-fracking-ban/9181568900963/?spt=su&or=btn_tw'}]",807003567605227520,190461,220,1151,568,"Los Angeles, CA",https://pbs.twimg.com/profile_images/1383196364792680448/N8CdupEu_normal.jpg,https://t.co/Ze18Ek9SOI,realamberheard,"Actor and Activist, semi-professional disruptor, ice cream advocate and shameless teacup yorkie-lover",807003567605227520,Amber Heard,2016-12-08T23:26:58.000Z,83,1323,10387,0,Auchenflower Queensland,https://pbs.twimg.com/profile_images/745034374492491776/zta_VFFN_normal.jpg,,LyndenKCroucher,UZ UR XA FF DD MM RET L,626892823,CROUCHERLynden,2012-07-04T23:51:53.000Z,,
@realamberheard @UPI NICE DOOR. https://t.co/ndlzMhlXTa,Twitter for iPhone,"[{'type': 'replied_to', 'id': '1174757768298811392'}]",807003567605227520,en,1182150607844433920,2019-10-10T04:27:22.000Z,626892823,0,1,0,0,"[{'start': 0, 'end': 15, 'username': 'realamberheard', 'id': '807003567605227520'}, {'start': 16, 'end': 20, 'username': 'UPI', 'id': '16666806'}]",,"Amber Heard, Mark Ruffalo support worldwide fracking ban https://t.co/q3EcLzpU6d via @upi",Twitter Web Client,67,26,649,3,en,1174757768298811392,2019-09-19T18:50:52.000Z,"[{'start': 85, 'end': 89, 'username': 'UPI', 'id': '16666806'}]","[{'start': 0, 'end': 10, 'probability': 0.6817, 'type': 'Person', 'normalized_text': 'Amber Heard'}, {'start': 13, 'end': 24, 'probability': 0.9822, 'type': 'Person', 'normalized_text': 'Mark Ruffalo'}]","[{'start': 57, 'end': 80, 'url': 'https://t.co/q3EcLzpU6d', 'expanded_url': 'https://upi.com/6940778t', 'display_url': 'upi.com/6940778t', 'status': 200, 'unwound_url': 'https://www.upi.com/Entertainment_News/2019/09/19/Amber-Heard-Mark-Ruffalo-support-worldwide-fracking-ban/9181568900963/?spt=su&or=btn_tw'}]",807003567605227520,190461,220,1151,568,"Los Angeles, CA",https://pbs.twimg.com/profile_images/1383196364792680448/N8CdupEu_normal.jpg,https://t.co/Ze18Ek9SOI,realamberheard,"Actor and Activist, semi-professional disruptor, ice cream advocate and shameless teacup yorkie-lover",807003567605227520,Amber Heard,2016-12-08T23:26:58.000Z,83,1323,10387,0,Auchenflower Queensland,https://pbs.twimg.com/profile_images/745034374492491776/zta_VFFN_normal.jpg,,LyndenKCroucher,UZ UR XA FF DD MM RET L,626892823,CROUCHERLynden,2012-07-04T23:51:53.000Z,,"[{'start': 32, 'end': 55, 'url': 'https://t.co/ndlzMhlXTa', 'expanded_url': 'https://twitter.com/CroucherLynden/status/1182150607844433920/photo/1', 'display_url': 'pic.twitter.com/ndlzMhlXTa'}]"
"@realamberheard @UPI https://t.co/6KUPRE4gUP

https://t.co/9lVs6xmfMe

https://t.co/tlY7hsrVmi",Twitter for Android,"[{'type': 'quoted', 'id': '1096495968470609920'}, {'type': 'replied_to', 'id': '1174757768298811392'}]",807003567605227520,und,1181776908092133377,2019-10-09T03:42:25.000Z,745642144229097472,0,0,0,0,"[{'start': 0, 'end': 15, 'username': 'realamberheard', 'id': '807003567605227520'}, {'start': 16, 'end': 20, 'username': 'UPI', 'id': '16666806'}]",,"Amber Heard, Mark Ruffalo support worldwide fracking ban https://t.co/q3EcLzpU6d via @upi",Twitter Web Client,67,26,649,3,en,1174757768298811392,2019-09-19T18:50:52.000Z,"[{'start': 85, 'end': 89, 'username': 'UPI', 'id': '16666806'}]","[{'start': 0, 'end': 10, 'probability': 0.6817, 'type': 'Person', 'normalized_text': 'Amber Heard'}, {'start': 13, 'end': 24, 'probability': 0.9822, 'type': 'Person', 'normalized_text': 'Mark Ruffalo'}]","[{'start': 57, 'end': 80, 'url': 'https://t.co/q3EcLzpU6d', 'expanded_url': 'https://upi.com/6940778t', 'display_url': 'upi.com/6940778t', 'status': 200, 'unwound_url': 'https://www.upi.com/Entertainment_News/2019/09/19/Amber-Heard-Mark-Ruffalo-support-worldwide-fracking-ban/9181568900963/?spt=su&or=btn_tw'}]",807003567605227520,190461,220,1151,568,"Los Angeles, CA",https://pbs.twimg.com/profile_images/1383196364792680448/N8CdupEu_normal.jpg,https://t.co/Ze18Ek9SOI,realamberheard,"Actor and Activist, semi-professional disruptor, ice cream advocate and shameless teacup yorkie-lover",807003567605227520,Amber Heard,2016-12-08T23:26:58.000Z,3668,4888,239775,30,"East Midlands, England",https://pbs.twimg.com/profile_images/772943532906741760/nCNn4myS_normal.jpg,,NYtitanic1999,"❄️❄️❄️❄️❄️❄️❄️❄️❄️❄️❄️❄️❄️❄️❄️❄️Scottish, Welsh, English, Irish, Italian i.e. European
 #FBPE",745642144229097472,❄️ Mark Woodward,2016-06-22T15:38:35.000Z,,"[{'start': 21, 'end': 44, 'url': 'https://t.co/6KUPRE4gUP', 'expanded_url': 'https://youtu.be/GRTfr3AV9fg', 'display_url': 'youtu.be/GRTfr3AV9fg', 'status': 200, 'unwound_url': 'https://www.youtube.com/watch?v=GRTfr3AV9fg&feature=youtu.be'}, {'start': 46, 'end': 69, 'url': 'https://t.co/9lVs6xmfMe', 'expanded_url': 'https://youtu.be/yaPk7SNyKis', 'display_url': 'youtu.be/yaPk7SNyKis', 'status': 200, 'unwound_url': 'https://www.youtube.com/watch?v=yaPk7SNyKis&feature=youtu.be'}, {'start': 71, 'end': 94, 'url': 'https://t.co/tlY7hsrVmi', 'expanded_url': 'https://twitter.com/MadameMerteuil/status/1096495968470609920?s=19', 'display_url': 'twitter.com/MadameMerteuil…'}]"
@realamberheard @UPI Bitch be looking like a paint by number 😂😂😂,Twitter for Android,"[{'type': 'replied_to', 'id': '1174757768298811392'}]",807003567605227520,en,1178315476662935552,2019-09-29T14:27:56.000Z,1103363621852274688,0,0,0,0,"[{'start': 0, 'end': 15, 'username': 'realamberheard', 'id': '807003567605227520'}, {'start': 16, 'end': 20, 'username': 'UPI', 'id': '16666806'}]",,"Amber Heard, Mark Ruffalo support worldwide fracking ban https://t.co/q3EcLzpU6d via @upi",Twitter Web Client,67,26,649,3,en,1174757768298811392,2019-09-19T18:50:52.000Z,"[{'start': 85, 'end': 89, 'username': 'UPI', 'id': '16666806'}]","[{'start': 0, 'end': 10, 'probability': 0.6817, 'type': 'Person', 'normalized_text': 'Amber Heard'}, {'start': 13, 'end': 24, 'probability': 0.9822, 'type': 'Person', 'normalized_text': 'Mark Ruffalo'}]","[{'start': 57, 'end': 80, 'url': 'https://t.co/q3EcLzpU6d', 'expanded_url': 'https://upi.com/6940778t', 'display_url': 'upi.com/6940778t', 'status': 200, 'unwound_url': 'https://www.upi.com/Entertainment_News/2019/09/19/Amber-Heard-Mark-Ruffalo-support-worldwide-fracking-ban/9181568900963/?spt=su&or=btn_tw'}]",807003567605227520,190461,220,1151,568,"Los Angeles, CA",https://pbs.twimg.com/profile_images/1383196364792680448/N8CdupEu_normal.jpg,https://t.co/Ze18Ek9SOI,realamberheard,"Actor and Activist, semi-professional disruptor, ice cream advocate and shameless teacup yorkie-lover",807003567605227520,Amber Heard,2016-12-08T23:26:58.000Z,88,124,902,0,MULTIFANDOM🇬🇧⁷,https://pbs.twimg.com/profile_images/1363173646366371848/b1l4S3Az_normal.jpg,,omgjungwoo,"•  𝗈𝖼𝗍𝗈𝖻𝖾𝗋, 24 ' 𝗔𝗧𝗘𝗘𝗭
°•

𝚜𝚝𝚊𝚢 ⋆ 스트레이 키즈 
°•

•  🏴‍☠️ , 𝑤𝑒 𝑎𝑟𝑒 𝑜𝑛𝑒 : EXO〜
°•

•  BAKSU 𖦹 17 ♥︎.•",1103363621852274688,･｡ﾟ☆:*.☽.*:☆ﾟ.,2019-03-06T18:36:01.000Z,,
@realamberheard @UPI Amber &amp; Mark support Russian propaganda,Twitter for Android,"[{'type': 'replied_to', 'id': '1174757768298811392'}]",807003567605227520,in,1177945136921116672,2019-09-28T13:56:20.000Z,1216135416,0,0,0,0,"[{'start': 0, 'end': 15, 'username': 'realamberheard', 'id': '807003567605227520'}, {'start': 16, 'end': 20, 'username': 'UPI', 'id': '16666806'}]",,"Amber Heard, Mark Ruffalo support worldwide fracking ban https://t.co/q3EcLzpU6d via @upi",Twitter Web Client,67,26,649,3,en,1174757768298811392,2019-09-19T18:50:52.000Z,"[{'start': 85, 'end': 89, 'username': 'UPI', 'id': '16666806'}]","[{'start': 0, 'end': 10, 'probability': 0.6817, 'type': 'Person', 'normalized_text': 'Amber Heard'}, {'start': 13, 'end': 24, 'probability': 0.9822, 'type': 'Person', 'normalized_text': 'Mark Ruffalo'}]","[{'start': 57, 'end': 80, 'url': 'https://t.co/q3EcLzpU6d', 'expanded_url': 'https://upi.com/6940778t', 'display_url': 'upi.com/6940778t', 'status': 200, 'unwound_url': 'https://www.upi.com/Entertainment_News/2019/09/19/Amber-Heard-Mark-Ruffalo-support-worldwide-fracking-ban/9181568900963/?spt=su&or=btn_tw'}]",807003567605227520,190461,220,1151,568,"Los Angeles, CA",https://pbs.twimg.com/profile_images/1383196364792680448/N8CdupEu_normal.jpg,https://t.co/Ze18Ek9SOI,realamberheard,"Actor and Activist, semi-professional disruptor, ice cream advocate and shameless teacup yorkie-lover",807003567605227520,Amber Heard,2016-12-08T23:26:58.000Z,257,1400,41570,9,USA,https://pbs.twimg.com/profile_images/1358940434290995200/aOn8kfTJ_normal.jpg,,whtmanoverbite,"healthcare, technology, martinis, politics...not in that order. Pronouns: F U/F Off",1216135416,Dr. Gary ❎,2013-02-24T17:57:00.000Z,,
@realamberheard @UPI https://t.co/lMoEO0kXzZ,Twitter for Android,"[{'type': 'replied_to', 'id': '1174757768298811392'}]",807003567605227520,und,1175890849168855040,2019-09-22T21:53:20.000Z,28443923,0,0,0,0,"[{'start': 0, 'end': 15, 'username': 'realamberheard', 'id': '807003567605227520'}, {'start': 16, 'end': 20, 'username': 'UPI', 'id': '16666806'}]",,"Amber Heard, Mark Ruffalo support worldwide fracking ban https://t.co/q3EcLzpU6d via @upi",Twitter Web Client,67,26,649,3,en,1174757768298811392,2019-09-19T18:50:52.000Z,"[{'start': 85, 'end': 89, 'username': 'UPI', 'id': '16666806'}]","[{'start': 0, 'end': 10, 'probability': 0.6817, 'type': 'Person', 'normalized_text': 'Amber Heard'}, {'start': 13, 'end': 24, 'probability': 0.9822, 'type': 'Person', 'normalized_text': 'Mark Ruffalo'}]","[{'start': 57, 'end': 80, 'url': 'https://t.co/q3EcLzpU6d', 'expanded_url': 'https://upi.com/6940778t', 'display_url': 'upi.com/6940778t', 'status': 200, 'unwound_url': 'https://www.upi.com/Entertainment_News/2019/09/19/Amber-Heard-Mark-Ruffalo-support-worldwide-fracking-ban/9181568900963/?spt=su&or=btn_tw'}]",807003567605227520,190461,220,1151,568,"Los Angeles, CA",https://pbs.twimg.com/profile_images/1383196364792680448/N8CdupEu_normal.jpg,https://t.co/Ze18Ek9SOI,realamberheard,"Actor and Activist, semi-professional disruptor, ice cream advocate and shameless teacup yorkie-lover",807003567605227520,Amber Heard,2016-12-08T23:26:58.000Z,31344,32396,16238,110,South Jersey,https://pbs.twimg.com/profile_images/1246877955441205248/2WXnb9ak_normal.jpg,,krovere5,Author of Serial Killers In Heaven And Victims In Hell? Kindle edition here: https://t.co/PW8KmigQz6,28443923,Keith Rovere,2009-04-02T23:12:14.000Z,,"[{'start': 21, 'end': 44, 'url': 'https://t.co/lMoEO0kXzZ', 'expanded_url': 'https://twitter.com/krovere5/status/1175890849168855040/photo/1', 'display_url': 'pic.twitter.com/lMoEO0kXzZ'}]"
"@stirgussa @realamberheard @UPI I first heard about it in 2014! They have a lot of #fracking in Northern #Texas. They ""create mini earthquakes.""

I wish they would get rid of the landfills that I saw in #LosAngeles too... :(. Someone said that the city no longer recycles, even if people recycle. --&gt; #Landfill",Twitter Web App,"[{'type': 'replied_to', 'id': '1174791275700215808'}]",4396120342,en,1175510759444381696,2019-09-21T20:42:59.000Z,847762217546137600,0,0,0,0,"[{'start': 0, 'end': 10, 'username': 'stirgussa', 'id': '4396120342'}, {'start': 11, 'end': 26, 'username': 'realamberheard', 'id': '807003567605227520'}, {'start': 27, 'end': 31, 'username': 'UPI', 'id': '16666806'}]",,"Amber Heard, Mark Ruffalo support worldwide fracking ban https://t.co/q3EcLzpU6d via @upi",Twitter Web Client,67,26,649,3,en,1174757768298811392,2019-09-19T18:50:52.000Z,"[{'start': 85, 'end': 89, 'username': 'UPI', 'id': '16666806'}]","[{'start': 0, 'end': 10, 'probability': 0.6817, 'type': 'Person', 'normalized_text': 'Amber Heard'}, {'start': 13, 'end': 24, 'probability': 0.9822, 'type': 'Person', 'normalized_text': 'Mark Ruffalo'}]","[{'start': 57, 'end': 80, 'url': 'https://t.co/q3EcLzpU6d', 'expanded_url': 'https://upi.com/6940778t', 'display_url': 'upi.com/6940778t', 'status': 200, 'unwound_url': 'https://www.upi.com/Entertainment_News/2019/09/19/Amber-Heard-Mark-Ruffalo-support-worldwide-fracking-ban/9181568900963/?spt=su&or=btn_tw'}]",807003567605227520,190461,220,1151,568,"Los Angeles, CA",https://pbs.twimg.com/profile_images/1383196364792680448/N8CdupEu_normal.jpg,https://t.co/Ze18Ek9SOI,realamberheard,"Actor and Activist, semi-professional disruptor, ice cream advocate and shameless teacup yorkie-lover",807003567605227520,Amber Heard,2016-12-08T23:26:58.000Z,2649,4555,32729,21,Worldie.com & International 🚀,https://pbs.twimg.com/profile_images/1180185247884824576/3Zvt_F6Y_normal.jpg,https://t.co/7SykGO7PSU,XTinaTaft,#Founder Social Media for Good ~ https://t.co/7SykGO7PSU🚀Better World #CEO✈Innovator🎉#Egalitarian🎸#Entrepreneur🐬#Tech🏖#Futurist💡#Motivationology☀️#Data🧡#WomenInPower,847762217546137600,Christina Taft 🧬CEO🏖🎶✈️,2017-03-31T10:47:18.000Z,"[{'start': 83, 'end': 92, 'tag': 'fracking'}, {'start': 105, 'end': 111, 'tag': 'Texas'}, {'start': 203, 'end': 214, 'tag': 'LosAngeles'}, {'start': 304, 'end': 313, 'tag': 'Landfill'}]",
"@petrovsky9 @realamberheard @UPI -- from ""Wasteland Sheik""

Funny stuff...",Twitter Web App,"[{'type': 'replied_to', 'id': '1174759189698072576'}]",104925247,en,1175510201383804928,2019-09-21T20:40:46.000Z,847762217546137600,0,0,0,0,"[{'start': 0, 'end': 11, 'username': 'petrovsky9', 'id': '104925247'}, {'start': 12, 'end': 27, 'username': 'realamberheard', 'id': '807003567605227520'}, {'start': 28, 'end': 32, 'username': 'UPI', 'id': '16666806'}]","[{'start': 42, 'end': 56, 'probability': 0.3589, 'type': 'Other', 'normalized_text': 'Wasteland Sheik'}]","Amber Heard, Mark Ruffalo support worldwide fracking ban https://t.co/q3EcLzpU6d via @upi",Twitter Web Client,67,26,649,3,en,1174757768298811392,2019-09-19T18:50:52.000Z,"[{'start': 85, 'end': 89, 'username': 'UPI', 'id': '16666806'}]","[{'start': 0, 'end': 10, 'probability': 0.6817, 'type': 'Person', 'normalized_text': 'Amber Heard'}, {'start': 13, 'end': 24, 'probability': 0.9822, 'type': 'Person', 'normalized_text': 'Mark Ruffalo'}]","[{'start': 57, 'end': 80, 'url': 'https://t.co/q3EcLzpU6d', 'expanded_url': 'https://upi.com/6940778t', 'display_url': 'upi.com/6940778t', 'status': 200, 'unwound_url': 'https://www.upi.com/Entertainment_News/2019/09/19/Amber-Heard-Mark-Ruffalo-support-worldwide-fracking-ban/9181568900963/?spt=su&or=btn_tw'}]",807003567605227520,190461,220,1151,568,"Los Angeles, CA",https://pbs.twimg.com/profile_images/1383196364792680448/N8CdupEu_normal.jpg,https://t.co/Ze18Ek9SOI,realamberheard,"Actor and Activist, semi-professional disruptor, ice cream advocate and shameless teacup yorkie-lover",807003567605227520,Amber Heard,2016-12-08T23:26:58.000Z,2649,4555,32729,21,Worldie.com & International 🚀,https://pbs.twimg.com/profile_images/1180185247884824576/3Zvt_F6Y_normal.jpg,https://t.co/7SykGO7PSU,XTinaTaft,#Founder Social Media for Good ~ https://t.co/7SykGO7PSU🚀Better World #CEO✈Innovator🎉#Egalitarian🎸#Entrepreneur🐬#Tech🏖#Futurist💡#Motivationology☀️#Data🧡#WomenInPower,847762217546137600,Christina Taft 🧬CEO🏖🎶✈️,2017-03-31T10:47:18.000Z,,
@realamberheard @UPI https://t.co/UqmIvsIQ91,Twitter for Android,"[{'type': 'replied_to', 'id': '1174757768298811392'}]",807003567605227520,und,1175330947455168513,2019-09-21T08:48:29.000Z,931287546260279296,0,0,0,0,"[{'start': 0, 'end': 15, 'username': 'realamberheard', 'id': '807003567605227520'}, {'start': 16, 'end': 20, 'username': 'UPI', 'id': '16666806'}]",,"Amber Heard, Mark Ruffalo support worldwide fracking ban https://t.co/q3EcLzpU6d via @upi",Twitter Web Client,67,26,649,3,en,1174757768298811392,2019-09-19T18:50:52.000Z,"[{'start': 85, 'end': 89, 'username': 'UPI', 'id': '16666806'}]","[{'start': 0, 'end': 10, 'probability': 0.6817, 'type': 'Person', 'normalized_text': 'Amber Heard'}, {'start': 13, 'end': 24, 'probability': 0.9822, 'type': 'Person', 'normalized_text': 'Mark Ruffalo'}]","[{'start': 57, 'end': 80, 'url': 'https://t.co/q3EcLzpU6d', 'expanded_url': 'https://upi.com/6940778t', 'display_url': 'upi.com/6940778t', 'status': 200, 'unwound_url': 'https://www.upi.com/Entertainment_News/2019/09/19/Amber-Heard-Mark-Ruffalo-support-worldwide-fracking-ban/9181568900963/?spt=su&or=btn_tw'}]",807003567605227520,190461,220,1151,568,"Los Angeles, CA",https://pbs.twimg.com/profile_images/1383196364792680448/N8CdupEu_normal.jpg,https://t.co/Ze18Ek9SOI,realamberheard,"Actor and Activist, semi-professional disruptor, ice cream advocate and shameless teacup yorkie-lover",807003567605227520,Amber Heard,2016-12-08T23:26:58.000Z,138,898,4021,0,"London, England",https://pbs.twimg.com/profile_images/1488482059278589954/k-wgPnLH_normal.jpg,https://t.co/tqLcyYBy0R,MaraHenry13,"Storyteller. Truth Seeker. Feminist. Cactus Enthusiast. 🌵
she/her/hers

#BlackLivesMatter 
#SayTheirNames",931287546260279296,Mara Henry,2017-11-16T22:27:08.000Z,,"[{'start': 21, 'end': 44, 'url': 'https://t.co/UqmIvsIQ91', 'expanded_url': 'https://twitter.com/MaraHenry13/status/1175330947455168513/photo/1', 'display_url': 'pic.twitter.com/UqmIvsIQ91'}]"
"@realamberheard @UPI Love this picture, it’s the last one of you while still supported by an industry who believed you to be an advocate of victims, and not in fact the abusive scam artist with a legitimate personality order. The truth is out there thanks to Adam Waldman",Twitter Web App,"[{'type': 'replied_to', 'id': '1174757768298811392'}]",807003567605227520,en,1175320947253010432,2019-09-21T08:08:44.000Z,1131663866432299008,0,0,3,0,"[{'start': 0, 'end': 15, 'username': 'realamberheard', 'id': '807003567605227520'}, {'start': 16, 'end': 20, 'username': 'UPI', 'id': '16666806'}]","[{'start': 259, 'end': 270, 'probability': 0.9968, 'type': 'Person', 'normalized_text': 'Adam Waldman'}]","Amber Heard, Mark Ruffalo support worldwide fracking ban https://t.co/q3EcLzpU6d via @upi",Twitter Web Client,67,26,649,3,en,1174757768298811392,2019-09-19T18:50:52.000Z,"[{'start': 85, 'end': 89, 'username': 'UPI', 'id': '16666806'}]","[{'start': 0, 'end': 10, 'probability': 0.6817, 'type': 'Person', 'normalized_text': 'Amber Heard'}, {'start': 13, 'end': 24, 'probability': 0.9822, 'type': 'Person', 'normalized_text': 'Mark Ruffalo'}]","[{'start': 57, 'end': 80, 'url': 'https://t.co/q3EcLzpU6d', 'expanded_url': 'https://upi.com/6940778t', 'display_url': 'upi.com/6940778t', 'status': 200, 'unwound_url': 'https://www.upi.com/Entertainment_News/2019/09/19/Amber-Heard-Mark-Ruffalo-support-worldwide-fracking-ban/9181568900963/?spt=su&or=btn_tw'}]",807003567605227520,190461,220,1151,568,"Los Angeles, CA",https://pbs.twimg.com/profile_images/1383196364792680448/N8CdupEu_normal.jpg,https://t.co/Ze18Ek9SOI,realamberheard,"Actor and Activist, semi-professional disruptor, ice cream advocate and shameless teacup yorkie-lover",807003567605227520,Amber Heard,2016-12-08T23:26:58.000Z,21,29,1406,1,London,https://pbs.twimg.com/profile_images/1131664247698677760/fg7jZjEl_normal.jpg,,Evolved71245694,Parent. Equal rights Equal pay Employer. Wife. set this account up due to my perceived inadequacy of the press reporting on Johnny Depp. Do not have JD posters,1131663866432299008,Evolved,2019-05-23T20:51:05.000Z,,
"@realamberheard @UPI But don’t you need gas to maintain your Range Rover and muscle cars? Virtue signalling once again. Sorry Heard, the ruse is up. You’re an aggressive blackmailing con artist who has multiple DUI inc possession of cocaine, Assault of your girlfriend and soon perjury and defamation.",Twitter Web App,"[{'type': 'replied_to', 'id': '1174757768298811392'}]",807003567605227520,en,1175319632242184192,2019-09-21T08:03:31.000Z,1131663866432299008,0,0,0,0,"[{'start': 0, 'end': 15, 'username': 'realamberheard', 'id': '807003567605227520'}, {'start': 16, 'end': 20, 'username': 'UPI', 'id': '16666806'}]",,"Amber Heard, Mark Ruffalo support worldwide fracking ban https://t.co/q3EcLzpU6d via @upi",Twitter Web Client,67,26,649,3,en,1174757768298811392,2019-09-19T18:50:52.000Z,"[{'start': 85, 'end': 89, 'username': 'UPI', 'id': '16666806'}]","[{'start': 0, 'end': 10, 'probability': 0.6817, 'type': 'Person', 'normalized_text': 'Amber Heard'}, {'start': 13, 'end': 24, 'probability': 0.9822, 'type': 'Person', 'normalized_text': 'Mark Ruffalo'}]","[{'start': 57, 'end': 80, 'url': 'https://t.co/q3EcLzpU6d', 'expanded_url': 'https://upi.com/6940778t', 'display_url': 'upi.com/6940778t', 'status': 200, 'unwound_url': 'https://www.upi.com/Entertainment_News/2019/09/19/Amber-Heard-Mark-Ruffalo-support-worldwide-fracking-ban/9181568900963/?spt=su&or=btn_tw'}]",807003567605227520,190461,220,1151,568,"Los Angeles, CA",https://pbs.twimg.com/profile_images/1383196364792680448/N8CdupEu_normal.jpg,https://t.co/Ze18Ek9SOI,realamberheard,"Actor and Activist, semi-professional disruptor, ice cream advocate and shameless teacup yorkie-lover",807003567605227520,Amber Heard,2016-12-08T23:26:58.000Z,21,29,1406,1,London,https://pbs.twimg.com/profile_images/1131664247698677760/fg7jZjEl_normal.jpg,,Evolved71245694,Parent. Equal rights Equal pay Employer. Wife. set this account up due to my perceived inadequacy of the press reporting on Johnny Depp. Do not have JD posters,1131663866432299008,Evolved,2019-05-23T20:51:05.000Z,,
@EnwinsMotors @realamberheard @UPI 100% non consumer of  fossil fuel?,Twitter for iPhone,"[{'type': 'replied_to', 'id': '1175038388044537859'}]",825665210518220801,it,1175284954978144256,2019-09-21T05:45:43.000Z,842485560530931712,0,0,0,0,"[{'start': 0, 'end': 13, 'username': 'EnwinsMotors', 'id': '825665210518220801'}, {'start': 14, 'end': 29, 'username': 'realamberheard', 'id': '807003567605227520'}, {'start': 30, 'end': 34, 'username': 'UPI', 'id': '16666806'}]",,"Amber Heard, Mark Ruffalo support worldwide fracking ban https://t.co/q3EcLzpU6d via @upi",Twitter Web Client,67,26,649,3,en,1174757768298811392,2019-09-19T18:50:52.000Z,"[{'start': 85, 'end': 89, 'username': 'UPI', 'id': '16666806'}]","[{'start': 0, 'end': 10, 'probability': 0.6817, 'type': 'Person', 'normalized_text': 'Amber Heard'}, {'start': 13, 'end': 24, 'probability': 0.9822, 'type': 'Person', 'normalized_text': 'Mark Ruffalo'}]","[{'start': 57, 'end': 80, 'url': 'https://t.co/q3EcLzpU6d', 'expanded_url': 'https://upi.com/6940778t', 'display_url': 'upi.com/6940778t', 'status': 200, 'unwound_url': 'https://www.upi.com/Entertainment_News/2019/09/19/Amber-Heard-Mark-Ruffalo-support-worldwide-fracking-ban/9181568900963/?spt=su&or=btn_tw'}]",807003567605227520,190461,220,1151,568,"Los Angeles, CA",https://pbs.twimg.com/profile_images/1383196364792680448/N8CdupEu_normal.jpg,https://t.co/Ze18Ek9SOI,realamberheard,"Actor and Activist, semi-professional disruptor, ice cream advocate and shameless teacup yorkie-lover",807003567605227520,Amber Heard,2016-12-08T23:26:58.000Z,969,1970,5941,4,"Eastern Utah, USA",https://pbs.twimg.com/profile_images/1068006444232978432/5LU9XJdb_normal.jpg,,_jaybird14,Conservative father of 3. I'd rather be camping right now.,842485560530931712,Jay Spencer,2017-03-16T21:19:45.000Z,,
@realamberheard @UPI I am 100% with you on this,Twitter for Android,"[{'type': 'replied_to', 'id': '1174757768298811392'}]",807003567605227520,en,1175038388044537859,2019-09-20T13:25:57.000Z,825665210518220801,0,1,1,0,"[{'start': 0, 'end': 15, 'username': 'realamberheard', 'id': '807003567605227520'}, {'start': 16, 'end': 20, 'username': 'UPI', 'id': '16666806'}]",,"Amber Heard, Mark Ruffalo support worldwide fracking ban https://t.co/q3EcLzpU6d via @upi",Twitter Web Client,67,26,649,3,en,1174757768298811392,2019-09-19T18:50:52.000Z,"[{'start': 85, 'end': 89, 'username': 'UPI', 'id': '16666806'}]","[{'start': 0, 'end': 10, 'probability': 0.6817, 'type': 'Person', 'normalized_text': 'Amber Heard'}, {'start': 13, 'end': 24, 'probability': 0.9822, 'type': 'Person', 'normalized_text': 'Mark Ruffalo'}]","[{'start': 57, 'end': 80, 'url': 'https://t.co/q3EcLzpU6d', 'expanded_url': 'https://upi.com/6940778t', 'display_url': 'upi.com/6940778t', 'status': 200, 'unwound_url': 'https://www.upi.com/Entertainment_News/2019/09/19/Amber-Heard-Mark-Ruffalo-support-worldwide-fracking-ban/9181568900963/?spt=su&or=btn_tw'}]",807003567605227520,190461,220,1151,568,"Los Angeles, CA",https://pbs.twimg.com/profile_images/1383196364792680448/N8CdupEu_normal.jpg,https://t.co/Ze18Ek9SOI,realamberheard,"Actor and Activist, semi-professional disruptor, ice cream advocate and shameless teacup yorkie-lover",807003567605227520,Amber Heard,2016-12-08T23:26:58.000Z,180,374,3418,5,,https://pbs.twimg.com/profile_images/1158691236393435136/SNirHbdb_normal.jpg,https://t.co/Ms5ykD55Bq,EnwinsMotors,Enwin's Motors is a Motoring and Travel channel on Youtube. Please click on the link https://t.co/rRVuXKMy3i & support us through https://t.co/Xs4ESPI4pL,825665210518220801,Neil Winnington,2017-01-29T11:21:41.000Z,,
@realamberheard @UPI Climate change doesn't seem to be a critical issue for Trump so thank you Amber for adding your voice to this cause and putting environmental protection at the heart of your concerns 👍🏼❤,Twitter for Android,"[{'type': 'replied_to', 'id': '1174757768298811392'}]",807003567605227520,en,1174799859901222912,2019-09-19T21:38:07.000Z,785148392498421760,0,0,2,0,"[{'start': 0, 'end': 15, 'username': 'realamberheard', 'id': '807003567605227520'}, {'start': 16, 'end': 20, 'username': 'UPI', 'id': '16666806'}]","[{'start': 76, 'end': 80, 'probability': 0.998, 'type': 'Person', 'normalized_text': 'Trump'}, {'start': 95, 'end': 99, 'probability': 0.8949, 'type': 'Person', 'normalized_text': 'Amber'}]","Amber Heard, Mark Ruffalo support worldwide fracking ban https://t.co/q3EcLzpU6d via @upi",Twitter Web Client,67,26,649,3,en,1174757768298811392,2019-09-19T18:50:52.000Z,"[{'start': 85, 'end': 89, 'username': 'UPI', 'id': '16666806'}]","[{'start': 0, 'end': 10, 'probability': 0.6817, 'type': 'Person', 'normalized_text': 'Amber Heard'}, {'start': 13, 'end': 24, 'probability': 0.9822, 'type': 'Person', 'normalized_text': 'Mark Ruffalo'}]","[{'start': 57, 'end': 80, 'url': 'https://t.co/q3EcLzpU6d', 'expanded_url': 'https://upi.com/6940778t', 'display_url': 'upi.com/6940778t', 'status': 200, 'unwound_url': 'https://www.upi.com/Entertainment_News/2019/09/19/Amber-Heard-Mark-Ruffalo-support-worldwide-fracking-ban/9181568900963/?spt=su&or=btn_tw'}]",807003567605227520,190461,220,1151,568,"Los Angeles, CA",https://pbs.twimg.com/profile_images/1383196364792680448/N8CdupEu_normal.jpg,https://t.co/Ze18Ek9SOI,realamberheard,"Actor and Activist, semi-professional disruptor, ice cream advocate and shameless teacup yorkie-lover",807003567605227520,Amber Heard,2016-12-08T23:26:58.000Z,738,720,49396,28,"Bordeaux, France",https://pbs.twimg.com/profile_images/1138826096386936837/71Iwj2dh_normal.jpg,,CoraMelodie,"Actress/Producer & UNHCR Special Envoy #AngelinaJolie | Actress, Activist & Human Rights Champion @realamberheard | @JeniferOfficiel 

#IStandWithYouAmberHeard",785148392498421760,Cora Melodie,2016-10-09T16:02:18.000Z,,
"@realamberheard @UPI I wasn't aware that #Fracking was such a thing until quite recently and now I don't know why this, and it's ""side effects"", aren't more known in the world...

Whatever, I'm glad you're adding your voice to this cause Amber 👍",Twitter for Android,"[{'type': 'replied_to', 'id': '1174757768298811392'}]",807003567605227520,en,1174791275700215808,2019-09-19T21:04:01.000Z,4396120342,0,1,4,0,"[{'start': 0, 'end': 15, 'username': 'realamberheard', 'id': '807003567605227520'}, {'start': 16, 'end': 20, 'username': 'UPI', 'id': '16666806'}]","[{'start': 238, 'end': 242, 'probability': 0.8749, 'type': 'Person', 'normalized_text': 'Amber'}]","Amber Heard, Mark Ruffalo support worldwide fracking ban https://t.co/q3EcLzpU6d via @upi",Twitter Web Client,67,26,649,3,en,1174757768298811392,2019-09-19T18:50:52.000Z,"[{'start': 85, 'end': 89, 'username': 'UPI', 'id': '16666806'}]","[{'start': 0, 'end': 10, 'probability': 0.6817, 'type': 'Person', 'normalized_text': 'Amber Heard'}, {'start': 13, 'end': 24, 'probability': 0.9822, 'type': 'Person', 'normalized_text': 'Mark Ruffalo'}]","[{'start': 57, 'end': 80, 'url': 'https://t.co/q3EcLzpU6d', 'expanded_url': 'https://upi.com/6940778t', 'display_url': 'upi.com/6940778t', 'status': 200, 'unwound_url': 'https://www.upi.com/Entertainment_News/2019/09/19/Amber-Heard-Mark-Ruffalo-support-worldwide-fracking-ban/9181568900963/?spt=su&or=btn_tw'}]",807003567605227520,190461,220,1151,568,"Los Angeles, CA",https://pbs.twimg.com/profile_images/1383196364792680448/N8CdupEu_normal.jpg,https://t.co/Ze18Ek9SOI,realamberheard,"Actor and Activist, semi-professional disruptor, ice cream advocate and shameless teacup yorkie-lover",807003567605227520,Amber Heard,2016-12-08T23:26:58.000Z,678,296,58622,26,,https://pbs.twimg.com/profile_images/1378175478478082050/UKLiQPuk_normal.jpg,,stirgussa,"Only two things are infinite, the universe and human stupidity, and I'm not sure about the former. - Albert Einstein and Me!",4396120342,STIRGUS SACCHETTI,2015-12-06T17:21:06.000Z,"[{'start': 41, 'end': 50, 'tag': 'Fracking'}]",
@realamberheard @UPI I love heroes coming together. ❤️,Twitter for iPhone,"[{'type': 'replied_to', 'id': '1174757768298811392'}]",807003567605227520,en,1174781266945826817,2019-09-19T20:24:15.000Z,3919740867,0,0,8,0,"[{'start': 0, 'end': 15, 'username': 'realamberheard', 'id': '807003567605227520'}, {'start': 16, 'end': 20, 'username': 'UPI', 'id': '16666806'}]",,"Amber Heard, Mark Ruffalo support worldwide fracking ban https://t.co/q3EcLzpU6d via @upi",Twitter Web Client,67,26,649,3,en,1174757768298811392,2019-09-19T18:50:52.000Z,"[{'start': 85, 'end': 89, 'username': 'UPI', 'id': '16666806'}]","[{'start': 0, 'end': 10, 'probability': 0.6817, 'type': 'Person', 'normalized_text': 'Amber Heard'}, {'start': 13, 'end': 24, 'probability': 0.9822, 'type': 'Person', 'normalized_text': 'Mark Ruffalo'}]","[{'start': 57, 'end': 80, 'url': 'https://t.co/q3EcLzpU6d', 'expanded_url': 'https://upi.com/6940778t', 'display_url': 'upi.com/6940778t', 'status': 200, 'unwound_url': 'https://www.upi.com/Entertainment_News/2019/09/19/Amber-Heard-Mark-Ruffalo-support-worldwide-fracking-ban/9181568900963/?spt=su&or=btn_tw'}]",807003567605227520,190461,220,1151,568,"Los Angeles, CA",https://pbs.twimg.com/profile_images/1383196364792680448/N8CdupEu_normal.jpg,https://t.co/Ze18Ek9SOI,realamberheard,"Actor and Activist, semi-professional disruptor, ice cream advocate and shameless teacup yorkie-lover",807003567605227520,Amber Heard,2016-12-08T23:26:58.000Z,3880,89,13308,3,,https://pbs.twimg.com/profile_images/1318169449468514305/fPEsSXdl_normal.jpg,https://t.co/BSavZg4DeP,amberheardsourc,Source dedicated to the gorgeous and talented Texan actress and activist @realamberheard. Online since 2015. 🇮🇹 #WeAreWithYouAmberHeard,3919740867,Amber Heard Source,2015-10-10T16:21:10.000Z,,
@realamberheard @UPI Gorgeous I miss you,Twitter for Android,"[{'type': 'replied_to', 'id': '1174757768298811392'}]",807003567605227520,en,1174777526121615363,2019-09-19T20:09:23.000Z,1146437100532883458,0,0,1,0,"[{'start': 0, 'end': 15, 'username': 'realamberheard', 'id': '807003567605227520'}, {'start': 16, 'end': 20, 'username': 'UPI', 'id': '16666806'}]",,"Amber Heard, Mark Ruffalo support worldwide fracking ban https://t.co/q3EcLzpU6d via @upi",Twitter Web Client,67,26,649,3,en,1174757768298811392,2019-09-19T18:50:52.000Z,"[{'start': 85, 'end': 89, 'username': 'UPI', 'id': '16666806'}]","[{'start': 0, 'end': 10, 'probability': 0.6817, 'type': 'Person', 'normalized_text': 'Amber Heard'}, {'start': 13, 'end': 24, 'probability': 0.9822, 'type': 'Person', 'normalized_text': 'Mark Ruffalo'}]","[{'start': 57, 'end': 80, 'url': 'https://t.co/q3EcLzpU6d', 'expanded_url': 'https://upi.com/6940778t', 'display_url': 'upi.com/6940778t', 'status': 200, 'unwound_url': 'https://www.upi.com/Entertainment_News/2019/09/19/Amber-Heard-Mark-Ruffalo-support-worldwide-fracking-ban/9181568900963/?spt=su&or=btn_tw'}]",807003567605227520,190461,220,1151,568,"Los Angeles, CA",https://pbs.twimg.com/profile_images/1383196364792680448/N8CdupEu_normal.jpg,https://t.co/Ze18Ek9SOI,realamberheard,"Actor and Activist, semi-professional disruptor, ice cream advocate and shameless teacup yorkie-lover",807003567605227520,Amber Heard,2016-12-08T23:26:58.000Z,410,345,2926,0,,https://pbs.twimg.com/profile_images/1147470619065442305/25AL09vo_normal.jpg,,thomass00572803,I sing in my church choir,1146437100532883458,thomas schroeder,2019-07-03T15:14:39.000Z,,
@realamberheard @UPI Baby you look better With Out makeup. Why wear it at all? You’re a knockout stunner,Twitter for iPhone,"[{'type': 'replied_to', 'id': '1174757768298811392'}]",807003567605227520,en,1174777516000759808,2019-09-19T20:09:20.000Z,872912610731073537,0,0,0,0,"[{'start': 0, 'end': 15, 'username': 'realamberheard', 'id': '807003567605227520'}, {'start': 16, 'end': 20, 'username': 'UPI', 'id': '16666806'}]",,"Amber Heard, Mark Ruffalo support worldwide fracking ban https://t.co/q3EcLzpU6d via @upi",Twitter Web Client,67,26,649,3,en,1174757768298811392,2019-09-19T18:50:52.000Z,"[{'start': 85, 'end': 89, 'username': 'UPI', 'id': '16666806'}]","[{'start': 0, 'end': 10, 'probability': 0.6817, 'type': 'Person', 'normalized_text': 'Amber Heard'}, {'start': 13, 'end': 24, 'probability': 0.9822, 'type': 'Person', 'normalized_text': 'Mark Ruffalo'}]","[{'start': 57, 'end': 80, 'url': 'https://t.co/q3EcLzpU6d', 'expanded_url': 'https://upi.com/6940778t', 'display_url': 'upi.com/6940778t', 'status': 200, 'unwound_url': 'https://www.upi.com/Entertainment_News/2019/09/19/Amber-Heard-Mark-Ruffalo-support-worldwide-fracking-ban/9181568900963/?spt=su&or=btn_tw'}]",807003567605227520,190461,220,1151,568,"Los Angeles, CA",https://pbs.twimg.com/profile_images/1383196364792680448/N8CdupEu_normal.jpg,https://t.co/Ze18Ek9SOI,realamberheard,"Actor and Activist, semi-professional disruptor, ice cream advocate and shameless teacup yorkie-lover",807003567605227520,Amber Heard,2016-12-08T23:26:58.000Z,16,270,8691,0,"San Antonio, TX",https://pbs.twimg.com/profile_images/1179602036435951618/hRyUunDX_normal.jpg,,ldppro,national treasure #texas #lone #star #state read faster I’m twittering to end #communism #commieHunter,872912610731073537,"Bobby Pope, love caring & redemption",2017-06-08T20:25:59.000Z,,
@realamberheard @UPI Not an existential threat. Ruffles-Alo is cuckoo,Twitter for iPhone,"[{'type': 'replied_to', 'id': '1174757768298811392'}]",807003567605227520,en,1174777360597626880,2019-09-19T20:08:43.000Z,872912610731073537,0,0,0,0,"[{'start': 0, 'end': 15, 'username': 'realamberheard', 'id': '807003567605227520'}, {'start': 16, 'end': 20, 'username': 'UPI', 'id': '16666806'}]","[{'start': 48, 'end': 58, 'probability': 0.3989, 'type': 'Person', 'normalized_text': 'Ruffles-Alo'}]","Amber Heard, Mark Ruffalo support worldwide fracking ban https://t.co/q3EcLzpU6d via @upi",Twitter Web Client,67,26,649,3,en,1174757768298811392,2019-09-19T18:50:52.000Z,"[{'start': 85, 'end': 89, 'username': 'UPI', 'id': '16666806'}]","[{'start': 0, 'end': 10, 'probability': 0.6817, 'type': 'Person', 'normalized_text': 'Amber Heard'}, {'start': 13, 'end': 24, 'probability': 0.9822, 'type': 'Person', 'normalized_text': 'Mark Ruffalo'}]","[{'start': 57, 'end': 80, 'url': 'https://t.co/q3EcLzpU6d', 'expanded_url': 'https://upi.com/6940778t', 'display_url': 'upi.com/6940778t', 'status': 200, 'unwound_url': 'https://www.upi.com/Entertainment_News/2019/09/19/Amber-Heard-Mark-Ruffalo-support-worldwide-fracking-ban/9181568900963/?spt=su&or=btn_tw'}]",807003567605227520,190461,220,1151,568,"Los Angeles, CA",https://pbs.twimg.com/profile_images/1383196364792680448/N8CdupEu_normal.jpg,https://t.co/Ze18Ek9SOI,realamberheard,"Actor and Activist, semi-professional disruptor, ice cream advocate and shameless teacup yorkie-lover",807003567605227520,Amber Heard,2016-12-08T23:26:58.000Z,16,270,8691,0,"San Antonio, TX",https://pbs.twimg.com/profile_images/1179602036435951618/hRyUunDX_normal.jpg,,ldppro,national treasure #texas #lone #star #state read faster I’m twittering to end #communism #commieHunter,872912610731073537,"Bobby Pope, love caring & redemption",2017-06-08T20:25:59.000Z,,
@realamberheard @UPI Prohibition on fracking. Causes earthquakes and pollutes water.,Twitter Web App,"[{'type': 'replied_to', 'id': '1174757768298811392'}]",807003567605227520,en,1174759719480807429,2019-09-19T18:58:37.000Z,710619627320119297,0,0,2,0,"[{'start': 0, 'end': 15, 'username': 'realamberheard', 'id': '807003567605227520'}, {'start': 16, 'end': 20, 'username': 'UPI', 'id': '16666806'}]",,"Amber Heard, Mark Ruffalo support worldwide fracking ban https://t.co/q3EcLzpU6d via @upi",Twitter Web Client,67,26,649,3,en,1174757768298811392,2019-09-19T18:50:52.000Z,"[{'start': 85, 'end': 89, 'username': 'UPI', 'id': '16666806'}]","[{'start': 0, 'end': 10, 'probability': 0.6817, 'type': 'Person', 'normalized_text': 'Amber Heard'}, {'start': 13, 'end': 24, 'probability': 0.9822, 'type': 'Person', 'normalized_text': 'Mark Ruffalo'}]","[{'start': 57, 'end': 80, 'url': 'https://t.co/q3EcLzpU6d', 'expanded_url': 'https://upi.com/6940778t', 'display_url': 'upi.com/6940778t', 'status': 200, 'unwound_url': 'https://www.upi.com/Entertainment_News/2019/09/19/Amber-Heard-Mark-Ruffalo-support-worldwide-fracking-ban/9181568900963/?spt=su&or=btn_tw'}]",807003567605227520,190461,220,1151,568,"Los Angeles, CA",https://pbs.twimg.com/profile_images/1383196364792680448/N8CdupEu_normal.jpg,https://t.co/Ze18Ek9SOI,realamberheard,"Actor and Activist, semi-professional disruptor, ice cream advocate and shameless teacup yorkie-lover",807003567605227520,Amber Heard,2016-12-08T23:26:58.000Z,1052,1035,23528,4,Bulgaria,https://pbs.twimg.com/profile_images/1347929807837917185/-Yo4QgCl_normal.jpg,,stillstill6,"Chemical Engineer

""Unity makes strength""",710619627320119297,stenli stefan,2016-03-18T00:11:36.000Z,,
@realamberheard @UPI Thank you @MarkRuffalo @realamberheard! #BanFracking #Fracking @AOC @SenMarkey @sunrisemvmt @justicedems @Schwarzenegger @billmckibben @algore #GreenNewDeal,Twitter Web App,"[{'type': 'replied_to', 'id': '1174757768298811392'}]",807003567605227520,en,1174759201748520966,2019-09-19T18:56:34.000Z,16377959,0,0,1,0,"[{'start': 0, 'end': 15, 'username': 'realamberheard', 'id': '807003567605227520'}, {'start': 16, 'end': 20, 'username': 'UPI', 'id': '16666806'}, {'start': 31, 'end': 43, 'username': 'MarkRuffalo', 'id': '47285504'}, {'start': 44, 'end': 59, 'username': 'realamberheard', 'id': '807003567605227520'}, {'start': 84, 'end': 88, 'username': 'AOC', 'id': '138203134'}, {'start': 89, 'end': 99, 'username': 'SenMarkey', 'id': '21406834'}, {'start': 100, 'end': 112, 'username': 'sunrisemvmt', 'id': '1880725393'}, {'start': 113, 'end': 125, 'username': 'justicedems', 'id': '820705814906339328'}, {'start': 126, 'end': 141, 'username': 'Schwarzenegger', 'id': '12044602'}, {'start': 142, 'end': 155, 'username': 'billmckibben', 'id': '21786618'}, {'start': 156, 'end': 163, 'username': 'algore', 'id': '17220934'}]",,"Amber Heard, Mark Ruffalo support worldwide fracking ban https://t.co/q3EcLzpU6d via @upi",Twitter Web Client,67,26,649,3,en,1174757768298811392,2019-09-19T18:50:52.000Z,"[{'start': 85, 'end': 89, 'username': 'UPI', 'id': '16666806'}]","[{'start': 0, 'end': 10, 'probability': 0.6817, 'type': 'Person', 'normalized_text': 'Amber Heard'}, {'start': 13, 'end': 24, 'probability': 0.9822, 'type': 'Person', 'normalized_text': 'Mark Ruffalo'}]","[{'start': 57, 'end': 80, 'url': 'https://t.co/q3EcLzpU6d', 'expanded_url': 'https://upi.com/6940778t', 'display_url': 'upi.com/6940778t', 'status': 200, 'unwound_url': 'https://www.upi.com/Entertainment_News/2019/09/19/Amber-Heard-Mark-Ruffalo-support-worldwide-fracking-ban/9181568900963/?spt=su&or=btn_tw'}]",807003567605227520,190461,220,1151,568,"Los Angeles, CA",https://pbs.twimg.com/profile_images/1383196364792680448/N8CdupEu_normal.jpg,https://t.co/Ze18Ek9SOI,realamberheard,"Actor and Activist, semi-professional disruptor, ice cream advocate and shameless teacup yorkie-lover",807003567605227520,Amber Heard,2016-12-08T23:26:58.000Z,3808,4999,250040,278,"New York, NY",https://pbs.twimg.com/profile_images/871402127859609600/FySyKrh1_normal.jpg,https://t.co/J791Wc1v41,SteveBrant,Defender of #TruthAndJustice Advocate of partnership replacing domination #AmericanRebirth podcast champions Rebirth of Freedom To Create powered by Hope,16377959,SteveBrant,2008-09-20T14:21:44.000Z,"[{'start': 61, 'end': 73, 'tag': 'BanFracking'}, {'start': 74, 'end': 83, 'tag': 'Fracking'}, {'start': 164, 'end': 177, 'tag': 'GreenNewDeal'}]",
"@realamberheard @UPI you can't imagine how proud you make me. i have SO PROUD OF YOU ❤
Amber, you inspire me every day.",Twitter for Android,"[{'type': 'replied_to', 'id': '1174757768298811392'}]",807003567605227520,en,1174758654807072768,2019-09-19T18:54:23.000Z,2724444422,0,0,2,0,"[{'start': 0, 'end': 15, 'username': 'realamberheard', 'id': '807003567605227520'}, {'start': 16, 'end': 20, 'username': 'UPI', 'id': '16666806'}]","[{'start': 87, 'end': 91, 'probability': 0.5526, 'type': 'Person', 'normalized_text': 'Amber'}]","Amber Heard, Mark Ruffalo support worldwide fracking ban https://t.co/q3EcLzpU6d via @upi",Twitter Web Client,67,26,649,3,en,1174757768298811392,2019-09-19T18:50:52.000Z,"[{'start': 85, 'end': 89, 'username': 'UPI', 'id': '16666806'}]","[{'start': 0, 'end': 10, 'probability': 0.6817, 'type': 'Person', 'normalized_text': 'Amber Heard'}, {'start': 13, 'end': 24, 'probability': 0.9822, 'type': 'Person', 'normalized_text': 'Mark Ruffalo'}]","[{'start': 57, 'end': 80, 'url': 'https://t.co/q3EcLzpU6d', 'expanded_url': 'https://upi.com/6940778t', 'display_url': 'upi.com/6940778t', 'status': 200, 'unwound_url': 'https://www.upi.com/Entertainment_News/2019/09/19/Amber-Heard-Mark-Ruffalo-support-worldwide-fracking-ban/9181568900963/?spt=su&or=btn_tw'}]",807003567605227520,190461,220,1151,568,"Los Angeles, CA",https://pbs.twimg.com/profile_images/1383196364792680448/N8CdupEu_normal.jpg,https://t.co/Ze18Ek9SOI,realamberheard,"Actor and Activist, semi-professional disruptor, ice cream advocate and shameless teacup yorkie-lover",807003567605227520,Amber Heard,2016-12-08T23:26:58.000Z,1230,583,61217,11,,https://pbs.twimg.com/profile_images/1505214911051440135/SZpWBAtg_normal.jpg,,fkatwyez,all r&b and hip hop culture,2724444422,sasa,2014-08-11T18:27:47.000Z,,
@realamberheard @UPI 👍,Twitter for Android,"[{'type': 'replied_to', 'id': '1174757768298811392'}]",807003567605227520,und,1174758090773684224,2019-09-19T18:52:09.000Z,33151933,0,0,1,0,"[{'start': 0, 'end': 15, 'username': 'realamberheard', 'id': '807003567605227520'}, {'start': 16, 'end': 20, 'username': 'UPI', 'id': '16666806'}]",,"Amber Heard, Mark Ruffalo support worldwide fracking ban https://t.co/q3EcLzpU6d via @upi",Twitter Web Client,67,26,649,3,en,1174757768298811392,2019-09-19T18:50:52.000Z,"[{'start': 85, 'end': 89, 'username': 'UPI', 'id': '16666806'}]","[{'start': 0, 'end': 10, 'probability': 0.6817, 'type': 'Person', 'normalized_text': 'Amber Heard'}, {'start': 13, 'end': 24, 'probability': 0.9822, 'type': 'Person', 'normalized_text': 'Mark Ruffalo'}]","[{'start': 57, 'end': 80, 'url': 'https://t.co/q3EcLzpU6d', 'expanded_url': 'https://upi.com/6940778t', 'display_url': 'upi.com/6940778t', 'status': 200, 'unwound_url': 'https://www.upi.com/Entertainment_News/2019/09/19/Amber-Heard-Mark-Ruffalo-support-worldwide-fracking-ban/9181568900963/?spt=su&or=btn_tw'}]",807003567605227520,190461,220,1151,568,"Los Angeles, CA",https://pbs.twimg.com/profile_images/1383196364792680448/N8CdupEu_normal.jpg,https://t.co/Ze18Ek9SOI,realamberheard,"Actor and Activist, semi-professional disruptor, ice cream advocate and shameless teacup yorkie-lover",807003567605227520,Amber Heard,2016-12-08T23:26:58.000Z,693,3540,91161,4,"Vasai, India",https://pbs.twimg.com/profile_images/1269844061650694144/a3W8HgkD_normal.jpg,https://t.co/iY2nwA7oIz,Renison007,"#Ahmedabad born #Vasai bred, lived @Melbourne for 5.7yrs. #Catholic #ClimateAction #Feminist #Liberal #Rebel #Socialist #TaggingOCD #HakunaMatata! O+BloodDonor.",33151933,Renison Pereira #TimesUpIndia,2009-04-19T06:49:50.000Z,,
