id,screenname
1379907887984740000,TeriCarson
1379905104371970000,DeppSoldier_22
1379686128509270000,CiaraFutalan
1379906597762310000,Scookey2045
1379907008615350000,Hansen7Ane
1379695365260240000,Angiex0101
1379773262494900000,ElizaDFTW
1379908325324820000,Platoon1979
1381829648212960000,PlzeExplain512
1379903214330470000,KTN12201
1379937085784780000,KatKatButterfly
1382046654354750000,bryzwyf
1379895705179800000,CherylD59995761
1379765711954900000,SouthernGirlTea
1379902446814640000,milko976
1379739178892680000,Vaidaelena
1379814558316030000,thefordtweets
1379903624248180000,jayneb68910675
1379693250940970000,PrinConsuella_
1381874625269870000,Noneofthemknew1
1378578928378470000,sheilaw654321
1379897255545590000,DevaMarie
1381796136646760000,Om39472295
1381923984934070000,fury_marvel
1381934054589750000,la77465262
1379830007883720000,JeanVocalist
1379602435254190000,LouiseHatfiel16
1379888255928290000,Binx1969
1379872019563570000,LakotaDi
1382106317683310000,1coolwhipp
1378604911319910000,aviaum
1379586281210920000,centauri_27
1379871325985110000,HoraeOf
1379656541230530000,RosePagaza
1379909291352670000,Mewmewjusticef1
1379781656920390000,MyGrindelwald
1379686449193300000,P60P45
1379940553438210000,Ral314
1381970422720170000,patitopanhead
1382050731952370000,Dora89886781
1379679055298050000,RobinSi56774599
1379731882917690000,lion_witch
1379734336300270000,KarMarDanMik
1379739380525430000,classicpaws1
1379906588908120000,GraceShine0o
1382106378974540000,roxx8825
1384800732377870000,SandraDeanne
1382045306750120000,TildaBeau
1379905028677380000,Stephan76215148
1379809786141740000,Kuntryswagger1
1381197481984320000,DeppMovieNight
1381791246373560000,SBarrBrisebois
1378505412287280000,Quoth67
1379914631150360000,1_robots
1384994782620090000,Aishacat5
1379834197091710000,KellySmahlt
1379602202281400000,AliceZ86866073
1379946887361520000,JohnnyasR
1379900008619770000,1009REDkml
1379821624250140000,f_liono
1382048696070710000,Kboots4Ever
1381929152304010000,CihlaJeanne
1382050788877460000,AnnapurnaJD
1379813056448970000,HyslopKayleigh
1379902337385390000,VictoriaBreakw1
1379820071023990000,BabsyMacd
1378814091318420000,AraujoMartinski
1382110797183250000,AndreaOldfield6
1379595539365330000,WCmeshfighter
1379827759627840000,depp_giulia
1382050504486870000,Gwennafran
1381988656727130000,StaceySkirving2
1379698625501140000,rentier13
1382034796923220000,Rebeca29736893
1379911626795660000,seedoftruth1
1378853457264840000,_Mz2u
1382276492114150000,ChristineHogar1
1381998563438300000,d_royalti
1379662173862000000,Silverrae4
1380892727810920000,JDForeverUK
1379917812513310000,faylovesflowers
1379763195187980000,DeppUruguay
1381705309681560000,JoannaWoodley3
1382045220477530000,Naiad_Nemea
1379876848881040000,An_elf_pirate
1379866713026650000,lorestark4
1379760710431990000,nonunnun
1379771170149570000,FMGiveMeTruth
1381663847782750000,rainyRainey_
1379769185467830000,bazarette74
1384940261726380000,JulieWi01978654
1381854219913710000,kobepowpow
1381917768384180000,juliet_502
1385307937107750000,sweetestsands
1379630246878650000,bmurphy63
1384965300567910000,jdeppjustice
1378504082726510000,Sarah54867805
1345011606774750000,Potami6
1384883065416260000,1127Olga
1381568187842590000,GellertDepp
1381823333101090000,scryndi
1384805307595910000,barrysgibb
1379614312017300000,AutistLady
1378816758795150000,dahliaratchett
1379930088007940000,Melinda15199317
1385407839200590000,ttwiligsht_
1381934385398750000,JeneBete
1379762494407900000,janssensnuf
1385289782255910000,ex_nicotine
1379635835516100000,annmariebrown68
1379864427755940000,JohnLe412
1379849698450800000,NatashaA_Author
1379774583251820000,jacxpearl
1379763313265960000,justys0302
1379814140580080000,sharron67204447
1379874273691630000,BeSafeAndSmile
1379918515226950000,DeppFanPage
1379877486436170000,deppbrazilfc
1379873809025600000,LauraBockov
1379867984605370000,Bhr14475543
1379916464174600000,Soledadterraza6
1382116475562000000,depphead_br
1379665777926750000,nikkban
1384923271339050000,Beeee51
1378790557816740000,JusticeSquad2
1362838051098000000,J3nn1f34
1382090398777050000,ZoeyZoeyo
1379914727879490000,Amber010103
1381949613763070000,Bonap1Bonapart
1382104757226060000,Juliett71326822
1379894103157120000,sutcliffe_mrs
1379867489853710000,blankblueberry
1372972974911880000,GuiLeirosa
1379744869036530000,1InquiringMind
1378551951814620000,BlueGansey1
1384904916658010000,MarjiSamaa
1379789978482440000,Vron77
1379906676229290000,sigyn_look
1381881561440730000,AljacobRds
1379926626050440000,Alejandraadepp
1379755326275210000,FlorenaAngel
1382036073480640000,SallyStar7
1379820528005960000,mrsdepp_head
1378623027307540000,Truth950272741
1378702352467650000,underblanket2
1382050670661020000,dumbledelwald
1383197978526050000,RideOrDis
1379928525487140000,Sleepychichi
1379920243758270000,SIRDAVIDRABE
1379589201704980000,correctacon
1384876632624740000,fairfax_kl
1378788753574130000,MsVale14
1379816806471320000,BritFanofDepp
1378775816671260000,Deppgirl2
1378803741256790000,CoffeePowerrr
1379761102381270000,80sDepphead
1378789190121420000,jigglebugs
1384991528859440000,JustMe_Katiebee
1384937623555350000,rosaoch89814746
1379908787214160000,MaraTahler
1379903047518800000,twistandshout77
1381869074666420000,Jacqui83940465
1379717978397100000,SheaOSullivan2
1379687604707200000,StevieJRaw
1378786403241310000,Arezoodp1987
1379665245136770000,MATRIX_EXPRESS
1379723028058230000,V_for_Violetta_
1381953922072470000,CassandraRoehr
1378891134563450000,Gladys77717193
1385551348108720000,MnikM1
1378529875057850000,Pauzuh
1368392778498070000,JDeppGifs
1379679517887850000,LNinFrance
1381740053689470000,CaptainBoolBool
1384833192021130000,InMemoriam13
1379810374736780000,jennifermoreluv
1379815283896930000,chihiro95619047
1379726756270140000,RohitSharmahitt
1378708867115310000,spirituallyemp1
1379801635531190000,CamillaGersen
1378632485303610000,Elizang86040859
1379747710220300000,deadel98
1379810508425940000,ChastainxMargot
1384659984814950000,krystal_sch2910
1379907304317930000,plove2963
1378681989574880000,WeSeeTheTruth
1385711764461950000,joannhe69142860
1379661170898990000,MotivatorNet2
1379829539958820000,No_Reason_Jenz
1378657551022230000,Pussyga96828631
1381979918716760000,DeppNation
1382095177871930000,TopDepp
1382083433770400000,PrincessRump
1379591722766900000,IstanbulYoga
1382359263553720000,vipbeck1
1385002813319740000,minxyleminx
1381998244864080000,SweetChastityYT
1378791600256650000,heleboll
1354535282557770000,Camilaalustiza3
1379945397808990000,CathyJo20924093
1381639815523880000,damoon1988
1379806038552150000,olga_kruglova
1384703254504820000,pizzakatzen
1379784983233970000,MenCouragePH
1383126973220840000,depphead_
1378503936563420000,Amaby14
1374189787163290000,Michele08734095
1381577214874030000,Mitra99725842
1381955539509270000,Cookiebuu1963
1382300027519860000,Rebecca91921211
1382023824128960000,ThatUmbrella
1379750920435690000,Wonka171
1378710931203570000,Harleycosplay1
1381606927164140000,KosaDanielle
1381460760606370000,DorkAngel
1378535977191410000,movallegnchis
1382205686570940000,natassjamichele
1379860592228510000,MLynne923
1384711480818410000,NamelessFere
1381899324641050000,allyoop1990
1385691131472660000,Sailthe5Oceans
1378817090908520000,angelgrant1031
1381557770848230000,DoniaEraiq
1379908436687780000,OlgaRom22
1382017331400940000,iAmDrSoup
1383008796889480000,misueu1
1383042357306780000,Grindelwald1999
1379920368601850000,LauraM95122973
1379813858966130000,blahblahbedo
1379803581860220000,wars_everything
1379910980042430000,xdiordepp
1382063424839030000,KarineWilson18
1386145430929640000,anaheimyet
1381500241023660000,toniunder1
1384993423858360000,Cutlet_Beckett
1379608770620230000,HermeyCornelius
1383833690279600000,MB__1232
1379918316601540000,13844502x4x
1384668319354080000,edward_bi_qechi
1379822224685760000,nearlydear
1381968730687560000,cestdufromage
1379821881415580000,snarknight01
1381554112584610000,tralalalumbum
1379619644030450000,LaurelsCouture
1381927023757640000,KimmhyDepp
1379847143918230000,brittannia_a
1384967065040210000,EvidenceMatter1
1381706816049060000,HonourPeriod
1379822944495540000,LoralieDee14
1384937228581970000,PinkyPie_9912_
1366846406795740000,catheri40650110
1381938650989130000,franckyfb3
1381628855782360000,bluecro90230758
1385484470946600000,Smightybites
1383151472544770000,bakedpotatoes90
1384712251815440000,lasopa_news
1379836151448620000,LisaMacWitch
1379585162657330000,Luna81832382
1381783599934930000,NoctrnlValkyrie
1379838286261320000,Lisa45188788
1379916153259180000,terrytabby
1379719826927710000,ComeGeekSome1
1379829651049210000,EParishio
1385502606064320000,YMe21211
1378699846261990000,kafka_franzz
1379837627365470000,BlueValentine89
1379908382719620000,JohnnysAngel3
1382094747641120000,RenYo02146459
1379717220197130000,carrieb5319
1381588078398220000,light_library
1379885872527580000,Berenice343
1381986618886780000,hawaiianvalent
1379882230667950000,GhostsOfRus
1386453537874480000,SimplyMe_1213
1384950360389920000,Truekrdnchki
1385331988295470000,agp2039
1379624174898000000,kiki_cliff
1381710494537500000,mamwidges
1381923860619090000,valorie_ep
1384948990555390000,Eskarina9
1378766258997430000,Deb37801
1379611737272450000,PeriodDramaPlz
1378529455979830000,kermccoy
1385607452851310000,BraveMoonGirl1
1379881124814540000,LittlePeeps1963
1385308830142230000,NickyWiresDyson
1378524951674810000,Traceybaby
1384832612217360000,OdeToWhiskey
1379876499734600000,Perle97848969
1379781310051410000,dreamadcollins
1384960338718770000,madmaria86
1375005434499750000,miaa1_7
1381671567445340000,louisa_douglass
1379428405926580000,meritt_5
1381887867996220000,Kilpikonnanyst1
1382036176039660000,Stardust264
1384350423692170000,PopCulturePb
1379914599005360000,xabbieeeex
1384660254592420000,Imma_Depp_Head
1381684933060610000,hearmeroarXx
1379704607673350000,KathsPaperwork
1385542750024740000,LynnMiller1121
1382051678938130000,PamelaMcCaffer8
1385246829835600000,_InNeverland
1379664474404050000,chloethepiano
1384959087666920000,daisylandq
1384623239733840000,margo23431331
1382078962902440000,KrLoveCo
1379831355182350000,angy3101
1379653426557110000,tnshadylady
1383138331123350000,JewelEldora
1379836338753690000,Sharriska
1379618528794270000,hn_i9q
1381956484511180000,A80577549
1379894730427920000,IngeborgKK
1381752511804040000,cyanidediva69
1382125638988000000,teamdepp_
1378611309193810000,Alisha_ash
1379689355590180000,Suzanne77560800
1386135613095780000,VirginMick
1379853830255480000,ReemDepp
1381759102917910000,SpeakOfTheDev13
1375023840963650000,Elahe18446296
1382089726258150000,GenevieDEPP
1368513761716230000,KKheir2
1384662946907750000,LilithRising1
1378597453117660000,LisaJeffreys12
1379928409447460000,LunasLifeArt
1384760590992870000,MS_Waltner
1382004044806410000,Shellys_Wellie
1384774126989190000,UnJusticeWrath
1378598349314510000,cesramirz
1379613898194700000,monterey_five
1382014958947340000,tasintroybolton
1382116959416840000,FlamenRed
1379897660681950000,Thesunnymango
1386240561665950000,AuroraMignon
1381461118888080000,CristaLea11
1381513111711010000,diane_heymer
1381398967234270000,kayleermanning
1381540338117000000,postma_wendy
1382242158569210000,DaisyLoman
1379776819465960000,JohnnyDeppjust
1383128902353170000,TdpAtlaTlok
1383102907956980000,indycob
1384788605755920000,AM59193334
1379766422516150000,Lifeisabirdsong
1378852801296620000,TheLEGOMovieTwo
1385549849039360000,_marfushechka
1379907854388370000,delloliod
1384803473619930000,depplyhaIIows
1377642521027880000,freeasabird__
1385010901527530000,Kei_Shotaro
1379914229390660000,DrCatPanda
1379662199015270000,advocacia_depp
1385592745721560000,doctuir
1385669212912450000,farrartina1212
1379913920685690000,juggy42
1378785698413750000,JKirchinger
1379880620109790000,Jacobean11
1378610942208960000,donotfa45608560
1380841555926390000,just_charley
1379865970815200000,mimasdiaries
1381841120586560000,CRommerud
1375166528186890000,JuyAyala
1381985181712580000,Kristalitys
1379877960090590000,dreamsunwind966
1385413515708480000,thatdepphead
1382098412942860000,vic_h_7
1381879886139250000,LarissaNurmi
1384746883814410000,Patcar67465749
1378838105998960000,GellertDeppBR
1379815469683770000,Ioannalag1
1383129603091330000,elbaher20032853
1379809969965550000,serpens1984
1384888628778650000,sesh1one
1378607368934670000,xue_ruo
1384938158748570000,AmberHeardIT
1379706987852740000,JunContrerasMe1
1384947407469800000,MonkeyChunter
1382082748756720000,TaniaM07137916
1384572515679280000,danblock4
1379836420773310000,janeg032
1381615098683380000,joanyyc
1382408909781090000,CrapZap
1381951032247350000,Hermelineke
1384209476748680000,RonanKhan13
1384863863334710000,SharonM97871635
1385707736025920000,maximumtheq
1379770204905950000,AllshineWe
1382030672076920000,cat_a_estranha
1378818670168820000,johnnydeppgabi
1381586078314990000,motherofpatch
1379603990791470000,Angie93041757
1384873236291260000,Krizia07
1379225810217870000,TammyShoemake18
1379840008111190000,low2985
1381541338508840000,vivlindsay06
1378826399579050000,AmberHeardBRA
1383177958760730000,Riversrpeace
1379836575752800000,StarmRamona2020
1379626550899960000,agirlofthenorth
1379646267098160000,ss78902031
1381948908541250000,sunscmnt
1382075630980820000,The_MadameTease
1378497708047150000,sunhopepeace
1379614111953210000,FC98530990
1378674898889970000,gameover_972
1384938676703180000,ironasticgirl2
1378787780717900000,JoScoon2
1384539233558450000,MrsFluffyBunny2
1361789757571780000,Robo12618295
1379587433789070000,SeanBonau
1381632275683630000,SpainDeppLover
1379878765350750000,maria_ale1606
1379776727703020000,mom2jrad
1379871652796890000,teytanus
1384967294070160000,Roo_Shiller
1383203850094570000,RoraimaC
1383135962549540000,jeffers_ellena
1384796276638760000,magnoliaveneno1
1378737819644980000,EADraper
1381778708793460000,missomgsrsly
1378520617423600000,amberturdsucks
1385009487375840000,source411
1381419708738570000,yanikblack
1379813254797660000,Dahlia82295015
1382073264328010000,Jennife69252564
1379799230005580000,Olga71303133
1384795854838580000,RealPamster
1383144314478330000,CandiB313
1381818007219950000,DJusticeforj
1379782146253060000,Depp_BCN
1381591884393510000,Muraken42580659
1378797364513620000,Rwish08
1383118019132590000,VickyBloodwo
1385017562556150000,WonkasFactory_
1379814369547190000,johnny_justice4
1378632991497460000,DeppProfesser
1385525862527690000,EleanaBelle
1379319348020520000,HoneyHa10321850
1384108402863790000,TUmberella
1366489840301310000,JuneCon54651156
1383102901057410000,WaldMignon
1378846781874790000,Yanirabeltran_
1384705093073780000,mackley_angela
1384921630028270000,Cha_Ba_Da
1378519800197030000,Dalethfc
1379729833693830000,DeppHair
1383154225341990000,EloisaNieves1
1383129976220840000,LittleNashyYup
1384701281781120000,WorldofTracy
1378741544103110000,idekwhatisgoin2
1381638704838560000,AntonKnebenson
1383111527125940000,CellSation
1382336732314610000,NanoBitcoin
1379671109222730000,_kathblack
1384824418690550000,johnnyhellodepp
1384886075580190000,Celia_Maria_97
1385715127123640000,KeeleyTalks
1383169717087710000,LillyJane916
1379819615564480000,MelissaOrtega16
1381824719012420000,AnnaMic60620868
1383102966475980000,bellswan22
1377648441212420000,colonelkurtz99
1381680289043370000,samjrakoh
1379834367598590000,tepa_t
1384658822191580000,EKreousa
1384979417299140000,Engeltedrost
